year,horizon,hour,field,members,held_out,rmse_norm,rmse_phys,acc,gain_vs_single_pct,gain_vs_linear_pct,acc_delta_vs_single
2020,12.0,1,T1000,1,False,0.01953282694396291,0.33107599311067126,0.9931382643617405,0.0,20.435822752759215,0.0
2020,12.0,1,T925,1,False,0.020918638434854978,0.33436236329487357,0.9945813284011584,0.0,12.14290398913207,0.0
2020,12.0,1,T850,1,False,0.022479293562696557,0.3451355824785077,0.9950733253404572,0.0,4.769684432616628,0.0
2020,12.0,1,T700,1,False,0.019824222122279512,0.2837825776495818,0.9961420544388243,0.0,0.957297327918416,0.0
2020,12.0,1,U1000,1,False,0.10162206902993519,0.5607670177191934,0.9918173452607999,0.0,6.028857066173732,0.0
2020,12.0,1,U925,1,False,0.09919576259881563,0.71030404646018,0.9920259570290346,0.0,7.047024800781299,0.0
2020,12.0,1,U850,1,False,0.09404558028705934,0.7087464768889133,0.9924948922433384,0.0,4.3308129032391784,0.0
2020,12.0,1,U700,1,False,0.08751962074284636,0.746594008051257,0.9934279082205176,0.0,1.6478567764009355,0.0
2020,12.0,1,V1000,1,False,0.19775602826584154,0.6079605190741115,0.9911181261153655,0.0,7.566151141163369,0.0
2020,12.0,1,V925,1,False,0.25481412695802064,0.7974221381632315,0.9902361719356444,0.0,8.654387927266471,0.0
2020,12.0,1,V850,1,False,0.30699596273157426,0.7700555592128393,0.990461281176211,0.0,7.110564027463329,0.0
2020,12.0,1,V700,1,False,0.3616467524051361,0.8089850693119425,0.9915972447620265,0.0,4.536513404213183,0.0
2020,12.0,1,Q1000,1,False,0.026510139775140718,0.00019166088170947119,0.992008378075068,0.0,3.4964651204711372,0.0
2020,12.0,1,Q925,1,False,0.04605025179956079,0.00028357748683042447,0.9830851338832017,0.0,1.1430450146379334,0.0
2020,12.0,1,Q850,1,False,0.06948279273206526,0.0003370187320658948,0.9844135316344084,0.0,0.956149439638565,0.0
2020,12.0,1,Q700,1,False,0.0885731753886217,0.0002589137579540745,0.9879100918123428,0.0,1.0397550043799608,0.0
2020,12.0,1,Z1000,1,False,0.03252811213755599,29.70795608306853,0.9986596990102864,0.0,33.08430169372569,0.0
2020,12.0,1,Z925,1,False,0.025808920730696187,28.68433447191934,0.9986969451881447,0.0,32.64337789340157,0.0
2020,12.0,1,Z850,1,False,0.02022328909700958,28.171644019307756,0.9987556741082974,0.0,31.170021868586385,0.0
2020,12.0,1,Z700,1,False,0.0135105510199512,28.661792872572736,0.9989640739286155,0.0,27.87605063841371,0.0
2020,12.0,1,t2m,1,False,0.023802299470877922,0.4665250787649079,0.9848278656163997,0.0,15.0034169529775,0.0
2020,12.0,1,u10,1,False,0.10339941140043575,0.5107930963385855,0.9914481517945222,0.0,6.313322136775668,0.0
2020,12.0,1,v10,1,False,0.198323083704654,0.5513381671690216,0.9905891349657223,0.0,7.8268631110747,0.0
2020,12.0,1,mslp,1,False,0.03241486244013791,36.16526006741909,0.9987614687231854,0.0,32.91548547798382,0.0
2020,12.0,2,T1000,1,False,0.033389791816163666,0.5659476984461442,0.9799711128813724,0.0,25.055287115707227,0.0
2020,12.0,2,T925,1,False,0.03565119071171788,0.5698466682208758,0.984202632069305,0.0,15.469766785064564,0.0
2020,12.0,2,T850,1,False,0.03808401865627844,0.5847225590071345,0.9857915591035938,0.0,6.739843595198646,0.0
2020,12.0,2,T700,1,False,0.03347575629054216,0.4792034884032337,0.9889524279474314,0.0,2.8000501194835214,0.0
2020,12.0,2,U1000,1,False,0.1715574846302914,0.9466819571120785,0.9765461600562709,0.0,7.472666868351729,0.0
2020,12.0,2,U925,1,False,0.169845293067048,1.2161991162306964,0.9764893511598624,0.0,8.08794395266369,0.0
2020,12.0,2,U850,1,False,0.16090267155781482,1.2125950091845732,0.9778550363727019,0.0,5.072614535895048,0.0
2020,12.0,2,U700,1,False,0.1482397172750849,1.264572260426743,0.9809582969322915,0.0,2.085003698316057,0.0
2020,12.0,2,V1000,1,False,0.33475156027212244,1.0291253027520342,0.974388230208606,0.0,9.698591727234662,0.0
2020,12.0,2,V925,1,False,0.42955983752182414,1.3442760346035862,0.9720250893799602,0.0,11.180935116613078,0.0
2020,12.0,2,V850,1,False,0.5209100858535531,1.3066286084053753,0.9722769072657822,0.0,8.997844992368142,0.0
2020,12.0,2,V700,1,False,0.61627681540913,1.3785793428593118,0.9752899488419238,0.0,5.405821012211787,0.0
2020,12.0,2,Q1000,1,False,0.04575111591495164,0.0003307677470685663,0.9762134503719324,0.0,5.026832222786393,0.0
2020,12.0,2,Q925,1,False,0.07808454632353495,0.0004808446980709982,0.9507179122404346,0.0,1.867717821435122,0.0
2020,12.0,2,Q850,1,False,0.11990957480964662,0.0005816083581549735,0.9528169120780052,0.0,1.1300188695135605,0.0
2020,12.0,2,Q700,1,False,0.15279887535956685,0.0004466558956198201,0.9634332471450335,0.0,0.9155406349049544,0.0
2020,12.0,2,Z1000,1,False,0.04513161101641639,41.218743432789886,0.9974285461356088,0.0,46.85352893346396,0.0
2020,12.0,2,Z925,1,False,0.034899308986924595,38.78749754788753,0.9976285291568705,0.0,47.60836269016389,0.0
2020,12.0,2,Z850,1,False,0.026675093968513877,37.159200469914026,0.9978422359849117,0.0,47.60322598214215,0.0
2020,12.0,2,Z700,1,False,0.01761725564036834,37.37391110772409,0.9982390163795503,0.0,45.688101693491845,0.0
2020,12.0,2,t2m,1,False,0.043953624540606424,0.8614910564510797,0.9494406719246129,0.0,29.852788607954416,0.0
2020,12.0,2,u10,1,False,0.17514473682878431,0.8652150052579847,0.975324429599461,0.0,7.656308869454498,0.0
2020,12.0,2,v10,1,False,0.335797236873829,0.9335163078811597,0.9728520064920088,0.0,10.022937251085617,0.0
2020,12.0,2,mslp,1,False,0.04576129603655198,51.055875386169724,0.9975400583370332,0.0,45.70968987418046,0.0
2020,12.0,3,T1000,1,False,0.043663411002240235,0.7400826892741291,0.9657145617121519,0.0,27.35382016196385,0.0
2020,12.0,3,T925,1,False,0.04608006483409133,0.7365412175411035,0.9734897814167511,0.0,17.59210412004759,0.0
2020,12.0,3,T850,1,False,0.04884965247559473,0.7500125957717241,0.9764983524016696,0.0,7.633213483243628,0.0
2020,12.0,3,T700,1,False,0.04291057059402921,0.6142623025529871,0.9817504871009748,0.0,3.599205650602322,0.0
2020,12.0,3,U1000,1,False,0.21868035573195643,1.2067135824110855,0.9616639671993795,0.0,8.447133017845832,0.0
2020,12.0,3,U925,1,False,0.21831848273614504,1.5632976361146707,0.9609209716160768,0.0,8.957258605703123,0.0
2020,12.0,3,U850,1,False,0.2069403500982265,1.559544252141692,0.9630590490847091,0.0,5.606808664029961,0.0
2020,12.0,3,U700,1,False,0.18898736053283538,1.6121737034966832,0.968742212348297,0.0,2.3882951510598827,0.0
2020,12.0,3,V1000,1,False,0.4253355518975256,1.3076072852417335,0.9584769912514955,0.0,11.278583072238213,0.0
2020,12.0,3,V925,1,False,0.5430703592688161,1.6994988948482097,0.9550534888261695,0.0,13.332049695045923,0.0
2020,12.0,3,V850,1,False,0.6627813358331721,1.6624923907124927,0.9547505264179099,0.0,10.605644763881273,0.0
2020,12.0,3,V700,1,False,0.7883183194041581,1.76342729087702,0.9590596615091199,0.0,6.0118413083750655,0.0
2020,12.0,3,Q1000,1,False,0.06041620761037447,0.0004367922508376624,0.9584282456462574,0.0,5.813902090615109,0.0
2020,12.0,3,Q925,1,False,0.09972447360955954,0.0006141033880520365,0.9186810001509824,0.0,2.3600847469485653,0.0
2020,12.0,3,Q850,1,False,0.1543133785670479,0.0007484802693928957,0.9206744631639104,0.0,1.3090983807087953,0.0
2020,12.0,3,Q700,1,False,0.19685009160678285,0.0005754247456337023,0.9383880618754964,0.0,0.9435949715953629,0.0
2020,12.0,3,Z1000,1,False,0.05784826042992414,52.83287127429915,0.9957757146241697,0.0,50.04059966034398,0.0
2020,12.0,3,Z925,1,False,0.044339629172016774,49.27957913300844,0.9961716235645901,0.0,51.18826789315838,0.0
2020,12.0,3,Z850,1,False,0.033641524890289924,46.86364620391839,0.99656867025871,0.0,51.65023698359992,0.0
2020,12.0,3,Z700,1,False,0.022027900519014605,46.73081966470687,0.9972469061914224,0.0,50.540713706437,0.0
2020,12.0,3,t2m,1,False,0.052029709219112645,1.019782321141566,0.9294804469289811,0.0,34.588234281342466,0.0
2020,12.0,3,u10,1,False,0.22348391254157357,1.1040105377831886,0.9595865841351897,0.0,8.654178762891561,0.0
2020,12.0,3,v10,1,False,0.42647831783948204,1.1856097084572303,0.9560268885406733,0.0,11.694696972267637,0.0
2020,12.0,3,mslp,1,False,0.05899767678435528,65.82370514022652,0.9959101162125273,0.0,48.608792006508224,0.0
2020,12.0,4,T1000,1,True,0.05101186996542023,0.8646370283622983,0.952919094682174,0.0,28.662129245298818,0.0
2020,12.0,4,T925,1,True,0.053354536462589294,0.8528159709959983,0.9642537227631205,0.0,18.954212927201965,0.0
2020,12.0,4,T850,1,True,0.05611480886259638,0.8615580953717614,0.9688347881815594,0.0,8.034839738755794,0.0
2020,12.0,4,T700,1,True,0.04929332513147091,0.7056310617697468,0.9758020379876,0.0,3.864967759144078,0.0
2020,12.0,4,U1000,1,True,0.24932626703852628,1.375822678106746,0.9498770054218074,0.0,9.174130168702588,0.0
2020,12.0,4,U925,1,True,0.25052655382762484,1.7939276812883531,0.9482487236294154,0.0,9.513663407806316,0.0
2020,12.0,4,U850,1,True,0.23749753393417522,1.7898293531622174,0.9509821178249708,0.0,5.944350578558555,0.0
2020,12.0,4,U700,1,True,0.21563139708460013,1.8394630584252258,0.958952235506507,0.0,2.592292215922143,0.0
2020,12.0,4,V1000,1,True,0.4812699251075651,1.4795660887508082,0.9465768249017535,0.0,12.694029998639822,0.0
2020,12.0,4,V925,1,True,0.6119724414691782,1.9151229132341943,0.9425973229299641,0.0,15.214539844591457,0.0
2020,12.0,4,V850,1,True,0.7519646160514998,1.8861959289503576,0.9413031579205621,0.0,11.97559042083024,0.0
2020,12.0,4,V700,1,True,0.9000113640960116,2.0132788486999305,0.946025230001701,0.0,6.463306116951861,0.0
2020,12.0,4,Q1000,1,True,0.0711970463117149,0.0005147346939843283,0.9420709410938338,0.0,6.248157586993075,0.0
2020,12.0,4,Q925,1,True,0.11363359650480394,0.0006997557775179339,0.8935722127607542,0.0,2.6981960295116902,0.0
2020,12.0,4,Q850,1,True,0.17669884957558596,0.0008570585627079559,0.894793657152839,0.0,1.422762102653441,0.0
2020,12.0,4,Q700,1,True,0.22593989437336062,0.0006604589579435278,0.9178374303945266,0.0,0.9775098154678585,0.0
2020,12.0,4,Z1000,1,True,0.06706645564062019,61.251857831610536,0.9943031627779481,0.0,51.65084818704191,0.0
2020,12.0,4,Z925,1,True,0.05133509380748308,57.054419809858565,0.9948517525439295,0.0,52.76762269838533,0.0
2020,12.0,4,Z850,1,True,0.03876421067701787,53.99970002484134,0.9954307277948713,0.0,53.460083691173246,0.0
2020,12.0,4,Z700,1,True,0.025271951339009606,53.612871397767556,0.9963670426790129,0.0,52.73023348602338,0.0
2020,12.0,4,t2m,1,True,0.05768967298359873,1.130717610781717,0.9129537268989907,0.0,35.792264604066496,0.0
2020,12.0,4,u10,1,True,0.25503627611946006,1.2598792189005215,0.9470515417479716,0.0,9.365382129166166,0.0
2020,12.0,4,v10,1,True,0.48247232210712426,1.3412730406407953,0.9434413592989975,0.0,13.14532809147877,0.0
2020,12.0,4,mslp,1,True,0.06839102749034291,76.30386601288434,0.9944872939542531,0.0,50.24045235366932,0.0
2020,12.0,5,T1000,1,False,0.05576842043182146,0.9452592358788607,0.9432662558748028,0.0,29.358592157546248,0.0
2020,12.0,5,T925,1,False,0.05808315470635208,0.9283979441651766,0.9573838534520864,0.0,19.66082927427182,0.0
2020,12.0,5,T850,1,False,0.06054093256376931,0.9295145378268866,0.9635836759464671,0.0,8.25627352785957,0.0
2020,12.0,5,T700,1,False,0.053136460345189276,0.7606453151964994,0.9717827954277417,0.0,3.881070290253974,0.0
2020,12.0,5,U1000,1,False,0.2675377339055907,1.4763164996640687,0.9420174581634277,0.0,9.425508693537987,0.0
2020,12.0,5,U925,1,False,0.2699986209794516,1.933359930200269,0.9396219443180384,0.0,9.578112130831617,0.0
2020,12.0,5,U850,1,False,0.255740830820491,1.9273145166454735,0.9428411017966702,0.0,5.9858332483656795,0.0
2020,12.0,5,U700,1,False,0.23118167548822618,1.9721161034134445,0.9524969617309502,0.0,2.6939561235332476,0.0
2020,12.0,5,V1000,1,False,0.5130736518043364,1.5773401527491113,0.9390320128451191,0.0,13.44830267905438,0.0
2020,12.0,5,V925,1,False,0.6514814710079002,2.0387635231091576,0.9346419346904435,0.0,16.14322348190195,0.0
2020,12.0,5,V850,1,False,0.8039064791742199,2.01648467238991,0.93249099669661,0.0,12.645947885974406,0.0
2020,12.0,5,V700,1,False,0.9652220791659842,2.15915184312539,0.9373482800084261,0.0,6.612781040493165,0.0
2020,12.0,5,Q1000,1,False,0.07717220455823041,0.0005579334133168383,0.9317481540920937,0.0,6.572413891520046,0.0
2020,12.0,5,Q925,1,False,0.12159288730836768,0.0007487690943068799,0.877605158990871,0.0,2.8927236216248153,0.0
2020,12.0,5,Q850,1,False,0.18977684971019523,0.0009204919783641026,0.8777961410887601,0.0,1.455606885927363,0.0
2020,12.0,5,Q700,1,False,0.24325620943543036,0.0007110773552897354,0.9039315932316736,0.0,0.9771395673903727,0.0
2020,12.0,5,Z1000,1,False,0.07301316395290582,66.6829922552981,0.9932142178197702,0.0,52.254542945628124,0.0
2020,12.0,5,Z925,1,False,0.05578916590521547,62.00472732270541,0.9938905889928241,0.0,53.320446312290585,0.0
2020,12.0,5,Z850,1,False,0.04196843728197926,58.46328322616407,0.9946217801605828,0.0,54.11365037681741,0.0
2020,12.0,5,Z700,1,False,0.02735427717205477,58.03039603937109,0.995728195621514,0.0,53.43021402375216,0.0
2020,12.0,5,t2m,1,False,0.06438188636421349,1.2618849959213843,0.8892655092351611,0.0,38.288082664946835,0.0
2020,12.0,5,u10,1,False,0.2738449553531354,1.3527940916622445,0.9386485850404477,0.0,9.601314224294077,0.0
2020,12.0,5,v10,1,False,0.5143852745652645,1.4299910464220942,0.9354318902053957,0.0,13.8997344952158,0.0
2020,12.0,5,mslp,1,False,0.0743768331671473,82.98222938173727,0.9934515086679546,0.0,50.92083825931817,0.0
2020,12.0,6,T1000,1,True,0.057490458167808366,0.9744473033029728,0.9396304295243,0.0,29.755219241831565,0.0
2020,12.0,6,T925,1,True,0.0597949251842928,0.9557587885466106,0.9547360294883862,0.0,19.987987033972455,0.0
2020,12.0,6,T850,1,True,0.06215695964397957,0.9543261925927813,0.9615509403636,0.0,8.567310946527895,0.0
2020,12.0,6,T700,1,True,0.05451408102743097,0.7803658767699256,0.9702487793855497,0.0,3.987283580509815,0.0
2020,12.0,6,U1000,1,True,0.274009227352712,1.5120272459332884,0.9391026142349024,0.0,9.539589974150186,0.0
2020,12.0,6,U925,1,True,0.2768763580443953,1.9826088535713415,0.9364310435234241,0.0,9.603731313220653,0.0
2020,12.0,6,U850,1,True,0.2623696920410314,1.9772709564703859,0.9396953795576909,0.0,5.9866813761721644,0.0
2020,12.0,6,U700,1,True,0.23692201394898388,2.0210845790507665,0.9499156520270235,0.0,2.7391333449357957,0.0
2020,12.0,6,V1000,1,True,0.5227906226012857,1.607212993816084,0.9366652253571361,0.0,13.945984576725612,0.0
2020,12.0,6,V925,1,True,0.6619412293288723,2.071496573864643,0.9324436438807658,0.0,16.814895902179217,0.0
2020,12.0,6,V850,1,True,0.8198578218124077,2.056496340318815,0.9295860456352293,0.0,13.121309234747603,0.0
2020,12.0,6,V700,1,True,0.9883222519626896,2.210825732794341,0.9339618440580956,0.0,6.642723576632903,0.0
2020,12.0,6,Q1000,1,True,0.0797510669103605,0.0005765778665193264,0.927134042605081,0.0,6.687116089993483,0.0
2020,12.0,6,Q925,1,True,0.1246441337195162,0.0007675586734119176,0.8714346834533212,0.0,3.0660163206986057,0.0
2020,12.0,6,Q850,1,True,0.1948586429170145,0.0009451406660037268,0.8709899604086462,0.0,1.501473063633585,0.0
2020,12.0,6,Q700,1,True,0.2502427651562684,0.0007315001901588272,0.8978762730249764,0.0,1.00547894811146,0.0
2020,12.0,6,Z1000,1,True,0.07532072247936873,68.7904874380348,0.9927546726082549,0.0,52.25721205755437,0.0
2020,12.0,6,Z925,1,True,0.05756467418417334,63.97804783173624,0.9934748433668873,0.0,53.19308405325707,0.0
2020,12.0,6,Z850,1,True,0.04325960736392519,60.26192170401985,0.9942679009466847,0.0,53.92004660986884,0.0
2020,12.0,6,Z700,1,True,0.028169213160252844,59.75923190215005,0.9954602818224229,0.0,53.201878787524436,0.0
2020,12.0,6,t2m,1,True,0.0633471552230056,1.241604267522937,0.8925009645492524,0.0,38.861765704856545,0.0
2020,12.0,6,u10,1,True,0.2805199158145952,1.3857683956955023,0.9355197490664432,0.0,9.710806898268864,0.0
2020,12.0,6,v10,1,True,0.5240612258303408,1.456890188282521,0.9329360952631953,0.0,14.390291290432689,0.0
2020,12.0,6,mslp,1,True,0.07662599827960768,85.49162234407868,0.9930271835098653,0.0,51.02570309906142,0.0
2020,12.0,7,T1000,1,False,0.056534852525896566,0.958250051852496,0.9416166657125788,0.0,28.79072039664451,0.0
2020,12.0,7,T925,1,False,0.05856219369356191,0.9360548758151107,0.9566240050285876,0.0,19.252410978682565,0.0
2020,12.0,7,T850,1,False,0.06117015814825914,0.9391753453820048,0.9627802412054917,0.0,8.600580583622586,0.0
2020,12.0,7,T700,1,False,0.05359162652497643,0.7671609931688164,0.9712470573489524,0.0,4.05388660108279,0.0
2020,12.0,7,U1000,1,False,0.2697810656190576,1.4886955682389766,0.9411457478307561,0.0,9.343688158860209,0.0
2020,12.0,7,U925,1,False,0.272137636409767,1.9486766267413493,0.9387458311287963,0.0,9.416841407908183,0.0
2020,12.0,7,U850,1,False,0.25825259251541377,1.9462436603167295,0.9416355498197573,0.0,5.774149743138224,0.0
2020,12.0,7,U700,1,False,0.23356918286424805,1.9924829550599572,0.9512754617888763,0.0,2.6491150641178685,0.0
2020,12.0,7,V1000,1,False,0.514113166774412,1.5805359318540075,0.9389126753231978,0.0,13.846384370138164,0.0
2020,12.0,7,V925,1,False,0.6487162254127449,2.0301098890366656,0.9352508700171466,0.0,16.8258719833552,0.0
2020,12.0,7,V850,1,False,0.804850287860124,2.0188520851045673,0.9322131295647444,0.0,13.103063942976123,0.0
2020,12.0,7,V700,1,False,0.9738795469847079,2.1785181457040372,0.9358110711581479,0.0,6.361307369012614,0.0
2020,12.0,7,Q1000,1,False,0.0791417860233583,0.0005721729355689331,0.9284984307040746,0.0,6.463830465758747,0.0
2020,12.0,7,Q925,1,False,0.12317497037587076,0.000758511565462767,0.8749012727698481,0.0,3.116611163881733,0.0
2020,12.0,7,Q850,1,False,0.19262602155084219,0.0009343115774454523,0.8744350591642253,0.0,1.5073917698229522,0.0
2020,12.0,7,Q700,1,False,0.2477517122243667,0.0007242184399149153,0.8998144809343003,0.0,1.0033202602528823,0.0
2020,12.0,7,Z1000,1,False,0.07512415006416932,68.6109578192275,0.9928174409920622,0.0,50.85336153334219,0.0
2020,12.0,7,Z925,1,False,0.0573822473082416,63.775296510230596,0.9935350077428291,0.0,51.780963327073806,0.0
2020,12.0,7,Z850,1,False,0.04323653654191243,60.22978325665695,0.9942860708763956,0.0,52.297126220813595,0.0
2020,12.0,7,Z700,1,False,0.028031969968955548,59.4680792556558,0.9955121055329222,0.0,51.60266664894,0.0
2020,12.0,7,t2m,1,False,0.06264914629400267,1.2279232944801803,0.8944567902683762,0.0,36.77923567578472,0.0
2020,12.0,7,u10,1,False,0.27614302235002747,1.3641465419698702,0.9376819495040644,0.0,9.516360333040641,0.0
2020,12.0,7,v10,1,False,0.5153330185077029,1.4326257742417496,0.9353067342272164,0.0,14.2611882235404,0.0
2020,12.0,7,mslp,1,False,0.07632098165123566,85.15131522869483,0.9931014799498725,0.0,49.71092904773684,0.0
2020,12.0,8,T1000,1,True,0.05300158588062158,0.898362158056087,0.9489807714210771,0.0,26.427741725350828,0.0
2020,12.0,8,T925,1,True,0.054571504359561374,0.872267918127998,0.9624856245281844,0.0,17.485441055941497,0.0
2020,12.0,8,T850,1,True,0.05762392727184293,0.88472832926786,0.9670460982034194,0.0,8.136132848269462,0.0
2020,12.0,8,T700,1,True,0.05041636158780577,0.7217072639643828,0.9745907567074777,0.0,4.018680203890246,0.0
2020,12.0,8,U1000,1,True,0.2552423108820248,1.4084683645830427,0.9476267931712228,0.0,8.649831173599566,0.0
2020,12.0,8,U925,1,True,0.25628294574749,1.8351470680252218,0.9459560018949952,0.0,8.78080142021167,0.0
2020,12.0,8,U850,1,True,0.24345213791589385,1.8347044515764552,0.9483339914613426,0.0,5.27918067768608,0.0
2020,12.0,8,U700,1,True,0.22112687352267305,1.8863427121391312,0.956412868136442,0.0,2.399579938200369,0.0
2020,12.0,8,V1000,1,True,0.48723050875959584,1.497890686976572,0.9453856650834624,0.0,13.006779014271475,0.0
2020,12.0,8,V925,1,True,0.6138398941990986,1.9209669650104082,0.9422798313877748,0.0,15.887179167448695,0.0
2020,12.0,8,V850,1,True,0.761039923470314,1.9089600295331486,0.9396300141152414,0.0,12.32782501295302,0.0
2020,12.0,8,V700,1,True,0.9222535568278072,2.0630334791904446,0.9426004237128198,0.0,5.692255940632673,0.0
2020,12.0,8,Q1000,1,True,0.0750335602060974,0.0005424716138663934,0.9361830613701999,0.0,5.781338011283033,0.0
2020,12.0,8,Q925,1,True,0.11694399292642103,0.0007201412016409758,0.8881168552236598,0.0,3.035550568465062,0.0
2020,12.0,8,Q850,1,True,0.18294640324408168,0.0008873616439240304,0.8877101241919246,0.0,1.4481802751005746,0.0
2020,12.0,8,Q700,1,True,0.23596655350955134,0.000689768505927496,0.9094401129895995,0.0,0.9416201986896411,0.0
2020,12.0,8,Z1000,1,True,0.07198095193401159,65.74027205436458,0.9934392327367408,0.0,48.06088663798894,0.0
2020,12.0,8,Z925,1,True,0.05511715390579881,61.25784552384293,0.9940657543479172,0.0,48.94266807114697,0.0
2020,12.0,8,Z850,1,True,0.04183431346992446,58.27644477759631,0.9946751778596743,0.0,49.07008669497672,0.0
2020,12.0,8,Z700,1,True,0.026947990039468194,57.1684834007312,0.9958667473997975,0.0,48.43855742355107,0.0
2020,12.0,8,t2m,1,True,0.0586865209712275,1.1502558331945354,0.9100839169233691,0.0,34.86652433464368,0.0
2020,12.0,8,u10,1,True,0.2610059312790252,1.2893693096206829,0.9446361562403722,0.0,8.84698025996089,0.0
2020,12.0,8,v10,1,True,0.48835372846109293,1.3576233444827,0.9421542100297636,0.0,13.370009007724148,0.0
2020,12.0,8,mslp,1,True,0.07303841216708963,81.4889526568589,0.9937086598791401,0.0,46.98911194559368,0.0
2020,12.0,9,T1000,1,False,0.04676594121912188,0.792669713873304,0.9603885284903616,0.0,23.51527407749049,0.0
2020,12.0,9,T925,1,False,0.04811369791026739,0.7690466964803957,0.9709345518410182,0.0,15.229947023358047,0.0
2020,12.0,9,T850,1,False,0.051493813813347875,0.790609698775781,0.973748883462129,0.0,7.137557630691804,0.0
2020,12.0,9,T700,1,False,0.0449702232810528,0.6437461110963345,0.979827193327246,0.0,3.7400288305413865,0.0
2020,12.0,9,U1000,1,False,0.22921661549481226,1.2648543664246206,0.9580339811288798,0.0,7.555506321590388,0.0
2020,12.0,9,U925,1,False,0.22845319111820625,1.635868526005123,0.9573252214123108,0.0,7.774193889967562,0.0
2020,12.0,9,U850,1,False,0.21744525155935965,1.638711306559015,0.9590058440335376,0.0,4.583079630826459,0.0
2020,12.0,9,U700,1,False,0.19919492915222434,1.6992502858337108,0.9647674480445119,0.0,1.9744603329490795,0.0
2020,12.0,9,V1000,1,False,0.43914646159929155,1.350066104213093,0.9558613272624623,0.0,11.500753841273937,0.0
2020,12.0,9,V925,1,False,0.5532593495225316,1.731384591282343,0.9533868438738674,0.0,14.062534036859386,0.0
2020,12.0,9,V850,1,False,0.6844245417189367,1.7167812820871808,0.951462977973502,0.0,10.869860424992117,0.0
2020,12.0,9,V700,1,False,0.8294454468533738,1.8554265416153954,0.9538536032714694,0.0,4.700635871405212,0.0
2020,12.0,9,Q1000,1,False,0.06752278088991935,0.00048817078392903357,0.9486616975537427,0.0,4.774711628524376,0.0
2020,12.0,9,Q925,1,False,0.10588717874204326,0.0006520533308513795,0.9092741353352447,0.0,2.6911430648051904,0.0
2020,12.0,9,Q850,1,False,0.16532408421139957,0.0008018865010288187,0.9093649297779248,0.0,1.3092373342861285,0.0
2020,12.0,9,Q700,1,False,0.2147759597819982,0.0006278249649271268,0.9255088858943427,0.0,0.7970620195031919,0.0
2020,12.0,9,Z1000,1,False,0.06420732670996536,58.64061276058825,0.994788802093745,0.0,44.58069389533292,0.0
2020,12.0,9,Z925,1,False,0.0496058084382724,55.13247196842103,0.9952045309437024,0.0,45.09483000470702,0.0
2020,12.0,9,Z850,1,False,0.03781907561661916,52.683098739195465,0.995660464257212,0.0,45.01492688607704,0.0
2020,12.0,9,Z700,1,False,0.024325595560520153,51.60523655587188,0.9966416498267402,0.0,44.210605934201354,0.0
2020,12.0,9,t2m,1,False,0.054435235789308443,1.0669306419328795,0.9231401335984487,0.0,31.693755667269162,0.0
2020,12.0,9,u10,1,False,0.23388491899394326,1.1553915122782066,0.9558116146441156,0.0,7.7784229067696,0.0
2020,12.0,9,v10,1,False,0.44003663283291794,1.2233018250517704,0.9532491556952505,0.0,11.770658627379493,0.0
2020,12.0,9,mslp,1,False,0.06534069454152813,72.90060956637896,0.9949730980344856,0.0,43.37229976280349,0.0
2020,12.0,10,T1000,1,False,0.034676366004606114,0.5877547725784552,0.9788099067862734,0.0,21.26329378391526,0.0
2020,12.0,10,T925,1,False,0.035925119457679656,0.5742251318266471,0.9842451153592316,0.0,13.334050211086957,0.0
2020,12.0,10,T850,1,False,0.03854670199833652,0.591826362135478,0.9855590234589172,0.0,6.3852880727053085,0.0
2020,12.0,10,T700,1,False,0.0341558712482706,0.4889392954925255,0.9885709062373418,0.0,3.1084564577165574,0.0
2020,12.0,10,U1000,1,False,0.17620400902511857,0.9723222308120958,0.9750570969661163,0.0,6.713858265376338,0.0
2020,12.0,10,U925,1,False,0.17420595057878394,1.2474241677609497,0.9752544164809307,0.0,7.144609153758097,0.0
2020,12.0,10,U850,1,False,0.16418653169834982,1.237342843464557,0.9770963866977271,0.0,4.786148133141777,0.0
2020,12.0,10,U700,1,False,0.15181940921079035,1.295109146358089,0.9802356678692691,0.0,2.1413339215423766,0.0
2020,12.0,10,V1000,1,False,0.33626380486329116,1.033774388616636,0.9737606448539702,0.0,10.123350980296298,0.0
2020,12.0,10,V925,1,False,0.4272955723736182,1.3371901826340202,0.9720379499617664,0.0,12.220227083487822,0.0
2020,12.0,10,V850,1,False,0.5233648751072913,1.3127860960876776,0.972169257095989,0.0,9.845532271470192,0.0
2020,12.0,10,V700,1,False,0.6315677548987864,1.4127843833764475,0.974439935966706,0.0,4.883869924509787,0.0
2020,12.0,10,Q1000,1,False,0.04803288931980046,0.0003472643295024965,0.973607137904344,0.0,2.1547815040504847,0.0
2020,12.0,10,Q925,1,False,0.07883704093289351,0.00048547856101970624,0.949165711848366,0.0,1.2153018898768186,0.0
2020,12.0,10,Q850,1,False,0.12028934283534985,0.0005834503827568214,0.9519360264438436,0.0,1.0079647091365773,0.0
2020,12.0,10,Q700,1,False,0.15453488455001207,0.0004517305321160519,0.9625151886852972,0.0,0.7129067621623242,0.0
2020,12.0,10,Z1000,1,False,0.050026358222994234,45.689120731916624,0.9968500809015644,0.0,42.068260558804724,0.0
2020,12.0,10,Z925,1,False,0.03923431809115113,43.60547700012218,0.9970104427869997,0.0,41.73134269647579,0.0
2020,12.0,10,Z850,1,False,0.029775244467437966,41.477802435940696,0.9973228482399489,0.0,41.80994926340229,0.0
2020,12.0,10,Z700,1,False,0.019196993025649613,40.7252256789099,0.9979211546444299,0.0,40.43593573639328,0.0
2020,12.0,10,t2m,1,False,0.03393452228895563,0.6651166508187748,0.9698469877428089,0.0,25.805067190088906,0.0
2020,12.0,10,u10,1,False,0.17989127714059755,0.8886629173637189,0.9737419516288713,0.0,6.924455863721435,0.0
2020,12.0,10,v10,1,False,0.3374522310558845,0.9381171911547326,0.9721679058207844,0.0,10.328264058582581,0.0
2020,12.0,10,mslp,1,False,0.050678421639200104,56.54191247010275,0.9969899682869358,0.0,41.04803301933237,0.0
2020,12.0,11,T1000,1,False,0.020060159268262684,0.3400141284279263,0.9928394759957316,0.0,17.730323763342593,0.0
2020,12.0,11,T925,1,False,0.020980126729396663,0.33534518866328505,0.994602310972782,0.0,9.656098298395621,0.0
2020,12.0,11,T850,1,False,0.022561329692455067,0.34639512569929837,0.99505590682951,0.0,4.055606633524111,0.0
2020,12.0,11,T700,1,False,0.02012730525834543,0.2881211954076898,0.9960359979995904,0.0,1.2762174912117286,0.0
2020,12.0,11,U1000,1,False,0.1032084601099278,0.5695209803394109,0.9915314770187851,0.0,5.679514688250043,0.0
2020,12.0,11,U925,1,False,0.10088107963000018,0.7223719761654651,0.9917437652683556,0.0,6.23718428995147,0.0
2020,12.0,11,U850,1,False,0.09516361983143827,0.7171722486172514,0.9923426606527728,0.0,4.199013318212119,0.0
2020,12.0,11,U700,1,False,0.08885129920402848,0.7579540104044382,0.9932752057359688,0.0,1.7731523208460387,0.0
2020,12.0,11,V1000,1,False,0.198665716935177,0.6107571715102388,0.9909697089771358,0.0,7.6294699659315235,0.0
2020,12.0,11,V925,1,False,0.25356732981430663,0.7935203761101163,0.9902557732366242,0.0,9.433382371675247,0.0
2020,12.0,11,V850,1,False,0.3082809872410421,0.7732788613981761,0.9903967812829128,0.0,7.6141108850060535,0.0
2020,12.0,11,V700,1,False,0.3669863251444616,0.8209294178027586,0.991421173282843,0.0,4.383750346659587,0.0
2020,12.0,11,Q1000,1,False,0.02788404924051962,0.00020159386213963948,0.991120183666695,0.0,1.0166145714052277,0.0
2020,12.0,11,Q925,1,False,0.04622488179109014,0.0002846528582714239,0.9828385893240795,0.0,0.7749652299886223,0.0
2020,12.0,11,Q850,1,False,0.06953079813679985,0.00033725157815113645,0.9842818204404232,0.0,0.9817511639894638,0.0
2020,12.0,11,Q700,1,False,0.08963768764325643,0.0002620254995711797,0.9876195067462394,0.0,0.5925499574237825,0.0
2020,12.0,11,Z1000,1,False,0.03434629557889238,31.368504748750585,0.9985082173534464,0.0,30.875722917295633,0.0
2020,12.0,11,Z925,1,False,0.027461814660754976,30.521379959749453,0.9985291480192422,0.0,29.82631094164875,0.0
2020,12.0,11,Z850,1,False,0.02131873159925852,29.697628020415294,0.998620975865181,0.0,28.989375003707806,0.0
2020,12.0,11,Z700,1,False,0.014166899944147583,30.054196252742077,0.9988638952528556,0.0,25.708967815335505,0.0
2020,12.0,11,t2m,1,False,0.020300738787081284,0.3978944878711177,0.9889573506346622,0.0,19.943103244102655,0.0
2020,12.0,11,u10,1,False,0.10521020840711863,0.5197384340749286,0.9911126722125458,0.0,5.795749782089377,0.0
2020,12.0,11,v10,1,False,0.19930506087924904,0.5540680627583074,0.9904271849902924,0.0,7.823648888198709,0.0
2020,12.0,11,mslp,1,False,0.0345559392843792,38.55405979499159,0.9985946833764358,0.0,30.151926424773368,0.0
2020,12.0,1,T1000,4,False,0.018686563989490177,0.3167320698552976,0.9937211312267242,4.332516521548824,23.882953877230317,0.0005828668649837665
2020,12.0,1,T925,4,False,0.02035451006137312,0.3253453684295643,0.9948702752569442,2.696773861447388,14.5122111897799,0.0002889468557857322
2020,12.0,1,T850,4,False,0.022056436909244855,0.3386432600206713,0.995258437540034,1.8810940489402905,6.561056231541729,0.0001851121995767313
2020,12.0,1,T700,4,False,0.0194965789824927,0.27909238552076837,0.9962700702992785,1.6527414683201624,2.594217146324951,0.00012801586045418922
2020,12.0,1,U1000,4,False,0.10083065192066276,0.5563998499558902,0.9919441401356316,0.7787846841017299,6.760689934817721,0.00012679487483169272
2020,12.0,1,U925,4,False,0.09837238055312125,0.7044081135525196,0.9921577889359873,0.8300576800084114,7.818588110218716,0.0001318319069526508
2020,12.0,1,U850,4,False,0.09352321308190528,0.7048098113261455,0.9925787685953704,0.5554404614864561,4.862198277549767,8.387635203199739e-05
2020,12.0,1,U700,4,False,0.08725950884090201,0.7443751011241881,0.9934676201837298,0.29720410090511296,1.9401633793895479,3.971196321217452e-05
2020,12.0,1,V1000,4,False,0.1959958734714077,0.602549281942205,0.9912742417165413,0.8900637871163575,8.388871356893734,0.00015611560117578804
2020,12.0,1,V925,4,False,0.25221219294081815,0.7892795774159906,0.9904325469792344,1.02111058294313,9.587127639195337,0.00019637504359004687
2020,12.0,1,V850,4,False,0.3047038753345006,0.7643061867603093,0.9906028849084372,0.7466180912215292,7.8040933612679275,0.00014160373222615874
2020,12.0,1,V700,4,False,0.3599443922344088,0.8051769794515073,0.9916761111672563,0.47072458397752204,4.985883504341626,7.886640522980493e-05
2020,12.0,1,Q1000,4,False,0.026189392805759267,0.00018934197132872,0.9922024999381354,1.2099029733604882,4.664064258376532,0.00019412186306733137
2020,12.0,1,Q925,4,False,0.045808467257522446,0.00028208857754909855,0.9832654737880147,0.5250449945219504,1.6620885085253945,0.00018033990481292062
2020,12.0,1,Q850,4,False,0.0693286275715596,0.0003362709712716387,0.9844854287158832,0.22187530817902035,1.1759032883017384,7.189708147481433e-05
2020,12.0,1,Q700,4,False,0.08845735925920288,0.00025857520798461075,0.9879432413111151,0.1307575673003325,1.1691530133306705,3.3149498772311325e-05
2020,12.0,1,Z1000,4,False,0.030875599240842037,28.19871446837263,0.9987921180177591,5.080260697964123,36.48379361554759,0.00013241900747273938
2020,12.0,1,Z925,4,False,0.02446165890404609,27.18697199820787,0.9988292758848702,5.220140124060723,36.15948795020007,0.00013233069672557995
2020,12.0,1,Z850,4,False,0.019100693364641645,26.607834800468115,0.9988897715262458,5.551004720265473,34.99077720361885,0.0001340974179484533
2020,12.0,1,Z700,4,False,0.012505294256733114,26.529203259146268,0.9991122011777118,7.440531194720412,33.242455589526884,0.00014812724909629704
2020,12.0,1,t2m,4,False,0.022502928914439946,0.4410574144118373,0.9864530045801178,5.459012722815936,19.643391235473274,0.0016251389637180758
2020,12.0,1,u10,4,False,0.10256060135567176,0.506649374965834,0.9915860267367015,0.8112329010418917,7.073339291495273,0.00013787494217931684
2020,12.0,1,v10,4,False,0.19649048685803502,0.5462435468047134,0.9907607449206456,0.924046163656933,8.678585446419063,0.00017160995492326858
2020,12.0,1,mslp,4,False,0.030918372319241418,34.49562665109348,0.9988729546286893,4.616678918999362,36.01256211783481,0.00011148590550391635
2020,12.0,2,T1000,4,False,0.0327660065548745,0.5553747117394835,0.9807144113973085,1.8681915260915116,26.45539789106519,0.0007432985159361305
2020,12.0,2,T925,4,False,0.03518970123742972,0.5624702459587347,0.9846107677198043,1.2944573941999549,16.563974639249768,0.0004081356504992417
2020,12.0,2,T850,4,False,0.03774500890718902,0.5795175747623039,0.9860465419211127,0.8901627534349754,7.570010771309388,0.0002549828175189006
2020,12.0,2,T700,4,False,0.03320575405933724,0.47533842421819245,0.9891338551906241,0.8065605116177932,3.5840265325320475,0.00018142724319269998
2020,12.0,2,U1000,4,False,0.17099932264999515,0.9436019272447042,0.976699905861106,0.3253498274931599,7.773704387079572,0.0001537458048350704
2020,12.0,2,U925,4,False,0.1692472421057422,1.2119166919638924,0.9766561391693682,0.35211512224226915,8.411580201170143,0.00016678800950586936
2020,12.0,2,U850,4,False,0.16054062091938354,1.2098665206390415,0.9779560268037942,0.2250121983221387,5.28621273273756,0.00010099043109235151
2020,12.0,2,U700,4,False,0.14804036220389666,1.2628716447226345,0.9810104673025765,0.1344815511340247,2.2166813041353928,5.217037028493188e-05
2020,12.0,2,V1000,4,False,0.3336416385575811,1.0257130746668264,0.9745584086028574,0.331565807681089,9.998000320921662,0.0001701783942513746
2020,12.0,2,V925,4,False,0.4277865192662639,1.338726564743825,0.9722563406217078,0.41282217299241086,11.547599910296213,0.0002312512417476098
2020,12.0,2,V850,4,False,0.5193028965419868,1.3025972043219438,0.9724491392389427,0.30853488062778656,9.278618382689652,0.0001722319731605193
2020,12.0,2,V700,4,False,0.6153129634297582,1.3764232554096465,0.9753680277624458,0.15639919517854706,5.553765546834455,7.807892052202892e-05
2020,12.0,2,Q1000,4,False,0.045514342023022535,0.000329055938534367,0.9764639040320603,0.5175259383164543,5.51834300047428,0.0002504536601278806
2020,12.0,2,Q925,4,False,0.07789906892116179,0.0004797025280425761,0.95095473859331,0.23753407185674869,2.1008154270998336,0.00023682635287547438
2020,12.0,2,Q850,4,False,0.11978997316796365,0.0005810282427042375,0.9529140049647407,0.09974319554784117,1.228634948130658,9.709288673542815e-05
2020,12.0,2,Q700,4,False,0.15270224359767867,0.00044637342564935264,0.9634816669077634,0.06324114733226027,0.9782027838354024,4.8419762729845495e-05
2020,12.0,2,Z1000,4,False,0.043912772328797436,40.105576689149935,0.9975662708658909,2.7006319078120344,48.28881948896293,0.00013772473028206278
2020,12.0,2,Z925,4,False,0.03386349371271961,37.63628046168179,0.9977680803876517,2.96801084111169,49.16335216535575,0.00013955123078124299
2020,12.0,2,Z850,4,False,0.025652025815647735,35.734036044494694,0.9980053766786973,3.835293529138928,49.612796065526595,0.00016314069378553508
2020,12.0,2,Z700,4,False,0.016612801990196564,35.24302510046199,0.9984345352305715,5.701533034862494,48.784712517298324,0.0001955188510212036
2020,12.0,2,t2m,4,False,0.04306320620878076,0.8440388592232362,0.9514731989883344,2.025813209108729,31.2738400821559,0.0020325270637214787
2020,12.0,2,u10,4,False,0.17455381599941516,0.8622958594919526,0.9754920505281357,0.3373900010177344,7.967867249899663,0.00016762092867472766
2020,12.0,2,v10,4,False,0.33463608736892525,0.9302883150125144,0.9730403143094194,0.34578888013305775,10.334067928741696,0.00018830781741063785
2020,12.0,2,mslp,4,False,0.0446120688605017,49.7736827404148,0.9976627790458608,2.5113518968788107,47.073110607346614,0.0001227207088275728
2020,12.0,3,T1000,4,False,0.042858827323045086,0.7264452214055733,0.9669559974024825,1.842695430171204,28.692467998033287,0.001241435690330639
2020,12.0,3,T925,4,False,0.045571890332123846,0.7284185814901986,0.9740711495925665,1.102807697422159,18.500904739095347,0.0005813681758153333
2020,12.0,3,T850,4,False,0.04852800923556749,0.7450742526250809,0.9768096800247318,0.6584350629473379,8.241388792187676,0.0003113276230621853
2020,12.0,3,T700,4,False,0.04268611131252112,0.6110491811027523,0.9819447591357127,0.52308621955105,4.1034649213817715,0.00019427203473787458
2020,12.0,3,U1000,4,False,0.2180038458155382,1.2029804913047024,0.9619024901792699,0.30936016824824053,8.73036112117791,0.00023852297989035431
2020,12.0,3,U925,4,False,0.21763947057880592,1.5584354854356472,0.9611658920414647,0.3110190895563192,9.240418911094784,0.0002449204253879289
2020,12.0,3,U850,4,False,0.2065394281953113,1.5565228211728408,0.9632038346966327,0.1937379069499534,5.789684057227529,0.00014478561192365902
2020,12.0,3,U700,4,False,0.18879403015972715,1.61052448009123,0.9688072340978681,0.10229804393434572,2.4881500157713066,6.502174957101481e-05
2020,12.0,3,V1000,4,False,0.4233752820301951,1.301580834012973,0.9588568371673475,0.4608760914965315,11.687478870895218,0.0003798459158519396
2020,12.0,3,V925,4,False,0.5400902501872928,1.69017286085345,0.9555423078379728,0.5487519306956123,13.807641745638676,0.0004888190118033098
2020,12.0,3,V850,4,False,0.6600025269352515,1.655522144940478,0.9551304285418988,0.41926480841941727,10.980443836099763,0.00037990212398886225
2020,12.0,3,V700,4,False,0.7868974263195869,1.7602488223092487,0.9592087188010398,0.18024357034416294,6.181248921301585,0.00014905729191982964
2020,12.0,3,Q1000,4,False,0.06018871134349238,0.00043514751614601545,0.9587446568791038,0.3765484062641322,6.1685583412152685,0.00031641123284642525
2020,12.0,3,Q925,4,False,0.09955739935071876,0.0006130745433937015,0.9189530777198655,0.16753586436053514,2.5236666229286553,0.00027207756888303347
2020,12.0,3,Q850,4,False,0.15421303695993413,0.0007479935723202159,0.9207799046245652,0.06502456756863895,1.3732717127163285,0.00010544146065472049
2020,12.0,3,Q700,4,False,0.1967662125159611,0.0005751795529812553,0.9384421048842306,0.04261064352933941,0.9858035432349976,5.404300873423917e-05
2020,12.0,3,Z1000,4,False,0.056367919983011966,51.48087493279395,0.9959903471372721,2.5590059855048253,51.31906370535809,0.0002146325131023863
2020,12.0,3,Z925,4,False,0.04311104185418856,47.91411277856923,0.9963822493621742,2.770856095935925,52.54077074777271,0.0002106257975841297
2020,12.0,3,Z850,4,False,0.03251154072364761,45.289544661696425,0.9967967094485358,3.3588969891446996,53.27425571781637,0.00022803918982583493
2020,12.0,3,Z700,4,False,0.02101518255306886,44.58240151006573,0.9974947764360651,4.597432992179906,52.81457125219398,0.00024787024464267837
2020,12.0,3,t2m,4,False,0.05066575786846173,0.9930488720327969,0.933059220386098,2.6214856302711698,36.30299432016372,0.0035787734571168794
2020,12.0,3,u10,4,False,0.22279375057920503,1.1006011385633514,0.9598370958860771,0.3088195273295846,8.936272496271325,0.0002505117508874166
2020,12.0,3,v10,4,False,0.42455961085135424,1.1802757064317837,0.9564192051177005,0.44989555338894593,12.091978603996035,0.00039231657702720746
2020,12.0,3,mslp,4,False,0.05756745316032875,64.22800439231273,0.9961072322811695,2.4242032940622438,49.85461936354484,0.0001971160686421447
2020,12.0,4,T1000,4,True,0.04999761607130106,0.8474457082208441,0.954727641267256,1.988270366890521,30.080518989885196,0.0018085465850820048
2020,12.0,4,T925,4,True,0.05275619271443525,0.843252078526729,0.9650424351235786,1.1214486861367279,19.86309984149902,0.000788712360458077
2020,12.0,4,T850,4,True,0.055765490198966046,0.8561948348177643,0.9692227697033312,0.6225070898587259,8.607329381581986,0.00038798152177177414
2020,12.0,4,T700,4,True,0.049048924356658426,0.7021324788053962,0.9760470215219552,0.49580906575208417,4.341613964357938,0.00024498353435520315
2020,12.0,4,U1000,4,True,0.24859699033093763,1.3717984146476547,0.9501683316440864,0.29249894776468555,9.439794882257246,0.00029132622227900917
2020,12.0,4,U925,4,True,0.24981822931212097,1.7888556386058834,0.9485398725010972,0.2827343068756094,9.769499324387388,0.00029114887168180115
2020,12.0,4,U850,4,True,0.23709080780047104,1.78676418188298,0.9511496120463224,0.17125488714206938,6.105425474825987,0.00016749422135164949
2020,12.0,4,U700,4,True,0.21543049123943567,1.8377492118484677,0.9590297889880917,0.09317096113125034,2.6830479134804963,7.755348158466902e-05
2020,12.0,4,V1000,4,True,0.47914416400995014,1.4730308724600822,0.9470386459472102,0.44169830415641265,13.079658987563148,0.00046182104545666736
2020,12.0,4,V925,4,True,0.6087696983746077,1.905100160563491,0.9431889726020878,0.5233476015491068,15.658262516777166,0.0005916496721236619
2020,12.0,4,V850,4,True,0.7490689691001223,1.8789326068561192,0.9417517234608017,0.3850775541251128,12.314552664270783,0.0004485655402396427
2020,12.0,4,V700,4,True,0.8984994470686543,2.0098967693963887,0.9462072031768585,0.16798865966274334,6.620437155298841,0.00018197317515744604
2020,12.0,4,Q1000,4,True,0.0709697309614848,0.000513091266851953,0.9424370925324036,0.3192763773301355,6.547485073129589,0.00036615143856977284
2020,12.0,4,Q925,4,True,0.11346231236130216,0.0006987010103100896,0.8938780864747897,0.15073371676177505,2.8448626551126677,0.00030587371403556496
2020,12.0,4,Q850,4,True,0.17659701896601293,0.0008565646441727993,0.8949119639948319,0.05762946947170944,1.479571641873545,0.00011830684199287678
2020,12.0,4,Q700,4,True,0.22586950660514685,0.0006602532028978715,0.9178889726668855,0.031153315535081827,1.0083586042857418,5.154227235892872e-05
2020,12.0,4,Z1000,4,True,0.06522619056666858,59.5711418803413,0.9946138658203326,2.743942640733532,52.97752118007067,0.0003107030423845636
2020,12.0,4,Z925,4,True,0.049773024191853185,55.31831750589734,0.995163027138311,3.042888402012023,54.20485122929073,0.0003112745943814055
2020,12.0,4,Z850,4,True,0.037354798483925276,52.036346881626486,0.9957605319589612,3.635859388021012,55.15220960746484,0.00032980416408989743
2020,12.0,4,Z700,4,True,0.02406288541303328,51.04791350385543,0.9967077171829125,4.784220694941032,54.99172343803536,0.0003406745038996295
2020,12.0,4,t2m,4,True,0.05584128197532865,1.0944891473429026,0.9182063149181998,3.2040240699502287,37.84949590092215,0.005252588019209137
2020,12.0,4,u10,4,True,0.25426875540514854,1.256087667817329,0.9473679599483487,0.3009457030936247,9.638143117163766,0.0003164182003770888
2020,12.0,4,v10,4,True,0.4804268138438509,1.3355865271387986,0.9439067051864328,0.423963856484022,13.51356050803868,0.0004653458874352978
2020,12.0,4,mslp,4,True,0.06668930222035373,74.40525118685719,0.9947607120348344,2.488228840003137,51.47858376886042,0.00027341808058134465
2020,12.0,5,T1000,4,False,0.054670772101067036,0.9266544044646532,0.9454033136837067,1.9682256055581382,30.74897443482818,0.0021370578089038306
2020,12.0,5,T925,4,False,0.05739141096718776,0.9173411483425563,0.9583819480445716,1.1909541461057604,20.61763195897687,0.0009980945924851214
2020,12.0,5,T850,4,False,0.06013071056232325,0.9232162007788951,0.9640756363212201,0.6775944539902157,8.877923930318754,0.0004919603747529644
2020,12.0,5,T700,4,False,0.052822785377869816,0.7561550786143799,0.972121306499015,0.5903196511053643,4.448479220762758,0.00033851107127325086
2020,12.0,5,U1000,4,False,0.26654523018642085,1.4708397051992315,0.9424517343355673,0.3709770972045834,9.761519312194512,0.00043427617213953607
2020,12.0,5,U925,4,False,0.2689811427448308,1.9260741439068036,0.9400824036173574,0.3768457153335625,9.918863140990307,0.0004604592993190382
2020,12.0,5,U850,4,False,0.255164528802596,1.9229713960316568,0.9431018421955358,0.22534611154818585,6.19769051744491,0.00026074039886558875
2020,12.0,5,U700,4,False,0.23095250449141996,1.9701611401673254,0.9525922732723692,0.0991302603557287,2.790415858169859,9.531154141895204e-05
2020,12.0,5,V1000,4,False,0.5100356391779407,1.5680004012759,0.9397579455448328,0.5921201791812658,13.960792744315587,0.0007259326997137716
2020,12.0,5,V925,4,False,0.6466910049814958,2.0237721114417515,0.9356149813077268,0.735318844754429,16.759838162243124,0.0009730466172832575
2020,12.0,5,V850,4,False,0.7996673636092343,2.005851455276564,0.9332136028931686,0.527314516651245,13.106578483654763,0.0007226061965586172
2020,12.0,5,V700,4,False,0.9631065883321328,2.1544195957005625,0.9376276124665174,0.2191714093071062,6.817459124399427,0.00027933245809130813
2020,12.0,5,Q1000,4,False,0.07690574654859597,0.0005560069962383681,0.9322140845838576,0.3452771773979624,6.894998023746468,0.00046593049176391066
2020,12.0,5,Q925,4,False,0.12137098993107143,0.0007474026518871639,0.8780404076120361,0.1824920702257038,3.069936700627518,0.000435248621165063
2020,12.0,5,Q850,4,False,0.18963708492439968,0.0009198140692495268,0.8779760241061701,0.07364691004670965,1.528181786480165,0.00017988301741000967
2020,12.0,5,Q700,4,False,0.24314888938411955,0.0007107636388765361,0.9040171156050059,0.04411811380268249,1.0208265856467058,8.552237333225854e-05
2020,12.0,5,Z1000,4,False,0.07092975374121692,64.78021161114616,0.9935990699337113,2.8534720301022887,53.61694620831911,0.0003848521139411254
2020,12.0,5,Z925,4,False,0.05405023037771176,60.07205418068891,0.9942693988296716,3.1169771035080784,54.775437312756246,0.00037880983684746017
2020,12.0,5,Z850,4,False,0.0405542065697686,56.493217556506906,0.994982498956447,3.3697483246961535,55.659904874508825,0.00036071879586419
2020,12.0,5,Z700,4,False,0.0260970042031214,55.36316974972027,0.9961141650607063,4.596257327602871,55.57068122413442,0.00038596943919222415
2020,12.0,5,t2m,4,False,0.06248895968257268,1.2247836357322834,0.8951403313104249,2.9401541156038435,40.10250814229144,0.005874822075263797
2020,12.0,5,u10,4,False,0.27282013508649283,1.3477314814535477,0.939111957217951,0.37423375768270706,9.939616622968295,0.0004633721775033628
2020,12.0,5,v10,4,False,0.5114631124039096,1.421867436877052,0.9361680943714118,0.5680882221647088,14.388859962801027,0.0007362041660160523
2020,12.0,5,mslp,4,False,0.07248282889705637,80.86908877240622,0.9937839879568762,2.5464975980283078,52.170637934177066,0.00033247928892155
2020,12.0,6,T1000,4,True,0.056540186547989174,0.9583404637613371,0.9415111996506138,1.6529205890922882,30.916309685746057,0.0018807701263138243
2020,12.0,6,T925,4,True,0.05918816512259834,0.9460603704496203,0.9556342011558748,1.014735046200621,20.79989697070932,0.0008981716674886231
2020,12.0,6,T850,4,True,0.061776920526714,0.9484912658833352,0.9620189665395911,0.6114184468518857,9.126347273853552,0.00046802617599106533
2020,12.0,6,T700,4,True,0.054224236346014566,0.7762167665785479,0.9705693752156554,0.5316877326989378,4.49777141554325,0.0003205958301057965
2020,12.0,6,U1000,4,True,0.2731020174387366,1.5070211169736125,0.9395084387858145,0.33108735889672003,9.83909295655192,0.0004058245509120928
2020,12.0,6,U925,4,True,0.27593844966714165,1.9758928395451356,0.9368665219710665,0.33874628512098326,9.909945315285096,0.00043547844764235677
2020,12.0,6,U850,4,True,0.2618438988330323,1.973308476561257,0.9399385813645473,0.20040165611693306,6.1750856236648115,0.00024320180685644122
2020,12.0,6,U700,4,True,0.2367111951584649,2.019286177670417,0.9500056246048866,0.08898235626360051,2.82567835580787,8.997257786302892e-05
2020,12.0,6,V1000,4,True,0.5201113699511081,1.598976178080589,0.9373153844397657,0.512490571626234,14.38700329227568,0.0006501590826295534
2020,12.0,6,V925,4,True,0.6577921811028333,2.0585124316917205,0.933302439267373,0.626800090733981,17.33630021014152,0.0008587953866071585
2020,12.0,6,V850,4,True,0.8161469459353213,2.0471881391062117,0.9302316091472789,0.45262431830960237,13.514543316580141,0.0006455635120495851
2020,12.0,6,V700,4,True,0.9865440712900918,2.206848034736968,0.9342022318104595,0.1799191173796344,6.810691164383487,0.00024038775236390197
2020,12.0,6,Q1000,4,True,0.07951272527907711,0.0005748547226573846,0.9275534609300403,0.29885698150130535,6.965988158198744,0.00041941832495928644
2020,12.0,6,Q925,4,True,0.12444798627632031,0.0007663508000254331,0.8718199563214502,0.15736596448034934,3.21855741902477,0.0003852728681289497
2020,12.0,6,Q850,4,True,0.19474108936846335,0.0009445704849463078,0.8711431256731001,0.060327603021026466,1.5608948639453168,0.00015316526445396939
2020,12.0,6,Q700,4,True,0.2501568222885845,0.0007312489639781816,0.897946685700567,0.034343797164426704,1.0394774256254236,7.041267559060316e-05
2020,12.0,6,Z1000,4,True,0.07337894879921818,67.0170639032551,0.9931263917926312,2.5780072418748134,53.488024588183556,0.0003717191843762846
2020,12.0,6,Z925,4,True,0.05589323673442141,62.12039280894464,0.9938519795948207,2.903581881492634,54.55216118397218,0.00037713622793345003
2020,12.0,6,Z850,4,True,0.04196366150238993,58.45663036399315,0.9946100264331253,2.995741155561127,55.30048273804038,0.00034212548644063645
2020,12.0,6,Z700,4,True,0.02699621872077596,57.270797235921805,0.9958325394758464,4.164100831655448,55.15059974213226,0.00037225765342352446
2020,12.0,6,t2m,4,True,0.06160220195654765,1.2074031828888538,0.89774695427107,2.7545882057608884,40.54587229596102,0.005245989721817557
2020,12.0,6,u10,4,True,0.27957628399187734,1.3811068563530902,0.9359567219202987,0.33638674814857605,10.014527778873372,0.00043697285385546625
2020,12.0,6,v10,4,True,0.5215168527320437,1.449816832379042,0.9335856149112417,0.48551065655842995,14.805935549266259,0.0006495196480463816
2020,12.0,6,mslp,4,True,0.07489079805727321,83.55565993464202,0.9933425924884642,2.264505861317123,52.134728922922015,0.0003154089785989411
2020,12.0,7,T1000,4,False,0.05554244647874863,0.9414290416800856,0.9435622275379241,1.7553880532249488,30.04071958358937,0.0019455618253452212
2020,12.0,7,T925,4,False,0.05795843008540238,0.9264043543585557,0.957500056421112,1.0309784693497637,20.084901236011387,0.0008760513925244462
2020,12.0,7,T850,4,False,0.06081505942586951,0.9337233417584354,0.9632107067242202,0.5805097340585208,9.131163110207618,0.0004304655187284956
2020,12.0,7,T700,4,False,0.05332469434490778,0.7633398773390748,0.9715372394704656,0.49808561034109244,4.531780385604334,0.0002901821215131051
2020,12.0,7,U1000,4,False,0.2690266442455124,1.4845325436628523,0.9414770106035106,0.2796420763681251,9.597201351651542,0.00033126277275452587
2020,12.0,7,U925,4,False,0.27136237758166365,1.9431252825236316,0.9390983280804216,0.2848774753581029,9.674892423204962,0.000352496951625314
2020,12.0,7,U850,4,False,0.2577645225609451,1.9425654699904362,0.9418560761135325,0.18898937265828808,5.9522265864206165,0.00022052629377522504
2020,12.0,7,U700,4,False,0.2333595483070855,1.990694646726979,0.9513632168779953,0.08975266111385105,2.736490073965714,8.775508911895713e-05
2020,12.0,7,V1000,4,False,0.5115981620628629,1.57280405890517,0.9395112409934434,0.4891928225313591,14.267841674150706,0.0005985656702456321
2020,12.0,7,V925,4,False,0.6451074479011932,2.018816487537313,0.9359817670821842,0.5562952443891156,17.28856570207391,0.0007308970650375946
2020,12.0,7,V850,4,False,0.8015691622908404,2.010621848945048,0.9327720041245023,0.40766905581995916,13.457315861736275,0.0005588745597578937
2020,12.0,7,V700,4,False,0.972115339667912,2.1745717042612878,0.9360453378679282,0.18115251750159267,6.530936218069227,0.0002342667097803286
2020,12.0,7,Q1000,4,False,0.07891887828488992,0.0005705613738576019,0.9288936096563345,0.28165618906121903,6.727280876262743,0.0003951789522599336
2020,12.0,7,Q925,4,False,0.12299106915675696,0.0007573791006059607,0.8752605889145899,0.14930080238917398,3.2612588407958776,0.00035931614474182805
2020,12.0,7,Q850,4,False,0.19251451253405016,0.0009337707183518543,0.8745806719152527,0.05788886459588971,1.5644080224382906,0.0001456127510274241
2020,12.0,7,Q700,4,False,0.2476716314437015,0.0007239843491868852,0.8998791640523657,0.03232299787001569,1.0353189549365482,6.468311806540061e-05
2020,12.0,7,Z1000,4,False,0.07284450082258959,66.5289518750359,0.9932484023762254,3.034509195288748,52.344720796788245,0.00043096138416320873
2020,12.0,7,Z925,4,False,0.05548655299780187,61.66839985419956,0.993957053013313,3.3036250745924756,53.37393951332753,0.0004220452704839506
2020,12.0,7,Z850,4,False,0.04179702434915836,58.22449989786598,0.9946623734496006,3.3293883087944565,53.8853401233768,0.0003763025732049785
2020,12.0,7,Z700,4,False,0.026837933949537818,56.93500607064258,0.9958872233842078,4.259550865458561,53.664175680553925,0.00037511785128552244
2020,12.0,7,t2m,4,False,0.06090896221254268,1.1938156839719916,0.8997383901174962,2.777666072724405,38.53529739733549,0.005281599849120022
2020,12.0,7,u10,4,False,0.27535846940803366,1.3602708519766007,0.9380373705907742,0.2841110868263552,9.77343438509848,0.0003554210867098284
2020,12.0,7,v10,4,False,0.5129190541828003,1.4259149530770763,0.9359119529416908,0.4684280335641833,14.66281285354617,0.000605218714474387
2020,12.0,7,mslp,4,False,0.07424197353149718,82.83176644122521,0.9934743749763383,2.7240322055066435,51.08081953632657,0.00037289502646575823
2020,12.0,8,T1000,4,True,0.05191670429905696,0.8799737215802521,0.9509948055664849,2.0468851328489635,27.93368134187587,0.002014034145407795
2020,12.0,8,T925,4,True,0.053914203304938645,0.8617616546442133,0.9633757708861218,1.2044766995828016,18.479309692186195,0.0008901463579373825
2020,12.0,8,T850,4,True,0.05726042880462947,0.8791473583051931,0.9674622850836117,0.6308116860876956,8.71562085755465,0.000416186880192293
2020,12.0,8,T700,4,True,0.05017200225907395,0.7182092722287318,0.9748397648153679,0.48468259318205087,4.483884953648387,0.0002490081078901918
2020,12.0,8,U1000,4,True,0.2544033093264396,1.403838618093617,0.9479743652895976,0.3287078669229726,8.95010636497936,0.00034757211837477264
2020,12.0,8,U925,4,True,0.25537827210049213,1.8286690395593477,0.946342645803536,0.3529979899205671,9.102803357619981,0.000386643908540818
2020,12.0,8,U850,4,True,0.24290635578667744,1.8305913275830257,0.9485661043922402,0.2241845702767975,5.491530139446466,0.0002321129308976433
2020,12.0,8,U700,4,True,0.22090818319538913,1.8844771551271882,0.9564993054445377,0.09889812296446365,2.4961049216469133,8.643730809565486e-05
2020,12.0,8,V1000,4,True,0.4846524863940904,1.4899650839395493,0.9459673084275125,0.5291175981710583,13.46707545572281,0.0005816433440500868
2020,12.0,8,V925,4,True,0.6099657704931306,1.9088431775985297,0.9430181224722376,0.6311293453845401,16.41803986295365,0.0007382910844627721
2020,12.0,8,V850,4,True,0.7574302709987761,1.8999057442489187,0.9402091178595166,0.47430527101364195,12.743658760128884,0.0005791037442751668
2020,12.0,8,V700,4,True,0.9203987730732478,2.058884421497006,0.9428329267728212,0.20111429669505965,5.881922296826647,0.00023250306000133225
2020,12.0,8,Q1000,4,True,0.07477330373112963,0.0005405900334070728,0.9366301231651074,0.3468534269904233,6.108138669255414,0.00044706179490749953
2020,12.0,8,Q925,4,True,0.11674626383070937,0.0007189235845222827,0.8884903722693716,0.1690801645844897,3.1994982191523413,0.0003735170457117576
2020,12.0,8,Q850,4,True,0.1828249794495775,0.0008867726877292197,0.8878633117338486,0.06637123898094455,1.5135903388902472,0.00015318754192394923
2020,12.0,8,Q700,4,True,0.23588137012243557,0.0006895195021409424,0.9095083795763308,0.036099771704434236,0.9773800476520211,6.82665867313137e-05
2020,12.0,8,Z1000,4,True,0.06947840857784146,63.45469680682124,0.9938873444146608,3.4766744380712478,49.86664051560683,0.0004481116779199157
2020,12.0,8,Z925,4,True,0.05308912702030587,59.00387280963305,0.994494182997629,3.679484047668835,50.82131445463445,0.0004284286497118206
2020,12.0,8,Z850,4,True,0.04023536698700417,56.04906467348675,0.9950743785659036,3.8220932777343286,51.01667548776394,0.00039920070622934123
2020,12.0,8,Z700,4,True,0.025712999293163764,54.54852718466413,0.9962365745060143,4.582867755612408,50.801550149715744,0.00036982710621680237
2020,12.0,8,t2m,4,True,0.056900664668006494,1.1152530468190167,0.9152738404695574,3.043043400198431,36.84856426719816,0.005189923546188302
2020,12.0,8,u10,4,True,0.2601290848838489,1.2850376926375324,0.9450101934505176,0.33594883874072945,9.153207771254667,0.0003740372101453948
2020,12.0,8,v10,4,True,0.48583412895798417,1.3506188582041208,0.9427523562097586,0.5159373946111878,13.816965526201608,0.000598146179994985
2020,12.0,8,mslp,4,True,0.07075075939252458,78.93661879533173,0.9940968631254352,3.132122819608396,48.649478067222795,0.0003882032462950713
2020,12.0,9,T1000,4,False,0.046154418805641716,0.7823045807066457,0.9613992238766337,1.3076234489002858,24.515406288480346,0.0010106953862720758
2020,12.0,9,T925,4,False,0.04769982941318097,0.7624314449899723,0.9714292725204811,0.8601885015329658,15.959129271806527,0.0004947206794628789
2020,12.0,9,T850,4,False,0.05121813903190734,0.7863771293959816,0.9740299235089104,0.5353551446777405,7.634701493389295,0.00028104004678142225
2020,12.0,9,T700,4,False,0.04473256276816848,0.6403440170647313,0.9800422158635468,0.5284841736252988,4.248747543708253,0.0002150225363007907
2020,12.0,9,U1000,4,False,0.22856304512486572,1.261247861280026,0.9582761806400384,0.2851321962570985,7.819095336734383,0.00024219951115855842
2020,12.0,9,U925,4,False,0.22778513646546067,1.6310848299640313,0.9575783846394673,0.29242517886297614,8.043885368442648,0.0002531632271565165
2020,12.0,9,U850,4,False,0.21704360234765435,1.635684398572208,0.9591585513337016,0.18471279957826825,4.759326895711724,0.00015270730016403444
2020,12.0,9,U700,4,False,0.1990206113943212,1.6977632524289619,0.9648292146086929,0.08751114229916812,2.060243602456635,6.176656418099835e-05
2020,12.0,9,V1000,4,False,0.4371118683405314,1.3438111611312997,0.9562733464843421,0.4633063081848632,11.910776431423375,0.00041201922187983353
2020,12.0,9,V925,4,False,0.5500703798252267,1.7214049465893007,0.9539306979196525,0.5763968923538476,14.557874920038572,0.0005438540457850527
2020,12.0,9,V850,4,False,0.681567386874666,1.709614523711141,0.9518718031443747,0.4174535935100976,11.24193739554855,0.0004088251708727064
2020,12.0,9,V700,4,False,0.8280737987857686,1.8523582347129293,0.9540058590362969,0.16536929255670518,4.858231755675712,0.00015225576482746916
2020,12.0,9,Q1000,4,False,0.06734443062037627,0.0004868813616785683,0.9489384022753302,0.2641334779055371,5.026233494545529,0.00027670472158747295
2020,12.0,9,Q925,4,False,0.10572750653860119,0.000651070068177366,0.9095485776668114,0.150794652703945,2.837879617670791,0.0002744423315667044
2020,12.0,9,Q850,4,False,0.1652187456464205,0.0008013755659137816,0.9094814851703513,0.0637164061615958,1.3721195414701848,0.00011655539242649837
2020,12.0,9,Q700,4,False,0.21468927111955027,0.0006275715597955803,0.9255691577610152,0.040362367620627726,0.8371026740213394,6.0271866672567675e-05
2020,12.0,9,Z1000,4,False,0.06243337955185592,57.020465259008695,0.9950726939821822,2.7628422627259397,46.11184190610212,0.0002838918884372488
2020,12.0,9,Z925,4,False,0.04813824350728596,53.50140336334677,0.9954836493860988,2.9584538125462134,46.71917409971774,0.0002791184423963644
2020,12.0,9,Z850,4,False,0.0365809315751919,50.958327217708344,0.9959394091474217,3.273861196340755,46.815061858533355,0.00027894489020974245
2020,12.0,9,Z700,4,False,0.023359583522972054,49.55590199612794,0.9969021879940345,3.9711752797366717,46.426100560057236,0.0002605381672943219
2020,12.0,9,t2m,4,False,0.05346210392348986,1.0478572560866395,0.9257911984390862,1.7876874265504994,32.91485780875426,0.002651064840637485
2020,12.0,9,u10,4,False,0.23316374105461132,1.1518288916263761,0.956086830147247,0.30834734553817356,8.062785691750019,0.00027521550313147625
2020,12.0,9,v10,4,False,0.43800259878274306,1.2176472094430162,0.9536832386587871,0.46224198132777117,12.178491683052739,0.00043408296353664166
2020,12.0,9,mslp,4,False,0.06366263820369947,71.02840221243667,0.9952278912574762,2.568164219255664,44.82659209848253,0.00025479322299060136
2020,12.0,10,T1000,4,False,0.03430075618820619,0.5813882910605676,0.9792767612080189,1.0831867916898608,22.116159385859536,0.0004668544217454329
2020,12.0,10,T925,4,False,0.03564337243054959,0.5697217013459464,0.9844979233593519,0.7842619074989288,14.013738242053552,0.0002528080001202859
2020,12.0,10,T850,4,False,0.03833387841189673,0.5885587771344722,0.9857206653656071,0.552118794622114,6.90215249178725,0.00016164190668988
2020,12.0,10,T700,4,False,0.033951882599597444,0.48601921075776,0.9887097146135886,0.5972286497697987,3.6871205149552555,0.00013880837624680176
2020,12.0,10,U1000,4,False,0.17583753268512395,0.9702999523630887,0.9751608946340447,0.2079841100223634,6.9078786170373,0.00010379766792834033
2020,12.0,10,U925,4,False,0.17381109867778224,1.2445967748038294,0.9753680605675058,0.2266581019131797,7.3550734201742625,0.00011364408657510428
2020,12.0,10,U850,4,False,0.16392605216122028,1.235379818613039,0.9771706903614559,0.1586485410436156,4.9372035199999775,7.430366372873642e-05
2020,12.0,10,U700,4,False,0.15168784326562681,1.293986806540687,0.9802706934585058,0.08665950279180823,2.2261377550046646,3.502558923673682e-05
2020,12.0,10,V1000,4,False,0.33524766562753694,1.0306504787252624,0.973918473666451,0.30218513591355745,10.394944854291044,0.00015782881248083136
2020,12.0,10,V925,4,False,0.42571551205014246,1.3322455002125149,0.97224581803591,0.3697815810958516,12.544820515660849,0.00020786807414363562
2020,12.0,10,V850,4,False,0.5218704376862485,1.309037513572296,0.9723324452689123,0.285544080644784,10.102963017505829,0.0001631881729232676
2020,12.0,10,V700,4,False,0.6306943309380049,1.4108305806040113,0.9745132217765399,0.13829457789868993,5.0154103751112515,7.328580983390065e-05
2020,12.0,10,Q1000,4,False,0.04787908986468796,0.0003461524031583299,0.9737786947398551,0.3201961349618365,2.4680781119194806,0.00017155683551106637
2020,12.0,10,Q925,4,False,0.07871408201632667,0.0004847213779219466,0.9493234292640941,0.15596592047576463,1.3693723535734725,0.00015771741572812026
2020,12.0,10,Q850,4,False,0.12021401742053671,0.0005830850234834155,0.9519974923057849,0.06262018981701978,1.0699537095394507,6.146586194133441e-05
2020,12.0,10,Q700,4,False,0.15446240759957738,0.0004515186698967843,0.9625513542356309,0.04690005796796903,0.7594724664455765,3.616555033369995e-05
2020,12.0,10,Z1000,4,False,0.04886859608931396,44.63173539373072,0.9969949992296115,2.314304248411425,43.40897726587095,0.0001449183280471944
2020,12.0,10,Z925,4,False,0.03825397943134403,42.515917249310526,0.9971585776480505,2.498676433038882,43.18728790436713,0.0001481348610508082
2020,12.0,10,Z850,4,False,0.028925603984619703,40.29422785306912,0.9974742285945667,2.853513037474553,43.47040994768416,0.00015138035461781385
2020,12.0,10,Z700,4,False,0.018483282782181955,39.21113373142687,0.9980733281572396,3.7178231117449,42.65042228388024,0.0001521735128097168
2020,12.0,10,t2m,4,False,0.0332860412579177,0.6524064208373239,0.9710071426994146,1.9109773389943463,27.22291554276839,0.0011601549566057079
2020,12.0,10,u10,4,False,0.17946983259343285,0.8865809835236227,0.9738650366286855,0.23427736678710565,7.142510797646673,0.00012308499981417143
2020,12.0,10,v10,4,False,0.33639695262830266,0.935183517844827,0.9723409794053722,0.3127193512041382,10.608684929432066,0.00017307358458784616
2020,12.0,10,mslp,4,False,0.04954779752825925,55.28047517514321,0.9971236214381106,2.230977355589747,42.36323805334581,0.00013365315117486176
2020,12.0,11,T1000,4,False,0.019540880867450056,0.33121250314353357,0.9932091329254044,2.5886055732078916,19.859961187464805,0.0003696569296727237
2020,12.0,11,T925,4,False,0.02055748438754491,0.32858969807915334,0.9948196615363416,2.0144889842803493,11.476066246143501,0.00021735056355964844
2020,12.0,11,T850,4,False,0.02222773598577305,0.34127329771267517,0.9952016945239149,1.4786083587687626,5.474248453610797,0.0001457876944049863
2020,12.0,11,T700,4,False,0.019832368339603147,0.2838991900969064,0.9961520680013428,1.4653572098032974,2.722873555994787,0.00011607000175239968
2020,12.0,11,U1000,4,False,0.10266799802164067,0.5665386235111742,0.9916201166654242,0.5236606453690729,6.1734339503487945,8.863964663907709e-05
2020,12.0,11,U925,4,False,0.10027629780617792,0.7180413556160022,0.991842787793079,0.5994997536112878,6.799292139112223,9.902252472338002e-05
2020,12.0,11,U850,4,False,0.09476381050822899,0.7141592038249324,0.9924073846355134,0.42012832626318053,4.601500400101921,6.472398274059987e-05
2020,12.0,11,U700,4,False,0.08865025099163669,0.7562389501417407,0.9933060358282211,0.2262749269767328,1.995415048703597,3.083009225224309e-05
2020,12.0,11,V1000,4,False,0.19742823202617144,0.6069527764033805,0.991081144830366,0.6228980662070449,8.204844211258933,0.00011143585323025729
2020,12.0,11,V925,4,False,0.25167095441744003,0.7875858072903142,0.9904007991971825,0.747878442485217,10.110710581005511,0.0001450259605583204
2020,12.0,11,V850,4,False,0.3064945715419691,0.7687978911143141,0.9905088739223944,0.5794764429232324,8.149465349012619,0.00011209263948164239
2020,12.0,11,V700,4,False,0.3657799589410512,0.818230838244535,0.9914780780172968,0.3287223857552535,4.698062363689748,5.6904734453855355e-05
2020,12.0,11,Q1000,4,False,0.027639170856827055,0.00019982346014420474,0.9912770743140117,0.8782023786441995,1.8858890167017028,0.00015689064731672087
2020,12.0,11,Q925,4,False,0.04600182861971256,0.00028327929702477565,0.9830057062917009,0.48253919260551337,1.2537649116303728,0.0001671169676213946
2020,12.0,11,Q850,4,False,0.06940114814412958,0.0003366227241334304,0.984341461318293,0.18646412258233047,1.1663846728779292,5.964087786980432e-05
2020,12.0,11,Q700,4,False,0.08952437318930317,0.0002616942629685043,0.9876513195637399,0.12641385217814216,0.7182147443746678,3.181281750042064e-05
2020,12.0,11,Z1000,4,False,0.033090708536307786,30.2217759313399,0.9986150830643846,3.6556694730019657,33.40267801304135,0.00010686571093820874
2020,12.0,11,Z925,4,False,0.026471704611979528,29.42096008803889,0.9986330473661061,3.6054064926393625,32.35635768308309,0.00010389934686394486
2020,12.0,11,Z850,4,False,0.020488249328659076,28.54074153909548,0.9987261054933495,3.8955519784691472,31.755630810674173,0.00010512962816855431
2020,12.0,11,Z700,4,False,0.013437613554860112,28.50706056061973,0.9989776263487524,5.147819157067901,29.53333580212114,0.00011373109589685182
2020,12.0,11,t2m,4,False,0.01945897043007161,0.38139582628648994,0.9898567688009144,4.146491247625672,23.26265546120666,0.0008994181662522749
2020,12.0,11,u10,4,False,0.10460380801342317,0.5167428152001278,0.9912149783392349,0.5763702998752285,6.338715101565551,0.0001023061266890446
2020,12.0,11,v10,4,False,0.19802101705430988,0.5504984203267131,0.9905493970854283,0.6442605216719022,8.41750472872972,0.0001222120951359651
2020,12.0,11,mslp,4,False,0.03336278856965702,37.22286149315996,0.9986898708455488,3.4528093851048602,32.56364726449373,9.51874691130783e-05
2020,12.0,1,T1000,16,False,0.01849667898933356,0.31351357328791823,0.9938485022835641,5.304649232811631,24.656423270697857,0.0007102379218236754
2020,12.0,1,T925,16,False,0.02022988301568821,0.3233533364799614,0.9949330738849048,3.292544212720605,15.035637719302297,0.0003517454837463907
2020,12.0,1,T850,16,False,0.021968748199658977,0.337296930272982,0.9952962924908618,2.271180638366721,6.932536921638565,0.00022296715040459603
2020,12.0,1,T700,16,False,0.019431602604719912,0.27816225296473746,0.9962951528220526,1.9805040275368668,2.9188420433203577,0.0001530983832283006
2020,12.0,1,U1000,16,False,0.10066215788685334,0.55547007344129,0.9919710133868034,0.9445892533432643,6.916498383570502,0.00015366812600348112
2020,12.0,1,U925,16,False,0.09819812720227232,0.7031603501179332,0.9921855626384437,1.0057238035238614,7.981874998443472,0.00015960560940908586
2020,12.0,1,U850,16,False,0.0934188020219265,0.704022949802646,0.9925954976766167,0.666462223125952,4.968411894410785,0.00010060543327827798
2020,12.0,1,U700,16,False,0.08720034107023347,0.7438703650017667,0.9934765686133383,0.36480925066050274,2.006654493103488,4.866039282069856e-05
2020,12.0,1,V1000,16,False,0.1956379231687256,0.6014488382637595,0.99130611889099,1.071069800344382,8.556182181586337,0.00018799277562442374
2020,12.0,1,V925,16,False,0.25169856480483804,0.7876722140327002,0.9904715606532875,1.2226803083393634,9.771252738611857,0.00023538871764305913
2020,12.0,1,V850,16,False,0.304237146159596,0.7631354616866582,0.990631725053022,0.89864913773815,7.945314142880367,0.00017044387681097728
2020,12.0,1,V700,16,False,0.3595869571115695,0.8043774143413829,0.9916927140567281,0.5695600139826729,5.0802352518164895,9.546929470161114e-05
2020,12.0,1,Q1000,16,False,0.026120853562590043,0.0001888464512089778,0.9922436100530351,1.4684427009914125,4.91356423460827,0.0002352319779670431
2020,12.0,1,Q925,16,False,0.04576089351170804,0.0002817956192296637,0.9833008955455272,0.6283533239128003,1.7642159772074284,0.00021576166232550875
2020,12.0,1,Q850,16,False,0.06929964609078361,0.0003361304006419647,0.9844986198362401,0.26358560742928416,1.2172147747594564,8.508820183172894e-05
2020,12.0,1,Q700,16,False,0.08843289538509862,0.0002585036963753675,0.9879500034815555,0.15837752559687557,1.1964857917286187,3.991166921268885e-05
2020,12.0,1,Z1000,16,False,0.03055974588317181,27.910245257173923,0.998816671728049,6.05127726460204,37.13355613178296,0.00015697271776260457
2020,12.0,1,Z925,16,False,0.024212894433718327,26.91049224949427,0.9988529537335206,6.1840102251141555,36.80871829176512,0.00015600854537589637
2020,12.0,1,Z850,16,False,0.01889387509460578,26.319730809863024,0.9989136690117043,6.573678475477962,35.69468332568731,0.000157994903406955
2020,12.0,1,Z700,16,False,0.012301899942106953,26.097714927934806,0.9991407605298372,8.945979154065709,34.32824411339013,0.00017668660122172053
2020,12.0,1,t2m,16,False,0.022275454627708868,0.4365989192211577,0.9867286684392275,6.4146947022372665,20.45568826277755,0.0019008028228277851
2020,12.0,1,u10,16,False,0.10238535074357664,0.5057836351908191,0.9916147448160161,0.9807218852841859,7.232127890175999,0.00016659302149391042
2020,12.0,1,v10,16,False,0.1961161832326574,0.5452029831024882,0.9907960503558829,1.1127804342146885,8.85254774397658,0.00020691539016060023
2020,12.0,1,mslp,16,False,0.030631347330240442,34.17539255920404,0.9988937571542885,5.502152332718269,36.60657765864966,0.0001322884311031336
2020,12.0,2,T1000,16,False,0.032609006282173766,0.5527136003096356,0.9808996012451355,2.3383959333700632,26.8077912340694,0.0009284883637631358
2020,12.0,2,T925,16,False,0.03508214780583719,0.5607511166234295,0.9847052109047739,1.5961399732257853,16.81898762686913,0.000502578835468892
2020,12.0,2,T850,16,False,0.03766353907488607,0.5782667286652414,0.9861074379120388,1.1040840652540962,7.769514121295106,0.0003158788084449693
2020,12.0,2,T700,16,False,0.033144912004490414,0.4744674730891039,0.9891743544756705,0.9883101166715758,3.7606870575523588,0.00022192652823904702
2020,12.0,2,U1000,16,False,0.17085121646736431,0.9427846525208965,0.9767406910944022,0.4116801808146775,7.853583560691102,0.0001945310381312737
2020,12.0,2,U925,16,False,0.16909232649689193,1.2108074016165222,0.9766992877907748,0.44332495564585184,8.495413034368726,0.00020993663091239956
2020,12.0,2,U850,16,False,0.16045073649420025,1.2091891357223916,0.9779810805841447,0.2808748041527642,5.339241643904691,0.00012604421144279954
2020,12.0,2,U700,16,False,0.14799751277361767,1.2625061148031833,0.9810216816644287,0.16338705032590273,2.244984122600102,6.338473213718387e-05
2020,12.0,2,V1000,16,False,0.3333390808189568,1.024782919398657,0.9746047565004695,0.42194857942332575,10.079617236640848,0.000216526291863528
2020,12.0,2,V925,16,False,0.4273075038722238,1.337227521069291,0.9723186655654684,0.524335250379615,11.64664478285422,0.000293576185508182
2020,12.0,2,V850,16,False,0.518843638008038,1.3014452200205364,0.9724982473276724,0.39669952677707787,9.35885011064036,0.00022134006189022948
2020,12.0,2,V700,16,False,0.615044870207846,1.3758235442091211,0.9753897330074109,0.19990127333706642,5.594915980511129,9.978416548717117e-05
2020,12.0,2,Q1000,16,False,0.04545559359618627,0.0003286312038249558,0.9765257252487622,0.6459346681613742,5.640296838910475,0.00031227487682983224
2020,12.0,2,Q925,16,False,0.0778523114588372,0.0004794145948869794,0.9510145589975659,0.29741463020802605,2.159577585591199,0.0002966467571313691
2020,12.0,2,Q850,16,False,0.11975806255899553,0.000580873465433488,0.9529398336418085,0.12635542315250214,1.254946452541783,0.0001229215638032244
2020,12.0,2,Q700,16,False,0.15267790925464536,0.00044630229209999993,0.9634936994956543,0.07916688171744068,0.993982711650887,6.045235062079879e-05
2020,12.0,2,Z1000,16,False,0.04362765215879622,39.845176258135886,0.9975979709562687,3.332384605267269,48.62457375352803,0.00016942482065984699
2020,12.0,2,Z925,16,False,0.03362391874481866,37.37001397068172,0.9977998038021724,3.654485659254092,49.52300756230027,0.00017127464530186653
2020,12.0,2,Z850,16,False,0.025426652768314423,35.42008462778668,0.9980404696744345,4.680175453826174,50.055486938322716,0.00019823368952276432
2020,12.0,2,Z700,16,False,0.016381006253630957,34.75128499006656,0.9984780558339259,7.017264277556546,49.49931113181728,0.00023903945437564467
2020,12.0,2,t2m,16,False,0.042814686437684435,0.8391678736122811,0.9520360319873709,2.5912268096793367,31.67046195578753,0.0025953600627579565
2020,12.0,2,u10,16,False,0.17440133549081627,0.8615426050502009,0.9755352627345836,0.42444971594822745,8.04826140415421,0.00021083313512260116
2020,12.0,2,v10,16,False,0.3343083847957727,0.9293772991398624,0.9730933829844842,0.4433782993323865,10.421876021690979,0.00024137649247546467
2020,12.0,2,mslp,16,False,0.044340634065929224,49.47084310745286,0.9976913080592396,3.104505539982949,47.395135559710454,0.00015124972220637023
2020,12.0,3,T1000,16,False,0.04263345790015144,0.722625273379365,0.9672977188954702,2.358847095193617,29.0674324648425,0.0015831571833183622
2020,12.0,3,T925,16,False,0.045438221472836965,0.7262820303223605,0.9742224180013523,1.3928872790550217,18.73995321869635,0.0007326365846012095
2020,12.0,3,T850,16,False,0.048437076539907906,0.74367811976114,0.9768973006492511,0.8445831541850746,8.413327802226245,0.0003989482475814654
2020,12.0,3,T700,16,False,0.04262292840466576,0.6101447233435843,0.9819994667311605,0.670329444194051,4.245408559563291,0.00024897963018566394
2020,12.0,3,U1000,16,False,0.2177887238690805,1.201793412378642,0.9619783928274014,0.40773294880169786,8.820424222104661,0.0003144256280218638
2020,12.0,3,U925,16,False,0.2174152592741447,1.5568299911646017,0.9612466209950185,0.4137182755579838,9.333919065420327,0.00032564937894163926
2020,12.0,3,U850,16,False,0.20641581830047048,1.5555912679856156,0.9632484783695086,0.2534700446322091,5.8460671282390075,0.0001894292847994805
2020,12.0,3,U700,16,False,0.18875490731416275,1.6101907392413144,0.9688204116223912,0.12299934663209111,2.508356910260523,7.81992740941373e-05
2020,12.0,3,V1000,16,False,0.4229068033123644,1.3001405929918899,0.9589479257455371,0.5710194161588245,11.785199589186956,0.00047093449404156384
2020,12.0,3,V925,16,False,0.5393655088310811,1.687904836027824,0.95566189149034,0.6822045015903888,13.923302353462441,0.0006084026641705043
2020,12.0,3,V850,16,False,0.6593500530536296,1.6538855122763414,0.9552195945244407,0.5177096266944625,11.06844794666011,0.0004690681065308011
2020,12.0,3,V700,16,False,0.7865435722015292,1.759457269022623,0.9592458638381622,0.22513078269833509,6.2234375856812685,0.0001862023290423176
2020,12.0,3,Q1000,16,False,0.060126995654730085,0.0004347013295577621,0.958830157467332,0.4786992879618035,6.264770270666342,0.00040191182107462975
2020,12.0,3,Q925,16,False,0.09951295364117033,0.0006128008472666334,0.9190250814891829,0.21210437190909426,2.5671832759286195,0.0003440813382005192
2020,12.0,3,Q850,16,False,0.1541832368834093,0.0007478490311339425,0.9208106594003307,0.08433596934180887,1.3923303092415962,0.00013619623642024958
2020,12.0,3,Q700,16,False,0.19674266113778105,0.0005751107092533854,0.9384571895553976,0.054574762005388244,0.9976547688907211,6.912767990119306e-05
2020,12.0,3,Z1000,16,False,0.055941824544094514,51.091721611027,0.9960512141641015,3.295580319375435,51.68705182561566,0.00027549953993177834
2020,12.0,3,Z925,16,False,0.042758390283210525,47.522171978545444,0.9964417731059473,3.5661978197241817,52.92899081932217,0.0002701495413571786
2020,12.0,3,Z850,16,False,0.032187330847777314,44.83791070730935,0.996860872055301,4.322616311998207,53.740211726559295,0.0002922017965910628
2020,12.0,3,Z700,16,False,0.020724948411952927,43.966687776271826,0.9975637560509194,5.915008132241029,53.46623451284962,0.0003168498594969815
2020,12.0,3,t2m,16,False,0.05033560634490679,0.9865779038746122,0.9339056126687594,3.2560298714557123,36.71806091258858,0.004425165739778247
2020,12.0,3,u10,16,False,0.2225734137202989,1.099512672552267,0.9599172385437329,0.4074113482800623,9.02633200479116,0.00033065440854318506
2020,12.0,3,v10,16,False,0.424089843787732,1.1789697515464412,0.9565156003622094,0.5600458339476422,12.189247143029291,0.0004887118215360919
2020,12.0,3,mslp,16,False,0.05715980813202731,63.7731947074821,0.9961626439120878,3.1151542781008734,50.20970742088521,0.000252527699560412
2020,12.0,4,T1000,16,True,0.04973252313865266,0.8429524570121575,0.9551958815059689,2.5079394808204647,30.45123987073265,0.002276786823794952
2020,12.0,4,T925,16,True,0.05260518926338361,0.8408384462308691,0.9652418621404169,1.4044676402185652,20.09247478039986,0.0009881393772963598
2020,12.0,4,T850,16,True,0.05567027979541933,0.8547330240274172,0.9693285017992987,0.7921778157803705,8.763367336592243,0.0004937136177393109
2020,12.0,4,T700,16,True,0.04897925314253416,0.7011351376492139,0.9761164871975425,0.637149123332792,4.4774912742823965,0.00031444920994250225
2020,12.0,4,U1000,16,True,0.2483944730635306,1.3706808904993624,0.9502503395168659,0.37372475273601546,9.51356892614994,0.00037333409505846404
2020,12.0,4,U925,16,True,0.24961445117096587,1.7873964575787455,0.9486247675222862,0.3640742439168898,9.843100853602449,0.0003760438928708254
2020,12.0,4,U850,16,True,0.23696835559868407,1.7858413614731092,0.9512007315013223,0.22281424431035424,6.153919963048137,0.00021861367635156448
2020,12.0,4,U700,16,True,0.2153796963128523,1.837315900985785,0.9590493250416307,0.11672732967039634,2.7059936321116473,9.708953512366225e-05
2020,12.0,4,V1000,16,True,0.4785285616958586,1.471138327585635,0.9471745781400325,0.5696103722030443,13.191333859320043,0.0005977532382789308
2020,12.0,4,V925,16,True,0.6079084019381551,1.9024047924064142,0.9433500694675544,0.6640886509965083,15.777590463178692,0.0007527465375902764
2020,12.0,4,V850,16,True,0.7482376848828295,1.8768474472253394,0.9418821437686089,0.49562586977032197,12.411862166417187,0.0005789858480468313
2020,12.0,4,V700,16,True,0.8980627882754537,2.008919986367475,0.9462603952087713,0.21650569073814463,6.665818382136979,0.00023516520707023147
2020,12.0,4,Q1000,16,True,0.07091195968151816,0.0005126735976204786,0.9425313620829548,0.40041918164495094,6.623557947160307,0.00046042098912102425
2020,12.0,4,Q925,16,True,0.11341105635146455,0.0006983853745639385,0.8939733179875017,0.19584010379358752,2.888751983400528,0.00040110522674752236
2020,12.0,4,Q850,16,True,0.17656512183965634,0.0008564099306851011,0.8949507014066622,0.07568115822532695,1.4973664980406753,0.00015704425382323528
2020,12.0,4,Q700,16,True,0.225845740150323,0.0006601837286411345,0.9179067808940888,0.04167224354014731,1.0187747087370802,6.935049956224848e-05
2020,12.0,4,Z1000,16,True,0.06475468510852164,59.14051544331131,0.9946921350195067,3.4469848003990555,53.317436101156446,0.0003889722415586494
2020,12.0,4,Z925,16,True,0.049370108332656946,54.87051219791924,0.9952419177417331,3.82776250920126,54.57556592894102,0.0003901651978035492
2020,12.0,4,Z850,16,True,0.0369973881563819,51.53846370889202,0.9958423564272599,4.55787049388695,55.581312804492946,0.00041162863238863867
2020,12.0,4,Z700,16,True,0.02375375035941955,50.392102595410776,0.9967921820724243,6.0074545064771945,55.56994320466851,0.00042513939341137785
2020,12.0,4,t2m,16,True,0.055343489797762845,1.0847324211000737,0.9196057285932066,4.066903250609355,38.40353108202636,0.00665200169421587
2020,12.0,4,u10,16,True,0.25406520566093127,1.2550821266333896,0.9474527804955465,0.3807577781891447,9.710480486441375,0.00040123874757491684
2020,12.0,4,v10,16,True,0.47983731165150845,1.3339477095519834,0.944044273531529,0.5461474855402715,13.619682698181402,0.0006029142325314485
2020,12.0,4,mslp,16,True,0.06625397196667517,73.91955313572454,0.9948295815722571,3.124760077584021,51.79531883330826,0.0003422876180040335
2020,12.0,5,T1000,16,False,0.05434856433355355,0.9211930693219496,0.9460236082106791,2.545985859512967,31.157112412176,0.002757352335876262
2020,12.0,5,T925,16,False,0.05720041470949257,0.914288275861334,0.9586550699145995,1.5197865910044572,20.881813218285615,0.0012712164625130473
2020,12.0,5,T850,16,False,0.060027917864105496,0.9216379717422818,0.9641984093106075,0.8473848649811266,9.033695980554167,0.0006147333641404185
2020,12.0,5,T700,16,False,0.0527526775346029,0.7551514882068634,0.9721968488853092,0.7222588935981378,4.575297808513956,0.0004140534575675092
2020,12.0,5,U1000,16,False,0.2662227107114972,1.4690599840279246,0.9425941982420339,0.49152812012586145,9.8707077879702,0.0005767400786061971
2020,12.0,5,U925,16,False,0.26865975158717176,1.9237727847921104,0.9402287251857755,0.4958800853955947,10.02649626561356,0.0006067808677371334
2020,12.0,5,U850,16,False,0.2549966363767388,1.9217061204509853,0.9431782401809926,0.29099555255396314,6.259410292383604,0.0003371383843223663
2020,12.0,5,U700,16,False,0.23089256172014103,1.9696497983647203,0.9526171626518657,0.12505911961862015,2.8156462053408715,0.00012020092091546974
2020,12.0,5,V1000,16,False,0.5091642293491486,1.5653214336302645,0.9399702358636493,0.761961258669086,14.107793081360509,0.0009382230185301932
2020,12.0,5,V925,16,False,0.6452198105182727,2.0191681199711966,0.9359169102145534,0.9611417620120744,16.949205981294526,0.0012749755241098226
2020,12.0,5,V850,16,False,0.7983608207936854,2.002574182662962,0.9334389430292321,0.689838746694893,13.248549984265,0.0009479463326221849
2020,12.0,5,V700,16,False,0.9624637617201786,2.152981625918542,0.9377132795888196,0.2857702393410877,6.879653919627737,0.000364999580393488
2020,12.0,5,Q1000,16,False,0.07685074323317022,0.0005556093386492026,0.932308699928777,0.41655065693715354,6.961587115215451,0.0005605458366833016
2020,12.0,5,Q925,16,False,0.1213183550812159,0.0007470785247109035,0.8781450360316073,0.22577984060494494,3.1119722754477164,0.0005398770407363251
2020,12.0,5,Q850,16,False,0.18959860988449015,0.0009196274465995955,0.8780245444468756,0.09392074216495461,1.5481605113020436,0.00022840335811546986
2020,12.0,5,Q700,16,False,0.24311670225419607,0.0007106695511733669,0.9040418641757602,0.057349895222846836,1.0339290740951412,0.00011027094408655458
2020,12.0,5,Z1000,16,False,0.07030139626555336,64.20633228606864,0.9937128012609154,3.714080503485062,54.02784765738438,0.0004985834411452839
2020,12.0,5,Z925,16,False,0.05351217984562657,59.474058524211145,0.9943839985463281,4.081412623120128,55.225631508916905,0.0004934095535039651
2020,12.0,5,Z850,16,False,0.040103782618158064,55.86576354714867,0.995094650237344,4.442992840769544,56.1523776054659,0.0004728700767612226
2020,12.0,5,Z700,16,False,0.02570911305751999,54.540282802769894,0.9962296326636422,6.014284728442698,56.231053549790076,0.0005014370421281278
2020,12.0,5,t2m,16,False,0.061900300649879274,1.21324591524279,0.8969699027403044,3.854478106304138,40.66675500760696,0.007704393505143292
2020,12.0,5,u10,16,False,0.2724853995422546,1.3460778836627658,0.9392648385492218,0.49646918239834026,10.05011584046358,0.000616253508774145
2020,12.0,5,v10,16,False,0.5105958939571654,1.4194565701725064,0.93639140634651,0.7366813933975314,14.534019130855413,0.000959516141114225
2020,12.0,5,mslp,16,False,0.0718904258591145,80.20814460678832,0.9938859650383355,3.3429862527826315,52.56154788929012,0.0004344563703808646
2020,12.0,6,T1000,16,True,0.056252530598742835,0.9534647718528618,0.9420763098430054,2.1532748364122556,31.26778242979016,0.002445880318705407
2020,12.0,6,T925,16,True,0.059016169723731894,0.9433112047749879,0.9558871360493612,1.3023771802719408,21.030045232318216,0.001151106560974946
2020,12.0,6,T850,16,True,0.061682082578395726,0.9470351726612564,0.9621350367651784,0.7639966116486763,9.265853592835704,0.0005840964015784156
2020,12.0,6,T700,16,True,0.05414838301240729,0.7751309292972285,0.9706531033674196,0.6708322109285181,4.6313678088392045,0.00040432398186995844
2020,12.0,6,U1000,16,True,0.27284929230028276,1.505626540509487,0.9396221485840919,0.4233197048273629,9.922526714857227,0.0005195343491894988
2020,12.0,6,U925,16,True,0.275702496933262,1.9742032720251588,0.9369765193450967,0.4239658161586668,9.986980591535543,0.0005454758216726363
2020,12.0,6,U850,16,True,0.26172777441869066,1.9724333400836418,0.9399925186379434,0.24466149933214387,6.216695771089132,0.00029713908025252866
2020,12.0,6,U700,16,True,0.23666178617911465,2.0188646816067726,0.9500267582481638,0.10983688916524903,2.8459616552448774,0.00011110622114030022
2020,12.0,6,V1000,16,True,0.5193982468717296,1.596783826544135,0.9374910104593491,0.6488975859353374,14.50438700540767,0.0008257851022129836
2020,12.0,6,V925,16,True,0.656660161977139,2.054969854668837,0.9335382540032741,0.7978151409435141,17.47855925768126,0.0010946101225082217
2020,12.0,6,V850,16,True,0.815125351027092,2.044625609375601,0.9304110838478287,0.5772306684656558,13.622799682206077,0.0008250382125993827
2020,12.0,6,V700,16,True,0.9860512184808016,2.205745551211249,0.9342693682203378,0.22978673983895526,6.857246218528601,0.0003075241622422231
2020,12.0,6,Q1000,16,True,0.07943811290979642,0.0005743152962236961,0.9276854070215813,0.39241355970301983,7.053288499406274,0.0005513644165002773
2020,12.0,6,Q925,16,True,0.12440166600543263,0.0007660655571017457,0.8719114972738503,0.19452797885313178,3.2545800399717772,0.0004768138205291095
2020,12.0,6,Q850,16,True,0.1947094502176788,0.0009444170223556233,0.8711835328175273,0.0765645788671665,1.5768880459727797,0.00019357240888107086
2020,12.0,6,Q700,16,True,0.25013425392990546,0.0007311829949479246,0.8979643968843309,0.04336238304240014,1.048405331520974,8.812385935452749e-05
2020,12.0,6,Z1000,16,True,0.07285372296247311,66.53737456039471,0.9932252026384117,3.2753264117605374,53.82094420074412,0.000470530030156846
2020,12.0,6,Z925,16,True,0.055440149711957,61.616826615430945,0.9939521272104457,3.690674015489259,54.920574737555405,0.0004772838435583848
2020,12.0,6,Z850,16,True,0.041614615997856236,57.97039954871114,0.9947003019265412,3.8026035516927403,55.672284554100315,0.0004324009798565287
2020,12.0,6,Z700,16,True,0.02669106001709345,56.62342200957278,0.995926855384768,5.24740657380196,55.65756647644369,0.0004665735623451406
2020,12.0,6,t2m,16,True,0.061048859752605884,1.1965576759445233,0.8994044237706721,3.6280957878990217,41.07991940811447,0.006903459221419661
2020,12.0,6,u10,16,True,0.27931193324773373,1.3798009648189766,0.9360802768184966,0.4306227468212409,10.099612701686278,0.0005605277520533969
2020,12.0,6,v10,16,True,0.5208351291820357,1.4479216434898168,0.9337627826392072,0.6155953711693751,14.917300694520375,0.0008266873760118809
2020,12.0,6,mslp,16,True,0.07441307780491864,83.02266754248478,0.9934279709989055,2.887949944370205,52.44005627916777,0.00040078748904015526
2020,12.0,7,T1000,16,False,0.055267933516662406,0.9367761250842808,0.9441037791273718,2.2409521783997466,30.38648629913867,0.0024871134147929075
2020,12.0,7,T925,16,False,0.05779665513843317,0.9238185507346796,0.9577355486666359,1.3072231534470347,20.307962158219482,0.001111543638048329
2020,12.0,7,T850,16,False,0.06071615393512329,0.9322047970473686,0.9633303378970213,0.7421988546040259,9.278946027645663,0.0005500966915296113
2020,12.0,7,T700,16,False,0.05325667131632405,0.7623661289259018,0.9716109567637334,0.6250140747198096,4.653563313972652,0.0003638994147809882
2020,12.0,7,U1000,16,False,0.26882909585415543,1.4834424451479191,0.9415633795968336,0.3528675234185652,9.663584841276652,0.0004176317660774531
2020,12.0,7,U925,16,False,0.2711656445542975,1.9417165490559696,0.9391875630278326,0.357169213451225,9.740376562970843,0.0004417318990362906
2020,12.0,7,U850,16,False,0.2576483295634386,1.9416898152047117,0.9419081346332399,0.23398136920508295,5.9946206777143685,0.00027258481348257924
2020,12.0,7,U700,16,False,0.23330433154180724,1.9902236083217577,0.951386397091874,0.11339309372621065,2.759504244316513,0.00011093530299766119
2020,12.0,7,V1000,16,False,0.5110117831838409,1.5710013635954179,0.9396502938010545,0.6032492048452021,14.366105371370697,0.0007376184778566941
2020,12.0,7,V925,16,False,0.6442052386326114,2.015993088499251,0.9361639970133883,0.6953713508959014,17.404241040940438,0.0009131269962416866
2020,12.0,7,V850,16,False,0.8007472093623577,2.0085601013408536,0.9329116450077678,0.5097940026430714,13.54605931147541,0.0006985154430233509
2020,12.0,7,V700,16,False,0.9716889951814363,2.1736180004435255,0.9361016831665971,0.2249304659959206,6.5719293166999755,0.0002906120084492647
2020,12.0,7,Q1000,16,False,0.07885431057097336,0.0005700945679084599,0.9290080031533524,0.36324104727695206,6.803592227557676,0.0005095724492778508
2020,12.0,7,Q925,16,False,0.12293688637730288,0.000757045445361836,0.8753653342933718,0.19328926797494983,3.3038763569523844,0.00046406152352373997
2020,12.0,7,Q850,16,False,0.19248637320516743,0.0009336342280717517,0.8746170998159393,0.07249713436972005,1.5787960883558272,0.00018204065171401052
2020,12.0,7,Q700,16,False,0.2476534111314329,0.000723931087941806,0.89989350535785,0.03967726077500622,1.042599431031821,7.902442354967842e-05
2020,12.0,7,Z1000,16,False,0.07231798401414324,66.04808382476917,0.9933461466501073,3.735371445306357,52.68917103295367,0.0005287056580451921
2020,12.0,7,Z925,16,False,0.055044651742623844,61.17726555714902,0.9940535007493358,4.073726065591055,53.7452747925957,0.0005184930065067483
2020,12.0,7,Z850,16,False,0.04145319655423062,57.745537473468694,0.994750474327268,4.124613417989864,54.26468535347668,0.0004644034508723971
2020,12.0,7,Z700,16,False,0.02653416816158619,56.29058569999049,0.9959801088830459,5.343191395496372,54.18862880020352,0.0004680033501236469
2020,12.0,7,t2m,16,False,0.060377683909243474,1.183402629487983,0.901381261527652,3.6256876895011114,39.0714231450963,0.006924471259275755
2020,12.0,7,u10,16,False,0.27514866905525875,1.3592344392803635,0.9381324924916662,0.36008633725617134,9.842179556933473,0.00045054298760183187
2020,12.0,7,v10,16,False,0.5123454424131042,1.4243203111513927,0.9360549853666431,0.5797369831356924,14.758247824309635,0.00074825113942667
2020,12.0,7,mslp,16,False,0.07377822228525792,82.31435878169617,0.9935562297707788,3.331664911750476,51.3863923790987,0.00045474982090631944
2020,12.0,8,T1000,16,True,0.05164300375879334,0.8753345726553285,0.9515059717088443,2.5632857946708443,28.31360897052345,0.0025252002877672597
2020,12.0,8,T925,16,True,0.053743735759323036,0.8590369114206554,0.9636070433583864,1.5168513493495128,18.737064256694246,0.0011214188302020034
2020,12.0,8,T850,16,True,0.05716198772769639,0.8776359472861164,0.9675748266521443,0.8016453685416591,8.87255528465457,0.0005287284487249799
2020,12.0,8,T700,16,True,0.05009315606372356,0.7170805951454918,0.9749199085701259,0.6410726873245509,4.6339902300367335,0.0003291518626481471
2020,12.0,8,U1000,16,True,0.2541872625902424,1.4026464413368862,0.9480641660172678,0.4133516453978858,9.02742859951724,0.00043737284604505877
2020,12.0,8,U925,16,True,0.2551488034615923,1.8270258947719153,0.9464406480735967,0.4425352153612061,9.184478497097503,0.00048464617860155546
2020,12.0,8,U850,16,True,0.24278828127216828,1.829701497191655,0.9486168761962818,0.27268466377358136,5.537469825378727,0.00028288473493920385
2020,12.0,8,U700,16,True,0.220853288986192,1.8840088743029435,0.956521077725205,0.1237228800474166,2.5203339888391962,0.00010820958876300857
2020,12.0,8,V1000,16,True,0.4839414936622119,1.487779279547569,0.9461293994900297,0.6750429290146909,13.59402060125776,0.0007437344065672757
2020,12.0,8,V925,16,True,0.6088113436609636,1.9052304886978653,0.9432391903939624,0.8191957847079934,16.576227850107937,0.000959359006187599
2020,12.0,8,V850,16,True,0.7563620213964791,1.8972261839467026,0.9403820700977187,0.6146723620626626,12.866721641817612,0.0007520559824772954
2020,12.0,8,V700,16,True,0.9198711191059118,2.057704091841063,0.9429003302204707,0.25832784316821567,5.935879101801833,0.0002999065076508822
2020,12.0,8,Q1000,16,True,0.07470344409226601,0.0005400849655000424,0.9367490577951753,0.4399579507151863,6.195860505759853,0.0005659964249753457
2020,12.0,8,Q925,16,True,0.11669780788930499,0.0007186251936714426,0.8885822328688542,0.2105153338409882,3.239675602892933,0.00046537764519438696
2020,12.0,8,Q850,16,True,0.18279211891138053,0.0008866133043440663,0.8879031604244362,0.08433307786614996,1.5312920579676814,0.00019303623251154534
2020,12.0,8,Q700,16,True,0.23585240972531019,0.0006894348458674277,0.9095297141242723,0.04837286579113531,0.9895375758057989,8.960113467282316e-05
2020,12.0,8,Z1000,16,True,0.06900809900532338,63.02516262739138,0.9939700523931658,4.130055033744995,50.2060006038792,0.0005308196564249856
2020,12.0,8,Z925,16,True,0.052687284938747636,58.557260705507964,0.9945774411298737,4.408553045398689,51.19355763279574,0.0005116867819564552
2020,12.0,8,Z850,16,True,0.039904953948862704,55.588789487693475,0.9951551085638106,4.611906736437332,51.41892679755278,0.0004799307041363221
2020,12.0,8,Z700,16,True,0.02542517383211638,53.93792344843732,0.9963204837178637,5.6509454141904,51.352266398315315,0.0004537363180662224
2020,12.0,8,t2m,16,True,0.05645688813587374,1.1065550316930732,0.9165601653754681,3.799224759714237,37.341091468984345,0.006476248452099043
2020,12.0,8,u10,16,True,0.2598911093764644,1.28386209162974,0.945112617968018,0.4271251220605454,9.2363177067874,0.00047646172764581607
2020,12.0,8,v10,16,True,0.48512785502767625,1.3486554198004443,0.9429227118423458,0.6605608282304054,13.942252793718657,0.0007685018125821452
2020,12.0,8,mslp,16,True,0.07031733720035487,78.45304951969968,0.9941691770746798,3.725539597588423,48.96405357109385,0.00046051719553963366
2020,12.0,9,T1000,16,False,0.045993070043146185,0.7795697660765729,0.961665852759143,1.6526368460209162,24.779288839663995,0.0012773242687813546
2020,12.0,9,T925,16,False,0.04759975513318033,0.7608318640992887,0.9715489549180324,1.068183904811415,16.13544708535465,0.0006144030770142139
2020,12.0,9,T850,16,False,0.05115031857393249,0.785335850161763,0.9740993308517318,0.6670611748829991,7.757006929785559,0.00035044738960288147
2020,12.0,9,T700,16,False,0.04466813374348604,0.6394217169588335,0.9801002809682877,0.6717545867601649,4.38665960208624,0.0002730876410417249
2020,12.0,9,U1000,16,False,0.22841771933271346,1.2604459294826438,0.9583297376405133,0.3485332685740139,7.877706137024443,0.0002957565116334937
2020,12.0,9,U925,16,False,0.22762830452115945,1.6299618144675068,0.9576374466325966,0.3610746661096065,8.107197911446262,0.00031222522028584443
2020,12.0,9,U850,16,False,0.21694536873676887,1.634944091369721,0.9591954565752712,0.2298890497750561,4.802432682387758,0.00018961254173355258
2020,12.0,9,U700,16,False,0.19896730461413487,1.6973085168941773,0.9648481091679998,0.11427225535219909,2.086476327947784,8.066112348792398e-05
2020,12.0,9,V1000,16,False,0.4366294425955524,1.3423280442097656,0.9563701935502827,0.5731616268915385,12.007997560344041,0.0005088662878204309
2020,12.0,9,V925,16,False,0.5493385949339206,1.7191148732848833,0.9540545239665259,0.7086648588938815,14.671542658764059,0.0006676800926584958
2020,12.0,9,V850,16,False,0.6808966486850572,1.7079320707784187,0.9519667758700368,0.5154539059951335,11.329285210850404,0.0005037978965347634
2020,12.0,9,V700,16,False,0.8277260595014088,1.851580359743976,0.9540441164486947,0.20729360303174404,4.898185356973716,0.00019051317722529326
2020,12.0,9,Q1000,16,False,0.0673054897557875,0.0004865998304126475,0.9489986187309664,0.3218041841109853,5.081150590835537,0.0003369211772236147
2020,12.0,9,Q925,16,False,0.10568347182698212,0.0006507989027516476,0.9096236486204583,0.19238109606961595,2.878346910349927,0.0003495132852135985
2020,12.0,9,Q850,16,False,0.16519160367991764,0.0008012439170590694,0.9095120524039348,0.08013383658761475,1.3883220287677411,0.00014712262601002113
2020,12.0,9,Q700,16,False,0.21467167955576352,0.0006275201368968333,0.9255820124026325,0.048553025366770974,0.845228047145441,7.312650828983358e-05
2020,12.0,9,Z1000,16,False,0.0619606149256407,56.588688642606705,0.995146963186888,3.499151731504746,46.5198995044823,0.0003581610931430168
2020,12.0,9,Z925,16,False,0.04774276481015782,53.061863667021605,0.9955573543836691,3.7556965338703785,47.156901571135876,0.0003528234399666763
2020,12.0,9,Z850,16,False,0.036248648891448715,50.49544766718837,0.9960126628226594,4.152472527594875,47.298166941410656,0.0003521985654474369
2020,12.0,9,Z700,16,False,0.023109220610991875,49.02477287808643,0.9969680557884011,5.0003912401734745,47.00029390801341,0.00032640596166089164
2020,12.0,9,t2m,16,False,0.05320296477842756,1.0427781335933923,0.9264941301477693,2.263737803305177,33.2400299422472,0.0033539965493205592
2020,12.0,9,u10,16,False,0.23300258783632222,1.1510327929451436,0.9561476369325654,0.37725012857451334,8.126328924927261,0.0003360222884498665
2020,12.0,9,v10,16,False,0.4375213344714366,1.2163092951650045,0.9537849259481996,0.5716111282117686,12.274987361013345,0.0005357702529491526
2020,12.0,9,mslp,16,False,0.06321612724696363,70.53022981806012,0.9952944765320347,3.2515223620927514,45.21356209915479,0.0003213784975490963
2020,12.0,10,T1000,16,False,0.034182403850742324,0.5793822517517244,0.9794225672400259,1.4244922717627784,22.384892079003947,0.0006126604537524116
2020,12.0,10,T925,16,False,0.0355548883393259,0.5683073767416175,0.9845765843367348,1.0305633605196318,14.227197735657837,0.0003314689775031354
2020,12.0,10,T850,16,False,0.03827173837907943,0.5876047107912673,0.9857681617115812,0.713325926739361,7.053066084125059,0.00020913825266399844
2020,12.0,10,T700,16,False,0.03389473321279426,0.4852011188980937,0.9887488417061925,0.7645480145366479,3.849238830122992,0.00017793546885069844
2020,12.0,10,U1000,16,False,0.17570981115507459,0.9695951639596561,0.9751973925481487,0.28046914072966667,6.975497105519302,0.00014029558203243475
2020,12.0,10,U925,16,False,0.17367697662191536,1.2436363787451556,0.9754065812645012,0.3036486153952245,7.426563262382535,0.00015216478357049645
2020,12.0,10,U850,16,False,0.1638405988117021,1.2347358251942613,0.977194865466496,0.21069504487937207,4.9867590010640335,9.847876876889483e-05
2020,12.0,10,U700,16,False,0.1516502715546907,1.2936663012634755,0.9802807067582231,0.11140713626727194,2.250355459009734,4.503888895401875e-05
2020,12.0,10,V1000,16,False,0.33493646611723715,1.0296937547513159,0.9739669682276955,0.3947313766325955,10.478122314243022,0.0002063233737252812
2020,12.0,10,V925,16,False,0.4251883104131514,1.3305956638898644,0.9723153312707066,0.49316260141919477,12.65312409512276,0.0002773813089401722
2020,12.0,10,V850,16,False,0.5213899599224141,1.307832303658259,0.9723845119757938,0.37734958511924654,10.185729781410268,0.00021525487980478264
2020,12.0,10,V700,16,False,0.6304270194933456,1.410232618896709,0.9745354286857253,0.18061964002953346,5.055668336262165,9.549271901931888e-05
2020,12.0,10,Q1000,16,False,0.04783723834787201,0.0003458498274236781,0.9738253093828441,0.4073270933709905,2.553331588552521,0.00021817147850000662
2020,12.0,10,Q925,16,False,0.07867701904652075,0.000484493146035629,0.9493713986944634,0.20297804747514414,1.4158131413049557,0.00020568684609745258
2020,12.0,10,Q850,16,False,0.12018950310518568,0.000582966118590859,0.9520172812505432,0.08299964719303832,1.0901277491772055,8.125480669962659e-05
2020,12.0,10,Q700,16,False,0.15443920418164625,0.0004514508429408297,0.9625630117888118,0.06191506121380197,0.7743804267179355,4.782310351458818e-05
2020,12.0,10,Z1000,16,False,0.04858718357988089,44.37472115168476,0.9970297033120202,2.876832722258471,43.73485979562255,0.0001796224104558819
2020,12.0,10,Z925,16,False,0.03802777955193398,42.26451601309581,0.9971922471550563,3.075212206859468,43.52322755864687,0.00018180436805659284
2020,12.0,10,Z850,16,False,0.02873162863668257,40.02401451921699,0.9975081267681696,3.50497821066319,43.84949786249389,0.00018527852822070034
2020,12.0,10,Z700,16,False,0.018300523729301157,38.823421690434465,0.9981113720723761,4.669842277645564,43.21748359165917,0.00019021742794622654
2020,12.0,10,t2m,16,False,0.033070806270253064,0.6481878166073093,0.9713878098722847,2.545242898508915,27.693508448486625,0.0015408221294758162
2020,12.0,10,u10,16,False,0.1793228024462302,0.8858546532552577,0.9739083269891632,0.31601014979900643,7.2185840301727255,0.0001663753602918483
2020,12.0,10,v10,16,False,0.3360712147959186,0.934277964775278,0.9723948547700985,0.40924792692722534,10.695243778962492,0.0002269489493140764
2020,12.0,10,mslp,16,False,0.04928341536964284,54.9855042098697,0.9971544104336455,2.7526632133274997,42.67078212794219,0.00016444214670974233
2020,12.0,11,T1000,16,False,0.01938925431259476,0.3286424750965459,0.9933154217142947,3.3444647507328895,20.481804085619682,0.00047594571856302004
2020,12.0,11,T925,16,False,0.02043235924404168,0.3265897036304524,0.9948834351567878,2.6108874003485827,12.014875844906115,0.00028112418400583206
2020,12.0,11,T850,16,False,0.02213073122677423,0.33978393527411427,0.9952439149858686,1.9085686506537747,5.886771247376609,0.00018800815635866552
2020,12.0,11,T700,16,False,0.01974582857837099,0.282660379107969,0.9961861471939861,1.8953191948846038,3.147348291016927,0.00015014919439571006
2020,12.0,11,U1000,16,False,0.10251421740786303,0.5656900364197995,0.9916450133939154,0.6726606533275836,6.313971480969805,0.00011353637513034087
2020,12.0,11,U925,16,False,0.10011542267492732,0.7168893900095367,0.9918690196615394,0.7589698265334288,6.9488157696988795,0.0001252543931837824
2020,12.0,11,U850,16,False,0.09466219467162218,0.7133934067606533,0.9924238517353425,0.5269084558828907,4.703796817857697,8.119108256976482e-05
2020,12.0,11,U700,16,False,0.0885992104334797,0.7558035441908612,0.9933140231886554,0.28371984743849055,2.0518413832249838,3.88174526865237e-05
2020,12.0,11,V1000,16,False,0.1969984459015631,0.605631487042734,0.9911195146764301,0.8392343980304973,8.404675227620517,0.0001498056992943475
2020,12.0,11,V925,16,False,0.25102755724724,0.7855723452300127,0.9904497619166328,1.0016166392281534,10.340512683426685,0.00019398868000863878
2020,12.0,11,V850,16,False,0.3058774466418189,0.7672499229090695,0.9905474438732781,0.779659044410641,8.33440582525029,0.0001506625903653358
2020,12.0,11,V700,16,False,0.36540098959664274,0.8173831020405381,0.9914959889242304,0.43198763528717876,4.796800722487326,7.4815641387449e-05
2020,12.0,11,Q1000,16,False,0.027568926917911594,0.00019931561647321057,0.991321980892414,1.1301167914669508,2.1352424308962226,0.0002017972257190026
2020,12.0,11,Q925,16,False,0.0459420705328031,0.00028291130624306433,0.9830503645399387,0.6118160768159076,1.3820399449377296,0.0002117752158591335
2020,12.0,11,Q850,16,False,0.06936907908714099,0.00033646717757208097,0.9843565602306704,0.23258621214254926,1.2120539582870293,7.473979024719135e-05
2020,12.0,11,Q700,16,False,0.08949237326777346,0.00026160072224575497,0.9876607315790137,0.16211303448756542,0.7537023911945218,4.1224832774244824e-05
2020,12.0,11,Z1000,16,False,0.03275273239490045,29.913101890047678,0.9986431589074302,4.639694491452683,34.082878193358354,0.0001349415539837473
2020,12.0,11,Z925,16,False,0.026214859703565338,29.13549975065628,0.9986593489781284,4.540686668356376,33.012678285415156,0.0001302009588861619
2020,12.0,11,Z850,16,False,0.02027010879576724,28.23686527511349,0.9987530127925396,4.918786085414906,32.48223574519159,0.00013203692735863637
2020,12.0,11,Z700,16,False,0.013236843148616593,28.081138659422496,0.9990079357407062,6.564998688475965,30.586173103913982,0.0001440404878506607
2020,12.0,11,t2m,16,False,0.019224989725054625,0.3768098055573785,0.9901005015817483,5.299063611966826,24.18536912896425,0.001143150947086169
2020,12.0,11,u10,16,False,0.10443515497236508,0.5159096687914345,0.991243224728343,0.7366713235225419,6.489725478984143,0.00013055251579718874
2020,12.0,11,v10,16,False,0.19757760639888988,0.5492657386662521,0.9905912927995191,0.866738894004182,8.622577174358536,0.0001641078092267101
2020,12.0,11,mslp,16,False,0.033051144987394476,36.87516085882308,0.9987141874774014,4.354661827019002,33.193573821661914,0.00011950410096561725
2020,12.0,1,T1000,21,False,0.018481086467311808,0.3132492836575429,0.9938589041304569,5.3844765003468575,24.719937179331218,0.0007206397687163912
2020,12.0,1,T925,21,False,0.020218925933262275,0.32317819855538565,0.994938577889091,3.3449237328316284,15.081656844576264,0.00035724948793258715
2020,12.0,1,T850,21,False,0.021961033239934948,0.3371784806127708,0.9952996166966946,2.3055009327412335,6.965220246275061,0.00022629135623741803
2020,12.0,1,T700,21,False,0.019426406703210376,0.27808787384441275,0.9962971454757434,2.006713890791456,2.94480100025436,0.0001550910369191305
2020,12.0,1,U1000,21,False,0.10064799625483742,0.5553919269699319,0.9919732656357116,0.9585248405155289,6.929593814110813,0.00015592037491174437
2020,12.0,1,U925,21,False,0.09818285071080894,0.70305095914207,0.9921879947512569,1.0211241503362167,7.996190078996546,0.00016203772222223023
2020,12.0,1,U850,21,False,0.09340927133999595,0.7039511246133057,0.9925970098489518,0.676596332460444,4.9781071144305855,0.00010211760561340544
2020,12.0,1,U700,21,False,0.08719706361069135,0.7438424053239504,0.9934770547167671,0.368554078979344,2.0103376120151117,4.914649624943035e-05
2020,12.0,1,V1000,21,False,0.195613924097801,0.6013750573167782,0.9913083072714713,1.0832054966035787,8.567399672724541,0.00019018115610580644
2020,12.0,1,V925,21,False,0.25166279123212426,0.7875602607219152,0.9904743348380347,1.236719393668284,9.784076827034971,0.00023816290239031535
2020,12.0,1,V850,21,False,0.3042052561933979,0.76305547395554,0.9906337064740539,0.9090368854838826,7.954963263171622,0.00017242529784289307
2020,12.0,1,V700,21,False,0.3595632797738753,0.8043244495526709,0.9916938222807731,0.576107103798007,5.08648533202477,9.657751874658782e-05
2020,12.0,1,Q1000,21,False,0.026113554207352185,0.00018879367921298496,0.9922480124902303,1.4959769022433567,4.940135712117244,0.000239634415162282
2020,12.0,1,Q925,21,False,0.045756726251785035,0.00028176995619850543,0.9833040113998005,0.637402698802525,1.7731619136686305,0.00021887751659876997
2020,12.0,1,Q850,21,False,0.06929676182041873,0.00033611641021530776,0.9844999677893538,0.2677366644773249,1.2213261414987908,8.64361549454129e-05
2020,12.0,1,Q700,21,False,0.08843121448640405,0.000258498781943434,0.9879504371460103,0.16027527701787392,1.1983638111842554,4.034533366747972e-05
2020,12.0,1,Z1000,21,False,0.030532073995590683,27.88497252277457,0.9988188162009429,6.1363479488892425,37.19048177422767,0.00015911719065653251
2020,12.0,1,Z925,21,False,0.02419123166280356,26.886415984152606,0.9988550073182066,6.267945431629796,36.86525421163225,0.00015806213006197556
2020,12.0,1,Z850,21,False,0.018874042538758698,26.292103457295017,0.9989159375684803,6.671746380020815,35.76218344293809,0.00016026346018294113
2020,12.0,1,Z700,21,False,0.01228502559477573,26.061917023211073,0.9991431178253626,9.070876704922847,34.4183251597242,0.00017904389674705534
2020,12.0,1,t2m,21,False,0.022253394411687392,0.43616653820107826,0.9867552837282612,6.507375731011256,20.534463970368265,0.0019274181118614786
2020,12.0,1,u10,21,False,0.10237079834388799,0.5057117490605775,0.9916171431944365,0.9947958529127887,7.2453133228907785,0.0001689913999143311
2020,12.0,1,v10,21,False,0.19608831050682785,0.5451254975058855,0.9907987054479483,1.1268346357271364,8.865501942375298,0.00020957048222602914
2020,12.0,1,mslp,21,False,0.030606654596689126,34.14784300831054,0.9988955387800095,5.578329529511617,36.65768076129496,0.00013407005682408712
2020,12.0,2,T1000,21,False,0.032593721302997467,0.5524545247953218,0.9809176604999167,2.384173335219264,26.84209897645118,0.0009465476185442911
2020,12.0,2,T925,21,False,0.03507155096213558,0.5605817370745663,0.9847145185879682,1.6258636472183285,16.844113117815073,0.0005118865186631849
2020,12.0,2,T850,21,False,0.03765748415189409,0.5781737662885988,0.9861119039081352,1.1199829204842304,7.784341418549301,0.0003203448045413504
2020,12.0,2,T700,21,False,0.03314056254166555,0.47440521082035436,0.9891771936762596,1.0013029906401627,3.7733161245378732,0.00022476572882812462
2020,12.0,2,U1000,21,False,0.17083631547535352,0.9427024257299408,0.9767447841834317,0.42036589455249906,7.861620219976151,0.0001986241271607625
2020,12.0,2,U925,21,False,0.1690774566574957,1.210700921555163,0.9767034342802278,0.45207988734145,8.503459872095698,0.00021408312036541588
2020,12.0,2,U850,21,False,0.16044037635187242,1.2091110608684488,0.9779839524113908,0.28731356755397064,5.345353793657681,0.00012891603868891988
2020,12.0,2,U700,21,False,0.14799367761243043,1.262473399030376,0.9810226680156207,0.1659741850410401,2.2475173154607453,6.437108332912889e-05
2020,12.0,2,V1000,21,False,0.3333113067714812,1.0246975378469316,0.9746088642464656,0.43024549294720105,10.087109466396093,0.00022063403785965718
2020,12.0,2,V925,21,False,0.4272774463009485,1.3371334584008154,0.9723223670460671,0.5313325459016416,11.65285971530401,0.00029727766610687656
2020,12.0,2,V850,21,False,0.5188128435760874,1.3013679734269301,0.9725014312960986,0.4026111865408133,9.36422984842208,0.00022452403031636425
2020,12.0,2,V700,21,False,0.6150312802714035,1.375793145491153,0.975390828071458,0.20210644090182805,5.597001940664315,0.00010087922953427864
2020,12.0,2,Q1000,21,False,0.04544827060746286,0.0003285782612754586,0.9765333388305777,0.6619408104749813,5.655498379304646,0.0003198884586452788
2020,12.0,2,Q925,21,False,0.07784885053333998,0.00047939328233229827,0.9510190300434558,0.30184690991017504,2.1639270828154644,0.0003011178030212225
2020,12.0,2,Q850,21,False,0.11975544322382006,0.000580860760721556,0.9529419320622359,0.12853984852438938,1.2571061934947836,0.00012501998423064542
2020,12.0,2,Q700,21,False,0.15267498013986291,0.00044629373009999,0.963495061401596,0.0810838557629312,0.995882135020032,6.181425656248685e-05
2020,12.0,2,Z1000,21,False,0.0436044149897454,39.82395368158262,0.9976005346367889,3.3838721735758193,48.651937579122006,0.0001719885011800537
2020,12.0,2,Z925,21,False,0.03360591048556973,37.349999421187796,0.9978021741595602,3.706086277637899,49.55004197113354,0.00017364500268968186
2020,12.0,2,Z850,21,False,0.02540972400868651,35.396502359918436,0.9980430495259105,4.7436382466766736,50.088739394478,0.0002008135409987677
2020,12.0,2,Z700,21,False,0.016364806440840762,34.71691804970125,0.9984810637695596,7.109218513340432,49.54925322284475,0.00024204739000932562
2020,12.0,2,t2m,21,False,0.042779162599881564,0.8384716027364543,0.95211675751671,2.6720479892160864,31.727155759446724,0.0026760855920970883
2020,12.0,2,u10,21,False,0.17438600595037598,0.861466876973872,0.9755395983016393,0.43320221443482465,8.056343784322873,0.0002151687021783033
2020,12.0,2,v10,21,False,0.33428320481711793,0.9293072985434879,0.9730973211281094,0.45087686569617036,10.428623011453396,0.0002453146361006686
2020,12.0,2,mslp,21,False,0.04431957808585654,49.44735081676363,0.9976934852645032,3.1505181792575443,47.420115964269705,0.00015342692747000175
2020,12.0,3,T1000,21,False,0.04260967408481111,0.722222140656188,0.9673345748353251,2.4133179090727985,29.10700343025241,0.0016200131231732806
2020,12.0,3,T925,21,False,0.04542286593976666,0.7260365874757283,0.9742400019738203,1.426210871644551,18.76741449018099,0.0007502205570691922
2020,12.0,3,T850,21,False,0.04842867035039373,0.7435490539960046,0.9769054151212297,0.8617914434730589,8.42922254605607,0.0004070627195601473
2020,12.0,3,T700,21,False,0.04261746495970962,0.6100665129904655,0.982004084696021,0.683061609906388,4.257682468447865,0.0002535975950461733
2020,12.0,3,U1000,21,False,0.2177625074334419,1.2016487470768684,0.9619877916454109,0.4197214219093248,8.831400012942082,0.0003238244460314066
2020,12.0,3,U925,21,False,0.21738196266512858,1.5565915665785748,0.9612587419335027,0.42896966820180626,9.34780435138407,0.0003377703174258784
2020,12.0,3,U850,21,False,0.20639777774808032,1.5554553157481428,0.963255043901809,0.262187799473923,5.8542960952469585,0.0001959948170999759
2020,12.0,3,U700,21,False,0.18874974515363832,1.6101467053669216,0.9688221535968671,0.1257308311662375,2.5110231588819865,7.994124857002571e-05
2020,12.0,3,V1000,21,False,0.42284963817191534,1.2999648478927817,0.9589592099186529,0.5844594260978164,11.797123756440065,0.0004822186671573636
2020,12.0,3,V925,21,False,0.5392718976035178,1.6876118855731446,0.9556775434959174,0.6994419048044764,13.938241657513895,0.0006240546697479088
2020,12.0,3,V850,21,False,0.6592695990764595,1.6536837019652089,0.9552306875479425,0.5298484683938787,11.07929938593043,0.00048016113003257477
2020,12.0,3,V700,21,False,0.7865185503557255,1.7594012934066408,0.9592485080525963,0.22830486164433506,6.226420844038039,0.0001888465434763953
2020,12.0,3,Q1000,21,False,0.06012050286018808,0.000434654389299995,0.9588393258348804,0.4894460640320175,6.274892239697937,0.0004110801886230142
2020,12.0,3,Q925,21,False,0.0995080806366177,0.0006127708383481502,0.9190335030370838,0.2169908399707876,2.5719544192029264,0.00035250288610133573
2020,12.0,3,Q850,21,False,0.1541799197800089,0.0007478329410782889,0.9208141929744869,0.08648555833481453,1.3944517579999038,0.00013972981057641665
2020,12.0,3,Q700,21,False,0.1967393052783439,0.0005751008985112029,0.9384593721556532,0.0562795412156758,0.9993434618901009,7.131028015683327e-05
2020,12.0,3,Z1000,21,False,0.05591362881106175,51.065970469488796,0.9960552330716226,3.3443211679734963,51.71140246129572,0.0002795184474528867
2020,12.0,3,Z925,21,False,0.04273146736251388,47.49224946463597,0.9964462688023699,3.6269175893735683,52.958629190619334,0.00027464523777975813
2020,12.0,3,Z850,21,False,0.03216274791993281,44.80366585072631,0.9968656321128345,4.395689479533493,53.77554242989119,0.00029696185412453335
2020,12.0,3,Z700,21,False,0.02070137742776574,43.916683415602954,0.9975692915850577,6.022013264967329,53.519158487793526,0.00032238539363527163
2020,12.0,3,t2m,21,False,0.05028655471719353,0.9856164923360526,0.9340363070095611,3.350306061827424,36.77972863336301,0.004555860080579954
2020,12.0,3,u10,21,False,0.222546101580612,1.099377751015322,0.9599273188122734,0.4196324246771521,9.037495447390098,0.0003407346770837316
2020,12.0,3,v10,21,False,0.42403208713598867,1.178809187875383,0.9565276075611665,0.5735885275213626,12.20120605962769,0.000500719020493201
2020,12.0,3,mslp,21,False,0.05713389895905625,63.74428797067631,0.9961661364708566,3.1590698598377043,50.232276168837146,0.00025602025832927033
2020,12.0,4,T1000,21,True,0.04970175621219092,0.8424309657524919,0.9552505292072816,2.56825275003133,30.494266072770237,0.002331434525107645
2020,12.0,4,T925,21,True,0.05258705141296007,0.8405485334889052,0.9652658650447855,1.4384625947736596,20.12002625888407,0.0010121422816650183
2020,12.0,4,T850,21,True,0.055660755586374996,0.8545867929814168,0.9693390990543909,0.8091505351701112,8.77897632517971,0.0005043108728314261
2020,12.0,4,T700,21,True,0.048974579474960485,0.7010682345739147,0.976121141617419,0.6466304629689557,4.486606163198481,0.0003191036298190175
2020,12.0,4,U1000,21,True,0.2483651626130182,1.3705191499658236,0.9502624283278187,0.38548061418638424,9.524246289568394,0.00038542290601129015
2020,12.0,4,U925,21,True,0.249579088237278,1.7871432343100702,0.9486398401978303,0.3781896872292245,9.855873401149518,0.0003911165684149509
2020,12.0,4,U850,21,True,0.23695089413839934,1.7857097652606206,0.9512082048422592,0.2301665144562648,6.160835188481095,0.0002260870172884344
2020,12.0,4,U700,21,True,0.21537385909399073,1.83726610513943,0.9590516095972395,0.11943436535281071,2.708630493518782,9.93740907324625e-05
2020,12.0,4,V1000,21,True,0.47845309804902775,1.4709063309552142,0.9471919104634801,0.5852904807853498,13.2050235302151,0.0006150855617265139
2020,12.0,4,V925,21,True,0.6077848221950048,1.9020180652719358,0.943373819091364,0.6842823288120581,15.794711765836912,0.0007764961613998533
2020,12.0,4,V850,21,True,0.7481234061425576,1.8765607947702672,0.9419004429604918,0.5108232258469902,12.425239549375322,0.0005972850399297291
2020,12.0,4,V700,21,True,0.8980118976546149,2.008806141280763,0.9462666490539586,0.22216013276732394,6.671107360268602,0.00024141905225760762
2020,12.0,4,Q1000,21,True,0.07090438119253581,0.0005126188072125572,0.9425438766748591,0.4110635684207331,6.633537255876165,0.0004729355810252356
2020,12.0,4,Q925,21,True,0.11340633503925042,0.0006983563026510233,0.8939824510011637,0.19999495971591008,2.892794733165316,0.00041023824040953283
2020,12.0,4,Q850,21,True,0.1765628757977105,0.0008563990360964426,0.8949534985336776,0.07695227116761849,1.4986195260697555,0.0001598413808385768
2020,12.0,4,Q700,21,True,0.22584336524130671,0.0006601767866703745,0.9179085355914788,0.042723367788422006,1.019815558142645,7.110519695219253e-05
2020,12.0,4,Z1000,21,True,0.06471239994600629,59.101896498065514,0.9946990736421096,3.510034445875976,53.3479200699656,0.00039591086416157495
2020,12.0,4,Z925,21,True,0.049332248764320526,54.82843452602099,0.9952492161719342,3.9015123858030187,54.61039974891704,0.0003974636280046351
2020,12.0,4,Z850,21,True,0.03696427918534199,51.49234197920211,0.995849811679723,4.643281677196665,55.621063097723656,0.0004190838848516787
2020,12.0,4,Z700,21,True,0.023727296162622143,50.33598164714706,0.9967993395211726,6.112132599761477,55.61942429495528,0.0004322968421597295
2020,12.0,4,t2m,21,True,0.055288457886341014,1.0836537969296431,0.9197631861825103,4.162296253508635,38.46478076891417,0.006809459283519614
2020,12.0,4,u10,21,True,0.25403268628128883,1.2549214818522423,0.9474666793768117,0.39350866215641656,9.722037201400259,0.0004151376288401565
2020,12.0,4,v10,21,True,0.47976524949508337,1.3337473785870282,0.9440618591832528,0.5610835042760942,13.632655328250598,0.0006204998842552767
2020,12.0,4,mslp,21,True,0.0662134130616343,73.874301264024,0.9948359220084282,3.1840645017595426,51.824828446512264,0.0003486280541751263
2020,12.0,5,T1000,21,False,0.05432084600429491,0.9207232529234471,0.9460762719985654,2.5956884134745284,31.192222996028107,0.0028100161237625265
2020,12.0,5,T925,21,False,0.057181492431261076,0.9139858245670128,0.9586821871361637,1.552364501634751,20.90798604152576,0.0012983336840772797
2020,12.0,5,T850,21,False,0.06001934479436975,0.9215063424961726,0.964208712865915,0.8615456474017069,9.046687610044424,0.0006250369194479299
2020,12.0,5,T700,21,False,0.05274651173277916,0.7550632259603305,0.9722034176938619,0.7338626055949149,4.586451172291872,0.00042062226612016307
2020,12.0,5,U1000,21,False,0.2662138025825663,1.4690108338148957,0.942597824028474,0.49485779209433867,9.873723621417819,0.000580365865046284
2020,12.0,5,U925,21,False,0.2686547955504253,1.9237372922931695,0.9402307085933352,0.497715663936138,10.02815603038324,0.0006087642752968803
2020,12.0,5,U850,21,False,0.2549872441734783,1.921635336213968,0.9431822673823684,0.2946680999647011,6.262863007230369,0.0003411655856981888
2020,12.0,5,U700,21,False,0.2308873541664926,1.9696053738337964,0.9526193365877541,0.12731170025134242,2.817838102439696,0.00012237485680388627
2020,12.0,5,V1000,21,False,0.5090951743631138,1.5651091397537629,0.9399858595758683,0.7754203372618007,14.119442142326266,0.0009538467307492748
2020,12.0,5,V925,21,False,0.6451427915884502,2.0189270936431942,0.9359317176565746,0.9729638833232634,16.959119631142137,0.0012897829661310256
2020,12.0,5,V850,21,False,0.7983025131192191,2.002427926488091,0.9334482408166493,0.6970917886813477,13.2548858103417,0.0009572441200393911
2020,12.0,5,V700,21,False,0.9624452632120469,2.1529402464042744,0.9377155482565193,0.28768674213676126,6.88144368828989,0.0003672682480931888
2020,12.0,5,Q1000,21,False,0.07684680167290893,0.0005555808416419714,0.9323160127521296,0.4216581438670097,6.966358916964821,0.000567858660035947
2020,12.0,5,Q925,21,False,0.12131182747756464,0.0007470383270971578,0.8781578857456275,0.23114824972471082,3.1171853913287806,0.0005527267547564829
2020,12.0,5,Q850,21,False,0.18959549880203297,0.0009196123589243528,0.8780294379852643,0.09556007934540256,1.549775986177615,0.00023329689650419816
2020,12.0,5,Q700,21,False,0.24311541577457227,0.0007106657914240512,0.9040431792954842,0.057878753099394054,1.0344527642921264,0.0001115860638105648
2020,12.0,5,Z1000,21,False,0.07025317416238497,64.16229072850632,0.9937215301547376,3.7801262691493087,54.05938151006584,0.0005073123349674802
2020,12.0,5,Z925,21,False,0.05347569008113175,59.433503334509915,0.9943917729227242,4.146819165596161,55.25616299102727,0.000501183929900062
2020,12.0,5,Z850,21,False,0.04007196735497969,55.82144416157386,0.9951024905671513,4.5188004362837875,56.187162943784486,0.0004807104065684964
2020,12.0,5,Z700,21,False,0.025683462470723478,54.48586656658066,0.9962372024819106,6.108056487188785,56.27472285714429,0.0005090068603965658
2020,12.0,5,t2m,21,False,0.0618430264390098,1.2121233439813932,0.8971416379007924,3.9434382379558652,40.72165401051303,0.007876128665631255
2020,12.0,5,u10,21,False,0.2724736187086211,1.346019689211181,0.9392697741141471,0.5007711910361534,10.054004799734118,0.0006211890736994574
2020,12.0,5,v10,21,False,0.5105362884440364,1.419290868161913,0.9364054496299099,0.7482691110240469,14.543996186497788,0.0009735594245141588
2020,12.0,5,mslp,21,False,0.07184893877186325,80.16185736317351,0.9938931391203607,3.398765835597084,52.5889240409579,0.00044163045240608323
2020,12.0,6,T1000,21,True,0.05624872656154506,0.9534002938095368,0.9420823021396044,2.1598916513046906,31.272430396904525,0.00245187261530444
2020,12.0,6,T925,21,True,0.05901319814359921,0.9432637062156579,0.9558912437336695,1.3073467995557198,21.034021524743917,0.0011552142452833092
2020,12.0,6,T850,21,True,0.06167701829548714,0.9469574170867915,0.9621412270743953,0.7721441834372511,9.273303136814548,0.0005902867107953069
2020,12.0,6,T700,21,True,0.0541432698306254,0.775057735385618,0.9706587469759232,0.6802117724757806,4.640373380668972,0.0004099675903735944
2020,12.0,6,U1000,21,True,0.2728384435190607,1.505566674563992,0.939626604236878,0.4272789806980537,9.926108292043912,0.0005239900019756716
2020,12.0,6,U925,21,True,0.27569304211887685,1.9741355705605086,0.9369804563197982,0.42738063078997524,9.990067456544816,0.0005494127963741047
2020,12.0,6,U850,21,True,0.26172145727844626,1.9723857332220367,0.939995128189207,0.247069224170815,6.218959353113296,0.00029974863151616127
2020,12.0,6,U700,21,True,0.23666035166689092,2.0188524467435824,0.9500273215090912,0.11044236782036254,2.8465505490322562,0.00011166948206764449
2020,12.0,6,V1000,21,True,0.5193668199752225,1.5966872135097123,0.9374971093665193,0.6549089593511082,14.509560033614022,0.0008318840093831659
2020,12.0,6,V925,21,True,0.656627298381386,2.0548670125619806,0.9335440661738538,0.802779871088255,17.482689173620336,0.0011004222930879326
2020,12.0,6,V850,21,True,0.8150968799131507,2.0445541994647685,0.9304150535853932,0.5807033576544218,13.62581670910763,0.0008290079501639402
2020,12.0,6,V700,21,True,0.9860405468610403,2.205721679059534,0.934270383432566,0.2308665111119601,6.858254263580665,0.0003085393744703957
2020,12.0,6,Q1000,21,True,0.07943506046148249,0.0005742932279643962,0.9276907041614856,0.3962410298951835,7.056860022223388,0.0005566615564045474
2020,12.0,6,Q925,21,True,0.12440006528989392,0.0007660557001048857,0.8719136566241177,0.19581220739317562,3.255824893855186,0.0004789731707964817
2020,12.0,6,Q850,21,True,0.19470850999794787,0.0009444124632209329,0.8711842135156812,0.07704709260988318,1.5773633149016142,0.00019425310703502507
2020,12.0,6,Q700,21,True,0.25013390416443315,0.0007311819739624178,0.8979647288632482,0.04350215350573672,1.0485436966217176,8.845583827177261e-05
2020,12.0,6,Z1000,21,True,0.0728098950968828,66.49734657292129,0.9932335337620641,3.3335147351695515,53.84872492859656,0.0004788611538092402
2020,12.0,6,Z925,21,True,0.055403806529728865,61.57643427717102,0.993960282016008,3.7538085380818154,54.950126060478674,0.0004854386491206508
2020,12.0,6,Z850,21,True,0.04159025173390323,57.936459633690816,0.9947067097332458,3.8589245990569343,55.69823726647458,0.0004388087865611068
2020,12.0,6,Z700,21,True,0.026664820466795636,56.56775659084493,0.9959349276012741,5.3405563190523475,55.70115880713507,0.00047464577885125703
2020,12.0,6,t2m,21,True,0.06101249607638418,1.1958449453552629,0.8995129071590094,3.68549959094856,41.115015079717224,0.007011942609757016
2020,12.0,6,u10,21,True,0.27930155771119786,1.379749704207619,0.9360845811235944,0.4343214277172991,10.102952210822735,0.0005648320571511878
2020,12.0,6,v10,21,True,0.5208040205673239,1.4478351625065815,0.9337688341109159,0.6215314361134094,14.92238254242777,0.0008327388477206155
2020,12.0,6,mslp,21,True,0.07438057754850415,82.98640672084264,0.9934339259389303,2.9303640820573906,52.46082830488666,0.0004067424290650212
2020,12.0,7,T1000,21,False,0.055250319561375855,0.9364775727052099,0.9441397540812824,2.2721081016923383,30.408672207669106,0.002523088368703519
2020,12.0,7,T925,21,False,0.05778513571021244,0.9236344244317275,0.9577526435830477,1.3268935713296126,20.32384554641009,0.001128638554460104
2020,12.0,7,T850,21,False,0.060707148249337824,0.9320665290122091,0.963341380315308,0.7569212062507935,9.292402171575242,0.0005611391098163665
2020,12.0,7,T700,21,False,0.05325115143900041,0.762287112983169,0.9716169253747268,0.6353139623730963,4.663445655860432,0.00036986802577432254
2020,12.0,7,U1000,21,False,0.2688116128115721,1.4833459681894043,0.9415709678160104,0.3593479791700438,9.66945978345144,0.00042521998525424376
2020,12.0,7,U925,21,False,0.27115087855519265,1.9416108169594193,0.9391941416483012,0.36259514398389037,9.745291542230339,0.00044831051950489087
2020,12.0,7,U850,21,False,0.25764130998860185,1.9416369164343579,0.9419112625309778,0.2366994735107819,5.997181834607279,0.00027571271122051044
2020,12.0,7,U700,21,False,0.23330071263275698,1.9901927389435845,0.9513878773267761,0.11494248864462042,2.7610125939807273,0.00011241553789975711
2020,12.0,7,V1000,21,False,0.5109692157242118,1.5708704920248429,0.939660274241661,0.6115289888266373,14.373238704637048,0.0007475989184632104
2020,12.0,7,V925,21,False,0.644128535084338,2.0157530436118165,0.9361794206723291,0.7071952494309808,17.414075465444554,0.0009285506551824918
2020,12.0,7,V850,21,False,0.8006770446450817,2.008384098983883,0.9329235031111737,0.5185117378957327,13.553634756303545,0.0007103735464292216
2020,12.0,7,V700,21,False,0.9716648258299192,2.1735639273926024,0.9361048679731742,0.22741222583899656,6.574253204171276,0.0002937968150262815
2020,12.0,7,Q1000,21,False,0.07884746082966518,0.0005700450464314945,0.9290202402308048,0.37189607220419196,6.8116878063468445,0.0005218095267301992
2020,12.0,7,Q925,21,False,0.12293320279569692,0.0007570227595867189,0.8753719959167974,0.19627979567283793,3.306773681530195,0.0004707231469492923
2020,12.0,7,Q850,21,False,0.19248402844882417,0.000933622856888713,0.8746200481429469,0.07371439272576552,1.5799949978596017,0.00018498897872165632
2020,12.0,7,Q700,21,False,0.2476518672584169,0.000723926576329831,0.8998948294284366,0.04030041409336382,1.043216332126684,8.03484941362953e-05
2020,12.0,7,Z1000,21,False,0.07227908169224358,66.01255433954067,0.9933533468321171,3.787155487943028,52.71462114917175,0.0005359058400549177
2020,12.0,7,Z925,21,False,0.05500861509145982,61.13721412290263,0.9940613433795754,4.136527110956956,53.77555685169166,0.0005263356367463112
2020,12.0,7,Z850,21,False,0.04142566799195745,57.707189364810645,0.9947575094229226,4.188283092933598,54.29505761815072,0.00047143854652698103
2020,12.0,7,Z700,21,False,0.02651169815423324,56.24291732512809,0.9959869457222679,5.423349898012719,54.22742337787558,0.00047484018934562666
2020,12.0,7,t2m,21,False,0.06034215972585911,1.1827063508758615,0.9014973474804391,3.6823910693327466,39.107271455223525,0.00704055721206287
2020,12.0,7,u10,21,False,0.27513089093084864,1.359146610447583,0.9381404158842926,0.3665243505214799,9.848004905658158,0.000458466380228284
2020,12.0,7,v10,21,False,0.5123019874114073,1.4241995088873174,0.9360656431335784,0.5881693948260436,14.765477673897042,0.000758908906361988
2020,12.0,7,mslp,21,False,0.07374385367309229,82.27601368625257,0.9935623030584368,3.3766965811840355,51.40903838729112,0.0004608231085643233
2020,12.0,8,T1000,21,True,0.05162418280985754,0.8750155591783472,0.9515394314256093,2.598795956533151,28.339734598522547,0.0025586600045321983
2020,12.0,8,T925,21,True,0.05373067546831674,0.858828154656636,0.963624362781341,1.540783786542832,18.75681200168887,0.0011387382531565793
2020,12.0,8,T850,21,True,0.05715550048113518,0.8775363421505127,0.9675820803148742,0.8129032727983487,8.882897230865005,0.0005359821114548913
2020,12.0,8,T700,21,True,0.050088268602677996,0.7170106292985094,0.9749248850037219,0.6507668835966318,4.6432948475623075,0.00033412829624412943
2020,12.0,8,U1000,21,True,0.25416602502352437,1.4025292471824453,0.9480730429869072,0.4216721964243275,9.035029436927179,0.00044624981568441857
2020,12.0,8,U925,21,True,0.25513127118024514,1.8269003569533606,0.9464482140790403,0.4493762017155678,9.19071879002491,0.0004922121840451599
2020,12.0,8,U850,21,True,0.24278280169623592,1.8296601947919842,0.9486193374162852,0.27493544537660064,5.539601784154257,0.0002853459549426729
2020,12.0,8,U700,21,True,0.22084998817355878,1.8839807138388773,0.9565224378776095,0.1252156034693308,2.521790893169351,0.0001095697411674923
2020,12.0,8,V1000,21,True,0.4838917627826442,1.4876263970941752,0.9461409421197806,0.6852497774516464,13.602899867474205,0.0007552770363181693
2020,12.0,8,V925,21,True,0.6087228086255362,1.904953425169068,0.9432562782054301,0.8336189325457322,16.588359566607114,0.0009764468176552965
2020,12.0,8,V850,21,True,0.7562834452454712,1.8970290926444981,0.9403949497102181,0.6249972016124317,12.875773653214805,0.0007649355949767012
2020,12.0,8,V700,21,True,0.9198371771789429,2.0576281678919317,0.9429047280484661,0.2620081680330677,5.939349933155935,0.00030430433564632153
2020,12.0,8,Q1000,21,True,0.07469766827607213,0.0005400432087087427,0.9367588684443405,0.44765559451352965,6.203113122751313,0.0005758070741406218
2020,12.0,8,Q925,21,True,0.11669406962808315,0.0007186021736476373,0.8885889818101145,0.2137119591043235,3.2427751929799187,0.00047212658645467975
2020,12.0,8,Q850,21,True,0.18278924688713422,0.0008865993708883174,0.8879063025709307,0.08590294980426183,1.532839195330038,0.00019617837900609558
2020,12.0,8,Q700,21,True,0.23585185380957677,0.0006894332232159674,0.9095298114631218,0.04860845669381053,0.9897709483369543,8.969847352235938e-05
2020,12.0,8,Z1000,21,True,0.06894127912655373,62.964135928252645,0.9939817431475816,4.222884979688057,50.25421565473647,0.0005425104108407464
2020,12.0,8,Z925,21,True,0.05263625095908613,58.50054097934868,0.9945879545908365,4.501144872162321,51.240832549125436,0.0005222002429192685
2020,12.0,8,Z850,21,True,0.03986369575969539,55.53131560396652,0.9951651229347791,4.710529579135525,51.469155325837924,0.0004899450751048029
2020,12.0,8,Z700,21,True,0.02539147356484821,53.866430558355965,0.9963302399070835,5.77600211496404,51.41674743727273,0.00046349250728594527
2020,12.0,8,t2m,21,True,0.05643466842293736,1.1061195212811865,0.9166197394070786,3.8370864570318686,37.36575210839321,0.006535822483709541
2020,12.0,8,u10,21,True,0.25986673524274134,1.2837416818979637,0.9451231820595475,0.4364636583932713,9.244830064654208,0.00048702581917525745
2020,12.0,8,v10,21,True,0.48508232980008886,1.3485288575952872,0.9429339788242945,0.6698830110938081,13.950328599893503,0.0007797687945308995
2020,12.0,8,mslp,21,True,0.07025782915706376,78.38665654559601,0.9941790666312873,3.8070145934508304,49.00724418994281,0.00047040675214715666
2020,12.0,9,T1000,21,False,0.045990652887972806,0.7795287932946013,0.9616687761598448,1.6578054689767918,24.783242046765764,0.0012802476694832032
2020,12.0,9,T925,21,False,0.04759359820550912,0.7607334518347059,0.9715562095593407,1.080980526020403,16.146294787932725,0.0006216577183225658
2020,12.0,9,T850,21,False,0.051145637366262736,0.7852639762695809,0.9741041120985395,0.6761519905035374,7.765448883202087,0.0003552286364105761
2020,12.0,9,T700,21,False,0.04466293744169211,0.639347331966317,0.9801049544534551,0.6833095700686798,4.397782425687657,0.00027776112620914173
2020,12.0,9,U1000,21,False,0.2284081576308765,1.2603931654322769,0.9583332965395478,0.35270473835002925,7.881562431137834,0.0002993154106679663
2020,12.0,9,U925,21,False,0.22761415286776984,1.6298604802972267,0.9576427609326923,0.3672692188406601,8.112910887637392,0.00031753952038149347
2020,12.0,9,U850,21,False,0.21693522273881402,1.634867627790355,0.9591992120405894,0.23455505093262774,4.806884836996705,0.00019336800705183066
2020,12.0,9,U700,21,False,0.19896462285376174,1.6972856364968738,0.9648490280041545,0.11561855487124406,2.0877960453168587,8.157995964264142e-05
2020,12.0,9,V1000,21,False,0.4365983215472805,1.3422323645986667,0.9563762499914961,0.5802483396384783,12.014269247702526,0.000514922729033751
2020,12.0,9,V925,21,False,0.5492820540258737,1.7189379348924778,0.9540640023184102,0.718884461706859,14.68032512645302,0.000677158444542747
2020,12.0,9,V850,21,False,0.6808460510415516,1.7078051497741393,0.951973784861639,0.5228466338155768,11.335874359475163,0.0005108068881369832
2020,12.0,9,V700,21,False,0.827691423046561,1.8515028811042633,0.9540477171636071,0.21146945992253086,4.902164922037555,0.00019411389213774832
2020,12.0,9,Q1000,21,False,0.06730369342406836,0.00048658684231277655,0.9490013745118046,0.3244645184388384,5.0836839018708835,0.00033967695806180753
2020,12.0,9,Q925,21,False,0.10568071244410616,0.0006507819104059506,0.9096286019910849,0.19498706112481834,2.880882745157276,0.0003544666558401577
2020,12.0,9,Q850,21,False,0.1651902031392362,0.0008012371236362908,0.9095137506052574,0.08098098519763175,1.3891580861918773,0.00014882082733258528
2020,12.0,9,Q700,21,False,0.21467028226762547,0.0006275160530038886,0.9255831174628961,0.0492036047609834,0.8458734410183966,7.423156855346225e-05
2020,12.0,9,Z1000,21,False,0.061890328249364836,56.524495803373625,0.9951578895403597,3.608620042797872,46.58056608300545,0.00036908744661467985
2020,12.0,9,Z925,21,False,0.04768316883029131,52.995628016512036,0.9955683306386123,3.875835650120585,47.222864157143896,0.00036379969490984987
2020,12.0,9,Z850,21,False,0.0362000753529827,50.427783249076676,0.9960232530402379,4.280909137094325,47.36878790504897,0.00036278878302586914
2020,12.0,9,Z700,21,False,0.02307571203495634,48.953686515857086,0.9969767455436677,5.138141520334827,47.07714395463937,0.0003350957169274693
2020,12.0,9,t2m,21,False,0.05320893362469609,1.0428951188985254,0.9264731935180859,2.252772761669941,33.23254013411665,0.0033330599196371713
2020,12.0,9,u10,21,False,0.2329900164251757,1.150970693783827,0.9561523959424162,0.38262516994126416,8.131285872845096,0.00034078129830061865
2020,12.0,9,v10,21,False,0.43748561655822776,1.2162099995216524,0.9537921994258225,0.5797281599640769,12.282148964667417,0.0005430437305720126
2020,12.0,9,mslp,21,False,0.06315047535009188,70.45698234944749,0.9953041898648055,3.3519986385272094,45.27045950378359,0.000331091830319874
2020,12.0,10,T1000,21,False,0.034172727568786206,0.5792182439451412,0.9794345081265722,1.452396816186019,22.406863198167404,0.000624601340298736
2020,12.0,10,T925,21,False,0.03554587001721854,0.5681632269323305,0.9845845892089609,1.0556664701084073,14.248953584009506,0.00033947384972921046
2020,12.0,10,T850,21,False,0.038265956128975515,0.5875159329443042,0.9857725212250626,0.7283265618239443,7.0671088854467605,0.0002134977661454318
2020,12.0,10,T700,21,False,0.03388978423417953,0.48513027765260924,0.9887521105835322,0.7790374081133922,3.8632778272094215,0.00018120434619040005
2020,12.0,10,U1000,21,False,0.17569595290436207,0.9695186921898142,0.9752014001339945,0.28833403029102644,6.982833957542778,0.0001443031678781681
2020,12.0,10,U925,21,False,0.17366103542376143,1.243522231138967,0.9754111580785516,0.3127993924501804,7.43506025218238,0.000156741597620913
2020,12.0,10,U850,21,False,0.16383247175724072,1.2346745775362609,0.9771971151825052,0.21564493594370404,4.991471983009599,0.00010072848477804541
2020,12.0,10,U700,21,False,0.1516479365754733,1.29364638255743,0.9802813223291973,0.11294513409610962,2.251860523169358,4.565445992821271e-05
2020,12.0,10,V1000,21,False,0.3349060927640098,1.0296003794978537,0.9739717353934765,0.4037639732986875,10.486240509445977,0.00021109053950629786
2020,12.0,10,V925,21,False,0.4251253795590423,1.3303987214872335,0.9723236654661573,0.5078903117391453,12.666052045797404,0.0002857155043909376
2020,12.0,10,V850,21,False,0.5213363862498409,1.3076979225900947,0.9723902611414401,0.3875859756607869,10.194958344817607,0.00022100404545111196
2020,12.0,10,V700,21,False,0.6304005135595693,1.4101733266193133,0.9745376301858828,0.18481648725149347,5.059660214924877,9.769421917682486e-05
2020,12.0,10,Q1000,21,False,0.04783329536404132,0.00034582132103622295,0.9738297015295915,0.41553601831081366,2.5613636290960584,0.00022256362524741835
2020,12.0,10,Q925,21,False,0.07867302355251918,0.000484468540833184,0.949376652879031,0.2080460890382052,1.4208195908631205,0.0002109410306649906
2020,12.0,10,Q850,21,False,0.12018732449503061,0.0005829555532652303,0.9520190189546629,0.08481078864890357,1.091920634966359,8.299251081933523e-05
2020,12.0,10,Q700,21,False,0.15443649530122266,0.0004514429238462301,0.9625643766740807,0.06366798608347102,0.7761208548676679,4.918798878350561e-05
2020,12.0,10,Z1000,21,False,0.04857092997877287,44.35987688025394,0.9970316823734721,2.9093227968618907,43.75368186098606,0.0001816014719077108
2020,12.0,10,Z925,21,False,0.0380172483984474,42.25281165295072,0.997193800359356,3.102053895460033,43.53886785019202,0.0001833575723563241
2020,12.0,10,Z850,21,False,0.028722276828946174,40.01098707981462,0.997509750321721,3.5363862071504104,43.86777419158516,0.0001869020817720779
2020,12.0,10,Z700,21,False,0.018287317492216685,38.795405429000226,0.9981140937837537,4.738635536396174,43.2584596525104,0.00019293913932383333
2020,12.0,10,t2m,21,False,0.033056153917208814,0.6479006279699386,0.9714137028206483,2.5884212079587576,27.72554456617139,0.0015667150778394534
2020,12.0,10,u10,21,False,0.1793064734404408,0.8857739869951987,0.9739131841319737,0.3250873024263967,7.2270326393727435,0.0001712325031023587
2020,12.0,10,v10,21,False,0.3360367050720201,0.9341820281899933,0.9724006325546669,0.4194744777461512,10.70441410460875,0.00023272673388252674
2020,12.0,10,mslp,21,False,0.049271693712366775,54.97242616538669,0.9971557625828257,2.775792697034618,42.68441741354,0.00016579429588992056
2020,12.0,11,T1000,21,False,0.01937702257014606,0.32843515028498066,0.9933239473975656,3.405440051502584,20.531968268147228,0.00048447140183394133
2020,12.0,11,T925,21,False,0.020422723145181496,0.32643568209282536,0.9948883636137104,2.6568170507480837,12.05637048311493,0.00028605264092840255
2020,12.0,11,T850,21,False,0.02212190522871605,0.3396484266801642,0.9952477524704483,1.9476886767270996,5.924304719077467,0.00019184564093832623
2020,12.0,11,T700,21,False,0.019738498574397426,0.28255544981581976,0.9961890610914915,1.9317374032810086,3.183301723867782,0.00015306309190110667
2020,12.0,11,U1000,21,False,0.10250783511508374,0.5656548174790829,0.9916460814754277,0.6788445386142095,6.319804151583264,0.00011460445664257524
2020,12.0,11,U925,21,False,0.10010741132102104,0.7168320232099203,0.991870327200765,0.7669112105230358,6.956261834933885,0.00012656193240934144
2020,12.0,11,U850,21,False,0.09465478276426105,0.7133375486980772,0.9924249832191704,0.5346970492279612,4.7112583671309105,8.232256639761903e-05
2020,12.0,11,U700,21,False,0.08859438597207668,0.7557623881394046,0.9933147358018312,0.28914966269862896,2.0571749195898215,3.9530065862325436e-05
2020,12.0,11,V1000,21,False,0.1969739583774556,0.6055562048057853,0.991121823143947,0.85156039190869,8.416060813497772,0.000152114166811268
2020,12.0,11,V925,21,False,0.2510015249086282,0.7854908804642212,0.9904518090025208,1.0118830795581735,10.34981065118441,0.00019603576589666272
2020,12.0,11,V850,21,False,0.3058468483082365,0.7671731701305828,0.9905493178221702,0.7895845133330748,8.343575557963112,0.0001525365392573974
2020,12.0,11,V700,21,False,0.3653687772922859,0.8173110477245267,0.99149751449202,0.44076515699569274,4.805193459557522,7.634120917698883e-05
2020,12.0,11,Q1000,21,False,0.027564216472164747,0.0001992815606391487,0.9913249668544445,1.1470097674698865,2.1519636704435685,0.0002047831877495243
2020,12.0,11,Q925,21,False,0.04593616077492525,0.00028287491536378034,0.9830547613080951,0.6246008750649512,1.3947256654456175,0.00021617198401557847
2020,12.0,11,Q850,21,False,0.06936593863421919,0.0003364519450513085,0.9843580414711728,0.23710284794417058,1.2165262519640896,7.6221030749557e-05
2020,12.0,11,Q700,21,False,0.08948915243500406,0.0002615913072799152,0.9876616561706782,0.16570620255568214,0.7572742679467837,4.214942443880876e-05
2020,12.0,11,Z1000,21,False,0.03272849282590587,29.890963949177703,0.998645186261244,4.710268533240991,34.13166198955256,0.00013696890779757442
2020,12.0,11,Z925,21,False,0.02619593277898444,29.11446411504422,0.9986612983493584,4.609607549276696,33.06104261008846,0.00013215033011615418
2020,12.0,11,Z850,21,False,0.020254126896130768,28.214602032955217,0.9987549934004791,4.993752551229546,32.5354699011042,0.00013401753529818095
2020,12.0,11,Z700,21,False,0.013221986334479829,28.049620856824145,0.9990101754923495,6.669868590821116,30.664082036817252,0.00014628023949392333
2020,12.0,11,t2m,21,False,0.019204650011476688,0.37641114727189856,0.9901215585784218,5.399255599023379,24.265579724599807,0.0011642079437595987
2020,12.0,11,u10,21,False,0.10442756658430487,0.515872182864531,0.9912445281466251,0.7438839202611125,6.496520051662957,0.00013185593407927243
2020,12.0,11,v10,21,False,0.1975563549060627,0.5492066599950252,0.9905934228917144,0.877401690389501,8.63240575099301,0.00016623790142200612
2020,12.0,11,mslp,21,False,0.033028038508530574,36.8493811164656,0.9987160033755762,4.421528708204747,33.24027905002998,0.00012131999914044567
