horizon,year,model,region,month,field,amplitude_ratio,amplitude_abs_error,peak_hour_error
6h,2020,flow_spectral,sahel,2020-01,t2m,0.995616323729204,0.004383676270796055,0
6h,2020,flow_spectral,sahel,2020-01,u10,0.981230669857841,0.01876933014215898,0
6h,2020,flow_spectral,sahel,2020-01,v10,0.9595471862590341,0.040452813740965876,0
6h,2020,flow_spectral,sahel,2020-02,t2m,1.0079436090054819,0.007943609005481855,0
6h,2020,flow_spectral,sahel,2020-02,u10,1.0444231713189673,0.044423171318967336,0
6h,2020,flow_spectral,sahel,2020-02,v10,0.9895781129017418,0.010421887098258198,0
6h,2020,flow_spectral,sahel,2020-03,t2m,0.9887951777945215,0.01120482220547847,1
6h,2020,flow_spectral,sahel,2020-03,u10,1.0017147855785835,0.0017147855785835109,0
6h,2020,flow_spectral,sahel,2020-03,v10,1.007789775910429,0.007789775910429064,0
6h,2020,flow_spectral,sahel,2020-04,t2m,0.9981451897128775,0.0018548102871225325,1
6h,2020,flow_spectral,sahel,2020-04,u10,0.9704455152375299,0.029554484762470135,0
6h,2020,flow_spectral,sahel,2020-04,v10,0.9544646619091277,0.04553533809087229,1
6h,2020,flow_spectral,sahel,2020-05,t2m,0.9940277991728976,0.00597220082710237,1
6h,2020,flow_spectral,sahel,2020-05,u10,1.045569060366672,0.045569060366672076,0
6h,2020,flow_spectral,sahel,2020-05,v10,0.9767157944688458,0.02328420553115418,6
6h,2020,flow_spectral,sahel,2020-06,t2m,1.0054975507155077,0.005497550715507726,0
6h,2020,flow_spectral,sahel,2020-06,u10,1.0321601593317697,0.032160159331769744,0
6h,2020,flow_spectral,sahel,2020-06,v10,1.0509475613797683,0.0509475613797683,0
6h,2020,flow_spectral,sahel,2020-07,t2m,0.9719846587903368,0.028015341209663203,1
6h,2020,flow_spectral,sahel,2020-07,u10,0.9568784287029992,0.04312157129700078,1
6h,2020,flow_spectral,sahel,2020-07,v10,0.9940561178502859,0.005943882149714086,1
6h,2020,flow_spectral,sahel,2020-08,t2m,0.9955043321889815,0.004495667811018511,1
6h,2020,flow_spectral,sahel,2020-08,u10,0.9433933901274848,0.0566066098725152,1
6h,2020,flow_spectral,sahel,2020-08,v10,1.0695680382543218,0.06956803825432178,0
6h,2020,flow_spectral,sahel,2020-09,t2m,0.9570013460520668,0.04299865394793323,1
6h,2020,flow_spectral,sahel,2020-09,u10,1.0326210391646207,0.03262103916462067,0
6h,2020,flow_spectral,sahel,2020-09,v10,1.0279206341314562,0.02792063413145618,1
6h,2020,flow_spectral,sahel,2020-10,t2m,0.951631151657643,0.048368848342356996,1
6h,2020,flow_spectral,sahel,2020-10,u10,0.9657662158357612,0.034233784164238834,1
6h,2020,flow_spectral,sahel,2020-10,v10,0.9886621482298995,0.011337851770100493,0
6h,2020,flow_spectral,sahel,2020-11,t2m,0.9754462069376381,0.02455379306236194,1
6h,2020,flow_spectral,sahel,2020-11,u10,0.970225977693414,0.02977402230658599,1
6h,2020,flow_spectral,sahel,2020-11,v10,0.9661443775802738,0.03385562241972617,0
6h,2020,flow_spectral,sahel,2020-12,t2m,0.972597156818833,0.027402843181167036,1
6h,2020,flow_spectral,sahel,2020-12,u10,1.001395001314023,0.0013950013140229256,1
6h,2020,flow_spectral,sahel,2020-12,v10,1.037475003091735,0.037475003091735015,0
6h,2020,flow_spectral,amazon,2020-01,t2m,0.977746851982781,0.022253148017219004,1
6h,2020,flow_spectral,amazon,2020-01,u10,1.2093984223770724,0.2093984223770724,2
6h,2020,flow_spectral,amazon,2020-01,v10,1.0335661181355507,0.03356611813555066,3
6h,2020,flow_spectral,amazon,2020-02,t2m,0.9784836250247833,0.021516374975216745,0
6h,2020,flow_spectral,amazon,2020-02,u10,1.013239643654977,0.013239643654977096,1
6h,2020,flow_spectral,amazon,2020-02,v10,1.0013840658655275,0.0013840658655275284,3
6h,2020,flow_spectral,amazon,2020-03,t2m,0.9862244285408543,0.013775571459145652,0
6h,2020,flow_spectral,amazon,2020-03,u10,1.0506876157692457,0.05068761576924574,1
6h,2020,flow_spectral,amazon,2020-03,v10,1.0224340192753414,0.022434019275341388,0
6h,2020,flow_spectral,amazon,2020-04,t2m,0.9715705648711577,0.02842943512884233,1
6h,2020,flow_spectral,amazon,2020-04,u10,1.0926867920299737,0.09268679202997365,0
6h,2020,flow_spectral,amazon,2020-04,v10,1.0740553496230905,0.07405534962309046,1
6h,2020,flow_spectral,amazon,2020-05,t2m,0.9654101736311848,0.034589826368815246,0
6h,2020,flow_spectral,amazon,2020-05,u10,1.1123067235265427,0.1123067235265427,0
6h,2020,flow_spectral,amazon,2020-05,v10,1.130730852678548,0.130730852678548,1
6h,2020,flow_spectral,amazon,2020-06,t2m,0.9794997198023333,0.020500280197666698,0
6h,2020,flow_spectral,amazon,2020-06,u10,1.0358027386949837,0.03580273869498374,0
6h,2020,flow_spectral,amazon,2020-06,v10,0.9278057662572925,0.0721942337427075,1
6h,2020,flow_spectral,amazon,2020-07,t2m,0.9898061977288998,0.010193802271100227,1
6h,2020,flow_spectral,amazon,2020-07,u10,0.9848838340315987,0.015116165968401263,0
6h,2020,flow_spectral,amazon,2020-07,v10,0.9243094829346341,0.07569051706536589,1
6h,2020,flow_spectral,amazon,2020-08,t2m,0.9992230023838775,0.0007769976161224879,0
6h,2020,flow_spectral,amazon,2020-08,u10,1.049606460203405,0.04960646020340498,0
6h,2020,flow_spectral,amazon,2020-08,v10,0.9758895286385756,0.024110471361424413,1
6h,2020,flow_spectral,amazon,2020-09,t2m,1.0093915867860255,0.009391586786025474,0
6h,2020,flow_spectral,amazon,2020-09,u10,1.0199774331859617,0.01997743318596168,0
6h,2020,flow_spectral,amazon,2020-09,v10,1.1332815093753548,0.13328150937535477,0
6h,2020,flow_spectral,amazon,2020-10,t2m,0.9966205000297941,0.0033794999702059236,0
6h,2020,flow_spectral,amazon,2020-10,u10,1.007203819623885,0.007203819623885055,0
6h,2020,flow_spectral,amazon,2020-10,v10,1.0321360559508423,0.032136055950842346,2
6h,2020,flow_spectral,amazon,2020-11,t2m,0.9793048280133151,0.020695171986684913,0
6h,2020,flow_spectral,amazon,2020-11,u10,1.0180307187422786,0.018030718742278573,0
6h,2020,flow_spectral,amazon,2020-11,v10,0.8671679472896545,0.13283205271034548,0
6h,2020,flow_spectral,amazon,2020-12,t2m,0.9689910708862297,0.03100892911377029,0
6h,2020,flow_spectral,amazon,2020-12,u10,1.0349640690233888,0.03496406902338878,0
6h,2020,flow_spectral,amazon,2020-12,v10,0.9954992049628805,0.0045007950371195315,0
6h,2020,flow_spectral,congo,2020-01,t2m,0.9530832441024178,0.04691675589758215,0
6h,2020,flow_spectral,congo,2020-01,u10,0.9564241040200798,0.043575895979920176,0
6h,2020,flow_spectral,congo,2020-01,v10,0.9973542345393542,0.002645765460645766,0
6h,2020,flow_spectral,congo,2020-02,t2m,0.9596087951548256,0.040391204845174444,1
6h,2020,flow_spectral,congo,2020-02,u10,1.0500891204631324,0.05008912046313241,0
6h,2020,flow_spectral,congo,2020-02,v10,1.0257818399480587,0.025781839948058716,0
6h,2020,flow_spectral,congo,2020-03,t2m,0.9807259590304974,0.01927404096950258,0
6h,2020,flow_spectral,congo,2020-03,u10,0.8946592718516094,0.10534072814839057,0
6h,2020,flow_spectral,congo,2020-03,v10,0.8800874833570992,0.11991251664290081,0
6h,2020,flow_spectral,congo,2020-04,t2m,0.9742043064152102,0.025795693584789836,0
6h,2020,flow_spectral,congo,2020-04,u10,0.9384557084603137,0.061544291539686324,1
6h,2020,flow_spectral,congo,2020-04,v10,0.9013864408895462,0.09861355911045377,0
6h,2020,flow_spectral,congo,2020-05,t2m,0.9874799271787118,0.012520072821288197,0
6h,2020,flow_spectral,congo,2020-05,u10,0.9515812837192991,0.048418716280700935,0
6h,2020,flow_spectral,congo,2020-05,v10,1.0130952853637425,0.013095285363742493,1
6h,2020,flow_spectral,congo,2020-06,t2m,0.9727399283502431,0.027260071649756856,0
6h,2020,flow_spectral,congo,2020-06,u10,1.0122243231855759,0.01222432318557587,1
6h,2020,flow_spectral,congo,2020-06,v10,0.9447872264068373,0.05521277359316268,0
6h,2020,flow_spectral,congo,2020-07,t2m,0.9918106997570658,0.008189300242934183,1
6h,2020,flow_spectral,congo,2020-07,u10,1.0295097250756045,0.029509725075604454,1
6h,2020,flow_spectral,congo,2020-07,v10,0.9127837761492409,0.08721622385075911,1
6h,2020,flow_spectral,congo,2020-08,t2m,0.9862143232583084,0.013785676741691621,1
6h,2020,flow_spectral,congo,2020-08,u10,1.0793317275568965,0.07933172755689655,1
6h,2020,flow_spectral,congo,2020-08,v10,0.7680128804935326,0.23198711950646744,1
6h,2020,flow_spectral,congo,2020-09,t2m,0.9921724029318373,0.007827597068162717,0
6h,2020,flow_spectral,congo,2020-09,u10,0.857910875366468,0.14208912463353196,0
6h,2020,flow_spectral,congo,2020-09,v10,0.7044581957279764,0.2955418042720236,2
6h,2020,flow_spectral,congo,2020-10,t2m,0.9887572855318166,0.011242714468183368,0
6h,2020,flow_spectral,congo,2020-10,u10,1.001075666221823,0.0010756662218229796,0
6h,2020,flow_spectral,congo,2020-10,v10,0.907727906726777,0.09227209327322305,1
6h,2020,flow_spectral,congo,2020-11,t2m,1.0183682495554613,0.018368249555461347,0
6h,2020,flow_spectral,congo,2020-11,u10,1.0012915170124628,0.0012915170124627728,1
6h,2020,flow_spectral,congo,2020-11,v10,0.9775349993824476,0.02246500061755241,1
6h,2020,flow_spectral,congo,2020-12,t2m,0.9982012077605037,0.0017987922394963052,0
6h,2020,flow_spectral,congo,2020-12,u10,0.9072683322346291,0.0927316677653709,0
6h,2020,flow_spectral,congo,2020-12,v10,0.8977893001026636,0.10221069989733644,1
6h,2020,flow_spectral,se_aus,2020-01,t2m,0.9942076276922419,0.005792372307758087,0
6h,2020,flow_spectral,se_aus,2020-01,u10,0.9679706791151387,0.03202932088486132,0
6h,2020,flow_spectral,se_aus,2020-01,v10,0.9683439495790905,0.031656050420909465,1
6h,2020,flow_spectral,se_aus,2020-02,t2m,0.964131249123205,0.035868750876794975,0
6h,2020,flow_spectral,se_aus,2020-02,u10,0.9322750762557781,0.0677249237442219,0
6h,2020,flow_spectral,se_aus,2020-02,v10,1.018719371795908,0.01871937179590799,0
6h,2020,flow_spectral,se_aus,2020-03,t2m,0.9783814265511962,0.0216185734488038,0
6h,2020,flow_spectral,se_aus,2020-03,u10,0.9923330344136339,0.007666965586366148,0
6h,2020,flow_spectral,se_aus,2020-03,v10,0.9764727572359393,0.023527242764060707,2
6h,2020,flow_spectral,se_aus,2020-04,t2m,0.9130043139369577,0.08699568606304231,1
6h,2020,flow_spectral,se_aus,2020-04,u10,1.0404209269704539,0.04042092697045385,1
6h,2020,flow_spectral,se_aus,2020-04,v10,1.0199875556040716,0.019987555604071616,1
6h,2020,flow_spectral,se_aus,2020-05,t2m,0.8967327819829922,0.10326721801700778,2
6h,2020,flow_spectral,se_aus,2020-05,u10,0.9340909269011046,0.06590907309889538,1
6h,2020,flow_spectral,se_aus,2020-05,v10,1.0850383601369202,0.08503836013692023,0
6h,2020,flow_spectral,se_aus,2020-06,t2m,0.8652492370911581,0.13475076290884191,1
6h,2020,flow_spectral,se_aus,2020-06,u10,0.981287159492515,0.018712840507485007,1
6h,2020,flow_spectral,se_aus,2020-06,v10,0.8611025205471435,0.13889747945285646,0
6h,2020,flow_spectral,se_aus,2020-07,t2m,0.925367409501161,0.07463259049883897,0
6h,2020,flow_spectral,se_aus,2020-07,u10,0.9681170476472377,0.031882952352762284,0
6h,2020,flow_spectral,se_aus,2020-07,v10,1.0046392193565794,0.004639219356579405,0
6h,2020,flow_spectral,se_aus,2020-08,t2m,0.9663431018707549,0.033656898129245105,0
6h,2020,flow_spectral,se_aus,2020-08,u10,0.9704992466503821,0.02950075334961788,1
6h,2020,flow_spectral,se_aus,2020-08,v10,1.1333634062635505,0.13336340626355048,0
6h,2020,flow_spectral,se_aus,2020-09,t2m,0.9770447101677989,0.022955289832201076,0
6h,2020,flow_spectral,se_aus,2020-09,u10,0.9632683709479485,0.03673162905205152,1
6h,2020,flow_spectral,se_aus,2020-09,v10,0.9859234550243637,0.014076544975636263,0
6h,2020,flow_spectral,se_aus,2020-10,t2m,0.9834230828517352,0.016576917148264814,0
6h,2020,flow_spectral,se_aus,2020-10,u10,0.9649581635410436,0.03504183645895642,0
6h,2020,flow_spectral,se_aus,2020-10,v10,0.9496120230334107,0.050387976966589254,0
6h,2020,flow_spectral,se_aus,2020-11,t2m,0.9919254837500361,0.008074516249963914,0
6h,2020,flow_spectral,se_aus,2020-11,u10,0.9847125927120284,0.015287407287971622,0
6h,2020,flow_spectral,se_aus,2020-11,v10,0.9721724113267362,0.027827588673263848,0
6h,2020,flow_spectral,se_aus,2020-12,t2m,0.9850055143076589,0.014994485692341075,0
6h,2020,flow_spectral,se_aus,2020-12,u10,0.9478621808887907,0.052137819111209294,1
6h,2020,flow_spectral,se_aus,2020-12,v10,0.9279224901662243,0.0720775098337757,0
6h,2020,linear,sahel,2020-01,t2m,0.8457745121544182,0.15422548784558177,3
6h,2020,linear,sahel,2020-01,u10,0.8874015935088962,0.11259840649110375,1
6h,2020,linear,sahel,2020-01,v10,0.9595471862590341,0.040452813740965876,0
6h,2020,linear,sahel,2020-02,t2m,0.8724753266689981,0.12752467333100193,3
6h,2020,linear,sahel,2020-02,u10,0.9210648142763093,0.07893518572369074,1
6h,2020,linear,sahel,2020-02,v10,0.9364175129946908,0.06358248700530922,0
6h,2020,linear,sahel,2020-03,t2m,0.8889372543214022,0.11106274567859775,2
6h,2020,linear,sahel,2020-03,u10,0.9935650848609664,0.0064349151390336035,1
6h,2020,linear,sahel,2020-03,v10,0.7472802048728905,0.2527197951271095,3
6h,2020,linear,sahel,2020-04,t2m,0.8598113290063002,0.1401886709936998,2
6h,2020,linear,sahel,2020-04,u10,0.5660394911877149,0.4339605088122851,3
6h,2020,linear,sahel,2020-04,v10,0.6819367762740021,0.31806322372599793,2
6h,2020,linear,sahel,2020-05,t2m,0.8360873789859108,0.1639126210140892,2
6h,2020,linear,sahel,2020-05,u10,0.690404876527291,0.309595123472709,3
6h,2020,linear,sahel,2020-05,v10,0.780292907701476,0.21970709229852403,8
6h,2020,linear,sahel,2020-06,t2m,0.8083017490955031,0.19169825090449688,3
6h,2020,linear,sahel,2020-06,u10,0.7110227210639565,0.2889772789360435,3
6h,2020,linear,sahel,2020-06,v10,0.8381837361102674,0.16181626388973258,2
6h,2020,linear,sahel,2020-07,t2m,0.823778874977958,0.176221125022042,2
6h,2020,linear,sahel,2020-07,u10,0.6617613301435318,0.3382386698564682,2
6h,2020,linear,sahel,2020-07,v10,0.6133793572979983,0.3866206427020017,8
6h,2020,linear,sahel,2020-08,t2m,0.8564093918587543,0.1435906081412457,2
6h,2020,linear,sahel,2020-08,u10,0.820800012083862,0.179199987916138,2
6h,2020,linear,sahel,2020-08,v10,0.5212666358793688,0.47873336412063117,3
6h,2020,linear,sahel,2020-09,t2m,0.8629318930992953,0.1370681069007047,2
6h,2020,linear,sahel,2020-09,u10,0.6328619880678139,0.3671380119321861,3
6h,2020,linear,sahel,2020-09,v10,0.6680127691205268,0.33198723087947324,1
6h,2020,linear,sahel,2020-10,t2m,0.9106164213454311,0.08938357865456892,2
6h,2020,linear,sahel,2020-10,u10,0.5912769165873668,0.4087230834126332,2
6h,2020,linear,sahel,2020-10,v10,0.770139103901384,0.22986089609861604,0
6h,2020,linear,sahel,2020-11,t2m,0.9412677153366328,0.05873228466336722,2
6h,2020,linear,sahel,2020-11,u10,0.8903669459180875,0.10963305408191248,1
6h,2020,linear,sahel,2020-11,v10,0.868913771193211,0.131086228806789,0
6h,2020,linear,sahel,2020-12,t2m,0.9230957021398509,0.07690429786014907,2
6h,2020,linear,sahel,2020-12,u10,0.9894932894850792,0.010506710514920803,1
6h,2020,linear,sahel,2020-12,v10,0.9423387544830157,0.05766124551698426,0
6h,2020,linear,amazon,2020-01,t2m,0.9329273204041634,0.06707267959583663,0
6h,2020,linear,amazon,2020-01,u10,0.6937016389173352,0.30629836108266484,1
6h,2020,linear,amazon,2020-01,v10,0.9210432968786131,0.07895670312138692,0
6h,2020,linear,amazon,2020-02,t2m,0.9313143238225698,0.06868567617743015,0
6h,2020,linear,amazon,2020-02,u10,0.5395443002593666,0.4604556997406334,8
6h,2020,linear,amazon,2020-02,v10,0.9616214357675766,0.03837856423242336,2
6h,2020,linear,amazon,2020-03,t2m,0.9211258489019737,0.07887415109802631,1
6h,2020,linear,amazon,2020-03,u10,0.6591608569277732,0.34083914307222685,0
6h,2020,linear,amazon,2020-03,v10,0.9966647488443962,0.0033352511556038467,1
6h,2020,linear,amazon,2020-04,t2m,0.9194401507888369,0.0805598492111631,1
6h,2020,linear,amazon,2020-04,u10,0.5097113684880379,0.4902886315119621,1
6h,2020,linear,amazon,2020-04,v10,0.8868455815651962,0.11315441843480378,2
6h,2020,linear,amazon,2020-05,t2m,0.9183290353173494,0.08167096468265056,1
6h,2020,linear,amazon,2020-05,u10,0.761180955142056,0.23881904485794403,1
6h,2020,linear,amazon,2020-05,v10,0.843681927324421,0.15631807267557896,8
6h,2020,linear,amazon,2020-06,t2m,0.9363136176066025,0.06368638239339752,0
6h,2020,linear,amazon,2020-06,u10,0.8521495240834035,0.1478504759165965,1
6h,2020,linear,amazon,2020-06,v10,0.8724123448258583,0.12758765517414172,1
6h,2020,linear,amazon,2020-07,t2m,0.9373068300189902,0.06269316998100982,1
6h,2020,linear,amazon,2020-07,u10,0.8668279862798639,0.1331720137201361,3
6h,2020,linear,amazon,2020-07,v10,0.8444222807968115,0.15557771920318852,1
6h,2020,linear,amazon,2020-08,t2m,0.9373357524672725,0.06266424753272748,0
6h,2020,linear,amazon,2020-08,u10,0.9195356813757724,0.08046431862422765,3
6h,2020,linear,amazon,2020-08,v10,0.8818999654099628,0.11810003459003715,2
6h,2020,linear,amazon,2020-09,t2m,0.9281945654757189,0.07180543452428112,1
6h,2020,linear,amazon,2020-09,u10,0.8877431825394306,0.11225681746056937,1
6h,2020,linear,amazon,2020-09,v10,0.61315795115743,0.38684204884257,2
6h,2020,linear,amazon,2020-10,t2m,0.9126820631123748,0.08731793688762524,1
6h,2020,linear,amazon,2020-10,u10,0.9370656330602742,0.06293436693972576,1
6h,2020,linear,amazon,2020-10,v10,0.8234798555382218,0.17652014446177822,1
6h,2020,linear,amazon,2020-11,t2m,0.9096947333109695,0.0903052666890305,1
6h,2020,linear,amazon,2020-11,u10,0.7094158177399089,0.2905841822600911,1
6h,2020,linear,amazon,2020-11,v10,0.3057531117276761,0.6942468882723238,3
6h,2020,linear,amazon,2020-12,t2m,0.9015114701654214,0.09848852983457856,1
6h,2020,linear,amazon,2020-12,u10,0.8411249147583808,0.1588750852416192,1
6h,2020,linear,amazon,2020-12,v10,0.6965584841254676,0.3034415158745324,3
6h,2020,linear,congo,2020-01,t2m,0.8723082849767494,0.1276917150232506,0
6h,2020,linear,congo,2020-01,u10,0.6622377895733037,0.3377622104266963,1
6h,2020,linear,congo,2020-01,v10,0.9777806081844129,0.022219391815587075,0
6h,2020,linear,congo,2020-02,t2m,0.8911321422701007,0.10886785772989926,1
6h,2020,linear,congo,2020-02,u10,1.0523397674904644,0.05233976749046443,0
6h,2020,linear,congo,2020-02,v10,0.9309747420333683,0.06902525796663173,1
6h,2020,linear,congo,2020-03,t2m,0.9180026004967415,0.08199739950325846,0
6h,2020,linear,congo,2020-03,u10,0.6496467461006581,0.3503532538993419,1
6h,2020,linear,congo,2020-03,v10,0.354464825500287,0.645535174499713,3
6h,2020,linear,congo,2020-04,t2m,0.9113361353698567,0.08866386463014331,0
6h,2020,linear,congo,2020-04,u10,0.6540656758826658,0.34593432411733416,2
6h,2020,linear,congo,2020-04,v10,0.1898090180992043,0.8101909819007957,3
6h,2020,linear,congo,2020-05,t2m,0.940946766206986,0.05905323379301397,0
6h,2020,linear,congo,2020-05,u10,0.8534866164239292,0.1465133835760708,1
6h,2020,linear,congo,2020-05,v10,1.0,0.0,0
6h,2020,linear,congo,2020-06,t2m,0.917930563750159,0.08206943624984098,0
6h,2020,linear,congo,2020-06,u10,0.862034766341582,0.13796523365841795,1
6h,2020,linear,congo,2020-06,v10,0.9447872264068373,0.05521277359316268,0
6h,2020,linear,congo,2020-07,t2m,0.9305568642231226,0.06944313577687744,0
6h,2020,linear,congo,2020-07,u10,0.877761853494277,0.12223814650572296,2
6h,2020,linear,congo,2020-07,v10,0.853353011594479,0.14664698840552104,2
6h,2020,linear,congo,2020-08,t2m,0.9123972804697215,0.08760271953027854,0
6h,2020,linear,congo,2020-08,u10,0.8943018308415404,0.10569816915845964,2
6h,2020,linear,congo,2020-08,v10,0.7125899626594843,0.28741003734051573,2
6h,2020,linear,congo,2020-09,t2m,0.9421038742136223,0.057896125786377706,0
6h,2020,linear,congo,2020-09,u10,0.7931872079843932,0.20681279201560676,1
6h,2020,linear,congo,2020-09,v10,0.5540810660509929,0.44591893394900706,2
6h,2020,linear,congo,2020-10,t2m,0.940564882101895,0.05943511789810496,0
6h,2020,linear,congo,2020-10,u10,0.8583679594970534,0.14163204050294664,1
6h,2020,linear,congo,2020-10,v10,0.8969551585448705,0.10304484145512949,1
6h,2020,linear,congo,2020-11,t2m,0.9621668216158644,0.03783317838413558,0
6h,2020,linear,congo,2020-11,u10,0.6754871595952896,0.3245128404047104,2
6h,2020,linear,congo,2020-11,v10,0.8461183091290464,0.1538816908709536,1
6h,2020,linear,congo,2020-12,t2m,0.9374460821203723,0.06255391787962772,0
6h,2020,linear,congo,2020-12,u10,0.7719940289179428,0.22800597108205722,1
6h,2020,linear,congo,2020-12,v10,0.80279174846958,0.19720825153042,3
6h,2020,linear,se_aus,2020-01,t2m,0.9623531423441652,0.03764685765583475,1
6h,2020,linear,se_aus,2020-01,u10,0.904174088443813,0.09582591155618703,2
6h,2020,linear,se_aus,2020-01,v10,0.892893384030811,0.10710661596918902,2
6h,2020,linear,se_aus,2020-02,t2m,0.9219316652090727,0.07806833479092734,1
6h,2020,linear,se_aus,2020-02,u10,0.8114162455052133,0.1885837544947867,2
6h,2020,linear,se_aus,2020-02,v10,0.8867762933736381,0.11322370662636194,1
6h,2020,linear,se_aus,2020-03,t2m,0.918738239659666,0.08126176034033405,1
6h,2020,linear,se_aus,2020-03,u10,0.8431494436008071,0.15685055639919288,1
6h,2020,linear,se_aus,2020-03,v10,0.8258374811147726,0.17416251888522738,1
6h,2020,linear,se_aus,2020-04,t2m,0.8615587773910486,0.13844122260895142,1
6h,2020,linear,se_aus,2020-04,u10,0.8869324080068182,0.11306759199318184,2
6h,2020,linear,se_aus,2020-04,v10,0.8228286985235925,0.17717130147640747,2
6h,2020,linear,se_aus,2020-05,t2m,0.8066302214746286,0.1933697785253714,1
6h,2020,linear,se_aus,2020-05,u10,0.7618033997749546,0.2381966002250454,2
6h,2020,linear,se_aus,2020-05,v10,0.846194799365798,0.153805200634202,3
6h,2020,linear,se_aus,2020-06,t2m,0.7872461642428338,0.21275383575716622,1
6h,2020,linear,se_aus,2020-06,u10,0.771452535865253,0.22854746413474702,2
6h,2020,linear,se_aus,2020-06,v10,0.6740885355574514,0.3259114644425486,2
6h,2020,linear,se_aus,2020-07,t2m,0.8415529007721426,0.15844709922785738,1
6h,2020,linear,se_aus,2020-07,u10,0.7772981148810777,0.2227018851189223,1
6h,2020,linear,se_aus,2020-07,v10,0.9525874695373592,0.04741253046264082,0
6h,2020,linear,se_aus,2020-08,t2m,0.9210331025562314,0.07896689744376861,1
6h,2020,linear,se_aus,2020-08,u10,0.8225118545351568,0.17748814546484315,2
6h,2020,linear,se_aus,2020-08,v10,0.7470175698069573,0.2529824301930427,1
6h,2020,linear,se_aus,2020-09,t2m,0.9420464952630299,0.05795350473697014,1
6h,2020,linear,se_aus,2020-09,u10,0.8053040427917605,0.1946959572082395,2
6h,2020,linear,se_aus,2020-09,v10,0.7149927591147808,0.2850072408852192,3
6h,2020,linear,se_aus,2020-10,t2m,0.9595533329458648,0.040446667054135244,1
6h,2020,linear,se_aus,2020-10,u10,0.8740012982547584,0.12599870174524164,1
6h,2020,linear,se_aus,2020-10,v10,0.8164218568752442,0.18357814312475584,3
6h,2020,linear,se_aus,2020-11,t2m,0.9669122295647081,0.033087770435291874,1
6h,2020,linear,se_aus,2020-11,u10,0.9068274859394728,0.09317251406052718,2
6h,2020,linear,se_aus,2020-11,v10,0.8478865619022788,0.15211343809772115,4
6h,2020,linear,se_aus,2020-12,t2m,0.9556590582350277,0.044340941764972275,1
6h,2020,linear,se_aus,2020-12,u10,0.880209484214609,0.11979051578539102,2
6h,2020,linear,se_aus,2020-12,v10,0.8861557659137689,0.11384423408623112,4
6h,2020,refine,sahel,2020-01,t2m,0.9749084481550951,0.025091551844904858,0
6h,2020,refine,sahel,2020-01,u10,0.9742802305297045,0.025719769470295528,1
6h,2020,refine,sahel,2020-01,v10,0.9621132102456228,0.037886789754377204,0
6h,2020,refine,sahel,2020-02,t2m,0.9908073958678699,0.009192604132130078,0
6h,2020,refine,sahel,2020-02,u10,1.0364293873107229,0.03642938731072287,0
6h,2020,refine,sahel,2020-02,v10,0.9717265263064767,0.028273473693523288,0
6h,2020,refine,sahel,2020-03,t2m,0.9776433857079411,0.02235661429205893,1
6h,2020,refine,sahel,2020-03,u10,0.994396169479644,0.005603830520355957,0
6h,2020,refine,sahel,2020-03,v10,0.9914540915032801,0.008545908496719878,0
6h,2020,refine,sahel,2020-04,t2m,0.9904969913999573,0.009503008600042717,1
6h,2020,refine,sahel,2020-04,u10,1.0088704478125725,0.008870447812572513,0
6h,2020,refine,sahel,2020-04,v10,1.062562115773167,0.06256211577316706,0
6h,2020,refine,sahel,2020-05,t2m,0.9717920157362752,0.02820798426372484,1
6h,2020,refine,sahel,2020-05,u10,1.0257239326360164,0.025723932636016356,0
6h,2020,refine,sahel,2020-05,v10,1.03641269560995,0.036412695609949974,0
6h,2020,refine,sahel,2020-06,t2m,0.9816484390329543,0.01835156096704571,0
6h,2020,refine,sahel,2020-06,u10,1.0086829620034934,0.008682962003493389,0
6h,2020,refine,sahel,2020-06,v10,1.0357835820852836,0.03578358208528365,1
6h,2020,refine,sahel,2020-07,t2m,0.9634720507846941,0.03652794921530589,1
6h,2020,refine,sahel,2020-07,u10,0.9366936058384916,0.0633063941615084,1
6h,2020,refine,sahel,2020-07,v10,1.0798147956924509,0.07981479569245087,0
6h,2020,refine,sahel,2020-08,t2m,0.9651585744646068,0.034841425535393156,0
6h,2020,refine,sahel,2020-08,u10,0.9483342396229835,0.051665760377016534,1
6h,2020,refine,sahel,2020-08,v10,1.0663972386315481,0.06639723863154812,1
6h,2020,refine,sahel,2020-09,t2m,0.9751042877800976,0.02489571221990239,0
6h,2020,refine,sahel,2020-09,u10,1.0155836226624777,0.015583622662477703,0
6h,2020,refine,sahel,2020-09,v10,1.054429453304289,0.054429453304289055,2
6h,2020,refine,sahel,2020-10,t2m,0.9593495261905944,0.04065047380940556,0
6h,2020,refine,sahel,2020-10,u10,0.9725190324453837,0.027480967554616265,0
6h,2020,refine,sahel,2020-10,v10,1.023096381289109,0.023096381289108958,1
6h,2020,refine,sahel,2020-11,t2m,0.9660818739257164,0.03391812607428357,0
6h,2020,refine,sahel,2020-11,u10,0.9744827903898517,0.02551720961014825,1
6h,2020,refine,sahel,2020-11,v10,0.9823729348506981,0.0176270651493019,0
6h,2020,refine,sahel,2020-12,t2m,0.953079036885494,0.046920963114506,0
6h,2020,refine,sahel,2020-12,u10,1.0045656019893672,0.004565601989367174,1
6h,2020,refine,sahel,2020-12,v10,1.0220806361406287,0.022080636140628718,0
6h,2020,refine,amazon,2020-01,t2m,0.9836088314524285,0.0163911685475715,1
6h,2020,refine,amazon,2020-01,u10,1.0733059559959237,0.07330595599592371,2
6h,2020,refine,amazon,2020-01,v10,1.0696203974946445,0.06962039749464455,3
6h,2020,refine,amazon,2020-02,t2m,0.985197635226474,0.014802364773526033,0
6h,2020,refine,amazon,2020-02,u10,0.9819528089686395,0.018047191031360543,0
6h,2020,refine,amazon,2020-02,v10,1.0129406227174442,0.012940622717444228,3
6h,2020,refine,amazon,2020-03,t2m,0.9925615046118671,0.007438495388132904,0
6h,2020,refine,amazon,2020-03,u10,0.9921165411592514,0.007883458840748592,1
6h,2020,refine,amazon,2020-03,v10,1.02877122153548,0.028771221535480063,0
6h,2020,refine,amazon,2020-04,t2m,0.9854689650224683,0.01453103497753172,0
6h,2020,refine,amazon,2020-04,u10,1.0653421926876145,0.06534219268761454,0
6h,2020,refine,amazon,2020-04,v10,1.0186667748657414,0.01866677486574142,1
6h,2020,refine,amazon,2020-05,t2m,0.9817079904122847,0.018292009587715263,0
6h,2020,refine,amazon,2020-05,u10,1.0615774225768628,0.06157742257686283,0
6h,2020,refine,amazon,2020-05,v10,1.0438490914836716,0.043849091483671554,1
6h,2020,refine,amazon,2020-06,t2m,0.9954404197870498,0.0045595802129502205,0
6h,2020,refine,amazon,2020-06,u10,1.010856259341705,0.010856259341704977,0
6h,2020,refine,amazon,2020-06,v10,0.9755159811626656,0.02448401883733442,0
6h,2020,refine,amazon,2020-07,t2m,0.9987611400940505,0.0012388599059495187,1
6h,2020,refine,amazon,2020-07,u10,0.9870429740586258,0.012957025941374156,0
6h,2020,refine,amazon,2020-07,v10,0.9206325027268035,0.07936749727319647,0
6h,2020,refine,amazon,2020-08,t2m,1.020563994499996,0.02056399449999602,0
6h,2020,refine,amazon,2020-08,u10,1.0135497533190496,0.013549753319049618,0
6h,2020,refine,amazon,2020-08,v10,0.9771423412947816,0.022857658705218387,1
6h,2020,refine,amazon,2020-09,t2m,1.0124455359264835,0.012445535926483453,1
6h,2020,refine,amazon,2020-09,u10,1.0201315145453385,0.020131514545338458,0
6h,2020,refine,amazon,2020-09,v10,1.139352957918342,0.1393529579183419,0
6h,2020,refine,amazon,2020-10,t2m,1.0000042562971916,4.256297191584935e-06,0
6h,2020,refine,amazon,2020-10,u10,1.0350884120051733,0.03508841200517332,0
6h,2020,refine,amazon,2020-10,v10,1.051642766608957,0.05164276660895695,2
6h,2020,refine,amazon,2020-11,t2m,0.9925837999638738,0.007416200036126197,0
6h,2020,refine,amazon,2020-11,u10,1.0356745230704545,0.03567452307045449,0
6h,2020,refine,amazon,2020-11,v10,0.7906414004762948,0.20935859952370517,0
6h,2020,refine,amazon,2020-12,t2m,0.9868442365708964,0.013155763429103629,0
6h,2020,refine,amazon,2020-12,u10,1.0509405725112448,0.05094057251124484,0
6h,2020,refine,amazon,2020-12,v10,0.9826168417101104,0.017383158289889566,0
6h,2020,refine,congo,2020-01,t2m,0.9615462782366555,0.038453721763344495,1
6h,2020,refine,congo,2020-01,u10,0.8922207134921615,0.10777928650783852,0
6h,2020,refine,congo,2020-01,v10,1.0153886567273211,0.015388656727321148,1
6h,2020,refine,congo,2020-02,t2m,0.96948374615939,0.030516253840609964,1
6h,2020,refine,congo,2020-02,u10,1.0869906454475027,0.08699064544750268,0
6h,2020,refine,congo,2020-02,v10,1.0383857894817452,0.0383857894817452,0
6h,2020,refine,congo,2020-03,t2m,0.9846656337348272,0.015334366265172816,0
6h,2020,refine,congo,2020-03,u10,0.9118644507200142,0.08813554927998579,0
6h,2020,refine,congo,2020-03,v10,0.9234187288813958,0.07658127111860424,0
6h,2020,refine,congo,2020-04,t2m,0.989393443880538,0.01060655611946204,0
6h,2020,refine,congo,2020-04,u10,0.9401825422214779,0.0598174577785221,1
6h,2020,refine,congo,2020-04,v10,0.913167363209965,0.08683263679003494,0
6h,2020,refine,congo,2020-05,t2m,1.006459087228989,0.006459087228988913,0
6h,2020,refine,congo,2020-05,u10,0.999288283914208,0.0007117160857920135,0
6h,2020,refine,congo,2020-05,v10,1.0478969958785647,0.04789699587856466,1
6h,2020,refine,congo,2020-06,t2m,0.987332107035019,0.012667892964981053,0
6h,2020,refine,congo,2020-06,u10,1.0206361963797261,0.020636196379726135,0
6h,2020,refine,congo,2020-06,v10,0.9465232194485477,0.05347678055145233,1
6h,2020,refine,congo,2020-07,t2m,0.9883858598355585,0.011614140164441511,1
6h,2020,refine,congo,2020-07,u10,1.1389550516342366,0.1389550516342366,0
6h,2020,refine,congo,2020-07,v10,0.9480728176008778,0.051927182399122196,0
6h,2020,refine,congo,2020-08,t2m,0.9730696420253748,0.026930357974625174,0
6h,2020,refine,congo,2020-08,u10,1.0619435055339501,0.061943505533950116,1
6h,2020,refine,congo,2020-08,v10,0.8187772814140291,0.18122271858597094,0
6h,2020,refine,congo,2020-09,t2m,0.9942154951519124,0.005784504848087568,0
6h,2020,refine,congo,2020-09,u10,0.8749703187038519,0.1250296812961481,0
6h,2020,refine,congo,2020-09,v10,0.7221583940427158,0.27784160595728424,2
6h,2020,refine,congo,2020-10,t2m,0.9851564781837283,0.014843521816271688,0
6h,2020,refine,congo,2020-10,u10,0.9892833891836472,0.010716610816352778,0
6h,2020,refine,congo,2020-10,v10,0.9213735031642248,0.07862649683577516,0
6h,2020,refine,congo,2020-11,t2m,1.006787677477006,0.006787677477005927,0
6h,2020,refine,congo,2020-11,u10,0.9992687054183458,0.0007312945816542182,1
6h,2020,refine,congo,2020-11,v10,0.9810070053325817,0.018992994667418328,0
6h,2020,refine,congo,2020-12,t2m,0.9995741634698335,0.00042583653016647904,0
6h,2020,refine,congo,2020-12,u10,0.8863910046947345,0.11360899530526547,0
6h,2020,refine,congo,2020-12,v10,0.923513398897701,0.07648660110229899,0
6h,2020,refine,se_aus,2020-01,t2m,1.002296524814105,0.0022965248141049166,1
6h,2020,refine,se_aus,2020-01,u10,0.9869785524027751,0.0130214475972249,0
6h,2020,refine,se_aus,2020-01,v10,0.9697003961538371,0.030299603846162926,0
6h,2020,refine,se_aus,2020-02,t2m,1.0067457249714202,0.0067457249714202305,1
6h,2020,refine,se_aus,2020-02,u10,0.9907418403098209,0.009258159690179069,0
6h,2020,refine,se_aus,2020-02,v10,1.0031169148873011,0.0031169148873011476,0
6h,2020,refine,se_aus,2020-03,t2m,1.0645693816252353,0.06456938162523529,1
6h,2020,refine,se_aus,2020-03,u10,1.0294748414641874,0.02947484146418744,1
6h,2020,refine,se_aus,2020-03,v10,0.9762116166377167,0.023788383362283283,1
6h,2020,refine,se_aus,2020-04,t2m,1.0200806412079024,0.020080641207902428,1
6h,2020,refine,se_aus,2020-04,u10,1.0683226000211938,0.06832260002119384,0
6h,2020,refine,se_aus,2020-04,v10,1.0419163278115875,0.041916327811587495,0
6h,2020,refine,se_aus,2020-05,t2m,0.9829659611251285,0.017034038874871538,1
6h,2020,refine,se_aus,2020-05,u10,0.949249840850188,0.05075015914981196,0
6h,2020,refine,se_aus,2020-05,v10,1.065778584625276,0.06577858462527608,1
6h,2020,refine,se_aus,2020-06,t2m,0.9769900026364675,0.023009997363532486,1
6h,2020,refine,se_aus,2020-06,u10,0.9976514668537052,0.0023485331462947956,1
6h,2020,refine,se_aus,2020-06,v10,0.8691950840560758,0.13080491594392418,1
6h,2020,refine,se_aus,2020-07,t2m,1.0046440678966266,0.004644067896626636,1
6h,2020,refine,se_aus,2020-07,u10,0.9904253901605194,0.009574609839480552,0
6h,2020,refine,se_aus,2020-07,v10,1.017517830544379,0.017517830544379054,1
6h,2020,refine,se_aus,2020-08,t2m,1.0453159599800914,0.045315959980091414,1
6h,2020,refine,se_aus,2020-08,u10,0.997116899291519,0.002883100708480968,1
6h,2020,refine,se_aus,2020-08,v10,1.1331047163183743,0.13310471631837428,0
6h,2020,refine,se_aus,2020-09,t2m,1.0578112145374017,0.05781121453740168,1
6h,2020,refine,se_aus,2020-09,u10,1.0217685161985566,0.021768516198556576,0
6h,2020,refine,se_aus,2020-09,v10,0.9479827196521846,0.05201728034781539,0
6h,2020,refine,se_aus,2020-10,t2m,1.0331235106676,0.0331235106676,1
6h,2020,refine,se_aus,2020-10,u10,0.9798074252033802,0.020192574796619844,0
6h,2020,refine,se_aus,2020-10,v10,0.9631815577658066,0.036818442234193394,0
6h,2020,refine,se_aus,2020-11,t2m,1.0052151614570508,0.00521516145705081,1
6h,2020,refine,se_aus,2020-11,u10,1.0078238157182757,0.007823815718275728,0
6h,2020,refine,se_aus,2020-11,v10,0.9898150049490445,0.010184995050955492,0
6h,2020,refine,se_aus,2020-12,t2m,0.994271520570337,0.005728479429663036,1
6h,2020,refine,se_aus,2020-12,u10,0.983767745140609,0.01623225485939095,1
6h,2020,refine,se_aus,2020-12,v10,0.9550877830200284,0.04491221697997161,0
6h,2020,weatherbridge_detail,sahel,2020-01,t2m,0.9626318041002063,0.03736819589979368,0
6h,2020,weatherbridge_detail,sahel,2020-01,u10,0.9818006443873802,0.01819935561261976,0
6h,2020,weatherbridge_detail,sahel,2020-01,v10,0.9619872181912096,0.03801278180879042,0
6h,2020,weatherbridge_detail,sahel,2020-02,t2m,0.9778700772560258,0.022129922743974184,0
6h,2020,weatherbridge_detail,sahel,2020-02,u10,1.0472599930054585,0.04725999300545847,0
6h,2020,weatherbridge_detail,sahel,2020-02,v10,0.9919713488611618,0.008028651138838216,0
6h,2020,weatherbridge_detail,sahel,2020-03,t2m,0.97018381564963,0.029816184350370034,1
6h,2020,weatherbridge_detail,sahel,2020-03,u10,0.9941380324417146,0.005861967558285386,0
6h,2020,weatherbridge_detail,sahel,2020-03,v10,1.0239293315496003,0.023929331549600308,0
6h,2020,weatherbridge_detail,sahel,2020-04,t2m,0.9800421384084648,0.01995786159153523,1
6h,2020,weatherbridge_detail,sahel,2020-04,u10,0.9922617189608169,0.007738281039183059,0
6h,2020,weatherbridge_detail,sahel,2020-04,v10,0.9875389651634339,0.012461034836566132,1
6h,2020,weatherbridge_detail,sahel,2020-05,t2m,0.9800541526940076,0.01994584730599236,1
6h,2020,weatherbridge_detail,sahel,2020-05,u10,1.0349943855318589,0.03499438553185885,0
6h,2020,weatherbridge_detail,sahel,2020-05,v10,0.9887451590941118,0.011254840905888241,5
6h,2020,weatherbridge_detail,sahel,2020-06,t2m,0.9852698688092312,0.014730131190768825,0
6h,2020,weatherbridge_detail,sahel,2020-06,u10,1.0415172989325565,0.04151729893255651,0
6h,2020,weatherbridge_detail,sahel,2020-06,v10,1.0269525417954641,0.026952541795464136,1
6h,2020,weatherbridge_detail,sahel,2020-07,t2m,0.9801005113736554,0.019899488626344608,1
6h,2020,weatherbridge_detail,sahel,2020-07,u10,0.9514601350854271,0.04853986491457285,0
6h,2020,weatherbridge_detail,sahel,2020-07,v10,0.9807038008712409,0.01929619912875913,1
6h,2020,weatherbridge_detail,sahel,2020-08,t2m,0.9973587951610267,0.0026412048389733433,1
6h,2020,weatherbridge_detail,sahel,2020-08,u10,0.98431538879826,0.01568461120174003,0
6h,2020,weatherbridge_detail,sahel,2020-08,v10,1.1006711516963965,0.10067115169639651,0
6h,2020,weatherbridge_detail,sahel,2020-09,t2m,0.961381224448973,0.038618775551026996,1
6h,2020,weatherbridge_detail,sahel,2020-09,u10,1.0437690147544176,0.043769014754417634,0
6h,2020,weatherbridge_detail,sahel,2020-09,v10,0.9958578662002883,0.0041421337997117336,1
6h,2020,weatherbridge_detail,sahel,2020-10,t2m,0.9486784663697424,0.0513215336302576,0
6h,2020,weatherbridge_detail,sahel,2020-10,u10,0.9718058662501067,0.028194133749893324,0
6h,2020,weatherbridge_detail,sahel,2020-10,v10,0.957420000907161,0.04257999909283905,1
6h,2020,weatherbridge_detail,sahel,2020-11,t2m,0.9539197147452941,0.046080285254705866,1
6h,2020,weatherbridge_detail,sahel,2020-11,u10,0.9642831333015244,0.035716866698475624,2
6h,2020,weatherbridge_detail,sahel,2020-11,v10,0.9782919927735917,0.02170800722640831,0
6h,2020,weatherbridge_detail,sahel,2020-12,t2m,0.9601728667062114,0.03982713329378862,1
6h,2020,weatherbridge_detail,sahel,2020-12,u10,0.9938923610837747,0.006107638916225344,2
6h,2020,weatherbridge_detail,sahel,2020-12,v10,1.0353072815435418,0.03530728154354179,0
6h,2020,weatherbridge_detail,amazon,2020-01,t2m,0.9891888989323143,0.01081110106768568,1
6h,2020,weatherbridge_detail,amazon,2020-01,u10,1.1996337120310003,0.19963371203100033,1
6h,2020,weatherbridge_detail,amazon,2020-01,v10,1.112516607125021,0.11251660712502098,2
6h,2020,weatherbridge_detail,amazon,2020-02,t2m,0.9822191380833079,0.017780861916692148,0
6h,2020,weatherbridge_detail,amazon,2020-02,u10,0.9901270900343951,0.009872909965604859,1
6h,2020,weatherbridge_detail,amazon,2020-02,v10,1.015467048684276,0.015467048684276063,4
6h,2020,weatherbridge_detail,amazon,2020-03,t2m,0.9860521686476554,0.013947831352344564,0
6h,2020,weatherbridge_detail,amazon,2020-03,u10,1.1068795687166042,0.1068795687166042,2
6h,2020,weatherbridge_detail,amazon,2020-03,v10,1.0228351455798972,0.022835145579897187,1
6h,2020,weatherbridge_detail,amazon,2020-04,t2m,0.9775969007415524,0.022403099258447634,0
6h,2020,weatherbridge_detail,amazon,2020-04,u10,1.1423722357781456,0.14237223577814562,1
6h,2020,weatherbridge_detail,amazon,2020-04,v10,1.0689699544694429,0.06896995446944287,2
6h,2020,weatherbridge_detail,amazon,2020-05,t2m,0.974315835969522,0.02568416403047802,0
6h,2020,weatherbridge_detail,amazon,2020-05,u10,1.1082225896399533,0.10822258963995335,1
6h,2020,weatherbridge_detail,amazon,2020-05,v10,1.0817922887402431,0.08179228874024314,1
6h,2020,weatherbridge_detail,amazon,2020-06,t2m,0.9819297977482296,0.018070202251770362,0
6h,2020,weatherbridge_detail,amazon,2020-06,u10,1.04651885027355,0.04651885027355007,1
6h,2020,weatherbridge_detail,amazon,2020-06,v10,1.011438353661417,0.0114383536614171,1
6h,2020,weatherbridge_detail,amazon,2020-07,t2m,0.9840405694468854,0.01595943055311455,1
6h,2020,weatherbridge_detail,amazon,2020-07,u10,1.0642949687187673,0.06429496871876728,0
6h,2020,weatherbridge_detail,amazon,2020-07,v10,1.1051741672778006,0.1051741672778006,1
6h,2020,weatherbridge_detail,amazon,2020-08,t2m,1.0148321115622128,0.014832111562212758,0
6h,2020,weatherbridge_detail,amazon,2020-08,u10,1.0751294289156177,0.07512942891561769,0
6h,2020,weatherbridge_detail,amazon,2020-08,v10,0.9996063040975773,0.00039369590242266383,0
6h,2020,weatherbridge_detail,amazon,2020-09,t2m,1.0034619345638913,0.0034619345638913224,1
6h,2020,weatherbridge_detail,amazon,2020-09,u10,1.0565040183837087,0.056504018383708665,1
6h,2020,weatherbridge_detail,amazon,2020-09,v10,1.1146133909895126,0.11461339098951262,0
6h,2020,weatherbridge_detail,amazon,2020-10,t2m,0.9959182109931644,0.0040817890068356455,0
6h,2020,weatherbridge_detail,amazon,2020-10,u10,1.027263852689071,0.027263852689070944,0
6h,2020,weatherbridge_detail,amazon,2020-10,v10,1.143571780895474,0.14357178089547395,1
6h,2020,weatherbridge_detail,amazon,2020-11,t2m,0.9836606198229815,0.016339380177018525,0
6h,2020,weatherbridge_detail,amazon,2020-11,u10,1.0176368812123995,0.01763688121239948,1
6h,2020,weatherbridge_detail,amazon,2020-11,v10,0.925684604838344,0.07431539516165597,11
6h,2020,weatherbridge_detail,amazon,2020-12,t2m,0.9837767519083197,0.016223248091680298,0
6h,2020,weatherbridge_detail,amazon,2020-12,u10,1.0393149065084226,0.03931490650842262,1
6h,2020,weatherbridge_detail,amazon,2020-12,v10,1.0319208671738445,0.03192086717384446,1
6h,2020,weatherbridge_detail,congo,2020-01,t2m,0.9723025216201705,0.0276974783798295,0
6h,2020,weatherbridge_detail,congo,2020-01,u10,0.8834927786693001,0.1165072213306999,0
6h,2020,weatherbridge_detail,congo,2020-01,v10,0.9878951310201004,0.012104868979899597,0
6h,2020,weatherbridge_detail,congo,2020-02,t2m,0.9802943519326328,0.019705648067367187,1
6h,2020,weatherbridge_detail,congo,2020-02,u10,1.043801246191357,0.04380124619135706,2
6h,2020,weatherbridge_detail,congo,2020-02,v10,1.0102954675956723,0.010295467595672347,0
6h,2020,weatherbridge_detail,congo,2020-03,t2m,1.0006034086750704,0.0006034086750703604,0
6h,2020,weatherbridge_detail,congo,2020-03,u10,0.8256960645478529,0.17430393545214706,0
6h,2020,weatherbridge_detail,congo,2020-03,v10,0.8594231244355969,0.14057687556440313,0
6h,2020,weatherbridge_detail,congo,2020-04,t2m,0.9935843861157879,0.006415613884212079,0
6h,2020,weatherbridge_detail,congo,2020-04,u10,0.8599117914338852,0.1400882085661148,1
6h,2020,weatherbridge_detail,congo,2020-04,v10,0.8346253418348148,0.16537465816518515,0
6h,2020,weatherbridge_detail,congo,2020-05,t2m,1.009643900322507,0.00964390032250706,0
6h,2020,weatherbridge_detail,congo,2020-05,u10,0.9855758118616191,0.014424188138380867,0
6h,2020,weatherbridge_detail,congo,2020-05,v10,1.0632551001770867,0.06325510017708669,1
6h,2020,weatherbridge_detail,congo,2020-06,t2m,0.9836802060798173,0.01631979392018268,0
6h,2020,weatherbridge_detail,congo,2020-06,u10,0.9842951024171128,0.01570489758288718,0
6h,2020,weatherbridge_detail,congo,2020-06,v10,0.9447872264068373,0.05521277359316268,0
6h,2020,weatherbridge_detail,congo,2020-07,t2m,0.9938303721031221,0.006169627896877916,0
6h,2020,weatherbridge_detail,congo,2020-07,u10,1.0144329482263164,0.014432948226316356,1
6h,2020,weatherbridge_detail,congo,2020-07,v10,0.9481192093849423,0.05188079061505768,0
6h,2020,weatherbridge_detail,congo,2020-08,t2m,0.9750866412262671,0.024913358773732908,0
6h,2020,weatherbridge_detail,congo,2020-08,u10,0.9979642734084406,0.0020357265915593725,1
6h,2020,weatherbridge_detail,congo,2020-08,v10,0.7725040344035911,0.22749596559640894,0
6h,2020,weatherbridge_detail,congo,2020-09,t2m,0.9854472243740902,0.014552775625909842,0
6h,2020,weatherbridge_detail,congo,2020-09,u10,0.8580539237626812,0.1419460762373188,0
6h,2020,weatherbridge_detail,congo,2020-09,v10,0.7201552900959137,0.2798447099040863,2
6h,2020,weatherbridge_detail,congo,2020-10,t2m,0.9816777321016771,0.01832226789832292,0
6h,2020,weatherbridge_detail,congo,2020-10,u10,0.9586857418555707,0.04131425814442935,0
6h,2020,weatherbridge_detail,congo,2020-10,v10,0.9254689840189062,0.0745310159810938,0
6h,2020,weatherbridge_detail,congo,2020-11,t2m,1.0203043623464423,0.020304362346442284,0
6h,2020,weatherbridge_detail,congo,2020-11,u10,0.9530009800931533,0.04699901990684674,1
6h,2020,weatherbridge_detail,congo,2020-11,v10,0.9236142274410146,0.07638577255898538,1
6h,2020,weatherbridge_detail,congo,2020-12,t2m,1.0179218443126963,0.017921844312696278,0
6h,2020,weatherbridge_detail,congo,2020-12,u10,0.9467360267246742,0.05326397327532584,0
6h,2020,weatherbridge_detail,congo,2020-12,v10,0.8880325198043137,0.11196748019568625,1
6h,2020,weatherbridge_detail,se_aus,2020-01,t2m,1.0068776999603393,0.0068776999603392674,0
6h,2020,weatherbridge_detail,se_aus,2020-01,u10,0.9689113673284031,0.031088632671596894,1
6h,2020,weatherbridge_detail,se_aus,2020-01,v10,0.951366204641397,0.048633795358603016,0
6h,2020,weatherbridge_detail,se_aus,2020-02,t2m,0.9771869132935554,0.022813086706444552,0
6h,2020,weatherbridge_detail,se_aus,2020-02,u10,0.9346565839096532,0.06534341609034677,1
6h,2020,weatherbridge_detail,se_aus,2020-02,v10,1.0298475149682251,0.02984751496822513,0
6h,2020,weatherbridge_detail,se_aus,2020-03,t2m,0.9824252305318888,0.017574769468111207,0
6h,2020,weatherbridge_detail,se_aus,2020-03,u10,1.0027285841736528,0.0027285841736528482,0
6h,2020,weatherbridge_detail,se_aus,2020-03,v10,0.9847028879846897,0.015297112015310255,1
6h,2020,weatherbridge_detail,se_aus,2020-04,t2m,0.9258266336585127,0.0741733663414873,1
6h,2020,weatherbridge_detail,se_aus,2020-04,u10,1.0485943320277247,0.048594332027724674,1
6h,2020,weatherbridge_detail,se_aus,2020-04,v10,1.053462216521573,0.053462216521573014,0
6h,2020,weatherbridge_detail,se_aus,2020-05,t2m,0.8878989113166994,0.1121010886833006,1
6h,2020,weatherbridge_detail,se_aus,2020-05,u10,0.9541670821796925,0.04583291782030752,1
6h,2020,weatherbridge_detail,se_aus,2020-05,v10,1.0997508269655218,0.09975082696552184,1
6h,2020,weatherbridge_detail,se_aus,2020-06,t2m,0.8744192953055726,0.1255807046944274,0
6h,2020,weatherbridge_detail,se_aus,2020-06,u10,1.0077847060805492,0.007784706080549153,1
6h,2020,weatherbridge_detail,se_aus,2020-06,v10,0.9201192745853112,0.07988072541468882,0
6h,2020,weatherbridge_detail,se_aus,2020-07,t2m,0.929244350553364,0.07075564944663604,0
6h,2020,weatherbridge_detail,se_aus,2020-07,u10,1.0175351762397506,0.01753517623975065,0
6h,2020,weatherbridge_detail,se_aus,2020-07,v10,1.089746942452799,0.08974694245279902,1
6h,2020,weatherbridge_detail,se_aus,2020-08,t2m,0.9743065510694924,0.025693448930507623,0
6h,2020,weatherbridge_detail,se_aus,2020-08,u10,0.9858302495977123,0.01416975040228774,1
6h,2020,weatherbridge_detail,se_aus,2020-08,v10,1.0719307291789215,0.07193072917892152,0
6h,2020,weatherbridge_detail,se_aus,2020-09,t2m,0.9858899863918827,0.014110013608117256,0
6h,2020,weatherbridge_detail,se_aus,2020-09,u10,0.9733918165728868,0.02660818342711324,0
6h,2020,weatherbridge_detail,se_aus,2020-09,v10,0.928438686451372,0.07156131354862805,0
6h,2020,weatherbridge_detail,se_aus,2020-10,t2m,0.9975033545514503,0.0024966454485496614,0
6h,2020,weatherbridge_detail,se_aus,2020-10,u10,0.9618781568790274,0.038121843120972554,0
6h,2020,weatherbridge_detail,se_aus,2020-10,v10,0.9308768153207196,0.06912318467928036,1
6h,2020,weatherbridge_detail,se_aus,2020-11,t2m,1.0005102029498603,0.0005102029498602612,0
6h,2020,weatherbridge_detail,se_aus,2020-11,u10,0.9723010004973792,0.02769899950262078,0
6h,2020,weatherbridge_detail,se_aus,2020-11,v10,1.0070715961764305,0.007071596176430495,0
6h,2020,weatherbridge_detail,se_aus,2020-12,t2m,0.9968366583295587,0.0031633416704412998,0
6h,2020,weatherbridge_detail,se_aus,2020-12,u10,0.9258556568889081,0.07414434311109186,1
6h,2020,weatherbridge_detail,se_aus,2020-12,v10,0.958245063977629,0.041754936022371014,2
6h,2020,weatherdcae_14m_6yr,sahel,2020-01,t2m,1.0004818518152885,0.000481851815288481,0
6h,2020,weatherdcae_14m_6yr,sahel,2020-01,u10,1.0247861204578554,0.024786120457855443,1
6h,2020,weatherdcae_14m_6yr,sahel,2020-01,v10,0.9595471862590341,0.040452813740965876,0
6h,2020,weatherdcae_14m_6yr,sahel,2020-02,t2m,1.0128623789042452,0.012862378904245242,0
6h,2020,weatherdcae_14m_6yr,sahel,2020-02,u10,1.0969597007390797,0.09695970073907967,0
6h,2020,weatherdcae_14m_6yr,sahel,2020-02,v10,0.9945175359909206,0.005482464009079369,1
6h,2020,weatherdcae_14m_6yr,sahel,2020-03,t2m,1.0122433287005632,0.012243328700563216,1
6h,2020,weatherdcae_14m_6yr,sahel,2020-03,u10,0.9935650848609664,0.0064349151390336035,1
6h,2020,weatherdcae_14m_6yr,sahel,2020-03,v10,0.9290290733964127,0.07097092660358728,0
6h,2020,weatherdcae_14m_6yr,sahel,2020-04,t2m,1.0157851815836119,0.015785181583611863,1
6h,2020,weatherdcae_14m_6yr,sahel,2020-04,u10,0.9972160311679067,0.0027839688320933087,0
6h,2020,weatherdcae_14m_6yr,sahel,2020-04,v10,0.9521661555617508,0.04783384443824923,0
6h,2020,weatherdcae_14m_6yr,sahel,2020-05,t2m,0.9949165195340736,0.005083480465926438,1
6h,2020,weatherdcae_14m_6yr,sahel,2020-05,u10,1.0092918716574044,0.009291871657404416,0
6h,2020,weatherdcae_14m_6yr,sahel,2020-05,v10,0.9513213062678377,0.04867869373216227,6
6h,2020,weatherdcae_14m_6yr,sahel,2020-06,t2m,1.0194393668694255,0.01943936686942549,0
6h,2020,weatherdcae_14m_6yr,sahel,2020-06,u10,0.9959093454291472,0.004090654570852781,0
6h,2020,weatherdcae_14m_6yr,sahel,2020-06,v10,0.9970941855225438,0.0029058144774561923,1
6h,2020,weatherdcae_14m_6yr,sahel,2020-07,t2m,0.9970067007582437,0.0029932992417562865,1
6h,2020,weatherdcae_14m_6yr,sahel,2020-07,u10,0.8961856712225948,0.10381432877740515,0
6h,2020,weatherdcae_14m_6yr,sahel,2020-07,v10,0.9574832551293473,0.04251674487065271,1
6h,2020,weatherdcae_14m_6yr,sahel,2020-08,t2m,1.001696092855975,0.001696092855975051,1
6h,2020,weatherdcae_14m_6yr,sahel,2020-08,u10,0.9379574043864419,0.06204259561355807,0
6h,2020,weatherdcae_14m_6yr,sahel,2020-08,v10,1.0075032819245295,0.007503281924529537,0
6h,2020,weatherdcae_14m_6yr,sahel,2020-09,t2m,0.9671654977267139,0.032834502273286104,1
6h,2020,weatherdcae_14m_6yr,sahel,2020-09,u10,0.9478215694964838,0.05217843050351623,0
6h,2020,weatherdcae_14m_6yr,sahel,2020-09,v10,0.9745875349265706,0.025412465073429424,0
6h,2020,weatherdcae_14m_6yr,sahel,2020-10,t2m,0.9550557146878156,0.04494428531218442,1
6h,2020,weatherdcae_14m_6yr,sahel,2020-10,u10,0.8743776331154838,0.12562236688451622,1
6h,2020,weatherdcae_14m_6yr,sahel,2020-10,v10,0.9852818836731052,0.014718116326894792,0
6h,2020,weatherdcae_14m_6yr,sahel,2020-11,t2m,0.9814390270272656,0.018560972972734402,1
6h,2020,weatherdcae_14m_6yr,sahel,2020-11,u10,0.9831396830454816,0.016860316954518395,1
6h,2020,weatherdcae_14m_6yr,sahel,2020-11,v10,0.9589717032795059,0.04102829672049413,0
6h,2020,weatherdcae_14m_6yr,sahel,2020-12,t2m,0.9710738799375356,0.028926120062464422,1
6h,2020,weatherdcae_14m_6yr,sahel,2020-12,u10,1.0369753702227016,0.03697537022270159,1
6h,2020,weatherdcae_14m_6yr,sahel,2020-12,v10,1.087028556556601,0.08702855655660091,1
6h,2020,weatherdcae_14m_6yr,amazon,2020-01,t2m,0.978785004072062,0.021214995927937963,1
6h,2020,weatherdcae_14m_6yr,amazon,2020-01,u10,1.0273991879782447,0.0273991879782447,2
6h,2020,weatherdcae_14m_6yr,amazon,2020-01,v10,1.009603969382231,0.009603969382230959,1
6h,2020,weatherdcae_14m_6yr,amazon,2020-02,t2m,0.9836160126890287,0.01638398731097135,0
6h,2020,weatherdcae_14m_6yr,amazon,2020-02,u10,0.8977886291130135,0.10221137088698651,1
6h,2020,weatherdcae_14m_6yr,amazon,2020-02,v10,0.9856854708332877,0.014314529166712275,3
6h,2020,weatherdcae_14m_6yr,amazon,2020-03,t2m,0.9879783474534246,0.01202165254657539,0
6h,2020,weatherdcae_14m_6yr,amazon,2020-03,u10,0.9513249561558191,0.048675043844180865,1
6h,2020,weatherdcae_14m_6yr,amazon,2020-03,v10,1.0198684886796654,0.019868488679665397,0
6h,2020,weatherdcae_14m_6yr,amazon,2020-04,t2m,0.9524676019226881,0.04753239807731191,1
6h,2020,weatherdcae_14m_6yr,amazon,2020-04,u10,0.90499702123788,0.09500297876212005,0
6h,2020,weatherdcae_14m_6yr,amazon,2020-04,v10,1.0434785229667027,0.04347852296670274,1
6h,2020,weatherdcae_14m_6yr,amazon,2020-05,t2m,0.9451499542050186,0.05485004579498143,1
6h,2020,weatherdcae_14m_6yr,amazon,2020-05,u10,1.0122089703185544,0.01220897031855439,0
6h,2020,weatherdcae_14m_6yr,amazon,2020-05,v10,1.0424292676951659,0.04242926769516586,1
6h,2020,weatherdcae_14m_6yr,amazon,2020-06,t2m,0.9743542717407917,0.0256457282592083,0
6h,2020,weatherdcae_14m_6yr,amazon,2020-06,u10,1.0513013594066754,0.05130135940667535,0
6h,2020,weatherdcae_14m_6yr,amazon,2020-06,v10,0.9575896546577818,0.042410345342218214,0
6h,2020,weatherdcae_14m_6yr,amazon,2020-07,t2m,0.9826645347416613,0.017335465258338734,1
6h,2020,weatherdcae_14m_6yr,amazon,2020-07,u10,1.0436165411027585,0.04361654110275848,1
6h,2020,weatherdcae_14m_6yr,amazon,2020-07,v10,0.9338336383111236,0.06616636168887635,1
6h,2020,weatherdcae_14m_6yr,amazon,2020-08,t2m,1.0132130275244287,0.013213027524428655,1
6h,2020,weatherdcae_14m_6yr,amazon,2020-08,u10,1.0293750541588012,0.02937505415880115,1
6h,2020,weatherdcae_14m_6yr,amazon,2020-08,v10,0.9298404654816245,0.07015953451837553,1
6h,2020,weatherdcae_14m_6yr,amazon,2020-09,t2m,1.0126633922205497,0.012663392220549685,0
6h,2020,weatherdcae_14m_6yr,amazon,2020-09,u10,1.0115678470229097,0.011567847022909694,0
6h,2020,weatherdcae_14m_6yr,amazon,2020-09,v10,1.1031889858543582,0.1031889858543582,0
6h,2020,weatherdcae_14m_6yr,amazon,2020-10,t2m,1.0180679815787457,0.018067981578745673,0
6h,2020,weatherdcae_14m_6yr,amazon,2020-10,u10,1.0025032831244123,0.002503283124412281,0
6h,2020,weatherdcae_14m_6yr,amazon,2020-10,v10,1.0357389483974608,0.035738948397460835,2
6h,2020,weatherdcae_14m_6yr,amazon,2020-11,t2m,0.9724047170541635,0.027595282945836463,0
6h,2020,weatherdcae_14m_6yr,amazon,2020-11,u10,0.9731443563247733,0.026855643675226748,0
6h,2020,weatherdcae_14m_6yr,amazon,2020-11,v10,0.7469255092201817,0.25307449077981825,11
6h,2020,weatherdcae_14m_6yr,amazon,2020-12,t2m,0.97339488550082,0.026605114499180016,0
6h,2020,weatherdcae_14m_6yr,amazon,2020-12,u10,0.9743241636619355,0.025675836338064473,0
6h,2020,weatherdcae_14m_6yr,amazon,2020-12,v10,0.8869151150619655,0.11308488493803448,1
6h,2020,weatherdcae_14m_6yr,congo,2020-01,t2m,0.9604391071043986,0.039560892895601385,1
6h,2020,weatherdcae_14m_6yr,congo,2020-01,u10,0.8912839978603465,0.10871600213965349,0
6h,2020,weatherdcae_14m_6yr,congo,2020-01,v10,0.9870176437368567,0.012982356263143258,0
6h,2020,weatherdcae_14m_6yr,congo,2020-02,t2m,0.9733812540302696,0.02661874596973035,1
6h,2020,weatherdcae_14m_6yr,congo,2020-02,u10,1.0732187313329735,0.07321873133297352,0
6h,2020,weatherdcae_14m_6yr,congo,2020-02,v10,0.9469603569682988,0.05303964303170117,0
6h,2020,weatherdcae_14m_6yr,congo,2020-03,t2m,0.9871220909862423,0.012877909013757738,0
6h,2020,weatherdcae_14m_6yr,congo,2020-03,u10,0.9079339091479282,0.09206609085207185,0
6h,2020,weatherdcae_14m_6yr,congo,2020-03,v10,0.8267969992844155,0.17320300071558448,0
6h,2020,weatherdcae_14m_6yr,congo,2020-04,t2m,0.9750925600681533,0.024907439931846742,0
6h,2020,weatherdcae_14m_6yr,congo,2020-04,u10,0.9452297113244527,0.05477028867554734,1
6h,2020,weatherdcae_14m_6yr,congo,2020-04,v10,0.8127748623855315,0.18722513761446846,0
6h,2020,weatherdcae_14m_6yr,congo,2020-05,t2m,0.9740339325732127,0.02596606742678731,0
6h,2020,weatherdcae_14m_6yr,congo,2020-05,u10,1.069688901036681,0.06968890103668102,0
6h,2020,weatherdcae_14m_6yr,congo,2020-05,v10,1.0,0.0,0
6h,2020,weatherdcae_14m_6yr,congo,2020-06,t2m,0.9594126108199617,0.04058738918003835,0
6h,2020,weatherdcae_14m_6yr,congo,2020-06,u10,0.9716651137050023,0.028334886294997697,0
6h,2020,weatherdcae_14m_6yr,congo,2020-06,v10,0.9447872264068373,0.05521277359316268,0
6h,2020,weatherdcae_14m_6yr,congo,2020-07,t2m,0.9830314749343504,0.01696852506564961,1
6h,2020,weatherdcae_14m_6yr,congo,2020-07,u10,1.0638114064419109,0.06381140644191086,1
6h,2020,weatherdcae_14m_6yr,congo,2020-07,v10,0.8736168933452885,0.12638310665471153,2
6h,2020,weatherdcae_14m_6yr,congo,2020-08,t2m,0.9738602031528433,0.026139796847156727,1
6h,2020,weatherdcae_14m_6yr,congo,2020-08,u10,0.9481640395231715,0.05183596047682848,2
6h,2020,weatherdcae_14m_6yr,congo,2020-08,v10,0.7891173686876467,0.2108826313123533,0
6h,2020,weatherdcae_14m_6yr,congo,2020-09,t2m,0.9729205151997549,0.027079484800245135,0
6h,2020,weatherdcae_14m_6yr,congo,2020-09,u10,0.9297523717623463,0.07024762823765374,0
6h,2020,weatherdcae_14m_6yr,congo,2020-09,v10,0.8589094136890997,0.14109058631090032,0
6h,2020,weatherdcae_14m_6yr,congo,2020-10,t2m,0.9655918009703871,0.034408199029612896,0
6h,2020,weatherdcae_14m_6yr,congo,2020-10,u10,1.009687104221789,0.009687104221788978,0
6h,2020,weatherdcae_14m_6yr,congo,2020-10,v10,0.9867265125573605,0.013273487442639453,0
6h,2020,weatherdcae_14m_6yr,congo,2020-11,t2m,0.9967866845986515,0.0032133154013485044,1
6h,2020,weatherdcae_14m_6yr,congo,2020-11,u10,0.9569805728363185,0.043019427163681456,1
6h,2020,weatherdcae_14m_6yr,congo,2020-11,v10,1.0206417001685208,0.02064170016852085,2
6h,2020,weatherdcae_14m_6yr,congo,2020-12,t2m,0.9870119858299223,0.012988014170077666,1
6h,2020,weatherdcae_14m_6yr,congo,2020-12,u10,0.8590937685802992,0.14090623141970082,0
6h,2020,weatherdcae_14m_6yr,congo,2020-12,v10,0.8698008051389773,0.13019919486102272,4
6h,2020,weatherdcae_14m_6yr,se_aus,2020-01,t2m,0.9951077134260018,0.004892286573998206,0
6h,2020,weatherdcae_14m_6yr,se_aus,2020-01,u10,0.9622698922565625,0.037730107743437546,1
6h,2020,weatherdcae_14m_6yr,se_aus,2020-01,v10,0.9664458065811328,0.03355419341886723,0
6h,2020,weatherdcae_14m_6yr,se_aus,2020-02,t2m,0.9775659872189406,0.022434012781059387,0
6h,2020,weatherdcae_14m_6yr,se_aus,2020-02,u10,0.9200288442140595,0.0799711557859405,1
6h,2020,weatherdcae_14m_6yr,se_aus,2020-02,v10,1.0081716936680074,0.008171693668007407,0
6h,2020,weatherdcae_14m_6yr,se_aus,2020-03,t2m,1.0065273541133435,0.0065273541133434865,0
6h,2020,weatherdcae_14m_6yr,se_aus,2020-03,u10,1.051235861288655,0.05123586128865498,0
6h,2020,weatherdcae_14m_6yr,se_aus,2020-03,v10,0.9405358891427554,0.05946411085724457,2
6h,2020,weatherdcae_14m_6yr,se_aus,2020-04,t2m,0.9569280356880239,0.04307196431197613,2
6h,2020,weatherdcae_14m_6yr,se_aus,2020-04,u10,0.9569597991716358,0.04304020082836424,1
6h,2020,weatherdcae_14m_6yr,se_aus,2020-04,v10,0.9529441366700325,0.04705586332996747,1
6h,2020,weatherdcae_14m_6yr,se_aus,2020-05,t2m,0.9114422717503037,0.08855772824969632,2
6h,2020,weatherdcae_14m_6yr,se_aus,2020-05,u10,0.873087647715841,0.12691235228415898,1
6h,2020,weatherdcae_14m_6yr,se_aus,2020-05,v10,0.994214022730475,0.005785977269525011,2
6h,2020,weatherdcae_14m_6yr,se_aus,2020-06,t2m,0.8895744377808823,0.1104255622191177,1
6h,2020,weatherdcae_14m_6yr,se_aus,2020-06,u10,0.9144546686765229,0.08554533132347708,0
6h,2020,weatherdcae_14m_6yr,se_aus,2020-06,v10,0.8457675650686872,0.15423243493131278,0
6h,2020,weatherdcae_14m_6yr,se_aus,2020-07,t2m,0.932315808418922,0.06768419158107797,0
6h,2020,weatherdcae_14m_6yr,se_aus,2020-07,u10,0.9130515979213139,0.08694840207868615,0
6h,2020,weatherdcae_14m_6yr,se_aus,2020-07,v10,1.0896529640544053,0.08965296405440526,1
6h,2020,weatherdcae_14m_6yr,se_aus,2020-08,t2m,0.9874527989795341,0.012547201020465915,0
6h,2020,weatherdcae_14m_6yr,se_aus,2020-08,u10,0.9259054282547284,0.07409457174527156,1
6h,2020,weatherdcae_14m_6yr,se_aus,2020-08,v10,1.0031321113684415,0.0031321113684414925,0
6h,2020,weatherdcae_14m_6yr,se_aus,2020-09,t2m,1.003065707027066,0.0030657070270661,0
6h,2020,weatherdcae_14m_6yr,se_aus,2020-09,u10,0.9350991782821335,0.06490082171786649,1
6h,2020,weatherdcae_14m_6yr,se_aus,2020-09,v10,0.9059824947376532,0.09401750526234676,0
6h,2020,weatherdcae_14m_6yr,se_aus,2020-10,t2m,1.0161801830031005,0.016180183003100534,0
6h,2020,weatherdcae_14m_6yr,se_aus,2020-10,u10,0.9592724456827406,0.040727554317259385,0
6h,2020,weatherdcae_14m_6yr,se_aus,2020-10,v10,0.9328118865436584,0.06718811345634157,0
6h,2020,weatherdcae_14m_6yr,se_aus,2020-11,t2m,1.0037621921867963,0.003762192186796298,0
6h,2020,weatherdcae_14m_6yr,se_aus,2020-11,u10,0.9808251097240366,0.01917489027596342,1
6h,2020,weatherdcae_14m_6yr,se_aus,2020-11,v10,0.9889146018730229,0.011085398126977064,2
6h,2020,weatherdcae_14m_6yr,se_aus,2020-12,t2m,0.9880334600311165,0.011966539968883527,0
6h,2020,weatherdcae_14m_6yr,se_aus,2020-12,u10,0.941780795458233,0.05821920454176699,1
6h,2020,weatherdcae_14m_6yr,se_aus,2020-12,v10,0.9410175053508314,0.058982494649168604,0
6h,2021,flow_spectral,sahel,2021-01,t2m,0.9774488615277142,0.022551138472285848,1
6h,2021,flow_spectral,sahel,2021-01,u10,1.0334462118441223,0.03344621184412233,0
6h,2021,flow_spectral,sahel,2021-01,v10,1.001367583759443,0.001367583759442903,0
6h,2021,flow_spectral,sahel,2021-02,t2m,0.9839291171486151,0.016070882851384916,0
6h,2021,flow_spectral,sahel,2021-02,u10,1.0278484837147028,0.027848483714702832,1
6h,2021,flow_spectral,sahel,2021-02,v10,1.0098699237078579,0.009869923707857886,0
6h,2021,flow_spectral,sahel,2021-03,t2m,0.990107954181713,0.009892045818286954,0
6h,2021,flow_spectral,sahel,2021-03,u10,1.015208613680076,0.015208613680075977,0
6h,2021,flow_spectral,sahel,2021-03,v10,0.9164332416984857,0.08356675830151428,0
6h,2021,flow_spectral,sahel,2021-04,t2m,0.9787797821797946,0.021220217820205445,0
6h,2021,flow_spectral,sahel,2021-04,u10,0.9251813456642501,0.07481865433574986,0
6h,2021,flow_spectral,sahel,2021-04,v10,1.013085986149889,0.013085986149889095,0
6h,2021,flow_spectral,sahel,2021-05,t2m,0.9812492784393453,0.018750721560654715,0
6h,2021,flow_spectral,sahel,2021-05,u10,0.9789491787551666,0.021050821244833373,1
6h,2021,flow_spectral,sahel,2021-05,v10,1.0464660977157745,0.04646609771577448,6
6h,2021,flow_spectral,sahel,2021-06,t2m,0.9854360082813578,0.0145639917186422,0
6h,2021,flow_spectral,sahel,2021-06,u10,1.0263320593226688,0.0263320593226688,0
6h,2021,flow_spectral,sahel,2021-06,v10,1.0345585357242957,0.03455853572429568,0
6h,2021,flow_spectral,sahel,2021-07,t2m,1.0033881655622523,0.003388165562252299,0
6h,2021,flow_spectral,sahel,2021-07,u10,0.8920639159293279,0.10793608407067212,1
6h,2021,flow_spectral,sahel,2021-07,v10,0.9809497062401548,0.019050293759845238,1
6h,2021,flow_spectral,sahel,2021-08,t2m,0.9415954543420876,0.05840454565791242,0
6h,2021,flow_spectral,sahel,2021-08,u10,0.915595592067604,0.08440440793239601,1
6h,2021,flow_spectral,sahel,2021-08,v10,0.9328639756218725,0.06713602437812749,0
6h,2021,flow_spectral,sahel,2021-09,t2m,0.9522896822089935,0.04771031779100654,1
6h,2021,flow_spectral,sahel,2021-09,u10,1.0202537875728421,0.02025378757284213,0
6h,2021,flow_spectral,sahel,2021-09,v10,1.0071749333693916,0.007174933369391567,0
6h,2021,flow_spectral,sahel,2021-10,t2m,0.9742649082442563,0.025735091755743733,1
6h,2021,flow_spectral,sahel,2021-10,u10,0.9377511203307272,0.06224887966927284,0
6h,2021,flow_spectral,sahel,2021-10,v10,1.0138671190039328,0.013867119003932782,1
6h,2021,flow_spectral,sahel,2021-11,t2m,0.9552418525286508,0.04475814747134921,1
6h,2021,flow_spectral,sahel,2021-11,u10,0.9433757253173946,0.05662427468260545,1
6h,2021,flow_spectral,sahel,2021-11,v10,1.0,0.0,0
6h,2021,flow_spectral,sahel,2021-12,t2m,0.9679420658066594,0.032057934193340576,1
6h,2021,flow_spectral,sahel,2021-12,u10,0.9833841646651142,0.016615835334885753,0
6h,2021,flow_spectral,sahel,2021-12,v10,1.0354314571928234,0.03543145719282337,0
6h,2021,flow_spectral,amazon,2021-01,t2m,1.0031835051546392,0.0031835051546391657,1
6h,2021,flow_spectral,amazon,2021-01,u10,1.1619303636085687,0.16193036360856872,0
6h,2021,flow_spectral,amazon,2021-01,v10,0.9962273098714857,0.0037726901285143333,0
6h,2021,flow_spectral,amazon,2021-02,t2m,0.9945174288052716,0.005482571194728392,0
6h,2021,flow_spectral,amazon,2021-02,u10,1.0662430618180128,0.06624306181801276,1
6h,2021,flow_spectral,amazon,2021-02,v10,0.9783172062058638,0.02168279379413618,0
6h,2021,flow_spectral,amazon,2021-03,t2m,0.9794675787008175,0.020532421299182535,0
6h,2021,flow_spectral,amazon,2021-03,u10,1.0953907236633182,0.09539072366331824,0
6h,2021,flow_spectral,amazon,2021-03,v10,0.9582075926831984,0.04179240731680156,0
6h,2021,flow_spectral,amazon,2021-04,t2m,0.9761717109539945,0.023828289046005535,0
6h,2021,flow_spectral,amazon,2021-04,u10,1.0716318434723755,0.0716318434723755,0
6h,2021,flow_spectral,amazon,2021-04,v10,1.061348091049996,0.061348091049995945,0
6h,2021,flow_spectral,amazon,2021-05,t2m,0.9784864288125075,0.02151357118749253,0
6h,2021,flow_spectral,amazon,2021-05,u10,1.1336768689865981,0.13367686898659814,0
6h,2021,flow_spectral,amazon,2021-05,v10,1.0892591057638465,0.08925910576384655,0
6h,2021,flow_spectral,amazon,2021-06,t2m,0.9890682954149187,0.010931704585081303,1
6h,2021,flow_spectral,amazon,2021-06,u10,1.05526490871411,0.05526490871410994,0
6h,2021,flow_spectral,amazon,2021-06,v10,1.0075412711121279,0.007541271112127879,1
6h,2021,flow_spectral,amazon,2021-07,t2m,0.9916421042114203,0.008357895788579706,0
6h,2021,flow_spectral,amazon,2021-07,u10,1.0341513207957842,0.0341513207957842,0
6h,2021,flow_spectral,amazon,2021-07,v10,0.9974836835015075,0.002516316498492488,1
6h,2021,flow_spectral,amazon,2021-08,t2m,0.9790554129967404,0.02094458700325963,0
6h,2021,flow_spectral,amazon,2021-08,u10,1.0180060741027932,0.0180060741027932,0
6h,2021,flow_spectral,amazon,2021-08,v10,1.0112591514857774,0.011259151485777386,0
6h,2021,flow_spectral,amazon,2021-09,t2m,0.9915229691636785,0.008477030836321453,0
6h,2021,flow_spectral,amazon,2021-09,u10,0.9951083472491312,0.00489165275086878,0
6h,2021,flow_spectral,amazon,2021-09,v10,1.1336316462230884,0.13363164622308843,0
6h,2021,flow_spectral,amazon,2021-10,t2m,1.0064198708223158,0.006419870822315765,1
6h,2021,flow_spectral,amazon,2021-10,u10,0.9689559196410833,0.031044080358916704,1
6h,2021,flow_spectral,amazon,2021-10,v10,1.086360759929572,0.08636075992957193,0
6h,2021,flow_spectral,amazon,2021-11,t2m,0.9728442139777265,0.02715578602227353,1
6h,2021,flow_spectral,amazon,2021-11,u10,0.9812756697946416,0.018724330205358353,0
6h,2021,flow_spectral,amazon,2021-11,v10,0.9009119804748704,0.09908801952512958,0
6h,2021,flow_spectral,amazon,2021-12,t2m,0.9939575728654739,0.006042427134526074,1
6h,2021,flow_spectral,amazon,2021-12,u10,1.1024351203870497,0.10243512038704972,1
6h,2021,flow_spectral,amazon,2021-12,v10,1.0805551931397974,0.08055519313979742,1
6h,2021,flow_spectral,congo,2021-01,t2m,0.9873051040822738,0.012694895917726212,1
6h,2021,flow_spectral,congo,2021-01,u10,0.8243994040566225,0.1756005959433775,1
6h,2021,flow_spectral,congo,2021-01,v10,0.9374895253844504,0.0625104746155496,1
6h,2021,flow_spectral,congo,2021-02,t2m,0.9651488478562872,0.034851152143712816,0
6h,2021,flow_spectral,congo,2021-02,u10,1.0558282385589595,0.055828238558959464,0
6h,2021,flow_spectral,congo,2021-02,v10,0.945451341375524,0.054548658624476,1
6h,2021,flow_spectral,congo,2021-03,t2m,0.9746668995202531,0.025333100479746906,1
6h,2021,flow_spectral,congo,2021-03,u10,0.8857307953717343,0.11426920462826573,0
6h,2021,flow_spectral,congo,2021-03,v10,0.992919769993433,0.00708023000656699,1
6h,2021,flow_spectral,congo,2021-04,t2m,0.9728548242513753,0.02714517574862474,0
6h,2021,flow_spectral,congo,2021-04,u10,0.8431517318336228,0.1568482681663772,1
6h,2021,flow_spectral,congo,2021-04,v10,0.8858868483014645,0.11411315169853553,0
6h,2021,flow_spectral,congo,2021-05,t2m,0.9902656299236069,0.009734370076393106,0
6h,2021,flow_spectral,congo,2021-05,u10,0.9524449954838416,0.04755500451615835,0
6h,2021,flow_spectral,congo,2021-05,v10,0.9094134948176478,0.09058650518235223,0
6h,2021,flow_spectral,congo,2021-06,t2m,0.9746413152500981,0.025358684749901883,1
6h,2021,flow_spectral,congo,2021-06,u10,0.8438681571066872,0.15613184289331283,1
6h,2021,flow_spectral,congo,2021-06,v10,0.8272899081618584,0.17271009183814157,2
6h,2021,flow_spectral,congo,2021-07,t2m,0.9841952062582435,0.015804793741756473,1
6h,2021,flow_spectral,congo,2021-07,u10,1.0096961792649048,0.009696179264904847,2
6h,2021,flow_spectral,congo,2021-07,v10,0.8571733031360937,0.14282669686390626,1
6h,2021,flow_spectral,congo,2021-08,t2m,0.9958026685934881,0.004197331406511906,1
6h,2021,flow_spectral,congo,2021-08,u10,0.9769951380818387,0.023004861918161312,0
6h,2021,flow_spectral,congo,2021-08,v10,0.8201281164623003,0.17987188353769967,1
6h,2021,flow_spectral,congo,2021-09,t2m,0.9998258613333798,0.00017413866662019384,0
6h,2021,flow_spectral,congo,2021-09,u10,0.9516279117754657,0.048372088224534315,0
6h,2021,flow_spectral,congo,2021-09,v10,0.8434930532285523,0.15650694677144772,0
6h,2021,flow_spectral,congo,2021-10,t2m,0.9953529394634039,0.004647060536596137,0
6h,2021,flow_spectral,congo,2021-10,u10,0.9575478850855456,0.04245211491445444,0
6h,2021,flow_spectral,congo,2021-10,v10,0.8429952518000067,0.15700474819999333,3
6h,2021,flow_spectral,congo,2021-11,t2m,1.0098198810908054,0.009819881090805449,1
6h,2021,flow_spectral,congo,2021-11,u10,1.0156436834187925,0.01564368341879252,0
6h,2021,flow_spectral,congo,2021-11,v10,0.8381063333764496,0.16189366662355043,1
6h,2021,flow_spectral,congo,2021-12,t2m,0.9810859340956559,0.01891406590434408,0
6h,2021,flow_spectral,congo,2021-12,u10,1.0035292459938483,0.0035292459938482956,0
6h,2021,flow_spectral,congo,2021-12,v10,1.039052011483412,0.039052011483412086,0
6h,2021,flow_spectral,se_aus,2021-01,t2m,0.9951058612663521,0.004894138733647857,0
6h,2021,flow_spectral,se_aus,2021-01,u10,0.9376884182889973,0.062311581711002706,0
6h,2021,flow_spectral,se_aus,2021-01,v10,0.964977249172747,0.035022750827253035,0
6h,2021,flow_spectral,se_aus,2021-02,t2m,0.9757841334295778,0.024215866570422184,0
6h,2021,flow_spectral,se_aus,2021-02,u10,0.9160059878460463,0.08399401215395375,0
6h,2021,flow_spectral,se_aus,2021-02,v10,0.9701688696317308,0.029831130368269232,0
6h,2021,flow_spectral,se_aus,2021-03,t2m,0.9669552433845149,0.033044756615485116,0
6h,2021,flow_spectral,se_aus,2021-03,u10,0.9783895822710804,0.021610417728919584,0
6h,2021,flow_spectral,se_aus,2021-03,v10,1.0154881445500303,0.015488144550030336,0
6h,2021,flow_spectral,se_aus,2021-04,t2m,0.9857222025858872,0.014277797414112836,0
6h,2021,flow_spectral,se_aus,2021-04,u10,0.9863234960073045,0.013676503992695488,1
6h,2021,flow_spectral,se_aus,2021-04,v10,1.0064147210037757,0.006414721003775714,0
6h,2021,flow_spectral,se_aus,2021-05,t2m,0.948577313958827,0.05142268604117295,0
6h,2021,flow_spectral,se_aus,2021-05,u10,0.9456540867754074,0.05434591322459259,1
6h,2021,flow_spectral,se_aus,2021-05,v10,1.021816402058762,0.021816402058761897,1
6h,2021,flow_spectral,se_aus,2021-06,t2m,0.9559157703378276,0.0440842296621724,0
6h,2021,flow_spectral,se_aus,2021-06,u10,1.0210229065561087,0.021022906556108722,1
6h,2021,flow_spectral,se_aus,2021-06,v10,0.8932899026962997,0.10671009730370029,1
6h,2021,flow_spectral,se_aus,2021-07,t2m,0.9425465890941507,0.05745341090584932,0
6h,2021,flow_spectral,se_aus,2021-07,u10,0.8835893544835801,0.11641064551641989,1
6h,2021,flow_spectral,se_aus,2021-07,v10,0.9336643992647974,0.06633560073520262,3
6h,2021,flow_spectral,se_aus,2021-08,t2m,0.9715310313802772,0.028468968619722812,0
6h,2021,flow_spectral,se_aus,2021-08,u10,0.961873037041888,0.03812696295811202,0
6h,2021,flow_spectral,se_aus,2021-08,v10,1.0097492734260338,0.009749273426033822,2
6h,2021,flow_spectral,se_aus,2021-09,t2m,0.9572721884551466,0.04272781154485339,0
6h,2021,flow_spectral,se_aus,2021-09,u10,1.0110973657887992,0.011097365788799163,1
6h,2021,flow_spectral,se_aus,2021-09,v10,0.8544385731342607,0.14556142686573925,1
6h,2021,flow_spectral,se_aus,2021-10,t2m,0.9681982125526891,0.03180178744731088,0
6h,2021,flow_spectral,se_aus,2021-10,u10,0.986244456642724,0.013755543357276023,0
6h,2021,flow_spectral,se_aus,2021-10,v10,0.8291841396962933,0.17081586030370666,1
6h,2021,flow_spectral,se_aus,2021-11,t2m,0.9515737259744956,0.04842627402550437,0
6h,2021,flow_spectral,se_aus,2021-11,u10,0.9662797087698061,0.03372029123019393,1
6h,2021,flow_spectral,se_aus,2021-11,v10,0.9541294765614099,0.045870523438590105,0
6h,2021,flow_spectral,se_aus,2021-12,t2m,0.9803657779366662,0.01963422206333376,0
6h,2021,flow_spectral,se_aus,2021-12,u10,0.977630890417861,0.022369109582139002,0
6h,2021,flow_spectral,se_aus,2021-12,v10,0.9421349038455423,0.057865096154457674,0
6h,2021,linear,sahel,2021-01,t2m,0.8921105746045166,0.10788942539548341,2
6h,2021,linear,sahel,2021-01,u10,0.9625808876355985,0.03741911236440154,1
6h,2021,linear,sahel,2021-01,v10,0.9806382994071905,0.019361700592809505,0
6h,2021,linear,sahel,2021-02,t2m,0.8615360943053083,0.1384639056946917,3
6h,2021,linear,sahel,2021-02,u10,0.9228275374580541,0.07717246254194587,0
6h,2021,linear,sahel,2021-02,v10,0.9393427713773993,0.0606572286226007,0
6h,2021,linear,sahel,2021-03,t2m,0.8684964896515259,0.13150351034847407,3
6h,2021,linear,sahel,2021-03,u10,0.9522126104472445,0.04778738955275552,1
6h,2021,linear,sahel,2021-03,v10,0.5511162834796738,0.4488837165203262,3
6h,2021,linear,sahel,2021-04,t2m,0.8727715895920516,0.1272284104079484,3
6h,2021,linear,sahel,2021-04,u10,0.5130689113524151,0.48693108864758494,3
6h,2021,linear,sahel,2021-04,v10,0.654701219891092,0.345298780108908,3
6h,2021,linear,sahel,2021-05,t2m,0.8162885454181954,0.1837114545818046,3
6h,2021,linear,sahel,2021-05,u10,0.6547804228654907,0.34521957713450935,2
6h,2021,linear,sahel,2021-05,v10,0.8094303239141386,0.1905696760858614,8
6h,2021,linear,sahel,2021-06,t2m,0.8055150457688252,0.19448495423117484,3
6h,2021,linear,sahel,2021-06,u10,0.673091339121409,0.32690866087859105,3
6h,2021,linear,sahel,2021-06,v10,0.8527772882163911,0.1472227117836089,1
6h,2021,linear,sahel,2021-07,t2m,0.8291681928673704,0.17083180713262958,3
6h,2021,linear,sahel,2021-07,u10,0.7150285952755568,0.28497140472444316,2
6h,2021,linear,sahel,2021-07,v10,0.5955491593153762,0.4044508406846238,8
6h,2021,linear,sahel,2021-08,t2m,0.8151089436714241,0.18489105632857594,3
6h,2021,linear,sahel,2021-08,u10,0.754948678981783,0.24505132101821703,2
6h,2021,linear,sahel,2021-08,v10,0.49878533435110806,0.5012146656488919,9
6h,2021,linear,sahel,2021-09,t2m,0.8570936851220475,0.14290631487795247,2
6h,2021,linear,sahel,2021-09,u10,0.6137282693597699,0.3862717306402301,3
6h,2021,linear,sahel,2021-09,v10,0.7703408391364531,0.22965916086354687,1
6h,2021,linear,sahel,2021-10,t2m,0.913242109666553,0.08675789033344705,2
6h,2021,linear,sahel,2021-10,u10,0.586959597007996,0.41304040299200395,3
6h,2021,linear,sahel,2021-10,v10,0.9129129958644523,0.08708700413554771,1
6h,2021,linear,sahel,2021-11,t2m,0.9351973989406976,0.06480260105930236,2
6h,2021,linear,sahel,2021-11,u10,0.7714932449136891,0.2285067550863109,3
6h,2021,linear,sahel,2021-11,v10,1.0,0.0,0
6h,2021,linear,sahel,2021-12,t2m,0.8917535918126354,0.10824640818736464,2
6h,2021,linear,sahel,2021-12,u10,0.8905165315331262,0.10948346846687385,0
6h,2021,linear,sahel,2021-12,v10,0.8830919612770973,0.11690803872290267,0
6h,2021,linear,amazon,2021-01,t2m,0.9438790378006873,0.05612096219931273,0
6h,2021,linear,amazon,2021-01,u10,0.8866696696865212,0.11333033031347883,1
6h,2021,linear,amazon,2021-01,v10,0.8692284064217798,0.1307715935782202,3
6h,2021,linear,amazon,2021-02,t2m,0.9185851293781873,0.08141487062181274,1
6h,2021,linear,amazon,2021-02,u10,0.8328445178157926,0.1671554821842074,0
6h,2021,linear,amazon,2021-02,v10,0.9066028432210084,0.09339715677899163,1
6h,2021,linear,amazon,2021-03,t2m,0.9024651723756197,0.09753482762438026,1
6h,2021,linear,amazon,2021-03,u10,0.7696521581121971,0.23034784188780288,1
6h,2021,linear,amazon,2021-03,v10,0.861278791660414,0.138721208339586,3
6h,2021,linear,amazon,2021-04,t2m,0.9114924608950278,0.08850753910497222,1
6h,2021,linear,amazon,2021-04,u10,0.7382438198175788,0.2617561801824212,1
6h,2021,linear,amazon,2021-04,v10,0.6614424304356032,0.33855756956439675,3
6h,2021,linear,amazon,2021-05,t2m,0.9298304826399852,0.07016951736001475,0
6h,2021,linear,amazon,2021-05,u10,0.7417589174959821,0.2582410825040179,1
6h,2021,linear,amazon,2021-05,v10,0.8875035067994405,0.11249649320055954,0
6h,2021,linear,amazon,2021-06,t2m,0.9336753563767396,0.0663246436232604,1
6h,2021,linear,amazon,2021-06,u10,0.9069017829197581,0.09309821708024191,1
6h,2021,linear,amazon,2021-06,v10,0.7827491358165898,0.21725086418341022,0
6h,2021,linear,amazon,2021-07,t2m,0.935514812409452,0.064485187590548,0
6h,2021,linear,amazon,2021-07,u10,0.9753820225606546,0.02461797743934535,1
6h,2021,linear,amazon,2021-07,v10,0.8556438334683637,0.1443561665316363,4
6h,2021,linear,amazon,2021-08,t2m,0.9254542617379846,0.07454573826201538,0
6h,2021,linear,amazon,2021-08,u10,0.7521707746451126,0.24782922535488738,3
6h,2021,linear,amazon,2021-08,v10,0.7876987875406216,0.21230121245937839,3
6h,2021,linear,amazon,2021-09,t2m,0.9188766914287346,0.08112330857126537,1
6h,2021,linear,amazon,2021-09,u10,0.9132601956391234,0.08673980436087658,1
6h,2021,linear,amazon,2021-09,v10,0.6149156148297549,0.3850843851702451,3
6h,2021,linear,amazon,2021-10,t2m,0.9282066842949412,0.07179331570505876,0
6h,2021,linear,amazon,2021-10,u10,0.8326731864490637,0.16732681355093626,2
6h,2021,linear,amazon,2021-10,v10,0.5858012327343058,0.41419876726569416,0
6h,2021,linear,amazon,2021-11,t2m,0.9048211284760588,0.09517887152394122,2
6h,2021,linear,amazon,2021-11,u10,0.6515482504711391,0.34845174952886093,1
6h,2021,linear,amazon,2021-11,v10,0.6043836789923296,0.3956163210076704,3
6h,2021,linear,amazon,2021-12,t2m,0.9311349227498931,0.06886507725010693,0
6h,2021,linear,amazon,2021-12,u10,0.6605590660995097,0.33944093390049035,2
6h,2021,linear,amazon,2021-12,v10,0.7793531173884228,0.22064688261157717,2
6h,2021,linear,congo,2021-01,t2m,0.9169160562821382,0.08308394371786176,0
6h,2021,linear,congo,2021-01,u10,0.6810714670772958,0.3189285329227042,10
6h,2021,linear,congo,2021-01,v10,0.8240517332423453,0.17594826675765474,3
6h,2021,linear,congo,2021-02,t2m,0.8803283483034213,0.11967165169657867,1
6h,2021,linear,congo,2021-02,u10,0.684525124352766,0.315474875647234,9
6h,2021,linear,congo,2021-02,v10,0.825007007134869,0.17499299286513104,3
6h,2021,linear,congo,2021-03,t2m,0.8926373750552171,0.10736262494478288,0
6h,2021,linear,congo,2021-03,u10,0.6877936729804909,0.3122063270195091,3
6h,2021,linear,congo,2021-03,v10,0.47212363653836914,0.5278763634616308,8
6h,2021,linear,congo,2021-04,t2m,0.9048931607899506,0.09510683921004937,0
6h,2021,linear,congo,2021-04,u10,0.5845325536294097,0.4154674463705903,2
6h,2021,linear,congo,2021-04,v10,0.12285208411655887,0.8771479158834411,3
6h,2021,linear,congo,2021-05,t2m,0.9357642289578347,0.06423577104216527,0
6h,2021,linear,congo,2021-05,u10,0.8142207217326284,0.18577927826737162,1
6h,2021,linear,congo,2021-05,v10,0.9094134948176478,0.09058650518235223,0
6h,2021,linear,congo,2021-06,t2m,0.9125746805634294,0.08742531943657061,0
6h,2021,linear,congo,2021-06,u10,0.733177942427978,0.26682205757202204,2
6h,2021,linear,congo,2021-06,v10,0.8272899081618584,0.17271009183814157,2
6h,2021,linear,congo,2021-07,t2m,0.9217264747350707,0.07827352526492926,0
6h,2021,linear,congo,2021-07,u10,0.8630043201515621,0.13699567984843786,3
6h,2021,linear,congo,2021-07,v10,0.7751839905001209,0.22481600949987912,2
6h,2021,linear,congo,2021-08,t2m,0.9294937628629535,0.07050623713704651,0
6h,2021,linear,congo,2021-08,u10,0.8681475503989574,0.1318524496010426,1
6h,2021,linear,congo,2021-08,v10,0.7329609739533736,0.26703902604662644,2
6h,2021,linear,congo,2021-09,t2m,0.9387206032163412,0.06127939678365879,0
6h,2021,linear,congo,2021-09,u10,0.916227015636224,0.083772984363776,1
6h,2021,linear,congo,2021-09,v10,0.728374795621286,0.27162520437871396,0
6h,2021,linear,congo,2021-10,t2m,0.9362433279110693,0.06375667208893065,0
6h,2021,linear,congo,2021-10,u10,0.8565582618594336,0.14344173814056638,0
6h,2021,linear,congo,2021-10,v10,0.7412737659816798,0.2587262340183202,4
6h,2021,linear,congo,2021-11,t2m,0.953112042298326,0.04688795770167398,1
6h,2021,linear,congo,2021-11,u10,0.8439068950091879,0.15609310499081208,1
6h,2021,linear,congo,2021-11,v10,0.624316250205307,0.375683749794693,2
6h,2021,linear,congo,2021-12,t2m,0.9215075656263617,0.07849243437363829,0
6h,2021,linear,congo,2021-12,u10,0.8457882126050422,0.15421178739495778,3
6h,2021,linear,congo,2021-12,v10,0.8134978029649124,0.18650219703508764,1
6h,2021,linear,se_aus,2021-01,t2m,0.9631694900486676,0.03683050995133241,1
6h,2021,linear,se_aus,2021-01,u10,0.8117517371829907,0.18824826281700935,3
6h,2021,linear,se_aus,2021-01,v10,0.8728802724234865,0.12711972757651346,1
6h,2021,linear,se_aus,2021-02,t2m,0.9441076170046703,0.055892382995329726,1
6h,2021,linear,se_aus,2021-02,u10,0.7957266556087951,0.20427334439120493,2
6h,2021,linear,se_aus,2021-02,v10,0.8978870961079956,0.10211290389200445,1
6h,2021,linear,se_aus,2021-03,t2m,0.9266742894478929,0.07332571055210713,1
6h,2021,linear,se_aus,2021-03,u10,0.9231555227928939,0.07684447720710608,1
6h,2021,linear,se_aus,2021-03,v10,0.9183481427324611,0.08165185726753887,1
6h,2021,linear,se_aus,2021-04,t2m,0.9318051901015417,0.06819480989845828,1
6h,2021,linear,se_aus,2021-04,u10,0.8420604112701098,0.15793958872989022,2
6h,2021,linear,se_aus,2021-04,v10,0.9409517863124386,0.05904821368756141,0
6h,2021,linear,se_aus,2021-05,t2m,0.8890118753645129,0.11098812463548713,1
6h,2021,linear,se_aus,2021-05,u10,0.7988362701846771,0.20116372981532293,2
6h,2021,linear,se_aus,2021-05,v10,0.9271636736136076,0.07283632638639237,0
6h,2021,linear,se_aus,2021-06,t2m,0.8983667698256397,0.10163323017436032,1
6h,2021,linear,se_aus,2021-06,u10,0.771165378141899,0.228834621858101,2
6h,2021,linear,se_aus,2021-06,v10,0.718020801653753,0.28197919834624696,2
6h,2021,linear,se_aus,2021-07,t2m,0.8958376244711349,0.10416237552886509,1
6h,2021,linear,se_aus,2021-07,u10,0.6981033353324325,0.3018966646675675,2
6h,2021,linear,se_aus,2021-07,v10,0.5874922173352574,0.41250778266474264,4
6h,2021,linear,se_aus,2021-08,t2m,0.9275930200162051,0.07240697998379486,1
6h,2021,linear,se_aus,2021-08,u10,0.8323062418196251,0.1676937581803749,1
6h,2021,linear,se_aus,2021-08,v10,0.6543042950229054,0.34569570497709456,1
6h,2021,linear,se_aus,2021-09,t2m,0.925898636791521,0.07410136320847904,1
6h,2021,linear,se_aus,2021-09,u10,0.8660799267493374,0.13392007325066257,2
6h,2021,linear,se_aus,2021-09,v10,0.709701394226222,0.290298605773778,1
6h,2021,linear,se_aus,2021-10,t2m,0.9509948771431744,0.04900512285682557,1
6h,2021,linear,se_aus,2021-10,u10,0.908584493697924,0.09141550630207596,1
6h,2021,linear,se_aus,2021-10,v10,0.7172658411528033,0.28273415884719666,3
6h,2021,linear,se_aus,2021-11,t2m,0.928726895601209,0.07127310439879098,2
6h,2021,linear,se_aus,2021-11,u10,0.8513366278341685,0.14866337216583148,2
6h,2021,linear,se_aus,2021-11,v10,0.7606805440412381,0.23931945595876192,3
6h,2021,linear,se_aus,2021-12,t2m,0.9533205072722826,0.04667949272771743,1
6h,2021,linear,se_aus,2021-12,u10,0.8320496624565297,0.16795033754347033,2
6h,2021,linear,se_aus,2021-12,v10,0.8220368167118881,0.1779631832881119,1
6h,2021,refine,sahel,2021-01,t2m,0.9593472216433773,0.04065277835662273,1
6h,2021,refine,sahel,2021-01,u10,1.0131591495832404,0.013159149583240382,0
6h,2021,refine,sahel,2021-01,v10,0.9864261680052476,0.013573831994752372,0
6h,2021,refine,sahel,2021-02,t2m,0.9697004019857798,0.03029959801422022,0
6h,2021,refine,sahel,2021-02,u10,1.0151079376918766,0.015107937691876572,0
6h,2021,refine,sahel,2021-02,v10,0.970538804969445,0.029461195030555,0
6h,2021,refine,sahel,2021-03,t2m,0.9816219445979044,0.018378055402095583,0
6h,2021,refine,sahel,2021-03,u10,0.9891456643889033,0.010854335611096722,0
6h,2021,refine,sahel,2021-03,v10,0.9732292745319306,0.026770725468069356,0
6h,2021,refine,sahel,2021-04,t2m,0.9724407010590203,0.02755929894097975,0
6h,2021,refine,sahel,2021-04,u10,1.0241110311993964,0.024111031199396393,0
6h,2021,refine,sahel,2021-04,v10,1.1039633315683002,0.10396333156830018,1
6h,2021,refine,sahel,2021-05,t2m,0.9502158346309693,0.04978416536903074,0
6h,2021,refine,sahel,2021-05,u10,0.9705985744728096,0.029401425527190383,1
6h,2021,refine,sahel,2021-05,v10,1.0823773636948795,0.08237736369487947,0
6h,2021,refine,sahel,2021-06,t2m,0.9727535514785349,0.027246448521465072,0
6h,2021,refine,sahel,2021-06,u10,1.0506304240740545,0.05063042407405449,0
6h,2021,refine,sahel,2021-06,v10,1.0366535873363896,0.03665358733638957,0
6h,2021,refine,sahel,2021-07,t2m,0.9659435250241417,0.034056474975858286,0
6h,2021,refine,sahel,2021-07,u10,0.899989866067115,0.10001013393288505,1
6h,2021,refine,sahel,2021-07,v10,1.0775973064004205,0.07759730640042051,0
6h,2021,refine,sahel,2021-08,t2m,0.940414299136504,0.059585700863496016,0
6h,2021,refine,sahel,2021-08,u10,0.9171811104927914,0.08281888950720862,1
6h,2021,refine,sahel,2021-08,v10,0.9647801653749275,0.0352198346250725,1
6h,2021,refine,sahel,2021-09,t2m,0.9674165486106834,0.03258345138931662,0
6h,2021,refine,sahel,2021-09,u10,1.0429820308227793,0.042982030822779294,0
6h,2021,refine,sahel,2021-09,v10,1.053233319218438,0.05323331921843799,7
6h,2021,refine,sahel,2021-10,t2m,0.9684111449927895,0.03158885500721054,0
6h,2021,refine,sahel,2021-10,u10,0.9611919469375052,0.038808053062494796,0
6h,2021,refine,sahel,2021-10,v10,1.0416605804292682,0.041660580429268235,1
6h,2021,refine,sahel,2021-11,t2m,0.9451006256580301,0.0548993743419699,0
6h,2021,refine,sahel,2021-11,u10,0.9726656777627504,0.02733432223724963,0
6h,2021,refine,sahel,2021-11,v10,1.0200582626727415,0.020058262672741467,9
6h,2021,refine,sahel,2021-12,t2m,0.958530890483262,0.04146910951673799,0
6h,2021,refine,sahel,2021-12,u10,0.9893177201242672,0.01068227987573278,0
6h,2021,refine,sahel,2021-12,v10,0.9935161856873961,0.006483814312603919,0
6h,2021,refine,amazon,2021-01,t2m,1.0264302405498282,0.026430240549828232,1
6h,2021,refine,amazon,2021-01,u10,1.1234521736779357,0.1234521736779357,0
6h,2021,refine,amazon,2021-01,v10,1.0003926443398075,0.0003926443398074575,0
6h,2021,refine,amazon,2021-02,t2m,1.0101991563660784,0.010199156366078377,0
6h,2021,refine,amazon,2021-02,u10,1.0268569011986635,0.026856901198663463,2
6h,2021,refine,amazon,2021-02,v10,1.0000245396138385,2.4539613838525653e-05,0
6h,2021,refine,amazon,2021-03,t2m,0.9889821768794682,0.011017823120531789,0
6h,2021,refine,amazon,2021-03,u10,1.0603606554759972,0.06036065547599723,0
6h,2021,refine,amazon,2021-03,v10,0.9562206263928542,0.04377937360714579,0
6h,2021,refine,amazon,2021-04,t2m,0.9983374274422271,0.0016625725577729122,0
6h,2021,refine,amazon,2021-04,u10,1.096178389262866,0.09617838926286604,0
6h,2021,refine,amazon,2021-04,v10,1.0230234361617363,0.0230234361617363,0
6h,2021,refine,amazon,2021-05,t2m,0.9919650731091247,0.00803492689087526,0
6h,2021,refine,amazon,2021-05,u10,1.0870582544780305,0.0870582544780305,0
6h,2021,refine,amazon,2021-05,v10,1.0407631693649675,0.04076316936496749,0
6h,2021,refine,amazon,2021-06,t2m,1.0130345651094228,0.013034565109422802,1
6h,2021,refine,amazon,2021-06,u10,1.0745007875986687,0.07450078759866874,0
6h,2021,refine,amazon,2021-06,v10,1.0672223493080177,0.06722234930801774,0
6h,2021,refine,amazon,2021-07,t2m,1.0259429484937803,0.025942948493780316,0
6h,2021,refine,amazon,2021-07,u10,1.0329767861659895,0.032976786165989536,0
6h,2021,refine,amazon,2021-07,v10,0.9785747604894038,0.02142523951059616,1
6h,2021,refine,amazon,2021-08,t2m,1.0010879742007075,0.0010879742007074977,0
6h,2021,refine,amazon,2021-08,u10,1.001304340288449,0.0013043402884489463,2
6h,2021,refine,amazon,2021-08,v10,1.0584543530444985,0.05845435304449853,0
6h,2021,refine,amazon,2021-09,t2m,0.9881860051482256,0.011813994851774368,0
6h,2021,refine,amazon,2021-09,u10,1.0202566341072656,0.020256634107265636,0
6h,2021,refine,amazon,2021-09,v10,1.2353280436592897,0.23532804365928972,0
6h,2021,refine,amazon,2021-10,t2m,1.006961723525077,0.006961723525076957,1
6h,2021,refine,amazon,2021-10,u10,1.0571706532579388,0.0571706532579388,1
6h,2021,refine,amazon,2021-10,v10,1.1436024460222969,0.14360244602229688,0
6h,2021,refine,amazon,2021-11,t2m,0.9935964970886161,0.006403502911383918,1
6h,2021,refine,amazon,2021-11,u10,1.0149650982383978,0.014965098238397756,0
6h,2021,refine,amazon,2021-11,v10,0.950439320957247,0.049560679042752964,0
6h,2021,refine,amazon,2021-12,t2m,1.0137457470609015,0.013745747060901481,1
6h,2021,refine,amazon,2021-12,u10,1.018470119497439,0.01847011949743904,1
6h,2021,refine,amazon,2021-12,v10,1.044827462387608,0.04482746238760793,1
6h,2021,refine,congo,2021-01,t2m,1.0000892842380251,8.928423802512242e-05,0
6h,2021,refine,congo,2021-01,u10,0.9959107905157228,0.0040892094842771565,1
6h,2021,refine,congo,2021-01,v10,0.9404356567497445,0.0595643432502555,0
6h,2021,refine,congo,2021-02,t2m,0.9765887322200912,0.023411267779908762,1
6h,2021,refine,congo,2021-02,u10,1.2120804080267378,0.21208040802673778,0
6h,2021,refine,congo,2021-02,v10,0.957924720878587,0.042075279121412956,0
6h,2021,refine,congo,2021-03,t2m,0.9864088840491869,0.013591115950813082,0
6h,2021,refine,congo,2021-03,u10,0.9680171363934893,0.0319828636065107,0
6h,2021,refine,congo,2021-03,v10,1.0735516473659763,0.0735516473659763,1
6h,2021,refine,congo,2021-04,t2m,0.9894878589114287,0.010512141088571347,0
6h,2021,refine,congo,2021-04,u10,0.8562634823825236,0.1437365176174764,1
6h,2021,refine,congo,2021-04,v10,0.8684517517459218,0.13154824825407818,0
6h,2021,refine,congo,2021-05,t2m,0.9984201875335338,0.0015798124664662128,0
6h,2021,refine,congo,2021-05,u10,1.003273901333852,0.0032739013338520806,0
6h,2021,refine,congo,2021-05,v10,0.9094134948176478,0.09058650518235223,0
6h,2021,refine,congo,2021-06,t2m,0.9848531100548021,0.015146889945197861,0
6h,2021,refine,congo,2021-06,u10,0.8499379797925491,0.15006202020745085,3
6h,2021,refine,congo,2021-06,v10,0.8327483852025659,0.1672516147974341,1
6h,2021,refine,congo,2021-07,t2m,0.9953381543639424,0.004661845636057649,1
6h,2021,refine,congo,2021-07,u10,1.1106932142576844,0.11069321425768441,0
6h,2021,refine,congo,2021-07,v10,0.8887288051866481,0.1112711948133519,0
6h,2021,refine,congo,2021-08,t2m,0.9941667647667721,0.005833235233227874,0
6h,2021,refine,congo,2021-08,u10,0.9603232625976376,0.03967673740236244,0
6h,2021,refine,congo,2021-08,v10,0.8793310966444765,0.1206689033555235,1
6h,2021,refine,congo,2021-09,t2m,0.9929517374685463,0.007048262531453742,0
6h,2021,refine,congo,2021-09,u10,0.9713660169521035,0.02863398304789655,0
6h,2021,refine,congo,2021-09,v10,0.8576565752834922,0.14234342471650785,0
6h,2021,refine,congo,2021-10,t2m,0.9892456119184414,0.010754388081558597,0
6h,2021,refine,congo,2021-10,u10,0.9279083175580085,0.07209168244199149,0
6h,2021,refine,congo,2021-10,v10,0.8361070507199541,0.16389294928004594,1
6h,2021,refine,congo,2021-11,t2m,1.0037427875649942,0.0037427875649942433,1
6h,2021,refine,congo,2021-11,u10,1.0062538166739308,0.006253816673930768,0
6h,2021,refine,congo,2021-11,v10,0.8608157742680076,0.1391842257319924,1
6h,2021,refine,congo,2021-12,t2m,0.9852293729620892,0.014770627037910766,0
6h,2021,refine,congo,2021-12,u10,1.0349808807701408,0.03498088077014083,0
6h,2021,refine,congo,2021-12,v10,1.036552318537893,0.03655231853789309,0
6h,2021,refine,se_aus,2021-01,t2m,0.9994373980906387,0.0005626019093613044,1
6h,2021,refine,se_aus,2021-01,u10,0.9712771419433097,0.02872285805669028,1
6h,2021,refine,se_aus,2021-01,v10,0.9635602264060396,0.036439773593960445,0
6h,2021,refine,se_aus,2021-02,t2m,1.0154212270154594,0.015421227015459449,1
6h,2021,refine,se_aus,2021-02,u10,0.9454730297136571,0.0545269702863429,0
6h,2021,refine,se_aus,2021-02,v10,0.9875265323568232,0.012473467643176805,0
6h,2021,refine,se_aus,2021-03,t2m,1.0266280082761625,0.026628008276162518,1
6h,2021,refine,se_aus,2021-03,u10,1.0034983544737233,0.003498354473723264,0
6h,2021,refine,se_aus,2021-03,v10,1.050200825447806,0.05020082544780591,0
6h,2021,refine,se_aus,2021-04,t2m,1.039811578455886,0.0398115784558859,1
6h,2021,refine,se_aus,2021-04,u10,1.031173926595612,0.03117392659561191,0
6h,2021,refine,se_aus,2021-04,v10,0.9975147971951785,0.0024852028048214514,0
6h,2021,refine,se_aus,2021-05,t2m,1.0136101356298162,0.013610135629816167,1
6h,2021,refine,se_aus,2021-05,u10,1.0152141830147658,0.015214183014765847,1
6h,2021,refine,se_aus,2021-05,v10,1.0556193719483975,0.0556193719483975,1
6h,2021,refine,se_aus,2021-06,t2m,1.0345257933502139,0.034525793350213885,1
6h,2021,refine,se_aus,2021-06,u10,1.0217247581726383,0.021724758172638303,1
6h,2021,refine,se_aus,2021-06,v10,0.918793500127726,0.08120649987227402,0
6h,2021,refine,se_aus,2021-07,t2m,1.0301330731074816,0.03013307310748159,1
6h,2021,refine,se_aus,2021-07,u10,0.9355100482200951,0.06448995177990491,0
6h,2021,refine,se_aus,2021-07,v10,1.088419126366609,0.08841912636660898,2
6h,2021,refine,se_aus,2021-08,t2m,1.0488762451020237,0.04887624510202371,1
6h,2021,refine,se_aus,2021-08,u10,0.9969405729780149,0.0030594270219851394,0
6h,2021,refine,se_aus,2021-08,v10,1.042449360494895,0.042449360494895005,1
6h,2021,refine,se_aus,2021-09,t2m,1.0159029367671157,0.01590293676711574,1
6h,2021,refine,se_aus,2021-09,u10,1.0503537424988387,0.05035374249883873,0
6h,2021,refine,se_aus,2021-09,v10,0.8901335141301249,0.10986648586987513,1
6h,2021,refine,se_aus,2021-10,t2m,1.0008811700006277,0.0008811700006277068,1
6h,2021,refine,se_aus,2021-10,u10,1.0071644735122423,0.007164473512242253,0
6h,2021,refine,se_aus,2021-10,v10,0.914007598453579,0.08599240154642096,1
6h,2021,refine,se_aus,2021-11,t2m,0.9926379782073238,0.007362021792676199,0
6h,2021,refine,se_aus,2021-11,u10,0.9906793879435302,0.009320612056469835,0
6h,2021,refine,se_aus,2021-11,v10,0.9658184832839471,0.03418151671605285,0
6h,2021,refine,se_aus,2021-12,t2m,0.9992403145991308,0.0007596854008692366,1
6h,2021,refine,se_aus,2021-12,u10,0.9930172351343072,0.006982764865692825,0
6h,2021,refine,se_aus,2021-12,v10,0.9539193985785587,0.046080601421441325,0
6h,2021,weatherbridge_detail,sahel,2021-01,t2m,0.9656979778795222,0.03430202212047784,1
6h,2021,weatherbridge_detail,sahel,2021-01,u10,1.0273517559348189,0.027351755934818867,0
6h,2021,weatherbridge_detail,sahel,2021-01,v10,0.9976647551796001,0.0023352448203999288,0
6h,2021,weatherbridge_detail,sahel,2021-02,t2m,0.9617418956375674,0.0382581043624326,0
6h,2021,weatherbridge_detail,sahel,2021-02,u10,1.0352357957505631,0.035235795750563126,1
6h,2021,weatherbridge_detail,sahel,2021-02,v10,0.9626419163823244,0.037358083617675564,0
6h,2021,weatherbridge_detail,sahel,2021-03,t2m,0.9706155024386312,0.02938449756136885,0
6h,2021,weatherbridge_detail,sahel,2021-03,u10,1.013263487794942,0.01326348779494202,0
6h,2021,weatherbridge_detail,sahel,2021-03,v10,0.9454762254445653,0.05452377455543467,0
6h,2021,weatherbridge_detail,sahel,2021-04,t2m,0.9666014916525847,0.03339850834741531,0
6h,2021,weatherbridge_detail,sahel,2021-04,u10,0.9585606404899422,0.04143935951005784,0
6h,2021,weatherbridge_detail,sahel,2021-04,v10,1.0423226234589376,0.04232262345893756,0
6h,2021,weatherbridge_detail,sahel,2021-05,t2m,0.9578749369954355,0.042125063004564534,0
6h,2021,weatherbridge_detail,sahel,2021-05,u10,0.9879544081877747,0.01204559181222531,1
6h,2021,weatherbridge_detail,sahel,2021-05,v10,1.0512229039443717,0.05122290394437168,5
6h,2021,weatherbridge_detail,sahel,2021-06,t2m,0.9787334470500918,0.021266552949908202,0
6h,2021,weatherbridge_detail,sahel,2021-06,u10,1.055397608082357,0.05539760808235705,0
6h,2021,weatherbridge_detail,sahel,2021-06,v10,1.0323208489079478,0.03232084890794784,0
6h,2021,weatherbridge_detail,sahel,2021-07,t2m,0.9926492624288236,0.0073507375711764356,0
6h,2021,weatherbridge_detail,sahel,2021-07,u10,0.9400563366902213,0.05994366330977874,0
6h,2021,weatherbridge_detail,sahel,2021-07,v10,0.9889534109800484,0.011046589019951591,1
6h,2021,weatherbridge_detail,sahel,2021-08,t2m,0.9556843094268713,0.044315690573128674,0
6h,2021,weatherbridge_detail,sahel,2021-08,u10,0.9706022849945473,0.02939771500545274,0
6h,2021,weatherbridge_detail,sahel,2021-08,v10,0.9379296261293463,0.06207037387065373,0
6h,2021,weatherbridge_detail,sahel,2021-09,t2m,0.9639418983402114,0.03605810165978862,1
6h,2021,weatherbridge_detail,sahel,2021-09,u10,1.036307186328794,0.03630718632879404,0
6h,2021,weatherbridge_detail,sahel,2021-09,v10,1.0213628939568085,0.02136289395680846,0
6h,2021,weatherbridge_detail,sahel,2021-10,t2m,0.9714962736269664,0.028503726373033555,1
6h,2021,weatherbridge_detail,sahel,2021-10,u10,0.9356483354292618,0.06435166457073815,0
6h,2021,weatherbridge_detail,sahel,2021-10,v10,1.0212956065431857,0.02129560654318574,1
6h,2021,weatherbridge_detail,sahel,2021-11,t2m,0.9436847264410102,0.0563152735589898,1
6h,2021,weatherbridge_detail,sahel,2021-11,u10,0.9248718060584907,0.07512819394150927,0
6h,2021,weatherbridge_detail,sahel,2021-11,v10,1.0,0.0,0
6h,2021,weatherbridge_detail,sahel,2021-12,t2m,0.9411600257644344,0.05883997423556564,1
6h,2021,weatherbridge_detail,sahel,2021-12,u10,0.9810857044454565,0.018914295554543492,0
6h,2021,weatherbridge_detail,sahel,2021-12,v10,0.9876278136874509,0.012372186312549105,0
6h,2021,weatherbridge_detail,amazon,2021-01,t2m,1.0142790378006872,0.014279037800687178,1
6h,2021,weatherbridge_detail,amazon,2021-01,u10,1.1046219128284214,0.10462191282842137,1
6h,2021,weatherbridge_detail,amazon,2021-01,v10,1.0163457067164576,0.01634570671645763,1
6h,2021,weatherbridge_detail,amazon,2021-02,t2m,0.9992759858135192,0.0007240141864808258,0
6h,2021,weatherbridge_detail,amazon,2021-02,u10,1.0954526508714568,0.09545265087145682,2
6h,2021,weatherbridge_detail,amazon,2021-02,v10,1.0188051150780078,0.01880511507800775,1
6h,2021,weatherbridge_detail,amazon,2021-03,t2m,0.9749229451555954,0.02507705484440459,0
6h,2021,weatherbridge_detail,amazon,2021-03,u10,1.1191876557581875,0.11918765575818746,1
6h,2021,weatherbridge_detail,amazon,2021-03,v10,1.0121115114280679,0.012111511428067878,1
6h,2021,weatherbridge_detail,amazon,2021-04,t2m,0.979157438142521,0.020842561857479014,0
6h,2021,weatherbridge_detail,amazon,2021-04,u10,1.095435566902162,0.09543556690216204,1
6h,2021,weatherbridge_detail,amazon,2021-04,v10,0.9871312387516578,0.012868761248342242,0
6h,2021,weatherbridge_detail,amazon,2021-05,t2m,0.9834184367821097,0.016581563217890283,0
6h,2021,weatherbridge_detail,amazon,2021-05,u10,1.1459825694498955,0.14598256944989552,1
6h,2021,weatherbridge_detail,amazon,2021-05,v10,1.2093981510632759,0.20939815106327586,0
6h,2021,weatherbridge_detail,amazon,2021-06,t2m,0.9975114389272242,0.002488561072775841,1
6h,2021,weatherbridge_detail,amazon,2021-06,u10,1.1201170215580802,0.12011702155808024,1
6h,2021,weatherbridge_detail,amazon,2021-06,v10,1.0863528918372793,0.08635289183727934,1
6h,2021,weatherbridge_detail,amazon,2021-07,t2m,0.9971624119498427,0.0028375880501573247,0
6h,2021,weatherbridge_detail,amazon,2021-07,u10,1.0331254552422555,0.03312545524225552,0
6h,2021,weatherbridge_detail,amazon,2021-07,v10,1.037753617506904,0.03775361750690398,2
6h,2021,weatherbridge_detail,amazon,2021-08,t2m,0.9896967542825439,0.010303245717456111,0
6h,2021,weatherbridge_detail,amazon,2021-08,u10,1.0817164882838952,0.08171648828389522,0
6h,2021,weatherbridge_detail,amazon,2021-08,v10,1.0083280707689464,0.008328070768946372,0
6h,2021,weatherbridge_detail,amazon,2021-09,t2m,0.9896994692677037,0.010300530732296309,0
6h,2021,weatherbridge_detail,amazon,2021-09,u10,1.0094567027047763,0.009456702704776276,0
6h,2021,weatherbridge_detail,amazon,2021-09,v10,1.2032351202258058,0.2032351202258058,0
6h,2021,weatherbridge_detail,amazon,2021-10,t2m,1.011045125493086,0.011045125493085894,1
6h,2021,weatherbridge_detail,amazon,2021-10,u10,0.9964697537294502,0.003530246270549764,0
6h,2021,weatherbridge_detail,amazon,2021-10,v10,1.1634250470155174,0.1634250470155174,0
6h,2021,weatherbridge_detail,amazon,2021-11,t2m,0.9857745617506334,0.014225438249366618,1
6h,2021,weatherbridge_detail,amazon,2021-11,u10,1.0510123592480647,0.05101235924806469,1
6h,2021,weatherbridge_detail,amazon,2021-11,v10,0.9681576114149754,0.03184238858502464,1
6h,2021,weatherbridge_detail,amazon,2021-12,t2m,1.0011898933434145,0.001189893343414461,1
6h,2021,weatherbridge_detail,amazon,2021-12,u10,1.1130601010536458,0.11306010105364583,0
6h,2021,weatherbridge_detail,amazon,2021-12,v10,1.084881976938876,0.084881976938876,0
6h,2021,weatherbridge_detail,congo,2021-01,t2m,1.0170665167573287,0.01706651675732873,0
6h,2021,weatherbridge_detail,congo,2021-01,u10,0.8378686427986406,0.1621313572013594,9
6h,2021,weatherbridge_detail,congo,2021-01,v10,0.9125699448565087,0.08743005514349134,2
6h,2021,weatherbridge_detail,congo,2021-02,t2m,0.987910505683384,0.01208949431661599,0
6h,2021,weatherbridge_detail,congo,2021-02,u10,1.0326902166808067,0.03269021668080674,0
6h,2021,weatherbridge_detail,congo,2021-02,v10,0.9333638102278351,0.0666361897721649,2
6h,2021,weatherbridge_detail,congo,2021-03,t2m,0.9988699752421849,0.0011300247578150957,0
6h,2021,weatherbridge_detail,congo,2021-03,u10,0.8622785056528343,0.13772149434716574,0
6h,2021,weatherbridge_detail,congo,2021-03,v10,0.9968119424022552,0.0031880575977447645,1
6h,2021,weatherbridge_detail,congo,2021-04,t2m,1.0015677385470183,0.0015677385470183047,0
6h,2021,weatherbridge_detail,congo,2021-04,u10,0.7994160218555052,0.2005839781444948,1
6h,2021,weatherbridge_detail,congo,2021-04,v10,0.8527015191388452,0.14729848086115482,0
6h,2021,weatherbridge_detail,congo,2021-05,t2m,1.0044158100477776,0.00441581004777758,0
6h,2021,weatherbridge_detail,congo,2021-05,u10,0.9525308938554091,0.04746910614459088,0
6h,2021,weatherbridge_detail,congo,2021-05,v10,0.9218651842128535,0.07813481578714654,0
6h,2021,weatherbridge_detail,congo,2021-06,t2m,0.9922920936723213,0.007707906327678704,0
6h,2021,weatherbridge_detail,congo,2021-06,u10,0.7888742299550329,0.21112577004496713,3
6h,2021,weatherbridge_detail,congo,2021-06,v10,0.8426247389316458,0.1573752610683542,0
6h,2021,weatherbridge_detail,congo,2021-07,t2m,0.994231439790179,0.005768560209820972,0
6h,2021,weatherbridge_detail,congo,2021-07,u10,1.0885593945516496,0.08855939455164963,0
6h,2021,weatherbridge_detail,congo,2021-07,v10,0.8824743033310302,0.11752569666896984,0
6h,2021,weatherbridge_detail,congo,2021-08,t2m,0.9934360881196036,0.0065639118803964,0
6h,2021,weatherbridge_detail,congo,2021-08,u10,0.9824630068574349,0.01753699314256507,0
6h,2021,weatherbridge_detail,congo,2021-08,v10,0.8197999769171571,0.1802000230828429,0
6h,2021,weatherbridge_detail,congo,2021-09,t2m,0.9940357506682571,0.005964249331742888,0
6h,2021,weatherbridge_detail,congo,2021-09,u10,0.9609880659495891,0.039011934050410924,0
6h,2021,weatherbridge_detail,congo,2021-09,v10,0.8231963455710789,0.1768036544289211,0
6h,2021,weatherbridge_detail,congo,2021-10,t2m,0.9893995431985256,0.010600456801474367,0
6h,2021,weatherbridge_detail,congo,2021-10,u10,0.9193936424742793,0.08060635752572065,0
6h,2021,weatherbridge_detail,congo,2021-10,v10,0.9304168807892083,0.06958311921079174,0
6h,2021,weatherbridge_detail,congo,2021-11,t2m,1.0132467475483207,0.01324674754832067,1
6h,2021,weatherbridge_detail,congo,2021-11,u10,0.966366254777862,0.03363374522213802,0
6h,2021,weatherbridge_detail,congo,2021-11,v10,0.8508564203660499,0.14914357963395009,1
6h,2021,weatherbridge_detail,congo,2021-12,t2m,1.0013711289086564,0.0013711289086564271,0
6h,2021,weatherbridge_detail,congo,2021-12,u10,1.0184482210769967,0.01844822107699673,0
6h,2021,weatherbridge_detail,congo,2021-12,v10,1.0214061648597492,0.02140616485974922,0
6h,2021,weatherbridge_detail,se_aus,2021-01,t2m,1.0108213738937777,0.010821373893777686,0
6h,2021,weatherbridge_detail,se_aus,2021-01,u10,0.948766783617244,0.05123321638275602,0
6h,2021,weatherbridge_detail,se_aus,2021-01,v10,0.9397783142436953,0.06022168575630471,0
6h,2021,weatherbridge_detail,se_aus,2021-02,t2m,0.9893663421390257,0.010633657860974255,0
6h,2021,weatherbridge_detail,se_aus,2021-02,u10,0.928188990216318,0.07181100978368204,1
6h,2021,weatherbridge_detail,se_aus,2021-02,v10,0.9785388352505048,0.02146116474949522,0
6h,2021,weatherbridge_detail,se_aus,2021-03,t2m,0.9786426004573668,0.02135739954263316,0
6h,2021,weatherbridge_detail,se_aus,2021-03,u10,0.9923020172462518,0.007697982753748223,0
6h,2021,weatherbridge_detail,se_aus,2021-03,v10,1.027586153234261,0.027586153234260946,0
6h,2021,weatherbridge_detail,se_aus,2021-04,t2m,0.9887811072274804,0.01121889277251964,0
6h,2021,weatherbridge_detail,se_aus,2021-04,u10,0.9968137924012708,0.0031862075987292293,1
6h,2021,weatherbridge_detail,se_aus,2021-04,v10,1.0022196255768527,0.002219625576852735,0
6h,2021,weatherbridge_detail,se_aus,2021-05,t2m,0.9535607480114658,0.04643925198853416,0
6h,2021,weatherbridge_detail,se_aus,2021-05,u10,0.9911185820900158,0.008881417909984202,1
6h,2021,weatherbridge_detail,se_aus,2021-05,v10,1.0365477878470841,0.03654778784708412,1
6h,2021,weatherbridge_detail,se_aus,2021-06,t2m,0.9567020869853774,0.0432979130146226,0
6h,2021,weatherbridge_detail,se_aus,2021-06,u10,1.0390320736505976,0.039032073650597576,1
6h,2021,weatherbridge_detail,se_aus,2021-06,v10,0.9478766952591872,0.05212330474081284,0
6h,2021,weatherbridge_detail,se_aus,2021-07,t2m,0.9545471428619666,0.045452857138033376,0
6h,2021,weatherbridge_detail,se_aus,2021-07,u10,0.9285335203680642,0.07146647963193575,1
6h,2021,weatherbridge_detail,se_aus,2021-07,v10,0.97036441814904,0.029635581850960047,2
6h,2021,weatherbridge_detail,se_aus,2021-08,t2m,0.9837590387313954,0.016240961268604637,0
6h,2021,weatherbridge_detail,se_aus,2021-08,u10,0.9956022879828247,0.004397712017175315,0
6h,2021,weatherbridge_detail,se_aus,2021-08,v10,1.0470463176143519,0.04704631761435185,1
6h,2021,weatherbridge_detail,se_aus,2021-09,t2m,0.9621671876997455,0.03783281230025448,0
6h,2021,weatherbridge_detail,se_aus,2021-09,u10,1.0353240848689773,0.03532408486897731,1
6h,2021,weatherbridge_detail,se_aus,2021-09,v10,0.9418614424720492,0.05813855752795083,1
6h,2021,weatherbridge_detail,se_aus,2021-10,t2m,0.9777583035184032,0.022241696481596795,0
6h,2021,weatherbridge_detail,se_aus,2021-10,u10,1.0075891374971082,0.0075891374971082115,0
6h,2021,weatherbridge_detail,se_aus,2021-10,v10,0.9518157341738902,0.048184265826109796,1
6h,2021,weatherbridge_detail,se_aus,2021-11,t2m,0.969252130483137,0.030747869516863036,0
6h,2021,weatherbridge_detail,se_aus,2021-11,u10,0.965601067563749,0.03439893243625103,0
6h,2021,weatherbridge_detail,se_aus,2021-11,v10,0.9324518792734078,0.06754812072659222,1
6h,2021,weatherbridge_detail,se_aus,2021-12,t2m,0.995220802679361,0.004779197320639028,0
6h,2021,weatherbridge_detail,se_aus,2021-12,u10,1.0009256594957143,0.000925659495714326,1
6h,2021,weatherbridge_detail,se_aus,2021-12,v10,0.925717993248707,0.07428200675129304,0
6h,2021,weatherdcae_14m_6yr,sahel,2021-01,t2m,0.9832836188196723,0.0167163811803277,1
6h,2021,weatherdcae_14m_6yr,sahel,2021-01,u10,1.0646189387580596,0.06461893875805957,0
6h,2021,weatherdcae_14m_6yr,sahel,2021-01,v10,1.003994481066761,0.003994481066760924,1
6h,2021,weatherdcae_14m_6yr,sahel,2021-02,t2m,0.9963605434180973,0.003639456581902678,0
6h,2021,weatherdcae_14m_6yr,sahel,2021-02,u10,1.0392672410845145,0.039267241084514515,0
6h,2021,weatherdcae_14m_6yr,sahel,2021-02,v10,1.023401723838787,0.023401723838786914,1
6h,2021,weatherdcae_14m_6yr,sahel,2021-03,t2m,1.0096644244380004,0.009664424438000419,0
6h,2021,weatherdcae_14m_6yr,sahel,2021-03,u10,1.1151204141699518,0.11512041416995178,0
6h,2021,weatherdcae_14m_6yr,sahel,2021-03,v10,0.9413089689632214,0.05869103103677864,0
6h,2021,weatherdcae_14m_6yr,sahel,2021-04,t2m,1.003826451618611,0.0038264516186110598,0
6h,2021,weatherdcae_14m_6yr,sahel,2021-04,u10,0.9474497990195863,0.05255020098041374,0
6h,2021,weatherdcae_14m_6yr,sahel,2021-04,v10,1.016365416042399,0.01636541604239894,0
6h,2021,weatherdcae_14m_6yr,sahel,2021-05,t2m,0.9911526104304584,0.008847389569541564,0
6h,2021,weatherdcae_14m_6yr,sahel,2021-05,u10,0.9709017839874403,0.029098216012559686,1
6h,2021,weatherdcae_14m_6yr,sahel,2021-05,v10,1.067464957279187,0.067464957279187,6
6h,2021,weatherdcae_14m_6yr,sahel,2021-06,t2m,0.9977408560007291,0.0022591439992708517,0
6h,2021,weatherdcae_14m_6yr,sahel,2021-06,u10,1.0203205232063497,0.020320523206349694,0
6h,2021,weatherdcae_14m_6yr,sahel,2021-06,v10,1.0263838526301055,0.026383852630105453,0
6h,2021,weatherdcae_14m_6yr,sahel,2021-07,t2m,1.012278978388998,0.012278978388998052,0
6h,2021,weatherdcae_14m_6yr,sahel,2021-07,u10,0.8890923531227832,0.11090764687721677,0
6h,2021,weatherdcae_14m_6yr,sahel,2021-07,v10,0.9363076070372882,0.06369239296271179,1
6h,2021,weatherdcae_14m_6yr,sahel,2021-08,t2m,0.9585566641313588,0.04144333586864124,0
6h,2021,weatherdcae_14m_6yr,sahel,2021-08,u10,0.896027466306508,0.10397253369349202,0
6h,2021,weatherdcae_14m_6yr,sahel,2021-08,v10,0.9241491113992114,0.07585088860078859,0
6h,2021,weatherdcae_14m_6yr,sahel,2021-09,t2m,0.9648187131112794,0.035181286888720575,1
6h,2021,weatherdcae_14m_6yr,sahel,2021-09,u10,0.9605804362196574,0.039419563780342615,0
6h,2021,weatherdcae_14m_6yr,sahel,2021-09,v10,1.005885199642739,0.005885199642738925,0
6h,2021,weatherdcae_14m_6yr,sahel,2021-10,t2m,0.9800306035953721,0.019969396404627915,1
6h,2021,weatherdcae_14m_6yr,sahel,2021-10,u10,0.876136417638521,0.12386358236147899,0
6h,2021,weatherdcae_14m_6yr,sahel,2021-10,v10,0.995559127621382,0.00444087237861801,1
6h,2021,weatherdcae_14m_6yr,sahel,2021-11,t2m,0.9635456375378683,0.03645436246213174,1
6h,2021,weatherdcae_14m_6yr,sahel,2021-11,u10,0.9498099995637188,0.05019000043628119,0
6h,2021,weatherdcae_14m_6yr,sahel,2021-11,v10,1.019038168120343,0.01903816812034309,11
6h,2021,weatherdcae_14m_6yr,sahel,2021-12,t2m,0.9671861301461774,0.03281386985382262,1
6h,2021,weatherdcae_14m_6yr,sahel,2021-12,u10,1.0584375310633138,0.05843753106331384,0
6h,2021,weatherdcae_14m_6yr,sahel,2021-12,v10,1.0884818068739948,0.08848180687399476,1
6h,2021,weatherdcae_14m_6yr,amazon,2021-01,t2m,1.0165278350515463,0.016527835051546313,1
6h,2021,weatherdcae_14m_6yr,amazon,2021-01,u10,1.0434995758191945,0.0434995758191945,0
6h,2021,weatherdcae_14m_6yr,amazon,2021-01,v10,0.9465959319697766,0.05340406803022335,0
6h,2021,weatherdcae_14m_6yr,amazon,2021-02,t2m,0.9811808776311095,0.018819122368890495,0
6h,2021,weatherdcae_14m_6yr,amazon,2021-02,u10,0.9621105657915301,0.03788943420846991,1
6h,2021,weatherdcae_14m_6yr,amazon,2021-02,v10,0.9620077698552316,0.03799223014476838,0
6h,2021,weatherdcae_14m_6yr,amazon,2021-03,t2m,0.9710600066421567,0.028939993357843252,1
6h,2021,weatherdcae_14m_6yr,amazon,2021-03,u10,1.0326305136813656,0.0326305136813656,0
6h,2021,weatherdcae_14m_6yr,amazon,2021-03,v10,0.9646311083775477,0.03536889162245227,2
6h,2021,weatherdcae_14m_6yr,amazon,2021-04,t2m,0.9626697808740875,0.0373302191259125,1
6h,2021,weatherdcae_14m_6yr,amazon,2021-04,u10,0.9811908563417578,0.018809143658242156,0
6h,2021,weatherdcae_14m_6yr,amazon,2021-04,v10,0.9584786987047141,0.04152130129528586,0
6h,2021,weatherdcae_14m_6yr,amazon,2021-05,t2m,0.9718614247297195,0.02813857527028052,0
6h,2021,weatherdcae_14m_6yr,amazon,2021-05,u10,1.042391871279294,0.04239187127929389,0
6h,2021,weatherdcae_14m_6yr,amazon,2021-05,v10,1.0444727993296337,0.04447279932963366,0
6h,2021,weatherdcae_14m_6yr,amazon,2021-06,t2m,0.9941088203903501,0.00589117960964991,1
6h,2021,weatherdcae_14m_6yr,amazon,2021-06,u10,1.0985412346661727,0.0985412346661727,0
6h,2021,weatherdcae_14m_6yr,amazon,2021-06,v10,1.0203994941985335,0.020399494198533485,1
6h,2021,weatherdcae_14m_6yr,amazon,2021-07,t2m,1.0243892691212468,0.024389269121246837,0
6h,2021,weatherdcae_14m_6yr,amazon,2021-07,u10,1.0859820997399654,0.0859820997399654,0
6h,2021,weatherdcae_14m_6yr,amazon,2021-07,v10,0.9342724477084041,0.06572755229159588,2
6h,2021,weatherdcae_14m_6yr,amazon,2021-08,t2m,0.9983138567168319,0.0016861432831680734,0
6h,2021,weatherdcae_14m_6yr,amazon,2021-08,u10,1.0922126766031466,0.09221267660314658,1
6h,2021,weatherdcae_14m_6yr,amazon,2021-08,v10,0.981668547778111,0.018331452221889033,0
6h,2021,weatherdcae_14m_6yr,amazon,2021-09,t2m,1.0030514047476269,0.0030514047476268846,0
6h,2021,weatherdcae_14m_6yr,amazon,2021-09,u10,1.006920471030242,0.006920471030241959,0
6h,2021,weatherdcae_14m_6yr,amazon,2021-09,v10,1.1976622970050144,0.19766229700501436,0
6h,2021,weatherdcae_14m_6yr,amazon,2021-10,t2m,1.0094369066712905,0.00943690667129049,1
6h,2021,weatherdcae_14m_6yr,amazon,2021-10,u10,0.9295458548436831,0.07045414515631687,1
6h,2021,weatherdcae_14m_6yr,amazon,2021-10,v10,1.0918830271754147,0.09188302717541474,0
6h,2021,weatherdcae_14m_6yr,amazon,2021-11,t2m,0.9722429219707988,0.027757078029201243,1
6h,2021,weatherdcae_14m_6yr,amazon,2021-11,u10,0.8519940493537276,0.14800595064627242,0
6h,2021,weatherdcae_14m_6yr,amazon,2021-11,v10,0.8228807249742388,0.1771192750257612,0
6h,2021,weatherdcae_14m_6yr,amazon,2021-12,t2m,0.9973847135889539,0.002615286411046136,1
6h,2021,weatherdcae_14m_6yr,amazon,2021-12,u10,0.9182636332583252,0.08173636674167484,1
6h,2021,weatherdcae_14m_6yr,amazon,2021-12,v10,0.9612626929687895,0.03873730703121048,1
6h,2021,weatherdcae_14m_6yr,congo,2021-01,t2m,0.9908830872505415,0.009116912749458472,0
6h,2021,weatherdcae_14m_6yr,congo,2021-01,u10,0.7719382399282755,0.22806176007172452,9
6h,2021,weatherdcae_14m_6yr,congo,2021-01,v10,0.8700545146382846,0.12994548536171535,2
6h,2021,weatherdcae_14m_6yr,congo,2021-02,t2m,0.9810319518107526,0.018968048189247355,0
6h,2021,weatherdcae_14m_6yr,congo,2021-02,u10,0.8866515634142758,0.11334843658572424,0
6h,2021,weatherdcae_14m_6yr,congo,2021-02,v10,0.8922249375043672,0.10777506249563285,2
6h,2021,weatherdcae_14m_6yr,congo,2021-03,t2m,0.9812176187981331,0.018782381201866927,0
6h,2021,weatherdcae_14m_6yr,congo,2021-03,u10,0.86512377511019,0.13487622488981,0
6h,2021,weatherdcae_14m_6yr,congo,2021-03,v10,0.8718493424951548,0.12815065750484522,0
6h,2021,weatherdcae_14m_6yr,congo,2021-04,t2m,0.9857797820961889,0.014220217903811116,0
6h,2021,weatherdcae_14m_6yr,congo,2021-04,u10,0.8586473514878638,0.14135264851213625,1
6h,2021,weatherdcae_14m_6yr,congo,2021-04,v10,0.781568188270573,0.21843181172942705,0
6h,2021,weatherdcae_14m_6yr,congo,2021-05,t2m,0.9745100878052104,0.025489912194789577,0
6h,2021,weatherdcae_14m_6yr,congo,2021-05,u10,1.0014589287550486,0.0014589287550486052,0
6h,2021,weatherdcae_14m_6yr,congo,2021-05,v10,0.9191625761430336,0.08083742385696635,0
6h,2021,weatherdcae_14m_6yr,congo,2021-06,t2m,0.967627520241885,0.03237247975811497,1
6h,2021,weatherdcae_14m_6yr,congo,2021-06,u10,0.8233608167978116,0.1766391832021884,1
6h,2021,weatherdcae_14m_6yr,congo,2021-06,v10,0.8272899081618584,0.17271009183814157,2
6h,2021,weatherdcae_14m_6yr,congo,2021-07,t2m,0.9759441184942618,0.02405588150573823,1
6h,2021,weatherdcae_14m_6yr,congo,2021-07,u10,1.0490022378536046,0.04900223785360458,0
6h,2021,weatherdcae_14m_6yr,congo,2021-07,v10,0.8010648546904962,0.19893514530950385,2
6h,2021,weatherdcae_14m_6yr,congo,2021-08,t2m,0.9762408310229067,0.023759168977093292,1
6h,2021,weatherdcae_14m_6yr,congo,2021-08,u10,0.9650141166134969,0.0349858833865031,0
6h,2021,weatherdcae_14m_6yr,congo,2021-08,v10,0.8814372946551633,0.1185627053448367,0
6h,2021,weatherdcae_14m_6yr,congo,2021-09,t2m,0.9767786088061924,0.023221391193807617,0
6h,2021,weatherdcae_14m_6yr,congo,2021-09,u10,1.014547238179332,0.0145472381793319,0
6h,2021,weatherdcae_14m_6yr,congo,2021-09,v10,0.8668348844506036,0.13316511554939636,0
6h,2021,weatherdcae_14m_6yr,congo,2021-10,t2m,0.9778255750581403,0.022174424941859727,0
6h,2021,weatherdcae_14m_6yr,congo,2021-10,u10,0.95340908906234,0.04659091093765999,1
6h,2021,weatherdcae_14m_6yr,congo,2021-10,v10,1.0220761645718577,0.02207616457185768,0
6h,2021,weatherdcae_14m_6yr,congo,2021-11,t2m,0.9915534981680963,0.008446501831903652,0
6h,2021,weatherdcae_14m_6yr,congo,2021-11,u10,0.9726761407534495,0.027323859246550453,0
6h,2021,weatherdcae_14m_6yr,congo,2021-11,v10,0.8800207563747551,0.11997924362524492,1
6h,2021,weatherdcae_14m_6yr,congo,2021-12,t2m,0.968670643566588,0.03132935643341195,1
6h,2021,weatherdcae_14m_6yr,congo,2021-12,u10,0.9632127097839608,0.036787290216039215,0
6h,2021,weatherdcae_14m_6yr,congo,2021-12,v10,0.9978248771143856,0.002175122885614389,0
6h,2021,weatherdcae_14m_6yr,se_aus,2021-01,t2m,1.0045929226671313,0.004592922667131294,0
6h,2021,weatherdcae_14m_6yr,se_aus,2021-01,u10,0.9494395223634041,0.05056047763659588,0
6h,2021,weatherdcae_14m_6yr,se_aus,2021-01,v10,0.964900036593136,0.035099963406864054,0
6h,2021,weatherdcae_14m_6yr,se_aus,2021-02,t2m,0.9931999683719459,0.006800031628054093,0
6h,2021,weatherdcae_14m_6yr,se_aus,2021-02,u10,0.9167303496754664,0.0832696503245336,1
6h,2021,weatherdcae_14m_6yr,se_aus,2021-02,v10,0.9571776183843206,0.04282238161567942,0
6h,2021,weatherdcae_14m_6yr,se_aus,2021-03,t2m,0.985056626374823,0.014943373625176948,0
6h,2021,weatherdcae_14m_6yr,se_aus,2021-03,u10,0.9685489015121497,0.031451098487850326,0
6h,2021,weatherdcae_14m_6yr,se_aus,2021-03,v10,1.0108425690693796,0.010842569069379637,0
6h,2021,weatherdcae_14m_6yr,se_aus,2021-04,t2m,0.9973098220948042,0.0026901779051957675,0
6h,2021,weatherdcae_14m_6yr,se_aus,2021-04,u10,0.9037905227404869,0.09620947725951312,1
6h,2021,weatherdcae_14m_6yr,se_aus,2021-04,v10,0.9642799863050553,0.03572001369494471,0
6h,2021,weatherdcae_14m_6yr,se_aus,2021-05,t2m,0.9622718304441163,0.03772816955588365,0
6h,2021,weatherdcae_14m_6yr,se_aus,2021-05,u10,0.9204560961098648,0.07954390389013521,1
6h,2021,weatherdcae_14m_6yr,se_aus,2021-05,v10,1.05875168488183,0.05875168488182991,1
6h,2021,weatherdcae_14m_6yr,se_aus,2021-06,t2m,0.9834260321307738,0.01657396786922616,0
6h,2021,weatherdcae_14m_6yr,se_aus,2021-06,u10,0.9510735255201573,0.04892647447984266,1
6h,2021,weatherdcae_14m_6yr,se_aus,2021-06,v10,0.8735735585691131,0.12642644143088688,1
6h,2021,weatherdcae_14m_6yr,se_aus,2021-07,t2m,0.9519977849287362,0.04800221507126379,0
6h,2021,weatherdcae_14m_6yr,se_aus,2021-07,u10,0.8389608829545476,0.16103911704545237,0
6h,2021,weatherdcae_14m_6yr,se_aus,2021-07,v10,0.9098442989724645,0.09015570102753545,3
6h,2021,weatherdcae_14m_6yr,se_aus,2021-08,t2m,0.9851009500732301,0.014899049926769936,0
6h,2021,weatherdcae_14m_6yr,se_aus,2021-08,u10,0.9458411615667736,0.05415883843322644,0
6h,2021,weatherdcae_14m_6yr,se_aus,2021-08,v10,1.0009543118830606,0.0009543118830606101,2
6h,2021,weatherdcae_14m_6yr,se_aus,2021-09,t2m,0.9748927911490232,0.025107208850976837,0
6h,2021,weatherdcae_14m_6yr,se_aus,2021-09,u10,0.9853623478688087,0.014637652131191281,1
6h,2021,weatherdcae_14m_6yr,se_aus,2021-09,v10,0.8773086854894054,0.12269131451059456,1
6h,2021,weatherdcae_14m_6yr,se_aus,2021-10,t2m,0.9956207058050996,0.004379294194900352,0
6h,2021,weatherdcae_14m_6yr,se_aus,2021-10,u10,1.003908488715096,0.00390848871509597,0
6h,2021,weatherdcae_14m_6yr,se_aus,2021-10,v10,0.8523899285920093,0.14761007140799065,1
6h,2021,weatherdcae_14m_6yr,se_aus,2021-11,t2m,0.9864324556675287,0.013567544332471315,1
6h,2021,weatherdcae_14m_6yr,se_aus,2021-11,u10,0.9540857695697128,0.045914230430287195,1
6h,2021,weatherdcae_14m_6yr,se_aus,2021-11,v10,0.8981744904743534,0.10182550952564662,0
6h,2021,weatherdcae_14m_6yr,se_aus,2021-12,t2m,0.9893902760268689,0.010609723973131091,0
6h,2021,weatherdcae_14m_6yr,se_aus,2021-12,u10,1.0171525746668981,0.017152574666898124,1
6h,2021,weatherdcae_14m_6yr,se_aus,2021-12,v10,0.9483822406745734,0.05161775932542656,0
