horizon,year,tau_hour,field,baseline,candidate_rmse_norm,baseline_rmse_norm,rmse_relative_delta_pct,candidate_rmse_wins,acc_delta
6h,2020,1,Q1000,flow_spectral,0.01805915456556097,0.018153314103675044,-0.5186906235209787,True,3.240755147604357e-05
6h,2020,1,Q1000,linear,0.01805915456556097,0.02433175812131567,-25.779491660570265,True,0.002906509708047511
6h,2020,1,Q1000,refine,0.01805915456556097,0.018102412709104787,-0.23896341465057258,True,1.5737367027757188e-05
6h,2020,1,Q1000,weatherdcae_14m_6yr,0.01805915456556097,0.021640680706917673,-16.54996989171339,True,0.0015846384178699324
6h,2020,1,Q700,flow_spectral,0.05195399339684308,0.05240905327845751,-0.8682848728379544,True,6.633121790633467e-05
6h,2020,1,Q700,linear,0.05195399339684308,0.08161199021624921,-36.340244541054126,True,0.006065944415614144
6h,2020,1,Q700,refine,0.05195399339684308,0.05264586909523703,-1.3142070029128705,True,0.0001093305815986767
6h,2020,1,Q700,weatherdcae_14m_6yr,0.05195399339684308,0.0712525330855928,-27.08470682097317,True,0.0036983356899447095
6h,2020,1,Q850,flow_spectral,0.03890190245350553,0.0394833957738614,-1.472754075374727,True,0.00013777480341037318
6h,2020,1,Q850,linear,0.03890190245350553,0.06449869215040543,-39.68574996406188,True,0.008366487618013396
6h,2020,1,Q850,refine,0.03890190245350553,0.03946724054596129,-1.4324236623470155,True,0.0001318593247698896
6h,2020,1,Q850,weatherdcae_14m_6yr,0.03890190245350553,0.057129367529748024,-31.905595780928632,True,0.005628099973318812
6h,2020,1,Q925,flow_spectral,0.029481108751699483,0.02964855861865148,-0.5647824877620056,True,6.036160342071106e-05
6h,2020,1,Q925,linear,0.029481108751699483,0.042541066637308285,-30.69964840551339,True,0.007340050767975725
6h,2020,1,Q925,refine,0.029481108751699483,0.029596357067962945,-0.3894003440991556,True,4.1300143345801565e-05
6h,2020,1,Q925,weatherdcae_14m_6yr,0.029481108751699483,0.03926084423831785,-24.9096413394838,True,0.005316169645703028
6h,2020,1,T1000,flow_spectral,0.01133087465633307,0.011069672475944646,2.3596197715518574,False,-0.00010405939328184122
6h,2020,1,T1000,linear,0.01133087465633307,0.018903288317013434,-40.05871112839664,True,0.004106242143409045
6h,2020,1,T1000,refine,0.01133087465633307,0.01189233004268103,-4.72115543659587,True,0.00023360421140883325
6h,2020,1,T1000,weatherdcae_14m_6yr,0.01133087465633307,0.013077657137768898,-13.356998604826831,True,0.0007697902960421832
6h,2020,1,T700,flow_spectral,0.012145956347905756,0.011677555610925507,4.011119729046841,False,-0.0001101058634461749
6h,2020,1,T700,linear,0.012145956347905756,0.017479508448382593,-30.513169842429743,True,0.0015314210927180882
6h,2020,1,T700,refine,0.012145956347905756,0.012309559800569102,-1.3290763870839828,True,3.928098043415318e-05
6h,2020,1,T700,weatherdcae_14m_6yr,0.012145956347905756,0.01503225124229551,-19.200682904159606,True,0.0007728060997652664
6h,2020,1,T850,flow_spectral,0.01326629120513602,0.012986341464327094,2.1557244708060086,False,-7.13740798907736e-05
6h,2020,1,T850,linear,0.01326629120513602,0.020765736170263942,-36.11451529403015,True,0.0024685312165902973
6h,2020,1,T850,refine,0.01326629120513602,0.013676120915549188,-2.9966809517398163,True,0.00010772508423029237
6h,2020,1,T850,weatherdcae_14m_6yr,0.01326629120513602,0.016749613621782518,-20.79643444501018,True,0.001022284446350441
6h,2020,1,T925,flow_spectral,0.01202709265006359,0.011738754916099207,2.456288899676573,False,-8.361642957144255e-05
6h,2020,1,T925,linear,0.01202709265006359,0.01958338087543509,-38.585207903758445,True,0.002944201352698683
6h,2020,1,T925,refine,0.01202709265006359,0.012465711309642332,-3.518601134613686,True,0.00013318657730088113
6h,2020,1,T925,weatherdcae_14m_6yr,0.01202709265006359,0.014598784048782728,-17.615791768175182,True,0.0008518959043332108
6h,2020,1,U1000,flow_spectral,0.047958244241511905,0.047970762730226414,-0.02609608019974452,True,7.211336511270261e-07
6h,2020,1,U1000,linear,0.047958244241511905,0.09642348509664865,-50.262901000268066,True,0.005445072859709077
6h,2020,1,U1000,refine,0.047958244241511905,0.04860075438010215,-1.322016801560788,True,4.894413080080984e-05
6h,2020,1,U1000,weatherdcae_14m_6yr,0.047958244241511905,0.05573369168953919,-13.951071985936082,True,0.0006362513245823376
6h,2020,1,U700,flow_spectral,0.04333846439790477,0.04341624927003328,-0.17916073690454892,True,5.865291324402833e-06
6h,2020,1,U700,linear,0.04333846439790477,0.08023875885330219,-45.98811719266618,True,0.0039210009541745805
6h,2020,1,U700,refine,0.04333846439790477,0.04406415550271132,-1.6468966590359235,True,5.4973891693621546e-05
6h,2020,1,U700,weatherdcae_14m_6yr,0.04333846439790477,0.05204778003125857,-16.733308564021755,True,0.0007191352772213389
6h,2020,1,U850,flow_spectral,0.0450503618279413,0.045131514613474956,-0.1798140085230493,True,6.119162439088832e-06
6h,2020,1,U850,linear,0.0450503618279413,0.08724096177352336,-48.360998191547246,True,0.004683244495087169
6h,2020,1,U850,refine,0.0450503618279413,0.04568894048101922,-1.3976657071818166,True,4.922551877284409e-05
6h,2020,1,U850,weatherdcae_14m_6yr,0.0450503618279413,0.056287211250365336,-19.96341473099913,True,0.0009674812409423694
6h,2020,1,U925,flow_spectral,0.04426554737669171,0.044335278788266756,-0.15728199637148332,True,4.9034595834829275e-06
6h,2020,1,U925,linear,0.04426554737669171,0.09366493062140906,-52.7405325739131,True,0.005406794379596458
6h,2020,1,U925,refine,0.04426554737669171,0.04477758327938779,-1.1435094643256205,True,3.6767173565266376e-05
6h,2020,1,U925,weatherdcae_14m_6yr,0.04426554737669171,0.05382581019826372,-17.76148428859209,True,0.0007562414686175245
6h,2020,1,V1000,flow_spectral,0.08025100380444694,0.08012179226956642,0.16126890228040924,False,-4.818904280612379e-06
6h,2020,1,V1000,linear,0.08025100380444694,0.18926585157004186,-57.59879389824933,True,0.006494784539950005
6h,2020,1,V1000,refine,0.08025100380444694,0.08124323839851602,-1.2213134454364671,True,3.61590878737994e-05
6h,2020,1,V1000,weatherdcae_14m_6yr,0.08025100380444694,0.09217695607125913,-12.938105981274328,True,0.000464393062492241
6h,2020,1,V700,flow_spectral,0.14860434687307253,0.14809390354057628,0.34467545273151323,False,-9.854272839393552e-06
6h,2020,1,V700,linear,0.14860434687307253,0.33763158330902665,-55.98624233650017,True,0.005894355989587763
6h,2020,1,V700,refine,0.14860434687307253,0.15162815491274956,-1.994225967741281,True,5.889093265620815e-05
6h,2020,1,V700,weatherdcae_14m_6yr,0.14860434687307253,0.16203732781454366,-8.290053361559725,True,0.00027064399521348204
6h,2020,1,V850,flow_spectral,0.12554168826560758,0.12570689480247532,-0.13142201716727087,True,4.201193643305068e-06
6h,2020,1,V850,linear,0.12554168826560758,0.29284087033444656,-57.129724371386615,True,0.006956793184117238
6h,2020,1,V850,refine,0.12554168826560758,0.12741034842487192,-1.466647083510808,True,4.78463536006668e-05
6h,2020,1,V850,weatherdcae_14m_6yr,0.12554168826560758,0.14595337324075142,-13.985072439178625,True,0.0005606488611514804
6h,2020,1,V925,flow_spectral,0.09518865403182947,0.0952053564434134,-0.017543562891708664,True,5.019478600543081e-07
6h,2020,1,V925,linear,0.09518865403182947,0.2458131911544168,-61.27601875847536,True,0.007533413417878387
6h,2020,1,V925,refine,0.09518865403182947,0.0964701775780326,-1.3284142088020312,True,3.685510690309979e-05
6h,2020,1,V925,weatherdcae_14m_6yr,0.09518865403182947,0.11391864091177938,-16.44154699357302,True,0.0005867494366788018
6h,2020,1,Z1000,flow_spectral,0.01802279870850119,0.01805342295393279,-0.1696312411764933,True,1.4003848335386593e-06
6h,2020,1,Z1000,linear,0.01802279870850119,0.04374526789074812,-58.80057529076667,True,0.0020027157863822254
6h,2020,1,Z1000,refine,0.01802279870850119,0.01808615462695834,-0.3503006568500333,True,2.898838442622065e-06
6h,2020,1,Z1000,weatherdcae_14m_6yr,0.01802279870850119,0.018329297423128325,-1.672179285172093,True,1.4128620439257666e-05
6h,2020,1,Z700,flow_spectral,0.00754371379083796,0.007524637593891436,0.2535164877842222,False,-1.6333626472464502e-06
6h,2020,1,Z700,linear,0.00754371379083796,0.017056589351684106,-55.772437060559696,True,0.0013268074922710982
6h,2020,1,Z700,refine,0.00754371379083796,0.007519149040654097,0.3266958807578879,False,-2.102104421308759e-06
6h,2020,1,Z700,weatherdcae_14m_6yr,0.00754371379083796,0.007698485898095648,-2.0104226896872524,True,1.342875471510574e-05
6h,2020,1,Z850,flow_spectral,0.011488151380438242,0.011501778793322199,-0.11848091611593725,True,9.565007433876005e-07
6h,2020,1,Z850,linear,0.011488151380438242,0.026837589807497845,-57.19380368043072,True,0.0017845023013507433
6h,2020,1,Z850,refine,0.011488151380438242,0.011478687962482055,0.08244337669180979,False,-6.597636316163502e-07
6h,2020,1,Z850,weatherdcae_14m_6yr,0.011488151380438242,0.011631014611173818,-1.228295514290978,True,1.0063090731704527e-05
6h,2020,1,Z925,flow_spectral,0.01452511592702048,0.014551467214942378,-0.18109024700162513,True,1.4984548825092148e-06
6h,2020,1,Z925,linear,0.01452511592702048,0.03480076336028813,-58.2620766773312,True,0.001946961691658422
6h,2020,1,Z925,refine,0.01452511592702048,0.01454362105565841,-0.12723879814463546,True,1.0543735760037976e-06
6h,2020,1,Z925,weatherdcae_14m_6yr,0.01452511592702048,0.014708332904165329,-1.2456678696262213,True,1.0479048492828547e-05
6h,2020,1,mslp,flow_spectral,0.01823695405289252,0.018266177846289606,-0.15998855175398674,True,1.2536924898221002e-06
6h,2020,1,mslp,linear,0.01823695405289252,0.04323846475286232,-57.822383016766885,True,0.001801283690425426
6h,2020,1,mslp,refine,0.01823695405289252,0.018289172541999903,-0.28551586457761235,True,2.250441639928269e-06
6h,2020,1,mslp,weatherdcae_14m_6yr,0.01823695405289252,0.01854651847750155,-1.6691241808243218,True,1.3424127369265904e-05
6h,2020,1,t2m,flow_spectral,0.015231526968668297,0.01511064154510263,0.800001927150773,False,-9.386857386595171e-05
6h,2020,1,t2m,linear,0.015231526968668297,0.02281521583360947,-33.23961044352478,True,0.007708546411968942
6h,2020,1,t2m,refine,0.015231526968668297,0.01581632509441455,-3.6974336469144387,True,0.00048395451856275695
6h,2020,1,t2m,weatherdcae_14m_6yr,0.015231526968668297,0.015956182909784507,-4.541536940340807,True,0.0006095461002653124
6h,2020,1,u10,flow_spectral,0.04891155138430121,0.048830175604428906,0.16665059845684116,False,-6.278561592854004e-06
6h,2020,1,u10,linear,0.04891155138430121,0.09825112882797925,-50.21782246396691,True,0.005699244717898844
6h,2020,1,u10,refine,0.04891155138430121,0.0495309125794745,-1.250453833612486,True,4.863416702516332e-05
6h,2020,1,u10,weatherdcae_14m_6yr,0.04891155138430121,0.05616850404176606,-12.919967838325697,True,0.0006074833680347336
6h,2020,1,v10,flow_spectral,0.081498581723654,0.08114213144448526,0.4392912446632202,False,-1.3744720220087991e-05
6h,2020,1,v10,linear,0.081498581723654,0.190440704096172,-57.205271787643966,True,0.006895352860470272
6h,2020,1,v10,refine,0.081498581723654,0.08243403860380222,-1.1347944319994419,True,3.6495830304517085e-05
6h,2020,1,v10,weatherdcae_14m_6yr,0.081498581723654,0.09277581882649022,-12.155362513077861,True,0.00046743086639933207
6h,2020,2,Q1000,flow_spectral,0.028787435524762848,0.02924479662396732,-1.5639058978089926,True,0.0002714479425857119
6h,2020,2,Q1000,linear,0.028787435524762848,0.03855544801765334,-25.33497338279671,True,0.007289314258970614
6h,2020,2,Q1000,refine,0.028787435524762848,0.027984442609472974,2.8694261540090693,False,-0.0005057093169079652
6h,2020,2,Q1000,weatherdcae_14m_6yr,0.028787435524762848,0.033993259297097386,-15.314282537123624,True,0.003676234962795677
6h,2020,2,Q700,flow_spectral,0.08151867415947234,0.0829534761381901,-1.7296465989292131,True,0.00033601303267216664
6h,2020,2,Q700,linear,0.08151867415947234,0.12935293637469109,-36.97964928809911,True,0.01584335812350246
6h,2020,2,Q700,refine,0.08151867415947234,0.08349058525693746,-2.361836477007173,True,0.0005122278558095106
6h,2020,2,Q700,weatherdcae_14m_6yr,0.08151867415947234,0.11225217706960255,-27.378981604137397,True,0.009396396179666366
6h,2020,2,Q850,flow_spectral,0.0602379494760795,0.061983553433569455,-2.816237309403047,True,0.0006588700256107138
6h,2020,2,Q850,linear,0.0602379494760795,0.10268344020257172,-41.336256988231646,True,0.022449478281497903
6h,2020,2,Q850,refine,0.0602379494760795,0.06188422800883664,-2.6602554248912336,True,0.0006525959803578285
6h,2020,2,Q850,weatherdcae_14m_6yr,0.0602379494760795,0.09048525734153291,-33.427885109820906,True,0.014861054510126537
6h,2020,2,Q925,flow_spectral,0.04557354322022385,0.046761622689007354,-2.5407148008633973,True,0.0008181804641664847
6h,2020,2,Q925,linear,0.04557354322022385,0.06688043705524072,-31.85818570147527,True,0.019216490388431096
6h,2020,2,Q925,refine,0.04557354322022385,0.04572793025447101,-0.337620866258348,True,0.0001229040302607176
6h,2020,2,Q925,weatherdcae_14m_6yr,0.04557354322022385,0.061310020856537834,-25.667056406874334,True,0.013539667721572446
6h,2020,2,T1000,flow_spectral,0.019254724543824413,0.01882977754627818,2.25678182602973,False,-0.0002912400433675577
6h,2020,2,T1000,linear,0.019254724543824413,0.029988365606372937,-35.79268441447665,True,0.009505727741198067
6h,2020,2,T1000,refine,0.019254724543824413,0.018526067661696257,3.9331438027439436,False,-0.0004964021612381408
6h,2020,2,T1000,weatherdcae_14m_6yr,0.019254724543824413,0.02057200927107801,-6.403286669258668,True,0.000944145938842289
6h,2020,2,T700,flow_spectral,0.01873546729454604,0.018498892082060465,1.2788615201177134,False,-9.155774201108358e-05
6h,2020,2,T700,linear,0.01873546729454604,0.027362607322243958,-31.52893993652657,True,0.0038964273740078603
6h,2020,2,T700,refine,0.01873546729454604,0.01920730555420599,-2.456556221945605,True,0.00017861971747901162
6h,2020,2,T700,weatherdcae_14m_6yr,0.01873546729454604,0.023259278924342194,-19.449492155415538,True,0.0018795399066149354
6h,2020,2,T850,flow_spectral,0.021500178239730588,0.021362787969833052,0.6431289309782429,False,-6.334762877213684e-05
6h,2020,2,T850,linear,0.021500178239730588,0.0327024145602136,-34.25507404004312,True,0.005927653636011998
6h,2020,2,T850,refine,0.021500178239730588,0.021780365878506958,-1.2864230120801623,True,0.00011816841883560691
6h,2020,2,T850,weatherdcae_14m_6yr,0.021500178239730588,0.026192005898719426,-17.913204804288128,True,0.002194182352156182
6h,2020,2,T925,flow_spectral,0.020254142216377325,0.019813937992590548,2.221689721404152,False,-0.00022162604596653868
6h,2020,2,T925,linear,0.020254142216377325,0.030823374371436833,-34.289666107594385,True,0.006698734721599764
6h,2020,2,T925,refine,0.020254142216377325,0.019520333380483455,3.759202374215276,False,-0.0003649699827716901
6h,2020,2,T925,weatherdcae_14m_6yr,0.020254142216377325,0.022806208419801726,-11.190225733482917,True,0.0013684516260937807
6h,2020,2,U1000,flow_spectral,0.0788576045536043,0.08002967423277024,-1.4645438587653437,True,0.00014339699012955176
6h,2020,2,U1000,linear,0.0788576045536043,0.1507361327508091,-47.68500218592677,True,0.012984772221347751
6h,2020,2,U1000,refine,0.0788576045536043,0.0775638129169739,1.6680351158281814,False,-0.00015809390459387007
6h,2020,2,U1000,weatherdcae_14m_6yr,0.0788576045536043,0.08586900885537825,-8.165232596992766,True,0.000907392721496314
6h,2020,2,U700,flow_spectral,0.07094915477521058,0.07258213150636482,-2.2498329785355597,True,0.00020083082694544174
6h,2020,2,U700,linear,0.07094915477521058,0.12525873004347457,-43.35791625016023,True,0.009273887162232763
6h,2020,2,U700,refine,0.07094915477521058,0.07126152396619394,-0.43834200224450726,True,3.8259833143317046e-05
6h,2020,2,U700,weatherdcae_14m_6yr,0.07094915477521058,0.07935235825208506,-10.589733767179732,True,0.0010988308329467067
6h,2020,2,U850,flow_spectral,0.07274531343170683,0.07476269440517941,-2.698379170952969,True,0.0002489937140088827
6h,2020,2,U850,linear,0.07274531343170683,0.1370429519359368,-46.91787326230907,True,0.011467753708268691
6h,2020,2,U850,refine,0.07274531343170683,0.07222552825443183,0.7196696096758659,False,-6.338200553568374e-05
6h,2020,2,U850,weatherdcae_14m_6yr,0.07274531343170683,0.08638946909130402,-15.793771860291027,True,0.0018513572353512364
6h,2020,2,U925,flow_spectral,0.07272784272947477,0.07429907256530602,-2.1147368083904383,True,0.00018171835819880133
6h,2020,2,U925,linear,0.07272784272947477,0.14718875662573097,-50.588724032498035,True,0.013150802851895627
6h,2020,2,U925,refine,0.07272784272947477,0.0712410738081885,2.0869546762999125,False,-0.00017062523955002629
6h,2020,2,U925,weatherdcae_14m_6yr,0.07272784272947477,0.08304445249815247,-12.422996911090733,True,0.0012943060806630546
6h,2020,2,V1000,flow_spectral,0.1360091705620292,0.1378315202232279,-1.3221574123591262,True,0.0001102516526257924
6h,2020,2,V1000,linear,0.1360091705620292,0.2988054432733342,-54.4823651563757,True,0.015872297642146926
6h,2020,2,V1000,refine,0.1360091705620292,0.1331368703979321,2.1574039974892933,False,-0.00017090843487321816
6h,2020,2,V1000,weatherdcae_14m_6yr,0.1360091705620292,0.14654830416753603,-7.191576637733277,True,0.0006635930137388613
6h,2020,2,V700,flow_spectral,0.2530620554274244,0.25950603822887675,-2.483172586438609,True,0.0002146190427618766
6h,2020,2,V700,linear,0.2530620554274244,0.5310088595508025,-52.34315758093043,True,0.014215306930287941
6h,2020,2,V700,refine,0.2530620554274244,0.25384515124682366,-0.3084935109269993,True,2.6604353442705175e-05
6h,2020,2,V700,weatherdcae_14m_6yr,0.2530620554274244,0.2575039180464096,-1.7249689452044192,True,0.00014202153101927628
6h,2020,2,V850,flow_spectral,0.20884114957937588,0.2143635018693797,-2.576162565849849,True,0.0002340792239209355
6h,2020,2,V850,linear,0.20884114957937588,0.4614547390128836,-54.74287466933021,True,0.017118452297185338
6h,2020,2,V850,refine,0.20884114957937588,0.2059779506557276,1.3900511751540945,False,-0.00011877236377544342
6h,2020,2,V850,weatherdcae_14m_6yr,0.20884114957937588,0.22933318413859569,-8.935485998762227,True,0.0009045421155348121
6h,2020,2,V925,flow_spectral,0.16100110048309818,0.16472605940304139,-2.2613051835527753,True,0.00017669648214468925
6h,2020,2,V925,linear,0.16100110048309818,0.38711691397578984,-58.41021286577855,True,0.018463785383574294
6h,2020,2,V925,refine,0.16100110048309818,0.1574430990957919,2.259864933896849,False,-0.00016892503168519646
6h,2020,2,V925,weatherdcae_14m_6yr,0.16100110048309818,0.17904926264494214,-10.079998038100712,True,0.0009115304502198551
6h,2020,2,Z1000,flow_spectral,0.0257678519319001,0.026933034916981992,-4.326222383305245,True,7.749191264228017e-05
6h,2020,2,Z1000,linear,0.0257678519319001,0.06692372073544922,-61.49668361422862,True,0.0047980410337058466
6h,2020,2,Z1000,refine,0.0257678519319001,0.023938234637268366,7.6430752825159765,False,-0.0001150279665013132
6h,2020,2,Z1000,weatherdcae_14m_6yr,0.0257678519319001,0.02407980460320307,7.010220209479967,False,-0.00010725007275036447
6h,2020,2,Z700,flow_spectral,0.010378309768210893,0.010714518704575182,-3.137881837106926,True,3.9971093585444706e-05
6h,2020,2,Z700,linear,0.010378309768210893,0.025832505640453335,-59.8246104630338,True,0.0031694894456589795
6h,2020,2,Z700,refine,0.010378309768210893,0.009449985763845276,9.823549236627361,False,-0.00010479086164472129
6h,2020,2,Z700,weatherdcae_14m_6yr,0.010378309768210893,0.009713176619890886,6.8477406964672305,False,-7.599861709395306e-05
6h,2020,2,Z850,flow_spectral,0.015866078710810947,0.016493727275198874,-3.8053773650768674,True,6.15683887719154e-05
6h,2020,2,Z850,linear,0.015866078710810947,0.0408465431648389,-61.15686302563634,True,0.004288717675738574
6h,2020,2,Z850,refine,0.015866078710810947,0.014589798047243032,8.747761000085186,False,-0.00011829585385747521
6h,2020,2,Z850,weatherdcae_14m_6yr,0.015866078710810947,0.01473814967847204,7.653125100137026,False,-0.00010545836955688781
6h,2020,2,Z925,flow_spectral,0.020381767600987484,0.02124481785372867,-4.062403635010281,True,6.996888884014396e-05
6h,2020,2,Z925,linear,0.020381767600987484,0.05311566187301764,-61.62757483901133,True,0.004672717687951633
6h,2020,2,Z925,refine,0.020381767600987484,0.018829064228109604,8.246311946612161,False,-0.00011887641588470554
6h,2020,2,Z925,weatherdcae_14m_6yr,0.020381767600987484,0.018909387902462917,7.786501107911548,False,-0.00011371079154309793
6h,2020,2,mslp,flow_spectral,0.02604773747190037,0.027246183890002336,-4.39858448779582,True,7.500689106854086e-05
6h,2020,2,mslp,linear,0.02604773747190037,0.06608396062934072,-60.583873569564176,True,0.004315512421603662
6h,2020,2,mslp,refine,0.02604773747190037,0.02424374965732704,7.441042908262019,False,-0.00010672816522527828
6h,2020,2,mslp,weatherdcae_14m_6yr,0.02604773747190037,0.024521824359992863,6.222673686534597,False,-9.154864420690689e-05
6h,2020,2,t2m,flow_spectral,0.026308297273345334,0.026181446575339887,0.48450607051226946,False,-0.00017566685175418595
6h,2020,2,t2m,linear,0.026308297273345334,0.03970949324885634,-33.748091146685596,True,0.02313450104303716
6h,2020,2,t2m,refine,0.026308297273345334,0.028032480079757807,-6.15066095296185,True,0.002428645948138186
6h,2020,2,t2m,weatherdcae_14m_6yr,0.026308297273345334,0.0307518754607368,-14.449779471385128,True,0.006584807867247355
6h,2020,2,u10,flow_spectral,0.08016591841804482,0.08127559138036974,-1.365321301855127,True,0.00013922495571916382
6h,2020,2,u10,linear,0.08016591841804482,0.15391448961656232,-47.91528814619258,True,0.013712050112999696
6h,2020,2,u10,refine,0.08016591841804482,0.07881254238929457,1.717208946344173,False,-0.00017063659205984738
6h,2020,2,u10,weatherdcae_14m_6yr,0.08016591841804482,0.08645123605479117,-7.270361794205959,True,0.0008299776065109343
6h,2020,2,v10,flow_spectral,0.1372752596826133,0.13885373386892444,-1.136789153830886,True,0.00010071844058301416
6h,2020,2,v10,linear,0.1372752596826133,0.3009313922689701,-54.383203876610594,True,0.016949762320902284
6h,2020,2,v10,refine,0.1372752596826133,0.13425112426895774,2.252595969026694,False,-0.00019313164072320976
6h,2020,2,v10,weatherdcae_14m_6yr,0.1372752596826133,0.14675524117892125,-6.459722610349649,True,0.0006318107209478674
6h,2020,3,Q1000,flow_spectral,0.03165040826653276,0.03186040196314237,-0.6591056096923675,True,0.00013955809298948907
6h,2020,3,Q1000,linear,0.03165040826653276,0.04456776451778649,-28.983630637562175,True,0.010945280446334804
6h,2020,3,Q1000,refine,0.03165040826653276,0.032052980710054475,-1.2559594602552404,True,0.0002828475957497023
6h,2020,3,Q1000,weatherdcae_14m_6yr,0.03165040826653276,0.03875069588929152,-18.322993845178594,True,0.005606388374445825
6h,2020,3,Q700,flow_spectral,0.09425629859655127,0.09474894278782443,-0.5199469004908752,True,0.0001280331822059999
6h,2020,3,Q700,linear,0.09425629859655127,0.1474729604409059,-36.08570797334686,True,0.020405064821870655
6h,2020,3,Q700,refine,0.09425629859655127,0.09676212141646133,-2.58967329697648,True,0.0007451670756040141
6h,2020,3,Q700,weatherdcae_14m_6yr,0.09425629859655127,0.1274966062646428,-26.071523503217897,True,0.011696947317216044
6h,2020,3,Q850,flow_spectral,0.06833457236661136,0.06931617318953795,-1.416120910544938,True,0.0004149015199030881
6h,2020,3,Q850,linear,0.06833457236661136,0.11673636318768942,-41.46247964163263,True,0.029308518457728527
6h,2020,3,Q850,refine,0.06833457236661136,0.0703855469339189,-2.913914371132298,True,0.0009122909761706266
6h,2020,3,Q850,weatherdcae_14m_6yr,0.06833457236661136,0.10215940187651193,-33.109854686490124,True,0.018854978215010587
6h,2020,3,Q925,flow_spectral,0.05086979627297192,0.0512995207433918,-0.8376773587601916,True,0.0003135004552939913
6h,2020,3,Q925,linear,0.05086979627297192,0.07555934385707147,-32.675704054289376,True,0.025171225556472665
6h,2020,3,Q925,refine,0.05086979627297192,0.05139486112519864,-1.0216290904019765,True,0.0004249419645050434
6h,2020,3,Q925,weatherdcae_14m_6yr,0.05086979627297192,0.06881220952950301,-26.074461754986,True,0.017313514868195767
6h,2020,3,T1000,flow_spectral,0.0200159820905642,0.01961968715218904,2.019884085312462,False,-0.00027369552071443426
6h,2020,3,T1000,linear,0.0200159820905642,0.03396473791645688,-41.068345235586555,True,0.013573412738014046
6h,2020,3,T1000,refine,0.0200159820905642,0.020764437262607825,-3.604504964800692,True,0.0005424283603943092
6h,2020,3,T1000,weatherdcae_14m_6yr,0.0200159820905642,0.023007131157107837,-13.000964988281682,True,0.0023177476274089948
6h,2020,3,T700,flow_spectral,0.02109775490760832,0.020470237700272516,3.065510115339065,False,-0.000258339632967175
6h,2020,3,T700,linear,0.02109775490760832,0.030823062293588013,-31.552047922255944,True,0.0049693601618792105
6h,2020,3,T700,refine,0.02109775490760832,0.021634345268570738,-2.480270857754807,True,0.00022646482544808055
6h,2020,3,T700,weatherdcae_14m_6yr,0.02109775490760832,0.0260327560349089,-18.956890775156253,True,0.0023044838600512207
6h,2020,3,T850,flow_spectral,0.023677178581653982,0.023275445838849572,1.7259937600587971,False,-0.0001817437368235586
6h,2020,3,T850,linear,0.023677178581653982,0.03683648320803887,-35.723563924563564,True,0.0078148937007676
6h,2020,3,T850,refine,0.023677178581653982,0.024482413678390554,-3.2890347631341355,True,0.00037886734028402813
6h,2020,3,T850,weatherdcae_14m_6yr,0.023677178581653982,0.029368317902052368,-19.378499440721008,True,0.0029676598450274483
6h,2020,3,T925,flow_spectral,0.021351672152025884,0.020789259548804468,2.7053036780896766,False,-0.000288219849359006
6h,2020,3,T925,linear,0.021351672152025884,0.03471298808351693,-38.490826255995856,True,0.00933769453851363
6h,2020,3,T925,refine,0.021351672152025884,0.021931479817822192,-2.643723408600729,True,0.00031104589628394574
6h,2020,3,T925,weatherdcae_14m_6yr,0.021351672152025884,0.025566894732363704,-16.48703381643766,True,0.0024667296019352802
6h,2020,3,U1000,flow_spectral,0.08540643912208207,0.08555891486651318,-0.17821140516918188,True,2.098722493582006e-05
6h,2020,3,U1000,linear,0.08540643912208207,0.16942156921322413,-49.58939436182739,True,0.01691100374211507
6h,2020,3,U1000,refine,0.08540643912208207,0.08654240901548088,-1.3126164458810097,True,0.00015383122798851012
6h,2020,3,U1000,weatherdcae_14m_6yr,0.08540643912208207,0.09517666888673201,-10.265362172190873,True,0.0013930264948357474
6h,2020,3,U700,flow_spectral,0.07976965642004277,0.07978228139766771,-0.015824287553289906,True,2.5034300094040063e-06
6h,2020,3,U700,linear,0.07976965642004277,0.14092375161781484,-43.39516546765086,True,0.011820017396270588
6h,2020,3,U700,refine,0.07976965642004277,0.08126914678060702,-1.8450917967826719,True,0.00021014822226372853
6h,2020,3,U700,weatherdcae_14m_6yr,0.07976965642004277,0.08852803781872773,-9.89334183213102,True,0.0012852854892184684
6h,2020,3,U850,flow_spectral,0.0806145711971813,0.08078471627775709,-0.2106154337298105,True,2.3700799571702014e-05
6h,2020,3,U850,linear,0.0806145711971813,0.15443983207770554,-47.801956197012366,True,0.01483637083207101
6h,2020,3,U850,refine,0.0806145711971813,0.08159504961209148,-1.2016395842289973,True,0.0001355089039304369
6h,2020,3,U850,weatherdcae_14m_6yr,0.0806145711971813,0.09635589285134814,-16.336646559283697,True,0.0023781272542537923
6h,2020,3,U925,flow_spectral,0.07854379075673006,0.07875376336925098,-0.2666191475021118,True,2.6734450512932995e-05
6h,2020,3,U925,linear,0.07854379075673006,0.16563474423389082,-52.5801237415386,True,0.017147788451337687
6h,2020,3,U925,refine,0.07854379075673006,0.07933676543116804,-0.9995046686469222,True,0.00010069445499139018
6h,2020,3,U925,weatherdcae_14m_6yr,0.07854379075673006,0.09216670703568747,-14.780734515862159,True,0.0018759971397935837
6h,2020,3,V1000,flow_spectral,0.14689537342696085,0.14721958348902436,-0.2202221025083162,True,2.150282531332426e-05
6h,2020,3,V1000,linear,0.14689537342696085,0.33666963591397014,-56.36809567688565,True,0.020680544243268817
6h,2020,3,V1000,refine,0.14689537342696085,0.14875663819386786,-1.251214594189276,True,0.0001242034322497254
6h,2020,3,V1000,weatherdcae_14m_6yr,0.14689537342696085,0.1627767036061001,-9.756512957511509,True,0.0011107343660183844
6h,2020,3,V700,flow_spectral,0.28062517827412786,0.28014123431593313,0.17274999140217684,False,-1.7620932024953184e-05
6h,2020,3,V700,linear,0.28062517827412786,0.5980923046995753,-53.079955038865236,True,0.018349686340232818
6h,2020,3,V700,refine,0.28062517827412786,0.2873327137904453,-2.3344141458286227,True,0.0002491048848958233
6h,2020,3,V700,weatherdcae_14m_6yr,0.28062517827412786,0.28925631814588215,-2.9839071198442424,True,0.00032201989243374474
6h,2020,3,V850,flow_spectral,0.2291505602636636,0.22942717337185442,-0.12056684660560757,True,1.26908576696394e-05
6h,2020,3,V850,linear,0.2291505602636636,0.5197429983879429,-55.91079418589442,True,0.022149298903344272
6h,2020,3,V850,refine,0.2291505602636636,0.23239453648498146,-1.395891775419389,True,0.00015188735506954654
6h,2020,3,V850,weatherdcae_14m_6yr,0.2291505602636636,0.2562851889267293,-10.587669453978233,True,0.0013380584819754349
6h,2020,3,V925,flow_spectral,0.17271766129613672,0.17294618227527428,-0.13213415649373506,True,1.185186067520494e-05
6h,2020,3,V925,linear,0.17271766129613672,0.4352711153783446,-60.319521513388786,True,0.023905893676436918
6h,2020,3,V925,refine,0.17271766129613672,0.1748889107707915,-1.24150208557271,True,0.00011320303346007421
6h,2020,3,V925,weatherdcae_14m_6yr,0.17271766129613672,0.19828920401641562,-12.896084205452718,True,0.001421593179713132
6h,2020,3,Z1000,flow_spectral,0.023266629815046593,0.023362084817305076,-0.40858940032516555,True,5.6111240812617424e-06
6h,2020,3,Z1000,linear,0.023266629815046593,0.07553512636380855,-69.19760257898446,True,0.006500873383492811
6h,2020,3,Z1000,refine,0.023266629815046593,0.023576234015858417,-1.3132046475428205,True,1.829791799601299e-05
6h,2020,3,Z1000,weatherdcae_14m_6yr,0.023266629815046593,0.023917488614073154,-2.7212673099950457,True,3.874127299308139e-05
6h,2020,3,Z700,flow_spectral,0.009176129463384346,0.009100709886643743,0.828721909389607,False,-7.82118293340961e-06
6h,2020,3,Z700,linear,0.009176129463384346,0.029350119577982482,-68.7356317612144,True,0.0044068955833437284
6h,2020,3,Z700,refine,0.009176129463384346,0.009189443434855437,-0.1448833279781736,True,1.367364284909911e-06
6h,2020,3,Z700,weatherdcae_14m_6yr,0.009176129463384346,0.009628395956690544,-4.697215354878804,True,4.824894540989e-05
6h,2020,3,Z850,flow_spectral,0.013953193661287713,0.013955649805147166,-0.017599638094589753,True,2.107695172837154e-07
6h,2020,3,Z850,linear,0.013953193661287713,0.046296907939837456,-69.8614998664278,True,0.005903563948063906
6h,2020,3,Z850,refine,0.013953193661287713,0.014051255178934415,-0.6978843982117344,True,8.325291800170831e-06
6h,2020,3,Z850,weatherdcae_14m_6yr,0.013953193661287713,0.014382096279561557,-2.9821982132281932,True,3.6847669287576323e-05
6h,2020,3,Z925,flow_spectral,0.018061953483103698,0.018108982190771433,-0.2596982379920898,True,3.3117168929397423e-06
6h,2020,3,Z925,linear,0.018061953483103698,0.060040032925815584,-69.91681615927703,True,0.006372122316216533
6h,2020,3,Z925,refine,0.018061953483103698,0.01824519197247554,-1.0043111064453103,True,1.2955203586129116e-05
6h,2020,3,Z925,weatherdcae_14m_6yr,0.018061953483103698,0.01850657001989497,-2.402479423865689,True,3.164597902627353e-05
6h,2020,3,mslp,flow_spectral,0.023932292238655225,0.024023758395695073,-0.38073208834900063,True,5.1361708089947555e-06
6h,2020,3,mslp,linear,0.023932292238655225,0.07459101339836405,-67.91531426065849,True,0.005846124618364423
6h,2020,3,mslp,refine,0.023932292238655225,0.02421367863647155,-1.1620968545956178,True,1.5915876924177397e-05
6h,2020,3,mslp,weatherdcae_14m_6yr,0.023932292238655225,0.024674607373334503,-3.0084172098377104,True,4.238065134087865e-05
6h,2020,3,t2m,flow_spectral,0.025266207914956998,0.024980620713841863,1.1432350075948783,False,-0.0003584972450814128
6h,2020,3,t2m,linear,0.025266207914956998,0.043568886644141436,-42.00859865590698,True,0.03286203630457629
6h,2020,3,t2m,refine,0.025266207914956998,0.026518196203437542,-4.721242270310411,True,0.0016519973131290389
6h,2020,3,t2m,weatherdcae_14m_6yr,0.025266207914956998,0.02665236634599236,-5.200883152515257,True,0.00186136478290444
6h,2020,3,u10,flow_spectral,0.08660488125803721,0.08666689718003702,-0.07155664275251272,True,9.454237250738906e-06
6h,2020,3,u10,linear,0.08660488125803721,0.1730408030659997,-49.9511793036437,True,0.017907340859765752
6h,2020,3,u10,refine,0.08660488125803721,0.0877580492377709,-1.314031008835792,True,0.0001593866378637454
6h,2020,3,u10,weatherdcae_14m_6yr,0.08660488125803721,0.09579832011047029,-9.59665977632136,True,0.0013361579665783774
6h,2020,3,v10,flow_spectral,0.14781179788570706,0.14780507829694312,0.004546250265113905,False,3.2766606794520925e-07
6h,2020,3,v10,linear,0.14781179788570706,0.33904854916649524,-56.40394325559504,True,0.02213639209867213
6h,2020,3,v10,refine,0.14781179788570706,0.14958593730128428,-1.1860335587588589,True,0.00012539825761581636
6h,2020,3,v10,weatherdcae_14m_6yr,0.14781179788570706,0.1630773666928058,-9.360936539927689,True,0.0011293503745483102
6h,2020,4,Q1000,flow_spectral,0.03058190302488051,0.030802053920467996,-0.7147279728680456,True,0.00014713077628547566
6h,2020,4,Q1000,linear,0.03058190302488051,0.03960758536646922,-22.787762137172894,True,0.007131638497473447
6h,2020,4,Q1000,refine,0.03058190302488051,0.029822257628454602,2.5472430890044473,False,-0.0005255934342950352
6h,2020,4,Q1000,weatherdcae_14m_6yr,0.03058190302488051,0.03506168572722413,-12.776860579938488,True,0.0033152548751212985
6h,2020,4,Q700,flow_spectral,0.08526301288826882,0.08516330819681972,0.11707470454138669,False,-5.8195264809879355e-05
6h,2020,4,Q700,linear,0.08526301288826882,0.12949008291912487,-34.15479319638616,True,0.014862923341139478
6h,2020,4,Q700,refine,0.08526301288826882,0.085200365735548,0.07352920633612037,False,-1.1985437971429036e-05
6h,2020,4,Q700,weatherdcae_14m_6yr,0.08526301288826882,0.11487190480359716,-25.775573205608715,True,0.009331093503700094
6h,2020,4,Q850,flow_spectral,0.06333554883640474,0.06405193798842224,-1.1184503927843426,True,0.00028028446166905585
6h,2020,4,Q850,linear,0.06333554883640474,0.10202488471174852,-37.92146983028011,True,0.021021459939090104
6h,2020,4,Q850,refine,0.06333554883640474,0.06275883992524822,0.9189285714067408,False,-0.0002368328284966248
6h,2020,4,Q850,weatherdcae_14m_6yr,0.06333554883640474,0.0914138392754166,-30.71557945883452,True,0.014293767733953855
6h,2020,4,Q925,flow_spectral,0.04838865419180544,0.048752050142715456,-0.7453962445604145,True,0.00026257356018088984
6h,2020,4,Q925,linear,0.04838865419180544,0.06752599043816537,-28.34069685195405,True,0.018043610107293273
6h,2020,4,Q925,refine,0.04838865419180544,0.04780585144964598,1.2191033617994007,False,-0.000458199892065303
6h,2020,4,Q925,weatherdcae_14m_6yr,0.04838865419180544,0.06264397806521084,-22.756096138348614,True,0.012867707486718172
6h,2020,4,T1000,flow_spectral,0.01971849148136891,0.019454770033048525,1.3555618898213329,False,-0.00020105004155934747
6h,2020,4,T1000,linear,0.01971849148136891,0.03010554727271804,-34.50213243843597,True,0.009118173336105317
6h,2020,4,T1000,refine,0.01971849148136891,0.019606239380172856,0.5725325444591478,False,-7.826710999070396e-05
6h,2020,4,T1000,weatherdcae_14m_6yr,0.01971849148136891,0.021577432062664683,-8.615207666496548,True,0.0013309330797386387
6h,2020,4,T700,flow_spectral,0.019733558597973284,0.019129190150931688,3.159404252208553,False,-0.00023397785433743046
6h,2020,4,T700,linear,0.019733558597973284,0.027759517158972534,-28.912457356647757,True,0.0036969661033522394
6h,2020,4,T700,refine,0.019733558597973284,0.019912438577184353,-0.8983328612299113,True,6.92642154525025e-05
6h,2020,4,T700,weatherdcae_14m_6yr,0.019733558597973284,0.02381799172034051,-17.148520204073836,True,0.0017494887890358024
6h,2020,4,T850,flow_spectral,0.022826789001979996,0.022304814053407646,2.340189643915025,False,-0.0002324860998800249
6h,2020,4,T850,linear,0.022826789001979996,0.032950273646134814,-30.723522216764167,True,0.0054612037713825945
6h,2020,4,T850,refine,0.022826789001979996,0.02273085936918415,0.42202378378133343,False,-4.263067067222792e-05
6h,2020,4,T850,weatherdcae_14m_6yr,0.022826789001979996,0.027037433414595725,-15.57338800635818,True,0.0020440422311077677
6h,2020,4,T925,flow_spectral,0.020454478356433346,0.02005479149546337,1.9929744024533402,False,-0.000208610230913453
6h,2020,4,T925,linear,0.020454478356433346,0.030901864835703508,-33.808271878787785,True,0.006537830994988725
6h,2020,4,T925,refine,0.020454478356433346,0.0204689334485262,-0.07061966432792,True,6.332893500604619e-06
6h,2020,4,T925,weatherdcae_14m_6yr,0.020454478356433346,0.023660387745777275,-13.549690832586181,True,0.0017224214778119862
6h,2020,4,U1000,flow_spectral,0.08611104909595227,0.086327457160521,-0.2506827742723039,True,3.1180785147522094e-05
6h,2020,4,U1000,linear,0.08611104909595227,0.15329054934319059,-43.82494585288179,True,0.012794976314221995
6h,2020,4,U1000,refine,0.08611104909595227,0.08459855217120295,1.7878520210233173,False,-0.00020998985337061793
6h,2020,4,U1000,weatherdcae_14m_6yr,0.08611104909595227,0.09183323204780115,-6.231059088577395,True,0.0008092566080044605
6h,2020,4,U700,flow_spectral,0.07711111619717116,0.07698476409686708,0.16412611220721907,False,-2.8540543750898983e-05
6h,2020,4,U700,linear,0.07711111619717116,0.12764206452138951,-39.58800612767484,True,0.00888413754976869
6h,2020,4,U700,refine,0.07711111619717116,0.07612304294802179,1.2979949446109806,False,-0.00012767531146717914
6h,2020,4,U700,weatherdcae_14m_6yr,0.07711111619717116,0.08424034018079943,-8.462957258158365,True,0.000987549938724741
6h,2020,4,U850,flow_spectral,0.079841992620072,0.07973056487487948,0.13975536905750374,False,-2.1537227144152737e-05
6h,2020,4,U850,linear,0.079841992620072,0.13948637599747335,-42.76000645287519,True,0.011055474607182592
6h,2020,4,U850,refine,0.079841992620072,0.0780594338616053,2.2835917073483536,False,-0.00023446542220273425
6h,2020,4,U850,weatherdcae_14m_6yr,0.079841992620072,0.09187438659104372,-13.096570673751506,True,0.001746789998879783
6h,2020,4,U925,flow_spectral,0.08047515878132165,0.08044550856069753,0.03685752151314503,False,-9.405812991913898e-06
6h,2020,4,U925,linear,0.08047515878132165,0.14983754771142124,-46.29172726697829,True,0.012882844034249441
6h,2020,4,U925,refine,0.08047515878132165,0.07825026238681683,2.8433085419016457,False,-0.0002854100038667262
6h,2020,4,U925,weatherdcae_14m_6yr,0.08047515878132165,0.08946608949637284,-10.04954029584103,True,0.0012226987825514346
6h,2020,4,V1000,flow_spectral,0.14945604051943348,0.14905270384494645,0.27060003883365713,False,-2.3802194007660482e-05
6h,2020,4,V1000,linear,0.14945604051943348,0.3020778317624879,-50.523995869731685,True,0.01572805154819501
6h,2020,4,V1000,refine,0.14945604051943348,0.1449851716807802,3.0836731693479447,False,-0.0003084523395086025
6h,2020,4,V1000,weatherdcae_14m_6yr,0.14945604051943348,0.1584673501632195,-5.686540245990401,True,0.000634232085570785
6h,2020,4,V700,flow_spectral,0.28147035098668965,0.27598265150673057,1.9884218989849378,False,-0.00020206660534927146
6h,2020,4,V700,linear,0.28147035098668965,0.5401625687611006,-47.891548347701885,True,0.013605353464134051
6h,2020,4,V700,refine,0.28147035098668965,0.273243858059984,3.0106780752962914,False,-0.0002794447657409327
6h,2020,4,V700,weatherdcae_14m_6yr,0.28147035098668965,0.27998527626402053,0.530411721103774,False,-5.846795257880011e-05
6h,2020,4,V850,flow_spectral,0.23139532281828407,0.22978665706546017,0.7000692613608139,False,-7.578471897229377e-05
6h,2020,4,V850,linear,0.23139532281828407,0.4669050956709166,-50.44060881670569,True,0.016535425379259006
6h,2020,4,V850,refine,0.23139532281828407,0.22470868162358576,2.975693304942806,False,-0.00030374371753949525
6h,2020,4,V850,weatherdcae_14m_6yr,0.23139532281828407,0.24785782470321607,-6.641913324561832,True,0.0007773972970646081
6h,2020,4,V925,flow_spectral,0.17850987214885666,0.1772229551524986,0.7261570575045839,False,-6.68922554506457e-05
6h,2020,4,V925,linear,0.17850987214885666,0.3909839126053544,-54.343422735902095,True,0.01821497624729196
6h,2020,4,V925,refine,0.17850987214885666,0.17204105636866068,3.760041885777654,False,-0.00034339633349222964
6h,2020,4,V925,weatherdcae_14m_6yr,0.17850987214885666,0.1956083354480398,-8.741173150939197,True,0.0009465898947207396
6h,2020,4,Z1000,flow_spectral,0.02928311695615368,0.028475636575565424,2.8356886015364458,False,-5.8048321928683144e-05
6h,2020,4,Z1000,linear,0.02928311695615368,0.06834789498814103,-57.15578810256767,True,0.004788553913420701
6h,2020,4,Z1000,refine,0.02928311695615368,0.027281247263533964,7.3378965165407095,False,-0.00014046870312056647
6h,2020,4,Z1000,weatherdcae_14m_6yr,0.02928311695615368,0.027665539484193757,5.846903773136591,False,-0.00011454633953722482
6h,2020,4,Z700,flow_spectral,0.012002420449324666,0.011420246188402577,5.097738273920016,False,-7.762575378289505e-05
6h,2020,4,Z700,linear,0.012002420449324666,0.02670953699165707,-55.06316544134137,True,0.0032080114950543415
6h,2020,4,Z700,refine,0.012002420449324666,0.010821541897548852,10.912294781608622,False,-0.000151505728899326
6h,2020,4,Z700,weatherdcae_14m_6yr,0.012002420449324666,0.01114156945872069,7.726478695783512,False,-0.0001116645883736389
6h,2020,4,Z850,flow_spectral,0.01826495907743291,0.017638087015851806,3.5540819195285733,False,-6.825607468285977e-05
6h,2020,4,Z850,linear,0.01826495907743291,0.04203818884728083,-56.55150809710883,True,0.004326305557386334
6h,2020,4,Z850,refine,0.01826495907743291,0.016805102443132432,8.686984439640021,False,-0.0001532734105150757
6h,2020,4,Z850,weatherdcae_14m_6yr,0.01826495907743291,0.017018263626827342,7.325632496609691,False,-0.00013170560144382115
6h,2020,4,Z925,flow_spectral,0.023327543813388252,0.022657114607795358,2.959022881767237,False,-5.964987697204549e-05
6h,2020,4,Z925,linear,0.023327543813388252,0.05443628046800256,-57.14706513223273,True,0.00468937104630085
6h,2020,4,Z925,refine,0.023327543813388252,0.02164219553498698,7.787325808403867,False,-0.0001455307566449182
6h,2020,4,Z925,weatherdcae_14m_6yr,0.023327543813388252,0.021877719524841924,6.626944306969773,False,-0.00012603337556682526
6h,2020,4,mslp,flow_spectral,0.029590606085239012,0.028790325395185733,2.7796861586951715,False,-5.4003473416663894e-05
6h,2020,4,mslp,linear,0.029590606085239012,0.06742871396677777,-56.11571933610012,True,0.0042866613973414625
6h,2020,4,mslp,refine,0.029590606085239012,0.027586363581965073,7.2653378083664455,False,-0.00013215922379783418
6h,2020,4,mslp,weatherdcae_14m_6yr,0.029590606085239012,0.02802411056506997,5.5898135162282925,False,-0.0001042076511879042
6h,2020,4,t2m,flow_spectral,0.029906332014665707,0.029551207131967197,1.2017271616439285,False,-0.0005188625049474815
6h,2020,4,t2m,linear,0.029906332014665707,0.03928943812683583,-23.88200635977329,True,0.017187788779791657
6h,2020,4,t2m,refine,0.029906332014665707,0.030263030447803884,-1.1786606557905421,True,0.0005749239854121457
6h,2020,4,t2m,weatherdcae_14m_6yr,0.029906332014665707,0.030399006828034682,-1.6206937817278222,True,0.0008283432002247348
6h,2020,4,u10,flow_spectral,0.08700057365279286,0.08713927655337342,-0.15917380321099905,True,2.1664146545696816e-05
6h,2020,4,u10,linear,0.08700057365279286,0.15636364063760053,-44.36009976613965,True,0.013550214036342156
6h,2020,4,u10,refine,0.08700057365279286,0.0855647224887942,1.6780877939348349,False,-0.00020345463906445982
6h,2020,4,u10,weatherdcae_14m_6yr,0.08700057365279286,0.09230085389717593,-5.74239567738738,True,0.0007628733963540579
6h,2020,4,v10,flow_spectral,0.15014416647735698,0.14940904693096627,0.4920180949486763,False,-4.76001885811872e-05
6h,2020,4,v10,linear,0.15014416647735698,0.3040213410947906,-50.61393850290805,True,0.016800579564941853
6h,2020,4,v10,refine,0.15014416647735698,0.1457604950967893,3.007448196204887,False,-0.00031907167372180467
6h,2020,4,v10,weatherdcae_14m_6yr,0.15014416647735698,0.1583246380050702,-5.16689735140986,True,0.000610619608850449
6h,2020,5,Q1000,flow_spectral,0.018280865618234752,0.018452102262838586,-0.9280061543377349,True,6.197580700151306e-05
6h,2020,5,Q1000,linear,0.018280865618234752,0.024894874936784956,-26.567754750104278,True,0.003183468692337099
6h,2020,5,Q1000,refine,0.018280865618234752,0.018490405908763278,-1.1332379157193984,True,8.286982193916881e-05
6h,2020,5,Q1000,weatherdcae_14m_6yr,0.018280865618234752,0.021974275003996735,-16.807878235301132,True,0.0016681507848212984
6h,2020,5,Q700,flow_spectral,0.052509678525835816,0.052955198263248494,-0.8413144545280193,True,5.8745091788714454e-05
6h,2020,5,Q700,linear,0.052509678525835816,0.0817610058516452,-35.776623613077504,True,0.005994760058771198
6h,2020,5,Q700,refine,0.052509678525835816,0.053443289240296954,-1.7469185144337707,True,0.00014778685716698714
6h,2020,5,Q700,weatherdcae_14m_6yr,0.052509678525835816,0.07280492879832338,-27.87620372338713,True,0.003947163926439234
6h,2020,5,Q850,flow_spectral,0.039665517255923856,0.04031935014289363,-1.6216354793729626,True,0.0001542841485506763
6h,2020,5,Q850,linear,0.039665517255923856,0.06419259993673761,-38.208582772757936,True,0.008137760839922459
6h,2020,5,Q850,refine,0.039665517255923856,0.04035534373617444,-1.7093807570079722,True,0.00017065319030373782
6h,2020,5,Q850,weatherdcae_14m_6yr,0.039665517255923856,0.057681039124464296,-31.23300506023565,True,0.00566794257758918
6h,2020,5,Q925,flow_spectral,0.029905278338519817,0.030191220541726887,-0.9471038205026261,True,0.00011368465625027913
6h,2020,5,Q925,linear,0.029905278338519817,0.042666311698272404,-29.908920766332127,True,0.007323908312029337
6h,2020,5,Q925,refine,0.029905278338519817,0.03007675448623876,-0.5701284950721641,True,7.081634713890228e-05
6h,2020,5,Q925,weatherdcae_14m_6yr,0.029905278338519817,0.0394358617959805,-24.167301089466964,True,0.005257473604724838
6h,2020,5,T1000,flow_spectral,0.011658922498734063,0.011443575601241497,1.8818147840890198,False,-9.643325771346856e-05
6h,2020,5,T1000,linear,0.011658922498734063,0.018909408895458037,-38.34327364122688,True,0.003922115893633893
6h,2020,5,T1000,refine,0.011658922498734063,0.01214590830782937,-4.0094639013649624,True,0.00020909254323797644
6h,2020,5,T1000,weatherdcae_14m_6yr,0.011658922498734063,0.013356223208252948,-12.707939086178987,True,0.0007537654604782285
6h,2020,5,T700,flow_spectral,0.01232849128059145,0.011866790214079527,3.8906988173106116,False,-0.00011160086261940982
6h,2020,5,T700,linear,0.01232849128059145,0.01761311827717912,-30.003926127236824,True,0.0015219964460165825
6h,2020,5,T700,refine,0.01232849128059145,0.012571930615968886,-1.936371928971825,True,5.9557975564339394e-05
6h,2020,5,T700,weatherdcae_14m_6yr,0.01232849128059145,0.015244214363590554,-19.126752048062567,True,0.0007893983214581901
6h,2020,5,T850,flow_spectral,0.01359916438664796,0.013318058795668523,2.1107099412330355,False,-7.575877610099813e-05
6h,2020,5,T850,linear,0.01359916438664796,0.02067184168322772,-34.2140647406285,True,0.0023266012490721355
6h,2020,5,T850,refine,0.01359916438664796,0.013978082105821292,-2.710799066028724,True,0.00010195329584428148
6h,2020,5,T850,weatherdcae_14m_6yr,0.01359916438664796,0.017026792333406073,-20.130790812742838,True,0.0010218899907128431
6h,2020,5,T925,flow_spectral,0.01227144592584392,0.012008377074241811,2.1907111175447413,False,-8.410910547784756e-05
6h,2020,5,T925,linear,0.01227144592584392,0.019422471169642932,-36.81830793486244,True,0.0027567896986059326
6h,2020,5,T925,refine,0.01227144592584392,0.012689145533290987,-3.2917867192176042,True,0.00012855966525537887
6h,2020,5,T925,weatherdcae_14m_6yr,0.01227144592584392,0.01486774742788425,-17.46264196801597,True,0.00086765042705228
6h,2020,5,U1000,flow_spectral,0.0505592557806575,0.05048259452597959,0.15185680410791935,False,-6.031451199484117e-06
6h,2020,5,U1000,linear,0.0505592557806575,0.09744075898290636,-48.11282638969704,True,0.005437006799021926
6h,2020,5,U1000,refine,0.0505592557806575,0.05137662887797537,-1.5909434214907536,True,6.591026441704617e-05
6h,2020,5,U1000,weatherdcae_14m_6yr,0.0505592557806575,0.05717367782557952,-11.568998700941934,True,0.0005641178786703893
6h,2020,5,U700,flow_spectral,0.045296835666846356,0.04553868714152286,-0.5310901342519769,True,1.8710051548520568e-05
6h,2020,5,U700,linear,0.045296835666846356,0.08117631262962505,-44.19944168501759,True,0.0038615599308049475
6h,2020,5,U700,refine,0.045296835666846356,0.046185468812699894,-1.9240535360965816,True,6.997052157364791e-05
6h,2020,5,U700,weatherdcae_14m_6yr,0.045296835666846356,0.05395454581204246,-16.04630344838105,True,0.0007405791412213869
6h,2020,5,U850,flow_spectral,0.047142900644997286,0.0475027521643921,-0.7575382540983777,True,2.8271560576276222e-05
6h,2020,5,U850,linear,0.047142900644997286,0.08812279675877069,-46.503172415138714,True,0.004630127646053306
6h,2020,5,U850,refine,0.047142900644997286,0.04783445225021709,-1.445718666542617,True,5.558936391492075e-05
6h,2020,5,U850,weatherdcae_14m_6yr,0.047142900644997286,0.058173800409861344,-18.961972034053588,True,0.0009855380533833058
6h,2020,5,U925,flow_spectral,0.04660767965008572,0.0467428710465777,-0.28922356172188524,True,9.56863953927023e-06
6h,2020,5,U925,linear,0.04660767965008572,0.0945675262928997,-50.71492141421795,True,0.005392114328575337
6h,2020,5,U925,refine,0.04660767965008572,0.047129633224726096,-1.107484906898315,True,3.94603415700967e-05
6h,2020,5,U925,weatherdcae_14m_6yr,0.04660767965008572,0.055410271080032145,-15.886208925475842,True,0.0007252811368172463
6h,2020,5,V1000,flow_spectral,0.08457846217102383,0.08434060744344164,0.2820168537933432,False,-9.163153421920534e-06
6h,2020,5,V1000,linear,0.08457846217102383,0.1904706615564603,-55.59501842442405,True,0.006516620082681057
6h,2020,5,V1000,refine,0.08457846217102383,0.08600933907459751,-1.6636296929716687,True,5.5408529576861376e-05
6h,2020,5,V1000,weatherdcae_14m_6yr,0.08457846217102383,0.09500039072340617,-10.97040598782989,True,0.0004249183888712649
6h,2020,5,V700,flow_spectral,0.15698474061363726,0.15628313579301686,0.44893188062824496,False,-1.4192165062376638e-05
6h,2020,5,V700,linear,0.15698474061363726,0.3416473037792022,-54.05064261385407,True,0.005819867380705723
6h,2020,5,V700,refine,0.15698474061363726,0.159875761459444,-1.8082921509900651,True,5.900758944055173e-05
6h,2020,5,V700,weatherdcae_14m_6yr,0.15698474061363726,0.16916069789821567,-7.197864182320113,True,0.00025590299098521285
6h,2020,5,V850,flow_spectral,0.13225945214864146,0.1327441510115647,-0.365137642020108,True,1.2675153122310157e-05
6h,2020,5,V850,linear,0.13225945214864146,0.29489428613955193,-55.150215394118305,True,0.006878323949174758
6h,2020,5,V850,refine,0.13225945214864146,0.13461766625532123,-1.7517865019343715,True,6.335443580829381e-05
6h,2020,5,V850,weatherdcae_14m_6yr,0.13225945214864146,0.1511971342311846,-12.525159407840968,True,0.0005424578332581254
6h,2020,5,V925,flow_spectral,0.09993444151871357,0.1001633444164722,-0.2285296074049481,True,6.552894553313315e-06
6h,2020,5,V925,linear,0.09993444151871357,0.24715687201939798,-59.566391700057494,True,0.007549935479353009
6h,2020,5,V925,refine,0.09993444151871357,0.1015916222835698,-1.6312179366824053,True,4.989283427214719e-05
6h,2020,5,V925,weatherdcae_14m_6yr,0.09993444151871357,0.11760569556079244,-15.025848839901023,True,0.0005777987786781402
6h,2020,5,Z1000,flow_spectral,0.019438262188544338,0.019483502453593614,-0.23219780507652832,True,2.226181301856478e-06
6h,2020,5,Z1000,linear,0.019438262188544338,0.044499489033156245,-56.31801036173465,True,0.0020178983193667177
6h,2020,5,Z1000,refine,0.019438262188544338,0.019516558825023546,-0.4011805420268022,True,3.868282904884168e-06
6h,2020,5,Z1000,weatherdcae_14m_6yr,0.019438262188544338,0.019777671695072403,-1.716124687278675,True,1.6870272765978633e-05
6h,2020,5,Z700,flow_spectral,0.008145453632444403,0.008136810689538131,0.10622027764988218,False,-8.173332067817896e-07
6h,2020,5,Z700,linear,0.008145453632444403,0.01772597113193418,-54.0479132465133,True,0.0014014143442131477
6h,2020,5,Z700,refine,0.008145453632444403,0.00812456321429484,0.25712666144079854,False,-1.92275970556377e-06
6h,2020,5,Z700,weatherdcae_14m_6yr,0.008145453632444403,0.008294369724734662,-1.7953876814313707,True,1.3919852208110761e-05
6h,2020,5,Z850,flow_spectral,0.012435131507060514,0.012457307136654213,-0.17801302761855098,True,1.6814028538369996e-06
6h,2020,5,Z850,linear,0.012435131507060514,0.02768452726700531,-55.08273850180269,True,0.0018530979888284893
6h,2020,5,Z850,refine,0.012435131507060514,0.012442771088820071,-0.06139775219703436,True,5.754875966879069e-07
6h,2020,5,Z850,weatherdcae_14m_6yr,0.012435131507060514,0.012591290592212923,-1.2402150836625547,True,1.1890010110260363e-05
6h,2020,5,Z925,flow_spectral,0.01572432991336177,0.01576225697944563,-0.24061951364781065,True,2.3304962810666296e-06
6h,2020,5,Z925,linear,0.01572432991336177,0.035624288360191464,-55.86064834650002,True,0.001987546221580594
6h,2020,5,Z925,refine,0.01572432991336177,0.01576333834053141,-0.2474629823134622,True,2.4069458210984607e-06
6h,2020,5,Z925,weatherdcae_14m_6yr,0.01572432991336177,0.01593221504546054,-1.3048099809448765,True,1.2875586711036391e-05
6h,2020,5,mslp,flow_spectral,0.019630277889559303,0.019679255573124076,-0.24887975758423053,True,2.263490267884194e-06
6h,2020,5,mslp,linear,0.019630277889559303,0.04391125345530773,-55.29556470179398,True,0.001806224246699295
6h,2020,5,mslp,refine,0.019630277889559303,0.01969659909231703,-0.3367139801489838,True,3.0775011952144382e-06
6h,2020,5,mslp,weatherdcae_14m_6yr,0.019630277889559303,0.019987839621732686,-1.788896343677926,True,1.6707728695442015e-05
6h,2020,5,t2m,flow_spectral,0.016238484413267546,0.016052224559048277,1.1603367093084849,False,-0.00016179337722688203
6h,2020,5,t2m,linear,0.016238484413267546,0.02410480534329903,-32.633828890131525,True,0.008449282526938107
6h,2020,5,t2m,refine,0.016238484413267546,0.01684675663354376,-3.6106191447265124,True,0.0005363872147146065
6h,2020,5,t2m,weatherdcae_14m_6yr,0.016238484413267546,0.016869455486429933,-3.7403167735316045,True,0.0005558718878521107
6h,2020,5,u10,flow_spectral,0.0514216472103841,0.05128800022213999,0.26058139850502204,False,-1.0660347484758859e-05
6h,2020,5,u10,linear,0.0514216472103841,0.09921441652273943,-48.17119425522346,True,0.0056871865418645084
6h,2020,5,u10,refine,0.0514216472103841,0.0522135368375289,-1.5166366331568315,True,6.534611522945877e-05
6h,2020,5,u10,weatherdcae_14m_6yr,0.0514216472103841,0.05754336142591245,-10.638436934919259,True,0.0005329248494716499
6h,2020,5,v10,flow_spectral,0.08560484637716081,0.08524660662161104,0.42023931479162613,False,-1.4562871296530666e-05
6h,2020,5,v10,linear,0.08560484637716081,0.19160843467281322,-55.32302817287873,True,0.00691740142020314
6h,2020,5,v10,refine,0.08560484637716081,0.08703315925733707,-1.6411134472931854,True,5.886730957394004e-05
6h,2020,5,v10,weatherdcae_14m_6yr,0.08560484637716081,0.09550548471697438,-10.366565196913669,True,0.0004285098685278266
6h,2021,1,Q1000,flow_spectral,0.018075688061176456,0.018181410750848816,-0.5814878235861021,True,3.8112884654717405e-05
6h,2021,1,Q1000,linear,0.018075688061176456,0.024312566897539085,-25.652901491836822,True,0.0029233169407772985
6h,2021,1,Q1000,refine,0.018075688061176456,0.01812826415569479,-0.29002277364662543,True,1.986584676827441e-05
6h,2021,1,Q1000,weatherdcae_14m_6yr,0.018075688061176456,0.021600147537619435,-16.31683056934995,True,0.0015705503911053187
6h,2021,1,Q700,flow_spectral,0.051155752124992473,0.05159925268238549,-0.8595096524419477,True,6.527353462115748e-05
6h,2021,1,Q700,linear,0.051155752124992473,0.08052849656425837,-36.47496934930068,True,0.006090177035291022
6h,2021,1,Q700,refine,0.051155752124992473,0.051825121153298515,-1.291591825373739,True,0.00010709636030736824
6h,2021,1,Q700,weatherdcae_14m_6yr,0.051155752124992473,0.07031387027614217,-27.246570379230185,True,0.0037222432078994894
6h,2021,1,Q850,flow_spectral,0.03825087974944809,0.038813075316337264,-1.4484695229819544,True,0.0001364400043372127
6h,2021,1,Q850,linear,0.03825087974944809,0.06342293351394263,-39.68919816514135,True,0.008461200940415248
6h,2021,1,Q850,refine,0.03825087974944809,0.03879739374164798,-1.4086358373429086,True,0.00013146797283380973
6h,2021,1,Q850,weatherdcae_14m_6yr,0.03825087974944809,0.05617527210136258,-31.907976021142805,True,0.005690762418444906
6h,2021,1,Q925,flow_spectral,0.029340863087311094,0.02950842851456749,-0.5678561539584237,True,6.121062812747269e-05
6h,2021,1,Q925,linear,0.029340863087311094,0.042176457871105515,-30.433079095975724,True,0.007348323581200966
6h,2021,1,Q925,refine,0.029340863087311094,0.029458968292674876,-0.4009142621371087,True,4.40425540855216e-05
6h,2021,1,Q925,weatherdcae_14m_6yr,0.029340863087311094,0.03892418441923259,-24.62048074971698,True,0.005300803338384896
6h,2021,1,T1000,flow_spectral,0.0113982210688527,0.011146572308396132,2.2576335890003962,False,-9.763598208545332e-05
6h,2021,1,T1000,linear,0.0113982210688527,0.018987964490333638,-39.971337766850745,True,0.0039953990293349895
6h,2021,1,T1000,refine,0.0113982210688527,0.011972757655188168,-4.79869887023483,True,0.00023258852985352796
6h,2021,1,T1000,weatherdcae_14m_6yr,0.0113982210688527,0.013117042074318254,-13.103724114987925,True,0.000734651975192735
6h,2021,1,T700,flow_spectral,0.012088017890816621,0.011597477805813577,4.229713505096311,False,-0.00011317667169796763
6h,2021,1,T700,linear,0.012088017890816621,0.017414486258861366,-30.58642264186444,True,0.001502613055450297
6h,2021,1,T700,refine,0.012088017890816621,0.012245883431697186,-1.2891315008923376,True,3.725592374637099e-05
6h,2021,1,T700,weatherdcae_14m_6yr,0.012088017890816621,0.014924459797494818,-19.005323778313997,True,0.0007452601868371822
6h,2021,1,T850,flow_spectral,0.013167406464450977,0.0128775987292245,2.2504796221735512,False,-7.05358592685279e-05
6h,2021,1,T850,linear,0.013167406464450977,0.020579047205540085,-36.01547081875501,True,0.0023256747162946345
6h,2021,1,T850,refine,0.013167406464450977,0.013581033601033759,-3.0456233946089095,True,0.00010380976333546066
6h,2021,1,T850,weatherdcae_14m_6yr,0.013167406464450977,0.016620264337018777,-20.774987705082125,True,0.0009670852949057451
6h,2021,1,T925,flow_spectral,0.011998966744256443,0.011711664611086643,2.45312807965683,False,-7.958139793629027e-05
6h,2021,1,T925,linear,0.011998966744256443,0.019507807258804823,-38.49146351986472,True,0.002789264968189098
6h,2021,1,T925,refine,0.011998966744256443,0.012447167249799761,-3.6008233564189362,True,0.00013001193884987217
6h,2021,1,T925,weatherdcae_14m_6yr,0.011998966744256443,0.014515286994623162,-17.335656203689453,True,0.0007942432701856239
6h,2021,1,U1000,flow_spectral,0.047930112143635906,0.04795637529237329,-0.05476466596414653,True,1.7346135988693945e-06
6h,2021,1,U1000,linear,0.047930112143635906,0.09581577712562989,-49.97680592749164,True,0.005269312061185527
6h,2021,1,U1000,refine,0.047930112143635906,0.048576574667320536,-1.3308112564790031,True,4.841494178930983e-05
6h,2021,1,U1000,weatherdcae_14m_6yr,0.047930112143635906,0.055609847673299594,-13.810027991410989,True,0.0006171946570535658
6h,2021,1,U700,flow_spectral,0.04314705162979147,0.043218946601085585,-0.16635058683339699,True,5.280682209951593e-06
6h,2021,1,U700,linear,0.04314705162979147,0.07945812715326789,-45.69837828348947,True,0.0037586542262157963
6h,2021,1,U700,refine,0.04314705162979147,0.04385996820568013,-1.6254379678194542,True,5.2792966737436053e-05
6h,2021,1,U700,weatherdcae_14m_6yr,0.04314705162979147,0.05158279282971517,-16.353789194337963,True,0.0006794318604336214
6h,2021,1,U850,flow_spectral,0.04488251274141714,0.04497084823604416,-0.19642834879021187,True,6.5885498877760185e-06
6h,2021,1,U850,linear,0.04488251274141714,0.08668399713770407,-48.222839020542764,True,0.0045533654114098265
6h,2021,1,U850,refine,0.04488251274141714,0.04552668045910357,-1.4149235375618407,True,4.881197804140758e-05
6h,2021,1,U850,weatherdcae_14m_6yr,0.04488251274141714,0.055961152411837294,-19.797018454674852,True,0.0009365945558842403
6h,2021,1,U925,flow_spectral,0.04417500512907664,0.044243564697432625,-0.15495941347593023,True,4.8348922093710556e-06
6h,2021,1,U925,linear,0.04417500512907664,0.09325529651356304,-52.63003091448877,True,0.005281180797362839
6h,2021,1,U925,refine,0.04417500512907664,0.044681538884978694,-1.1336533354547096,True,3.5812898241283087e-05
6h,2021,1,U925,weatherdcae_14m_6yr,0.04417500512907664,0.05363888494643303,-17.643692307935886,True,0.0007365197570948778
6h,2021,1,V1000,flow_spectral,0.08010689201995884,0.0799913122152719,0.144490447132406,False,-4.359109667784189e-06
6h,2021,1,V1000,linear,0.08010689201995884,0.18925994649263037,-57.673615836577376,True,0.006547417504032205
6h,2021,1,V1000,refine,0.08010689201995884,0.08113098153480972,-1.262266886801422,True,3.756395228848852e-05
6h,2021,1,V1000,weatherdcae_14m_6yr,0.08010689201995884,0.0920967069596641,-13.018722748639078,True,0.0004698316741513775
6h,2021,1,V700,flow_spectral,0.1478904806317081,0.1473727888137877,0.35128046506232025,False,-9.974371790733016e-06
6h,2021,1,V700,linear,0.1478904806317081,0.3351584113668433,-55.874453507348655,True,0.0058289011262183665
6h,2021,1,V700,refine,0.1478904806317081,0.1508524187495442,-1.963467435516375,True,5.767277764634482e-05
6h,2021,1,V700,weatherdcae_14m_6yr,0.1478904806317081,0.16079367037405612,-8.024687608866188,True,0.0002595108401233226
6h,2021,1,V850,flow_spectral,0.12495431889938667,0.12511672867595053,-0.12980660402694966,True,4.197272291839305e-06
6h,2021,1,V850,linear,0.12495431889938667,0.29114821118367146,-57.08223025263275,True,0.006973366341210263
6h,2021,1,V850,refine,0.12495431889938667,0.12680752633970166,-1.461433318516503,True,4.794928473406124e-05
6h,2021,1,V850,weatherdcae_14m_6yr,0.12495431889938667,0.14501388316996497,-13.83285781477025,True,0.0005561412744550243
6h,2021,1,V925,flow_spectral,0.09467533129899156,0.09470115034849576,-0.02726371264677452,True,8.292290588629569e-07
6h,2021,1,V925,linear,0.09467533129899156,0.24525186122130532,-61.39669202609623,True,0.007619454414775073
6h,2021,1,V925,refine,0.09467533129899156,0.09596513843599355,-1.3440371764401382,True,3.749231542482523e-05
6h,2021,1,V925,weatherdcae_14m_6yr,0.09467533129899156,0.11331707801670497,-16.45095959407398,True,0.0005899919627549988
6h,2021,1,Z1000,flow_spectral,0.017767262391602402,0.01778407170842911,-0.09451894426819596,True,7.596331669246226e-07
6h,2021,1,Z1000,linear,0.017767262391602402,0.043457853511914606,-59.116106858036034,True,0.0019948475983343483
6h,2021,1,Z1000,refine,0.017767262391602402,0.017827931362353184,-0.34030291859264983,True,2.7545469654111088e-06
6h,2021,1,Z1000,weatherdcae_14m_6yr,0.017767262391602402,0.018067732361339215,-1.663019817471667,True,1.3735116681568016e-05
6h,2021,1,Z700,flow_spectral,0.007414052694264607,0.007391574938666081,0.30409967814764016,False,-1.8736354631121444e-06
6h,2021,1,Z700,linear,0.007414052694264607,0.01691546554246413,-56.169975483958346,True,0.0012999619057278977
6h,2021,1,Z700,refine,0.007414052694264607,0.007385763106816041,0.3830286327821453,False,-2.3661502918104205e-06
6h,2021,1,Z700,weatherdcae_14m_6yr,0.007414052694264607,0.007566596749724875,-2.0160193612249078,True,1.290432702494293e-05
6h,2021,1,Z850,flow_spectral,0.01130739119339473,0.011310760341252269,-0.02978710321754896,True,2.3335131726920366e-07
6h,2021,1,Z850,linear,0.01130739119339473,0.026637191332699095,-57.55036237805567,True,0.00176864220732742
6h,2021,1,Z850,refine,0.01130739119339473,0.011294050603933604,0.1181205036967059,False,-9.19132100318798e-07
6h,2021,1,Z850,weatherdcae_14m_6yr,0.01130739119339473,0.011444110877099798,-1.1946728336811985,True,9.498535713858836e-06
6h,2021,1,Z925,flow_spectral,0.014307344004536282,0.014319693334056397,-0.08624018149009371,True,6.937167040810266e-07
6h,2021,1,Z925,linear,0.014307344004536282,0.03455625705945044,-58.596951110989856,True,0.0019359677364837458
6h,2021,1,Z925,refine,0.014307344004536282,0.014323216191088265,-0.11081440327527226,True,8.940931257583884e-07
6h,2021,1,Z925,weatherdcae_14m_6yr,0.014307344004536282,0.014484921182430196,-1.2259450752780676,True,1.0054153859129222e-05
6h,2021,1,mslp,flow_spectral,0.017979605914293283,0.017994315408447797,-0.08174522798243267,True,6.265708669683789e-07
6h,2021,1,mslp,linear,0.017979605914293283,0.042959632271210434,-58.14767267842191,True,0.0017917384860879348
6h,2021,1,mslp,refine,0.017979605914293283,0.018028753371900807,-0.27260596777658463,True,2.097244563681322e-06
6h,2021,1,mslp,weatherdcae_14m_6yr,0.017979605914293283,0.01828866160570819,-1.689875935582108,True,1.327011761742547e-05
6h,2021,1,t2m,flow_spectral,0.015223928191355377,0.014980736723514588,1.6233612026507416,False,-0.0001858319911137718
6h,2021,1,t2m,linear,0.015223928191355377,0.02270351039935637,-32.94460669929279,True,0.0073565710360264935
6h,2021,1,t2m,refine,0.015223928191355377,0.01590904612459366,-4.306467703171501,True,0.0005527875351595268
6h,2021,1,t2m,weatherdcae_14m_6yr,0.015223928191355377,0.01574483689607369,-3.3084414157901643,True,0.00042437149225327264
6h,2021,1,u10,flow_spectral,0.04890692462701969,0.04883590777650224,0.1454193312888874,False,-5.3805023598751944e-06
6h,2021,1,u10,linear,0.04890692462701969,0.09767295640901802,-49.92787520199995,True,0.005531899638330229
6h,2021,1,u10,refine,0.04890692462701969,0.049527185865808454,-1.252365196902827,True,4.800108677716075e-05
6h,2021,1,u10,weatherdcae_14m_6yr,0.04890692462701969,0.05607228886334664,-12.778797480141401,True,0.0005906550400524013
6h,2021,1,v10,flow_spectral,0.08134468190404102,0.08100475136985717,0.4196427103785316,False,-1.3184512294373008e-05
6h,2021,1,v10,linear,0.08134468190404102,0.19056366247368017,-57.313644769355754,True,0.006974524287910899
6h,2021,1,v10,refine,0.08134468190404102,0.08231148700794616,-1.1745688713068692,True,3.798926087328347e-05
6h,2021,1,v10,weatherdcae_14m_6yr,0.08134468190404102,0.09262233979027269,-12.175958750089855,True,0.00047099118979920807
6h,2021,2,Q1000,flow_spectral,0.028815537504820753,0.02931276070892884,-1.6962687651478348,True,0.0003060836608327344
6h,2021,2,Q1000,linear,0.028815537504820753,0.03863041494574862,-25.407124036103635,True,0.007425657788999396
6h,2021,2,Q1000,refine,0.028815537504820753,0.028085119379129896,2.6007300016450463,False,-0.0004646029335926283
6h,2021,2,Q1000,weatherdcae_14m_6yr,0.028815537504820753,0.033978443724906354,-15.19465182656723,True,0.00367466369707381
6h,2021,2,Q700,flow_spectral,0.08035420222671394,0.08178400420680082,-1.7482660502553204,True,0.00034037550232324243
6h,2021,2,Q700,linear,0.08035420222671394,0.12786150615172875,-37.15528258257772,True,0.01597999309375575
6h,2021,2,Q700,refine,0.08035420222671394,0.08226239153173177,-2.3196375275350123,True,0.000503800400869947
6h,2021,2,Q700,weatherdcae_14m_6yr,0.08035420222671394,0.11102389862824852,-27.624409501443225,True,0.009525255754522677
6h,2021,2,Q850,flow_spectral,0.05931703374186739,0.0610223573935739,-2.794588286237021,True,0.0006586965925392541
6h,2021,2,Q850,linear,0.05931703374186739,0.10106927016742394,-41.31051540828666,True,0.022738011483063536
6h,2021,2,Q850,refine,0.05931703374186739,0.06088550510761871,-2.5760997843065514,True,0.0006400948204919876
6h,2021,2,Q850,weatherdcae_14m_6yr,0.05931703374186739,0.08902440418644907,-33.369917738919966,True,0.015022333359477669
6h,2021,2,Q925,flow_spectral,0.04540773588294701,0.046590203277519976,-2.538017246950952,True,0.000827514570710286
6h,2021,2,Q925,linear,0.04540773588294701,0.06640292454685619,-31.617867446627667,True,0.019318907069992397
6h,2021,2,Q925,refine,0.04540773588294701,0.04556970449672151,-0.35543046759530794,True,0.00012870122946861962
6h,2021,2,Q925,weatherdcae_14m_6yr,0.04540773588294701,0.06084311825261841,-25.36915071575433,True,0.013534899915376486
6h,2021,2,T1000,flow_spectral,0.01941543369973272,0.019013470300791646,2.1140980188363523,False,-0.00027027999429773963
6h,2021,2,T1000,linear,0.01941543369973272,0.030163933858202537,-35.63361532682501,True,0.009259503871290153
6h,2021,2,T1000,refine,0.01941543369973272,0.018682696275120127,3.922011115646007,False,-0.0004867129533216996
6h,2021,2,T1000,weatherdcae_14m_6yr,0.01941543369973272,0.020663186831307287,-6.038531915532353,True,0.0008680890006459441
6h,2021,2,T700,flow_spectral,0.018622722854642924,0.018361080750772373,1.4249820444776518,False,-9.851413548489507e-05
6h,2021,2,T700,linear,0.018622722854642924,0.027276773769246,-31.7268126641881,True,0.003839239152035878
6h,2021,2,T700,refine,0.018622722854642924,0.019092979119927068,-2.4629800427181325,True,0.00017465955266748878
6h,2021,2,T700,weatherdcae_14m_6yr,0.018622722854642924,0.02311182985886711,-19.4234166296525,True,0.0018295531189769232
6h,2021,2,T850,flow_spectral,0.021367993582915554,0.021207599895497673,0.756302873537007,False,-6.897164647401421e-05
6h,2021,2,T850,linear,0.021367993582915554,0.03242338041433986,-34.09695932425001,True,0.005578039498618681
6h,2021,2,T850,refine,0.021367993582915554,0.021609897451173612,-1.1194123840921777,True,9.712856476917775e-05
6h,2021,2,T850,weatherdcae_14m_6yr,0.021367993582915554,0.02599084692033617,-17.786466718802952,True,0.002063605933212531
6h,2021,2,T925,flow_spectral,0.020206757517277813,0.01976567024337712,2.2315826808275707,False,-0.00021231775417673848
6h,2021,2,T925,linear,0.020206757517277813,0.030729943018580917,-34.24407749451485,True,0.006358999873665727
6h,2021,2,T925,refine,0.020206757517277813,0.01947744070026726,3.744418110334924,False,-0.00034589090406322853
6h,2021,2,T925,weatherdcae_14m_6yr,0.020206757517277813,0.022680051577667035,-10.905151833184835,True,0.001263070672433586
6h,2021,2,U1000,flow_spectral,0.07874191404140268,0.0798426667881606,-1.378652280839321,True,0.00013210719276912641
6h,2021,2,U1000,linear,0.07874191404140268,0.14986188578799556,-47.45701108232673,True,0.012581069208464024
6h,2021,2,U1000,refine,0.07874191404140268,0.07745023263429344,1.6677566524665455,False,-0.00015514216522216628
6h,2021,2,U1000,weatherdcae_14m_6yr,0.07874191404140268,0.08569858008791194,-8.117597793770814,True,0.0008836286547141414
6h,2021,2,U700,flow_spectral,0.07055721336646936,0.07219069843681697,-2.2627362052429434,True,0.00019583527432676107
6h,2021,2,U700,linear,0.07055721336646936,0.12416321172292201,-43.17381743964371,True,0.00891794735463236
6h,2021,2,U700,refine,0.07055721336646936,0.07088699901045002,-0.46522726111178914,True,3.9572086057648725e-05
6h,2021,2,U700,weatherdcae_14m_6yr,0.07055721336646936,0.07882179506672002,-10.48514778590739,True,0.0010546533236988065
6h,2021,2,U850,flow_spectral,0.07247294754502102,0.07448503939400632,-2.701336893093198,True,0.00024489849427822286
6h,2021,2,U850,linear,0.07247294754502102,0.13618463829271865,-46.78331678698895,True,0.011147753080757772
6h,2021,2,U850,refine,0.07247294754502102,0.07193608926033329,0.7462989581555668,False,-6.438887133097815e-05
6h,2021,2,U850,weatherdcae_14m_6yr,0.07247294754502102,0.08594359513591587,-15.67382370913345,True,0.0017950159861671589
6h,2021,2,U925,flow_spectral,0.07251272569132645,0.07402934814971834,-2.048677310145486,True,0.0001728616611442746
6h,2021,2,U925,linear,0.07251272569132645,0.14658960081162015,-50.53351309380305,True,0.012855754737471137
6h,2021,2,U925,refine,0.07251272569132645,0.07101030808587308,2.115773957263345,False,-0.00016990558561247315
6h,2021,2,U925,weatherdcae_14m_6yr,0.07251272569132645,0.08279225944351758,-12.416056550798704,True,0.0012678362469605853
6h,2021,2,V1000,flow_spectral,0.13574247690879346,0.13745390652138262,-1.2450934687133985,True,0.00010375684729346801
6h,2021,2,V1000,linear,0.13574247690879346,0.29877535174546066,-54.56704305901439,True,0.01600243395726275
6h,2021,2,V1000,refine,0.13574247690879346,0.13288233131876392,2.1523896831464384,False,-0.00017120590150376813
6h,2021,2,V1000,weatherdcae_14m_6yr,0.13574247690879346,0.14639185565834306,-7.27457050233975,True,0.000673766458336722
6h,2021,2,V700,flow_spectral,0.25160542320218093,0.2580249689985227,-2.487955263111963,True,0.00021337819468758568
6h,2021,2,V700,linear,0.25160542320218093,0.5275660931020805,-52.30826497534272,True,0.014092628468174273
6h,2021,2,V700,refine,0.25160542320218093,0.252360528653698,-0.2992169399649969,True,2.5307671413177246e-05
6h,2021,2,V700,weatherdcae_14m_6yr,0.25160542320218093,0.2558971029761211,-1.6771115124115554,True,0.00013698168398101895
6h,2021,2,V850,flow_spectral,0.20771859425460884,0.2132694251610655,-2.6027316865812167,True,0.00023719161584834225
6h,2021,2,V850,linear,0.20771859425460884,0.4591655381960362,-54.76171947252596,True,0.017199245275705155
6h,2021,2,V850,refine,0.20771859425460884,0.20487679400173822,1.3870776662224138,False,-0.00011907690444279417
6h,2021,2,V850,weatherdcae_14m_6yr,0.20771859425460884,0.2280292471128062,-8.907038511664977,True,0.0009043576990264146
6h,2021,2,V925,flow_spectral,0.16020546086809856,0.163958069061558,-2.2887609099924933,True,0.0001800224342205503
6h,2021,2,V925,linear,0.16020546086809856,0.38652621382308455,-58.552497828407155,True,0.018708610651183788
6h,2021,2,V925,refine,0.16020546086809856,0.15674718415256056,2.206276772520588,False,-0.00016593761587124778
6h,2021,2,V925,weatherdcae_14m_6yr,0.16020546086809856,0.17815722941568288,-10.076362663733729,True,0.0009151393516984019
6h,2021,2,Z1000,flow_spectral,0.025357131203246213,0.026545209164188496,-4.475677526568866,True,7.824034518943979e-05
6h,2021,2,Z1000,linear,0.025357131203246213,0.06672794074178662,-61.99923012554922,True,0.0048183102009689005
6h,2021,2,Z1000,refine,0.025357131203246213,0.023644523249262556,7.243148596946525,False,-0.00010675976081364613
6h,2021,2,Z1000,weatherdcae_14m_6yr,0.025357131203246213,0.02386692942324019,6.243793466598824,False,-9.426814438973086e-05
6h,2021,2,Z700,flow_spectral,0.010170067533359821,0.010517385292694338,-3.3023203930331757,True,4.0048463465391926e-05
6h,2021,2,Z700,linear,0.010170067533359821,0.025735624269614038,-60.48253025916459,True,0.003138164338520988
6h,2021,2,Z700,refine,0.010170067533359821,0.009299087394574433,9.366296947521558,False,-9.567013545619396e-05
6h,2021,2,Z700,weatherdcae_14m_6yr,0.010170067533359821,0.009597686589704642,5.963738639571403,False,-6.392169646762813e-05
6h,2021,2,Z850,flow_spectral,0.015569549634142888,0.016211852080408515,-3.9619313270309764,True,6.193722359570941e-05
6h,2021,2,Z850,linear,0.015569549634142888,0.040709440153035285,-61.75444915082669,True,0.004290774920260643
6h,2021,2,Z850,refine,0.015569549634142888,0.01437854460360586,8.283209903166044,False,-0.00010876394975722903
6h,2021,2,Z850,weatherdcae_14m_6yr,0.015569549634142888,0.014579945125445519,6.7874364422008115,False,-9.157367657985915e-05
6h,2021,2,Z925,flow_spectral,0.020022124366371057,0.02090623692437014,-4.228941636878158,True,7.07566416920935e-05
6h,2021,2,Z925,linear,0.020022124366371057,0.05294805490190032,-62.18534485645013,True,0.004687481353309764
6h,2021,2,Z925,refine,0.020022124366371057,0.018572459600846924,7.8054538638384185,False,-0.00010977288645275252
6h,2021,2,Z925,weatherdcae_14m_6yr,0.020022124366371057,0.018722182006970997,6.94332721963733,False,-9.970014900373414e-05
6h,2021,2,mslp,flow_spectral,0.02565581300706783,0.026881892978174903,-4.560988216501405,True,7.591967441888947e-05
6h,2021,2,mslp,linear,0.02565581300706783,0.06590113970440394,-61.069242319411146,True,0.00432707430099355
6h,2021,2,mslp,refine,0.02565581300706783,0.023963451603323697,7.062260611528104,False,-9.914895384877109e-05
6h,2021,2,mslp,weatherdcae_14m_6yr,0.02565581300706783,0.024324049421835567,5.475089949606593,False,-7.946512318135479e-05
6h,2021,2,t2m,flow_spectral,0.026558893652218547,0.026457121659505516,0.38466766726479307,False,-0.00014260895140649765
6h,2021,2,t2m,linear,0.026558893652218547,0.03999906003540511,-33.601205556555634,True,0.022655443008402165
6h,2021,2,t2m,refine,0.026558893652218547,0.028168957988133552,-5.715739774943973,True,0.0022168242569189367
6h,2021,2,t2m,weatherdcae_14m_6yr,0.026558893652218547,0.030915968287323795,-14.093282133724216,True,0.006293467769732275
6h,2021,2,u10,flow_spectral,0.08007346598711299,0.08111713955093573,-1.286625205968206,True,0.0001288623490183216
6h,2021,2,u10,linear,0.08007346598711299,0.15305452433208772,-47.68304541368879,True,0.013320580100738666
6h,2021,2,u10,refine,0.08007346598711299,0.07871467563534446,1.7262223858525383,False,-0.00016886498346402323
6h,2021,2,u10,weatherdcae_14m_6yr,0.08007346598711299,0.08629457427660445,-7.209153462592699,True,0.0008084249241885333
6h,2021,2,v10,flow_spectral,0.13699609839392154,0.13849929952299303,-1.085349264760671,True,9.627371195619627e-05
6h,2021,2,v10,linear,0.13699609839392154,0.30114449710798463,-54.50818470549792,True,0.017154107946692476
6h,2021,2,v10,refine,0.13699609839392154,0.13399440596046036,2.2401624992814506,False,-0.0001933734544562471
6h,2021,2,v10,weatherdcae_14m_6yr,0.13699609839392154,0.14653236253735408,-6.507957681363086,True,0.0006395697876449002
6h,2021,3,Q1000,flow_spectral,0.03181475576690599,0.03204023638416051,-0.7037420528082872,True,0.00015166100008923156
6h,2021,3,Q1000,linear,0.03181475576690599,0.044835103293730014,-29.040520864919827,True,0.011246227429058231
6h,2021,3,Q1000,refine,0.03181475576690599,0.0322502579345407,-1.3503835179199508,True,0.0003108092930704798
6h,2021,3,Q1000,weatherdcae_14m_6yr,0.03181475576690599,0.03883583553701828,-18.078868841175844,True,0.005617024517733271
6h,2021,3,Q700,flow_spectral,0.09310695117163473,0.0936128612264277,-0.5404279371071574,True,0.00013534003424420238
6h,2021,3,Q700,linear,0.09310695117163473,0.14602946924446744,-36.24098501942461,True,0.0206499018656795
6h,2021,3,Q700,refine,0.09310695117163473,0.09564412624954445,-2.652724403890727,True,0.0007689795400132038
6h,2021,3,Q700,weatherdcae_14m_6yr,0.09310695117163473,0.12637913036912807,-26.32727341952108,True,0.011917283583033567
6h,2021,3,Q850,flow_spectral,0.06731128725805806,0.06822786817250316,-1.343411334687572,True,0.00039491822816395405
6h,2021,3,Q850,linear,0.06731128725805806,0.115044699464346,-41.4911877109829,True,0.029790870486816945
6h,2021,3,Q850,refine,0.06731128725805806,0.06936845433042715,-2.9655656771160888,True,0.0009426351550897438
6h,2021,3,Q850,weatherdcae_14m_6yr,0.06731128725805806,0.10061994740402426,-33.10343625227738,True,0.01912575311256237
6h,2021,3,Q925,flow_spectral,0.0507253311966077,0.051139348587574615,-0.8095867514970823,True,0.000306745632271066
6h,2021,3,Q925,linear,0.0507253311966077,0.07512795033523849,-32.4814120839722,True,0.025450582966332402
6h,2021,3,Q925,refine,0.0507253311966077,0.05130010584450951,-1.1204161052687622,True,0.00047547271765424615
6h,2021,3,Q925,weatherdcae_14m_6yr,0.0507253311966077,0.06835211244802185,-25.788202617466105,True,0.01737363371133538
6h,2021,3,T1000,flow_spectral,0.02018177675072396,0.019793170989047943,1.9633325144871483,False,-0.0002625956295523313
6h,2021,3,T1000,linear,0.02018177675072396,0.03419343483357282,-40.9776267024555,True,0.013268641125973923
6h,2021,3,T1000,refine,0.02018177675072396,0.02094401214273004,-3.639395292609504,True,0.0005385777763893262
6h,2021,3,T1000,weatherdcae_14m_6yr,0.02018177675072396,0.023137941520008563,-12.776265195104997,True,0.002227660851827351
6h,2021,3,T700,flow_spectral,0.020979696834902896,0.020326253524794953,3.2147749673142823,False,-0.00026401899777095394
6h,2021,3,T700,linear,0.020979696834902896,0.030735621341346955,-31.74142600891542,True,0.0048975459132583055
6h,2021,3,T700,refine,0.020979696834902896,0.02151683467490224,-2.496360864016278,True,0.00022252880485529314
6h,2021,3,T700,weatherdcae_14m_6yr,0.020979696834902896,0.025876591723894345,-18.924033509674597,True,0.0022440328300046275
6h,2021,3,T850,flow_spectral,0.02351080471677737,0.023072816110064235,1.8982884647621656,False,-0.0001894002580867804
6h,2021,3,T850,linear,0.02351080471677737,0.036546992788757275,-35.66966001096033,True,0.00738061641898069
6h,2021,3,T850,refine,0.02351080471677737,0.024308094182653867,-3.279934082390701,True,0.0003582969293283167
6h,2021,3,T850,weatherdcae_14m_6yr,0.02351080471677737,0.029162619796702934,-19.380340721530597,True,0.0028127438860590104
6h,2021,3,T925,flow_spectral,0.021311803929495367,0.02073305758806484,2.7914181927690684,False,-0.0002841988147134211
6h,2021,3,T925,linear,0.021311803929495367,0.0346474580507126,-38.48955990277317,True,0.008891377277969736
6h,2021,3,T925,refine,0.021311803929495367,0.02189708140457824,-2.6728560956096437,True,0.0003000937867742026
6h,2021,3,T925,weatherdcae_14m_6yr,0.021311803929495367,0.02544222214216306,-16.2345025901756,True,0.0023033173517542638
6h,2021,3,U1000,flow_spectral,0.0853387413124385,0.08549350415290162,-0.18102292331628744,True,2.089731878962553e-05
6h,2021,3,U1000,linear,0.0853387413124385,0.16852039258432033,-49.35999139110795,True,0.0164007868801187
6h,2021,3,U1000,refine,0.0853387413124385,0.08649273393578996,-1.334207592753578,True,0.00015356633772867223
6h,2021,3,U1000,weatherdcae_14m_6yr,0.0853387413124385,0.09501011396889139,-10.179308551950095,True,0.0013544481622901339
6h,2021,3,U700,flow_spectral,0.07935960804791431,0.07936161184264612,-0.0025248916765696627,True,9.59405313305517e-07
6h,2021,3,U700,linear,0.07935960804791431,0.13974784904138407,-43.21228656305598,True,0.011374416459095538
6h,2021,3,U700,refine,0.07935960804791431,0.08084149155024391,-1.8330729355835684,True,0.00020293145082617148
6h,2021,3,U700,weatherdcae_14m_6yr,0.07935960804791431,0.08799777473568828,-9.816346735721126,True,0.0012380506332807517
6h,2021,3,U850,flow_spectral,0.080286328311846,0.08046331507695195,-0.21995957404525868,True,2.409339837539104e-05
6h,2021,3,U850,linear,0.080286328311846,0.15352335466682704,-47.704159744241124,True,0.014435858378804234
6h,2021,3,U850,refine,0.080286328311846,0.08129956246427456,-1.2462971776432408,True,0.0001375004242305522
6h,2021,3,U850,weatherdcae_14m_6yr,0.080286328311846,0.09589591132741403,-16.277631443819097,True,0.0023156547943192773
6h,2021,3,U925,flow_spectral,0.07837623903664596,0.07855855668755406,-0.23207866666035137,True,2.287998112671108e-05
6h,2021,3,U925,linear,0.07837623903664596,0.1650439405971005,-52.51189546668951,True,0.01677125064494356
6h,2021,3,U925,refine,0.07837623903664596,0.07917096526550813,-1.0038102051641795,True,9.92897567654305e-05
6h,2021,3,U925,weatherdcae_14m_6yr,0.07837623903664596,0.0919101679320555,-14.725170457108161,True,0.0018335792124116734
6h,2021,3,V1000,flow_spectral,0.14671556352664317,0.14701867252330988,-0.2061704077886195,True,2.0377809085925236e-05
6h,2021,3,V1000,linear,0.14671556352664317,0.33664183814028137,-56.41790564798853,True,0.020843401070968715
6h,2021,3,V1000,refine,0.14671556352664317,0.14859850858805598,-1.2671359082295441,True,0.00012649784595242242
6h,2021,3,V1000,weatherdcae_14m_6yr,0.14671556352664317,0.1625211556922196,-9.725252136102725,True,0.0011123790654077315
6h,2021,3,V700,flow_spectral,0.27902269836161886,0.2785418178645549,0.17264211914413963,False,-1.7408382135819522e-05
6h,2021,3,V700,linear,0.27902269836161886,0.594367354582016,-53.055514201677624,True,0.01820505274293771
6h,2021,3,V700,refine,0.27902269836161886,0.2855954953573844,-2.3014358078514263,True,0.00024383408836314846
6h,2021,3,V700,weatherdcae_14m_6yr,0.27902269836161886,0.2875422873533826,-2.9628994991242386,True,0.00031756827605045057
6h,2021,3,V850,flow_spectral,0.22809949630825868,0.22833809841099348,-0.1044950905675579,True,1.1025941512476933e-05
6h,2021,3,V850,linear,0.22809949630825868,0.5175114069345729,-55.92377419091431,True,0.022281450043348583
6h,2021,3,V850,refine,0.22809949630825868,0.23130736861801807,-1.3868439768803364,True,0.00015161899953219926
6h,2021,3,V850,weatherdcae_14m_6yr,0.22809949630825868,0.254981565872866,-10.542750207287831,True,0.0013386622060740372
6h,2021,3,V925,flow_spectral,0.17202873138370134,0.1722420390382841,-0.12384180759458241,True,1.137341676138437e-05
6h,2021,3,V925,linear,0.17202873138370134,0.4348659732158791,-60.440976765431664,True,0.024243415998961626
6h,2021,3,V925,refine,0.17202873138370134,0.17419665205210028,-1.2445248762591232,True,0.0001143558602705319
6h,2021,3,V925,weatherdcae_14m_6yr,0.17202873138370134,0.19751540209249893,-12.903637103126709,True,0.0014327990836092708
6h,2021,3,Z1000,flow_spectral,0.023166112036953318,0.023273424055577287,-0.46109252496626674,True,6.313224067522327e-06
6h,2021,3,Z1000,linear,0.023166112036953318,0.07536508410210949,-69.26147922084665,True,0.006505906783978999
6h,2021,3,Z1000,refine,0.023166112036953318,0.02346842002203815,-1.2881480082636454,True,1.7882436758376308e-05
6h,2021,3,Z1000,weatherdcae_14m_6yr,0.023166112036953318,0.02377614009416492,-2.5657152708370545,True,3.627918828097432e-05
6h,2021,3,Z700,flow_spectral,0.00910268698390984,0.00903990932763856,0.6944500657693808,False,-6.410083369989827e-06
6h,2021,3,Z700,linear,0.00910268698390984,0.029274083197235963,-68.90530465948355,True,0.00434913754741395
6h,2021,3,Z700,refine,0.00910268698390984,0.009113750406040436,-0.12139263900912134,True,1.1251394402833625e-06
6h,2021,3,Z700,weatherdcae_14m_6yr,0.00910268698390984,0.009540484035784978,-4.588834803695752,True,4.591955075272658e-05
6h,2021,3,Z850,flow_spectral,0.013861811537371035,0.013879981896281543,-0.13091053753734316,True,1.5339957689652906e-06
6h,2021,3,Z850,linear,0.013861811537371035,0.046183628552172985,-69.98544295472249,True,0.0058861875768406735
6h,2021,3,Z850,refine,0.013861811537371035,0.013958169425760997,-0.6903332768846138,True,8.1385143728685e-06
6h,2021,3,Z850,weatherdcae_14m_6yr,0.013861811537371035,0.014271427053941054,-2.870179099972381,True,3.495972488787302e-05
6h,2021,3,Z925,flow_spectral,0.017957543077482378,0.018018364484207395,-0.3375523165730532,True,4.275584177149128e-06
6h,2021,3,Z925,linear,0.017957543077482378,0.05989846259662603,-70.02002672687313,True,0.006370590574699575
6h,2021,3,Z925,refine,0.017957543077482378,0.01813813018788418,-0.9956214258646678,True,1.274385282279411e-05
6h,2021,3,Z925,weatherdcae_14m_6yr,0.017957543077482378,0.018380261695408996,-2.299850921231472,True,2.996484206618799e-05
6h,2021,3,mslp,flow_spectral,0.02383400434508593,0.02394031448651988,-0.44406326196679835,True,5.969141724349036e-06
6h,2021,3,mslp,linear,0.02383400434508593,0.07443208087820019,-67.97885526794875,True,0.005841075871148016
6h,2021,3,mslp,refine,0.02383400434508593,0.02411321790924259,-1.1579274288797348,True,1.5779052803477356e-05
6h,2021,3,mslp,weatherdcae_14m_6yr,0.02383400434508593,0.024548373685890558,-2.910047524717363,True,4.067148388753328e-05
6h,2021,3,t2m,flow_spectral,0.02549458971871955,0.025207905009267534,1.1372809812898677,False,-0.00035589722801876444
6h,2021,3,t2m,linear,0.02549458971871955,0.0441111082405464,-42.203697128413495,True,0.03279856353460353
6h,2021,3,t2m,refine,0.02549458971871955,0.02679006646378543,-4.835660810386921,True,0.0016775404201672117
6h,2021,3,t2m,weatherdcae_14m_6yr,0.02549458971871955,0.026912796135048607,-5.26963608393749,True,0.0018589361141514438
6h,2021,3,u10,flow_spectral,0.08654376228017777,0.08660917188625772,-0.07552272427434614,True,9.810538657006873e-06
6h,2021,3,u10,linear,0.08654376228017777,0.1721523122347111,-49.728376484316584,True,0.017414776108776286
6h,2021,3,u10,refine,0.08654376228017777,0.08771818329535427,-1.3388569747530443,True,0.0001598196833246801
6h,2021,3,u10,weatherdcae_14m_6yr,0.08654376228017777,0.09564764357242893,-9.518144882845203,True,0.0013027440205768404
6h,2021,3,v10,flow_spectral,0.14761490105908143,0.14760495514205554,0.0067381999583338015,False,5.091688262126581e-07
6h,2021,3,v10,linear,0.14761490105908143,0.3392906827045636,-56.49308731898874,True,0.02239580430292676
6h,2021,3,v10,refine,0.14761490105908143,0.14941152155989265,-1.2024644967497,True,0.00012811760982944786
6h,2021,3,v10,weatherdcae_14m_6yr,0.14761490105908143,0.1627453531907907,-9.297010227979563,True,0.0011283331539299057
6h,2021,4,Q1000,flow_spectral,0.030944975875972634,0.031174183880815557,-0.73524941573202,True,0.00014971444340694529
6h,2021,4,Q1000,linear,0.030944975875972634,0.03975761763863929,-22.16592010810502,True,0.006992288557137849
6h,2021,4,Q1000,refine,0.030944975875972634,0.030111294573009945,2.768666424956545,False,-0.0005863910059358268
6h,2021,4,Q1000,weatherdcae_14m_6yr,0.030944975875972634,0.035184743422591556,-12.050016951087484,True,0.0031547753393155187
6h,2021,4,Q700,flow_spectral,0.08408291240084059,0.0839442719363256,0.16515774253202942,False,-6.818203278169399e-05
6h,2021,4,Q700,linear,0.08408291240084059,0.12790502438437587,-34.26144687783535,True,0.014955076721094196
6h,2021,4,Q700,refine,0.08408291240084059,0.08392244008663619,0.19121502429950699,False,-3.783216603869821e-05
6h,2021,4,Q700,weatherdcae_14m_6yr,0.08408291240084059,0.1135478626009596,-25.949365778612197,True,0.009433118873184654
6h,2021,4,Q850,flow_spectral,0.06253470018376078,0.0631598465493169,-0.9897844907966746,True,0.00024783103684133945
6h,2021,4,Q850,linear,0.06253470018376078,0.10050268098859237,-37.77807759092633,True,0.02126322237135947
6h,2021,4,Q850,refine,0.06253470018376078,0.061885043575093654,1.0497796739511234,False,-0.0002748640016035919
6h,2021,4,Q850,weatherdcae_14m_6yr,0.06253470018376078,0.09001865189297802,-30.53139669531214,True,0.014419522978123211
6h,2021,4,Q925,flow_spectral,0.04859894347283953,0.04892073958611515,-0.6577907774864222,True,0.0002235414530376012
6h,2021,4,Q925,linear,0.04859894347283953,0.06725514449114131,-27.73944084048341,True,0.01790666115759132
6h,2021,4,Q925,refine,0.04859894347283953,0.04796943366051951,1.3123144558575994,False,-0.0005074925602615021
6h,2021,4,Q925,weatherdcae_14m_6yr,0.04859894347283953,0.06237907985405122,-22.0909580799415,True,0.012675100509576764
6h,2021,4,T1000,flow_spectral,0.019884786385381107,0.019622563754215068,1.3363321656157723,False,-0.00019283126891267433
6h,2021,4,T1000,linear,0.019884786385381107,0.030274912498810546,-34.31926058857363,True,0.008901751751905551
6h,2021,4,T1000,refine,0.019884786385381107,0.019785182136937324,0.5034285140991024,False,-6.783453746883605e-05
6h,2021,4,T1000,weatherdcae_14m_6yr,0.019884786385381107,0.021711248669979408,-8.412516075704978,True,0.0012778496949336082
6h,2021,4,T700,flow_spectral,0.019630075260077647,0.019015448959915287,3.2322471136915887,False,-0.00023300309967333455
6h,2021,4,T700,linear,0.019630075260077647,0.02770432121452362,-29.144355827830783,True,0.0036648188455263853
6h,2021,4,T700,refine,0.019630075260077647,0.01981492189342552,-0.9328658187101158,True,7.064173405679774e-05
6h,2021,4,T700,weatherdcae_14m_6yr,0.019630075260077647,0.023689434241346913,-17.13573629455518,True,0.001709169705770397
6h,2021,4,T850,flow_spectral,0.02271569289336761,0.022174937934490314,2.4385861212996796,False,-0.00022930519732100585
6h,2021,4,T850,linear,0.02271569289336761,0.032735675706789244,-30.6087551183296,True,0.005176136339799742
6h,2021,4,T850,refine,0.02271569289336761,0.02260801217740382,0.47629448851507217,False,-4.578310222569382e-05
6h,2021,4,T850,weatherdcae_14m_6yr,0.02271569289336761,0.02687861041028363,-15.487844994112143,True,0.0019354997526016549
6h,2021,4,T925,flow_spectral,0.02050719444777311,0.02010302974357893,2.0104666279135097,False,-0.00019998420887523682
6h,2021,4,T925,linear,0.02050719444777311,0.030913938206070378,-33.66359759447847,True,0.0062605131146685755
6h,2021,4,T925,refine,0.02050719444777311,0.020518751986567017,-0.0563267142244972,True,5.305357924645371e-06
6h,2021,4,T925,weatherdcae_14m_6yr,0.02050719444777311,0.02362077820592229,-13.18154605663472,True,0.0016068453577576802
6h,2021,4,U1000,flow_spectral,0.0861109487549051,0.08631802996857785,-0.23990493498070586,True,2.9557615256692316e-05
6h,2021,4,U1000,linear,0.0861109487549051,0.15260184732970708,-43.571489951326534,True,0.012421237817705433
6h,2021,4,U1000,refine,0.0861109487549051,0.08464396457517834,1.7331231908730205,False,-0.00020068124428895828
6h,2021,4,U1000,weatherdcae_14m_6yr,0.0861109487549051,0.09166619397771701,-6.060298766372174,True,0.0007720694505806147
6h,2021,4,U700,flow_spectral,0.07677070201336754,0.07664273368597274,0.1669673317227005,False,-2.8683696991493868e-05
6h,2021,4,U700,linear,0.07677070201336754,0.12665936742982783,-39.38805824535619,True,0.008564401841571478
6h,2021,4,U700,refine,0.07677070201336754,0.07579102769976698,1.2925993265078484,False,-0.00012443881301205106
6h,2021,4,U700,weatherdcae_14m_6yr,0.07677070201336754,0.08368361386773104,-8.260771177126669,True,0.0009357320154202986
6h,2021,4,U850,flow_spectral,0.07962471846264199,0.07949191774129018,0.16706191663915515,False,-2.3329262720861443e-05
6h,2021,4,U850,linear,0.07962471846264199,0.1387610953721979,-42.61740421617084,True,0.01076748043509368
6h,2021,4,U850,refine,0.07962471846264199,0.07786137877371828,2.264716752638507,False,-0.0002279116868147968
6h,2021,4,U850,weatherdcae_14m_6yr,0.07962471846264199,0.09147168395385054,-12.95151130833625,True,0.0016906754089871523
6h,2021,4,U925,flow_spectral,0.08045642880609793,0.08039367851359297,0.07805376450631396,False,-1.2904655855350278e-05
6h,2021,4,U925,linear,0.08045642880609793,0.14936947741695014,-46.13596418931576,True,0.012604805592729362
6h,2021,4,U925,refine,0.08045642880609793,0.07822064109545597,2.8583091103965064,False,-0.00028315290535529947
6h,2021,4,U925,weatherdcae_14m_6yr,0.08045642880609793,0.0892452139193949,-9.847906377629256,True,0.0011771001471242437
6h,2021,4,V1000,flow_spectral,0.14939305972068923,0.14902598074981932,0.24631877543965786,False,-2.0339849095440954e-05
6h,2021,4,V1000,linear,0.14939305972068923,0.30225033932755896,-50.57307129809807,True,0.015922046667191436
6h,2021,4,V1000,refine,0.14939305972068923,0.14499674421599354,3.0320098071628054,False,-0.00030703583238211873
6h,2021,4,V1000,weatherdcae_14m_6yr,0.14939305972068923,0.15837875313679442,-5.673547264476886,True,0.0006417200401883649
6h,2021,4,V700,flow_spectral,0.2803747852361864,0.2748192602369212,2.0215195232225813,False,-0.0002052424999271496
6h,2021,4,V700,linear,0.2803747852361864,0.5371983316599234,-47.80795681739396,True,0.013497075896332422
6h,2021,4,V700,refine,0.2803747852361864,0.2720586102281194,3.0567586157607574,False,-0.0002830992449136538
6h,2021,4,V700,weatherdcae_14m_6yr,0.2803747852361864,0.27854589105276717,0.6565863084559975,False,-7.033394767985701e-05
6h,2021,4,V850,flow_spectral,0.2308721976733513,0.22917064546902374,0.7424826163251019,False,-8.135588880353595e-05
6h,2021,4,V850,linear,0.2308721976733513,0.46504491547732346,-50.354860360878604,True,0.0166399997215263
6h,2021,4,V850,refine,0.2308721976733513,0.22414304696303508,3.002167946537271,False,-0.00031012940154684365
6h,2021,4,V850,weatherdcae_14m_6yr,0.2308721976733513,0.24678544196112742,-6.4482103001370366,True,0.0007593232536262651
6h,2021,4,V925,flow_spectral,0.17862893882619857,0.17721132948390034,0.7999541261988208,False,-7.328242651505334e-05
6h,2021,4,V925,linear,0.17862893882619857,0.39064673519519677,-54.27353597696343,True,0.018499110317691247
6h,2021,4,V925,refine,0.17862893882619857,0.17190788243320082,3.9096848253071803,False,-0.0003630107796551707
6h,2021,4,V925,weatherdcae_14m_6yr,0.17862893882619857,0.19501792853358177,-8.403837447468854,True,0.0009247355574814042
6h,2021,4,Z1000,flow_spectral,0.02931699789693264,0.02850851358709806,2.8359398934094893,False,-5.8531049730858875e-05
6h,2021,4,Z1000,linear,0.02931699789693264,0.0684600987911523,-57.17651827180603,True,0.004829330354489736
6h,2021,4,Z1000,refine,0.02931699789693264,0.027226087475146016,7.679804980041149,False,-0.0001472034128182642
6h,2021,4,Z1000,weatherdcae_14m_6yr,0.02931699789693264,0.027597230595444004,6.231666237454103,False,-0.00012243119355204168
6h,2021,4,Z700,flow_spectral,0.011988373310348318,0.01138080296181362,5.338554323216904,False,-8.045366295994505e-05
6h,2021,4,Z700,linear,0.011988373310348318,0.026716796389641577,-55.12795345853534,True,0.0031837239491676605
6h,2021,4,Z700,refine,0.011988373310348318,0.010750642527535912,11.513086586612587,False,-0.0001572237672291532
6h,2021,4,Z700,weatherdcae_14m_6yr,0.011988373310348318,0.01104020328874433,8.588338428248532,False,-0.00012179648791543762
6h,2021,4,Z850,flow_spectral,0.018259175143186514,0.017609728544136116,3.6879989229967824,False,-7.097974578507138e-05
6h,2021,4,Z850,linear,0.018259175143186514,0.042076862174491726,-56.60518822086553,True,0.004341871619826909
6h,2021,4,Z850,refine,0.018259175143186514,0.01672907265219614,9.146367660669519,False,-0.00016050886007845655
6h,2021,4,Z850,weatherdcae_14m_6yr,0.018259175143186514,0.016914756037771695,7.948202755113032,False,-0.0001419999706352426
6h,2021,4,Z925,flow_spectral,0.02333008120196218,0.02264473516263944,3.0265138205434194,False,-6.132232072963983e-05
6h,2021,4,Z925,linear,0.02333008120196218,0.05449981558125195,-57.19236670226866,True,0.004720621510348133
6h,2021,4,Z925,refine,0.02333008120196218,0.02156163770997719,8.2018050566107,False,-0.00015288517040801253
6h,2021,4,Z925,weatherdcae_14m_6yr,0.02333008120196218,0.02177902328317279,7.121797422328813,False,-0.00013516884894237968
6h,2021,4,mslp,flow_spectral,0.02961954043106479,0.028820904490552243,2.771030106894634,False,-5.415391663432523e-05
6h,2021,4,mslp,linear,0.02961954043106479,0.06754103464912008,-56.145859202571934,True,0.004314972724048016
6h,2021,4,mslp,refine,0.02961954043106479,0.027529598472425292,7.591618020629198,False,-0.00013794020423663067
6h,2021,4,mslp,weatherdcae_14m_6yr,0.02961954043106479,0.027961041513501823,5.931463306765994,False,-0.00011068151913862234
6h,2021,4,t2m,flow_spectral,0.029760290680947772,0.029501030021412834,0.8788190085117664,False,-0.0003659824026626124
6h,2021,4,t2m,linear,0.029760290680947772,0.040229539998927095,-26.023785800828282,True,0.018801037995792913
6h,2021,4,t2m,refine,0.029760290680947772,0.03046379752150818,-2.309320891670563,True,0.0010865307992160567
6h,2021,4,t2m,weatherdcae_14m_6yr,0.029760290680947772,0.031053791694037616,-4.16535612087009,True,0.0020352243475630916
6h,2021,4,u10,flow_spectral,0.0870030006621196,0.08713013732316834,-0.14591582769710731,True,1.9883389766550685e-05
6h,2021,4,u10,linear,0.0870030006621196,0.15567566294483776,-44.1126512543272,True,0.01318495356746785
6h,2021,4,u10,refine,0.0870030006621196,0.08561195665076528,1.6248244588414007,False,-0.00019453726052287568
6h,2021,4,u10,weatherdcae_14m_6yr,0.0870030006621196,0.09214169696843787,-5.576949931884223,True,0.0007281933420196784
6h,2021,4,v10,flow_spectral,0.15008086854048358,0.14939069851277575,0.4619899596016719,False,-4.345586330489759e-05
6h,2021,4,v10,linear,0.15008086854048358,0.30443842087878553,-50.70238897335517,True,0.017067111976102334
6h,2021,4,v10,refine,0.15008086854048358,0.1457546532080605,2.968149034835643,False,-0.00031865712811451896
6h,2021,4,v10,weatherdcae_14m_6yr,0.15008086854048358,0.15822286277091482,-5.145902487063292,True,0.0006177616656980467
6h,2021,5,Q1000,flow_spectral,0.018317757521926728,0.018496173429629996,-0.9646098333910169,True,6.36726161759027e-05
6h,2021,5,Q1000,linear,0.018317757521926728,0.024911644218468622,-26.46909468807128,True,0.0031754619367908576
6h,2021,5,Q1000,refine,0.018317757521926728,0.01851850075874765,-1.084014518432841,True,7.864092014864266e-05
6h,2021,5,Q1000,weatherdcae_14m_6yr,0.018317757521926728,0.02194819996186056,-16.540957555710545,True,0.0016435082701514725
6h,2021,5,Q700,flow_spectral,0.051673894756467054,0.05211784362383819,-0.8518174131979639,True,5.885829742457993e-05
6h,2021,5,Q700,linear,0.051673894756467054,0.08064694094656004,-35.92578447493962,True,0.006019566760001482
6h,2021,5,Q700,refine,0.051673894756467054,0.052593581520467524,-1.748667303903917,True,0.00014759337369674164
6h,2021,5,Q700,weatherdcae_14m_6yr,0.051673894756467054,0.07183023757898968,-28.061083329088632,True,0.003973937887825518
6h,2021,5,Q850,flow_spectral,0.03906337381004748,0.039699943097795856,-1.6034513857621113,True,0.00015268035502713495
6h,2021,5,Q850,linear,0.03906337381004748,0.0631910883786943,-38.18214749531328,True,0.00824040464200082
6h,2021,5,Q850,refine,0.03906337381004748,0.03976130958700135,-1.7553138571221538,True,0.00017765858468943296
6h,2021,5,Q850,weatherdcae_14m_6yr,0.03906337381004748,0.05677097834658649,-31.19129712444656,True,0.00573459653272812
6h,2021,5,Q925,flow_spectral,0.029807769314064314,0.030096221316991335,-0.9584326214539418,True,0.00011527638476305224
6h,2021,5,Q925,linear,0.029807769314064314,0.042421058253566436,-29.733555594270666,True,0.007351170162936405
6h,2021,5,Q925,refine,0.029807769314064314,0.029998787374729045,-0.63675260695919,True,8.015090295487859e-05
6h,2021,5,Q925,weatherdcae_14m_6yr,0.029807769314064314,0.03916621989236637,-23.894188931227568,True,0.005244870886618402
6h,2021,5,T1000,flow_spectral,0.011737067547914004,0.011517054480416507,1.9103241012847993,False,-9.46130292696079e-05
6h,2021,5,T1000,linear,0.011737067547914004,0.018975505013529705,-38.14621777104025,True,0.003807437307054573
6h,2021,5,T1000,refine,0.011737067547914004,0.012217775240695982,-3.934494482930062,True,0.00020082559599599037
6h,2021,5,T1000,weatherdcae_14m_6yr,0.011737067547914004,0.013403610563932532,-12.433538023724665,True,0.0007199299847271412
6h,2021,5,T700,flow_spectral,0.012269790613949819,0.011785777456426812,4.10675629429158,False,-0.00011474321896010053
6h,2021,5,T700,linear,0.012269790613949819,0.017556007525293744,-30.110586952801377,True,0.0014981639155617898
6h,2021,5,T700,refine,0.012269790613949819,0.012502840116585716,-1.863972509148093,True,5.5970853376385854e-05
6h,2021,5,T700,weatherdcae_14m_6yr,0.012269790613949819,0.015140639785701208,-18.961214402991168,True,0.000763191881039682
6h,2021,5,T850,flow_spectral,0.013514555870266225,0.013216572885872245,2.2546161320875058,False,-7.636714977032888e-05
6h,2021,5,T850,linear,0.013514555870266225,0.020517419637432182,-34.131308375590585,True,0.0022029084083973194
6h,2021,5,T850,refine,0.013514555870266225,0.01389359715639999,-2.728172422641195,True,9.751485300313334e-05
6h,2021,5,T850,weatherdcae_14m_6yr,0.013514555870266225,0.016905728028417152,-20.05930861096691,True,0.000966442671131329
6h,2021,5,T925,flow_spectral,0.012257450221713484,0.01198266749327774,2.293168266497392,False,-8.324231723766395e-05
6h,2021,5,T925,linear,0.012257450221713484,0.019408776964443538,-36.84583915736231,True,0.0026420509688394045
6h,2021,5,T925,refine,0.012257450221713484,0.012681242002648713,-3.3418791380742774,True,0.00012487576217756757
6h,2021,5,T925,weatherdcae_14m_6yr,0.012257450221713484,0.014802222993783799,-17.19182837023191,True,0.0008125517988414321
6h,2021,5,U1000,flow_spectral,0.0505413566033089,0.05047449113596005,0.13247378199165993,False,-5.168590739734746e-06
6h,2021,5,U1000,linear,0.0505413566033089,0.09695457086930505,-47.871094523806676,True,0.005278977764285764
6h,2021,5,U1000,refine,0.0505413566033089,0.05139809955129628,-1.6668767045216137,True,6.79127350313724e-05
6h,2021,5,U1000,weatherdcae_14m_6yr,0.0505413566033089,0.057093307147350336,-11.475864460140162,True,0.0005491736968368244
6h,2021,5,U700,flow_spectral,0.04511375742779342,0.04534512572266524,-0.5102385122645492,True,1.7503600202584124e-05
6h,2021,5,U700,linear,0.04511375742779342,0.08045001151393988,-43.92324304394115,True,0.0037108030969581485
6h,2021,5,U700,refine,0.04511375742779342,0.045991349519411605,-1.908167733255528,True,6.764669598169348e-05
6h,2021,5,U700,weatherdcae_14m_6yr,0.04511375742779342,0.053489175468530846,-15.658155070393477,True,0.000699349120509396
6h,2021,5,U850,flow_spectral,0.04701233218714348,0.04737642975785022,-0.7685204912394439,True,2.822798065915677e-05
6h,2021,5,U850,linear,0.04701233218714348,0.08762655382593756,-46.34921706435091,True,0.004508984841616326
6h,2021,5,U850,refine,0.04701233218714348,0.04769971501137662,-1.4410627486331817,True,5.453063229476918e-05
6h,2021,5,U850,weatherdcae_14m_6yr,0.04701233218714348,0.0578546914099857,-18.740674193572538,True,0.0009520966041829393
6h,2021,5,U925,flow_spectral,0.046529483879184985,0.04666731163690231,-0.29534111326082746,True,9.718321241081185e-06
6h,2021,5,U925,linear,0.046529483879184985,0.09422614219405165,-50.61934745947572,True,0.005278271557415337
6h,2021,5,U925,refine,0.046529483879184985,0.0470557498578246,-1.1183882527208366,True,3.926947982502149e-05
6h,2021,5,U925,weatherdcae_14m_6yr,0.046529483879184985,0.055265261742282606,-15.806996271609098,True,0.0007087953791405921
6h,2021,5,V1000,flow_spectral,0.08448730761264532,0.08425514380490183,0.2755485270799385,False,-8.998312443164735e-06
6h,2021,5,V1000,linear,0.08448730761264532,0.1906108237039359,-55.675493148345936,True,0.006594334137444147
6h,2021,5,V1000,refine,0.08448730761264532,0.08593170691031726,-1.6808688545886685,True,5.636417837839858e-05
6h,2021,5,V1000,weatherdcae_14m_6yr,0.08448730761264532,0.09493157415747885,-11.001889137019772,True,0.0004291726448338862
6h,2021,5,V700,flow_spectral,0.15634291476667653,0.1556058542726261,0.47367144218048995,False,-1.490876411014419e-05
6h,2021,5,V700,linear,0.15634291476667653,0.3393662396284125,-53.93091695335885,True,0.005757950460888894
6h,2021,5,V700,refine,0.15634291476667653,0.15918353357809895,-1.7844928728314446,True,5.798304009319022e-05
6h,2021,5,V700,weatherdcae_14m_6yr,0.15634291476667653,0.16796574985976878,-6.919764953745588,True,0.00024394111987680045
6h,2021,5,V850,flow_spectral,0.1318295664467165,0.13230958369060286,-0.3627985445172621,True,1.2693369106697716e-05
6h,2021,5,V850,linear,0.1318295664467165,0.29341729894712515,-55.070963123250394,True,0.006907963558901109
6h,2021,5,V850,refine,0.1318295664467165,0.13413924682432182,-1.7218528001951894,True,6.280372492983854e-05
6h,2021,5,V850,weatherdcae_14m_6yr,0.1318295664467165,0.15030245371875123,-12.290476179851018,True,0.0005348187945999339
6h,2021,5,V925,flow_spectral,0.0995333224655262,0.09974451584971654,-0.21173433184892287,True,6.120696132705383e-06
6h,2021,5,V925,linear,0.0995333224655262,0.2466773268674624,-59.65039684453668,True,0.007658041818620398
6h,2021,5,V925,refine,0.0995333224655262,0.10115703418022223,-1.6051396997298517,True,4.950457790964258e-05
6h,2021,5,V925,weatherdcae_14m_6yr,0.0995333224655262,0.11703689053071681,-14.955599030202126,True,0.000579312941180965
6h,2021,5,Z1000,flow_spectral,0.019139887856880727,0.019189797046790222,-0.26008190596180647,True,2.4392106402482128e-06
6h,2021,5,Z1000,linear,0.019139887856880727,0.04433187314892163,-56.825898620197826,True,0.0020238955601813435
6h,2021,5,Z1000,refine,0.019139887856880727,0.01922815993111408,-0.45907707523544783,True,4.315071824412264e-06
6h,2021,5,Z1000,weatherdcae_14m_6yr,0.019139887856880727,0.019474418446040833,-1.7177950144545484,True,1.644226153729722e-05
6h,2021,5,Z700,flow_spectral,0.007992683193027643,0.007985049133241653,0.09560441844007617,False,-7.031954988301337e-07
6h,2021,5,Z700,linear,0.007992683193027643,0.01763045630717027,-54.66547743419985,True,0.0013841654998651975
6h,2021,5,Z700,refine,0.007992683193027643,0.007982657119053152,0.12559820401856214,False,-8.897315449951648e-07
6h,2021,5,Z700,weatherdcae_14m_6yr,0.007992683193027643,0.008143118967503967,-1.8473974784926406,True,1.3679202676475377e-05
6h,2021,5,Z850,flow_spectral,0.012217894791518965,0.012242191013962804,-0.19846302362157564,True,1.80572614916219e-06
6h,2021,5,Z850,linear,0.012217894791518965,0.027550341659833527,-55.65247450512818,True,0.0018494320198334524
6h,2021,5,Z850,refine,0.012217894791518965,0.012235505733969388,-0.14393309793095943,True,1.3136484250386715e-06
6h,2021,5,Z850,weatherdcae_14m_6yr,0.012217894791518965,0.012372902869674837,-1.2528028368814503,True,1.1594099977862982e-05
6h,2021,5,Z925,flow_spectral,0.015462943762673423,0.015503873713620966,-0.2639982220158599,True,2.4887023246655815e-06
6h,2021,5,Z925,linear,0.015462943762673423,0.035469569926557455,-56.40504298560521,True,0.0019899462290898784
6h,2021,5,Z925,refine,0.015462943762673423,0.015511548064320304,-0.31334268794667164,True,2.9570717946514335e-06
6h,2021,5,Z925,weatherdcae_14m_6yr,0.015462943762673423,0.01566972896993985,-1.3196476318327988,True,1.2641038946714644e-05
6h,2021,5,mslp,flow_spectral,0.019325591675349325,0.019380365923698555,-0.28262752398422464,True,2.510749414375013e-06
6h,2021,5,mslp,linear,0.019325591675349325,0.04374040167014821,-55.81752581723871,True,0.0018079923016678379
6h,2021,5,mslp,refine,0.019325591675349325,0.01940311020374906,-0.3995159929811587,True,3.5470265146164692e-06
6h,2021,5,mslp,weatherdcae_14m_6yr,0.019325591675349325,0.019677509640960177,-1.788427357079314,True,1.6216364060017696e-05
6h,2021,5,t2m,flow_spectral,0.01695357885139283,0.016788418758568593,0.9837739646560983,False,-0.00014489170193132672
6h,2021,5,t2m,linear,0.01695357885139283,0.02468235861696832,-31.312970877354505,True,0.008320033862362464
6h,2021,5,t2m,refine,0.01695357885139283,0.017618152006907847,-3.7720934366694325,True,0.0005942560862666202
6h,2021,5,t2m,weatherdcae_14m_6yr,0.01695357885139283,0.01747495287964767,-2.983550409810032,True,0.0004641771000103434
6h,2021,5,u10,flow_spectral,0.05141694720113136,0.05129046608308616,0.24659771630912708,False,-9.94404425791462e-06
6h,2021,5,u10,linear,0.05141694720113136,0.09875917170261996,-47.937040869524296,True,0.0055381308282069774
6h,2021,5,u10,refine,0.05141694720113136,0.05224634094033437,-1.587467608784665,True,6.740625269119338e-05
6h,2021,5,u10,weatherdcae_14m_6yr,0.05141694720113136,0.057483137487278575,-10.552990931453088,True,0.0005202262778527533
6h,2021,5,v10,flow_spectral,0.08553007717316147,0.08518424459540921,0.40598185661540054,False,-1.4179889094356746e-05
6h,2021,5,v10,linear,0.08553007717316147,0.1918693198442266,-55.422744374868806,True,0.007019895161587186
6h,2021,5,v10,refine,0.08553007717316147,0.0869655267719424,-1.6505961063689512,True,5.971974797580604e-05
6h,2021,5,v10,weatherdcae_14m_6yr,0.08553007717316147,0.09539724828666951,-10.343244999957557,True,0.0004310090825654367
