horizon,year,tau_hour,tau_seen_in_training,field,model,rmse_norm,rmse_phys,acc
6h,2020,1,True,T1000,flow_spectral,0.011069672475944646,0.18762787402326,0.9977950676461285
6h,2020,1,True,T925,flow_spectral,0.011738754916099207,0.18763161208645895,0.9982908633321355
6h,2020,1,True,T850,flow_spectral,0.012986341464327094,0.19938564937123568,0.9983539484646458
6h,2020,1,True,T700,flow_spectral,0.011677555610925507,0.16716352453650826,0.998657644031746
6h,2020,1,True,U1000,flow_spectral,0.047970762730226414,0.2647104292568818,0.9981864244318058
6h,2020,1,True,U925,flow_spectral,0.044335278788266756,0.3174684771984597,0.9984170022233066
6h,2020,1,True,U850,flow_spectral,0.045131514613474956,0.34012020584103575,0.9982713179899885
6h,2020,1,True,U700,flow_spectral,0.04341624927003328,0.37036622590889323,0.9983697279042
6h,2020,1,True,V1000,flow_spectral,0.08012179226956642,0.24631808612517905,0.9985516456339625
6h,2020,1,True,V925,flow_spectral,0.0952053564434134,0.29793818629801533,0.9986436414610346
6h,2020,1,True,V850,flow_spectral,0.12570689480247532,0.3153178050301111,0.9984029171191378
6h,2020,1,True,V700,flow_spectral,0.14809390354057628,0.33127839820274724,0.9985784400277912
6h,2020,1,True,Q1000,flow_spectral,0.018153314103675044,0.00013124337384599235,0.996313406299134
6h,2020,1,True,Q925,flow_spectral,0.02964855861865148,0.00018257584719067154,0.9930966108737095
6h,2020,1,True,Q850,flow_spectral,0.0394833957738614,0.00019150991910901998,0.9950160106357538
6h,2020,1,True,Q700,flow_spectral,0.05240905327845751,0.0001532001634154383,0.9957676457284294
6h,2020,1,True,Z1000,flow_spectral,0.01805342295393279,16.488208542673707,0.9995867587744303
6h,2020,1,True,Z925,flow_spectral,0.014551467214942378,16.172669765381,0.9995857180541299
6h,2020,1,True,Z850,flow_spectral,0.011501778793322199,16.022320417500335,0.9995970638492078
6h,2020,1,True,Z700,flow_spectral,0.007524637593891436,15.963050146412419,0.9996777988095257
6h,2020,1,True,t2m,flow_spectral,0.01511064154510263,0.29616858055003575,0.9939131447050026
6h,2020,1,True,u10,flow_spectral,0.048830175604428906,0.24122106938372237,0.9981032158824821
6h,2020,1,True,v10,flow_spectral,0.08114213144448526,0.2255751226954147,0.9984358785692568
6h,2020,1,True,mslp,flow_spectral,0.018266177846289606,20.379573868474164,0.9996063874194504
6h,2020,1,True,T1000,linear,0.018903288317013434,0.3204054958166971,0.9935847661094376
6h,2020,1,True,T925,linear,0.01958338087543509,0.31301969170042176,0.9952630455498653
6h,2020,1,True,T850,linear,0.020765736170263942,0.3188265107460833,0.9958140431681647
6h,2020,1,True,T700,linear,0.017479508448382593,0.250218143566889,0.9970161170755817
6h,2020,1,True,U1000,linear,0.09642348509664865,0.5320803899398661,0.9927420727057479
6h,2020,1,True,U925,linear,0.09366493062140906,0.6706998101328674,0.9930151113032937
6h,2020,1,True,U850,linear,0.08724096177352336,0.6574654960150518,0.9935941926573404
6h,2020,1,True,U700,linear,0.08023875885330219,0.6844839602001567,0.9944545922413498
6h,2020,1,True,V1000,linear,0.18926585157004186,0.5818592050561339,0.9920520421897319
6h,2020,1,True,V925,linear,0.2458131911544168,0.7692543682862255,0.9911107299910162
6h,2020,1,True,V850,linear,0.29284087033444656,0.7345495308139888,0.9914503251286638
6h,2020,1,True,V700,linear,0.33763158330902665,0.7552643791685201,0.992674229765364
6h,2020,1,True,Q1000,linear,0.02433175812131567,0.00017591179300242718,0.9934393041425625
6h,2020,1,True,Q925,linear,0.042541066637308285,0.0002619679223543772,0.9858169217091545
6h,2020,1,True,Q850,linear,0.06449869215040543,0.00031284389553174765,0.9867872978211508
6h,2020,1,True,Q700,linear,0.08161199021624921,0.00023856508473750815,0.9897680325307215
6h,2020,1,True,Z1000,linear,0.04374526789074812,39.952594996579485,0.9975854433728816
6h,2020,1,True,Z925,linear,0.03480076336028813,38.67797293718929,0.997640254817354
6h,2020,1,True,Z850,linear,0.026837589807497845,37.38556205441913,0.9978135180486004
6h,2020,1,True,Z700,linear,0.017056589351684106,36.1844926155163,0.9983493579546073
6h,2020,1,True,t2m,linear,0.02281521583360947,0.44717827933786375,0.9861107297191677
6h,2020,1,True,u10,linear,0.09825112882797925,0.48536057838583974,0.9923976926029904
6h,2020,1,True,v10,linear,0.190440704096172,0.5294251501307915,0.9915267809885664
6h,2020,1,True,mslp,linear,0.04323846475286232,48.241170873026945,0.9978063574215148
6h,2020,2,False,T1000,flow_spectral,0.01882977754627818,0.31915950057140086,0.9936595091879179
6h,2020,2,False,T925,flow_spectral,0.019813937992590548,0.3167048933823599,0.9951370902778945
6h,2020,2,False,T850,flow_spectral,0.021362787969833052,0.32799332791792013,0.9955466667640906
6h,2020,2,False,T700,flow_spectral,0.018498892082060465,0.26481055642477774,0.9966316628121867
6h,2020,2,False,U1000,flow_spectral,0.08002967423277024,0.44161668945726884,0.9949619038890722
6h,2020,2,False,U925,flow_spectral,0.07429907256530602,0.5320280838044452,0.9955631084848791
6h,2020,2,False,U850,flow_spectral,0.07476269440517941,0.5634267548856733,0.9952541087026696
6h,2020,2,False,U700,flow_spectral,0.07258213150636482,0.6191684093650476,0.9954320826473144
6h,2020,2,False,V1000,flow_spectral,0.1378315202232279,0.4237348581380464,0.9957246326680254
6h,2020,2,False,V925,flow_spectral,0.16472605940304139,0.515498131614026,0.995948011642832
6h,2020,2,False,V850,flow_spectral,0.2143635018693797,0.5377002522661882,0.9953540020090684
6h,2020,2,False,V700,flow_spectral,0.25950603822887675,0.5805015781519434,0.9956190564285501
6h,2020,2,False,Q1000,flow_spectral,0.02924479662396732,0.00021143168435830393,0.9905105547984411
6h,2020,2,False,Q925,flow_spectral,0.046761622689007354,0.0002879581095671516,0.9828564192393758
6h,2020,2,False,Q850,flow_spectral,0.061983553433569455,0.0003006444885520375,0.987740036416033
6h,2020,2,False,Q700,flow_spectral,0.0829534761381901,0.00024248646560163874,0.9893788085215096
6h,2020,2,False,Z1000,flow_spectral,0.026933034916981992,24.597966523919236,0.9990841791964729
6h,2020,2,False,Z925,flow_spectral,0.02124481785372867,23.611737498605976,0.9991206556764578
6h,2020,2,False,Z850,flow_spectral,0.016493727275198874,22.97625335759727,0.999174576647478
6h,2020,2,False,Z700,flow_spectral,0.010714518704575182,22.73018435727214,0.9993486736282078
6h,2020,2,False,t2m,flow_spectral,0.026181446575339887,0.5131563628094189,0.9823951557352628
6h,2020,2,False,u10,flow_spectral,0.08127559138036974,0.40150142479975603,0.9947542429498881
6h,2020,2,False,v10,flow_spectral,0.13885373386892444,0.38601337602091407,0.9954295136011987
6h,2020,2,False,mslp,flow_spectral,0.027246183890002336,30.39856607139163,0.9991275135405951
6h,2020,2,False,T1000,linear,0.029988365606372937,0.5082944567877781,0.9838625414033523
6h,2020,2,False,T925,linear,0.030823374371436833,0.49267910428082734,0.9882167295103282
6h,2020,2,False,T850,linear,0.0327024145602136,0.502096156281475,0.9895556654993065
6h,2020,2,False,T700,linear,0.027362607322243958,0.3916941216233149,0.9926436776961678
6h,2020,2,False,U1000,linear,0.1507361327508091,0.8317863681521178,0.982120528657854
6h,2020,2,False,U925,linear,0.14718875662573097,1.0539640660035914,0.9825940239911822
6h,2020,2,False,U850,linear,0.1370429519359368,1.0327833466353935,0.9840353487084098
6h,2020,2,False,U700,linear,0.12525873004347457,1.0685308809553657,0.9863590263120271
6h,2020,2,False,V1000,linear,0.2988054432733342,0.9186163095748059,0.9799625866785042
6h,2020,2,False,V925,linear,0.38711691397578984,1.2114540173882793,0.9776609227414024
6h,2020,2,False,V850,linear,0.4614547390128836,1.157493356161359,0.978469628935804
6h,2020,2,False,V700,linear,0.5310088595508025,1.1878393382915624,0.981618368541024
6h,2020,2,False,Q1000,linear,0.03855544801765334,0.00027874508602500803,0.9834926884820562
6h,2020,2,False,Q925,linear,0.06688043705524072,0.00041184978424460203,0.9644581093151112
6h,2020,2,False,Q850,linear,0.10268344020257172,0.000498054863938721,0.9659494281601458
6h,2020,2,False,Q700,linear,0.12935293637469109,0.0003781196133752261,0.9738714634306793
6h,2020,2,False,Z1000,linear,0.06692372073544922,61.12149830899574,0.9943636300754093
6h,2020,2,False,Z925,linear,0.05311566187301764,59.033363617430986,0.9945179068773463
6h,2020,2,False,Z850,linear,0.0408465431648389,56.900451006303236,0.9949474273605113
6h,2020,2,False,Z700,linear,0.025832505640453335,54.80205284057391,0.9962191552761342
6h,2020,2,False,t2m,linear,0.03970949324885634,0.7783060659380006,0.9590849878404715
6h,2020,2,False,u10,linear,0.15391448961656232,0.7603375834684947,0.9811814177926076
6h,2020,2,False,v10,linear,0.3009313922689701,0.8365892600749185,0.9785804697208794
6h,2020,2,False,mslp,linear,0.06608396062934072,73.72986873767063,0.99488700801006
6h,2020,3,True,T1000,flow_spectral,0.01961968715218904,0.33254824809634037,0.9931230932838822
6h,2020,3,True,T925,flow_spectral,0.020789259548804468,0.3322943778257343,0.994640855942846
6h,2020,3,True,T850,flow_spectral,0.023275445838849572,0.3573592990703411,0.9947007194646849
6h,2020,3,True,T700,flow_spectral,0.020470237700272516,0.29303025265223503,0.9958636421394841
6h,2020,3,True,U1000,flow_spectral,0.08555891486651318,0.4721279341478676,0.994240936328322
6h,2020,3,True,U925,flow_spectral,0.07875376336925098,0.563926470581108,0.9950120489328792
6h,2020,3,True,U850,flow_spectral,0.08078471627775709,0.6088099313850848,0.9944479363769894
6h,2020,3,True,U700,flow_spectral,0.07978228139766771,0.68058993942266,0.9944638743379982
6h,2020,3,True,V1000,flow_spectral,0.14721958348902436,0.452596541039155,0.9951203243483804
6h,2020,3,True,V925,flow_spectral,0.17294618227527428,0.5412224031374817,0.995531835324431
6h,2020,3,True,V850,flow_spectral,0.22942717337185442,0.5754853218950692,0.9946706723686787
6h,2020,3,True,V700,flow_spectral,0.28014123431593313,0.6266614435775303,0.9948775028168017
6h,2020,3,True,Q1000,flow_spectral,0.03186040196314237,0.00023034177840065132,0.9887276924828275
6h,2020,3,True,Q925,flow_spectral,0.0512995207433918,0.0003159024897412117,0.9793083657209462
6h,2020,3,True,Q850,flow_spectral,0.06931617318953795,0.00033621056325172015,0.9846092358359353
6h,2020,3,True,Q700,flow_spectral,0.09474894278782443,0.00027696652760058547,0.9860506102675545
6h,2020,3,True,Z1000,flow_spectral,0.023362084817305076,21.33661451326037,0.9993117828669348
6h,2020,3,True,Z925,flow_spectral,0.018108982190771433,20.126533227080788,0.9993619355688311
6h,2020,3,True,Z850,flow_spectral,0.013955649805147166,19.440635796654497,0.999409719079826
6h,2020,3,True,Z700,flow_spectral,0.009100709886643743,19.306589442857977,0.9995301180464985
6h,2020,3,True,t2m,flow_spectral,0.024980620713841863,0.489620175439352,0.9841085440825897
6h,2020,3,True,u10,flow_spectral,0.08666689718003702,0.4281344768177915,0.9940344214470116
6h,2020,3,True,v10,flow_spectral,0.14780507829694312,0.4108981133145786,0.9948186516418113
6h,2020,3,True,mslp,flow_spectral,0.024023758395695073,26.803305862596496,0.9993223005365495
6h,2020,3,True,T1000,linear,0.03396473791645688,0.5756928739097819,0.9792759850251537
6h,2020,3,True,T925,linear,0.03471298808351693,0.5548504883494894,0.9850149415549734
6h,2020,3,True,T850,linear,0.03683648320803887,0.5655685363269165,0.9867040820270937
6h,2020,3,True,T700,linear,0.030823062293588013,0.4412303304927987,0.9906359423446377
6h,2020,3,True,U1000,linear,0.16942156921322413,0.9348956283205482,0.9773509198111427
6h,2020,3,True,U925,linear,0.16563474423389082,1.1860489373074783,0.9778909949320544
6h,2020,3,True,U850,linear,0.15443983207770554,1.1638897466705538,0.97963526634449
6h,2020,3,True,U700,linear,0.14092375161781484,1.2021627589541408,0.982646360371737
6h,2020,3,True,V1000,linear,0.33666963591397014,1.0350220338544616,0.9744612829304249
6h,2020,3,True,V925,linear,0.4352711153783446,1.362149060756489,0.9716377935086693
6h,2020,3,True,V850,linear,0.5197429983879429,1.303701137487815,0.972534064323004
6h,2020,3,True,V700,linear,0.5980923046995753,1.3379015338808735,0.9765101955445439
6h,2020,3,True,Q1000,linear,0.04456776451778649,0.00032221244874920576,0.9779219701294822
6h,2020,3,True,Q925,linear,0.07555934385707147,0.00046529449873039676,0.9544506406197675
6h,2020,3,True,Q850,linear,0.11673636318768942,0.0005662170404467638,0.9557156188981099
6h,2020,3,True,Q700,linear,0.1474729604409059,0.00043108738216212955,0.9657735786278898
6h,2020,3,True,Z1000,linear,0.07553512636380855,68.98630331215199,0.9928165206075232
6h,2020,3,True,Z925,linear,0.060040032925815584,66.72919035193623,0.9929931249695075
6h,2020,3,True,Z850,linear,0.046296907939837456,64.49297167304447,0.9935063659012794
6h,2020,3,True,Z700,linear,0.029350119577982482,62.26445150623026,0.9951154012802214
6h,2020,3,True,t2m,linear,0.043568886644141436,0.8539501958909946,0.950888010532932
6h,2020,3,True,u10,linear,0.1730408030659997,0.8548215732531438,0.9761365348244966
6h,2020,3,True,v10,linear,0.33904854916649524,0.9425549566038564,0.9726825872092071
6h,2020,3,True,mslp,linear,0.07459101339836405,83.22118966537627,0.993481312088994
6h,2020,4,False,T1000,flow_spectral,0.019454770033048525,0.3297529489305614,0.9933242068682615
6h,2020,4,False,T925,flow_spectral,0.02005479149546337,0.3205546819703717,0.9950713593142567
6h,2020,4,False,T850,flow_spectral,0.022304814053407646,0.3424567158738082,0.9951645273981865
6h,2020,4,False,T700,flow_spectral,0.019129190150931688,0.2738332361025679,0.9964096512261649
6h,2020,4,False,U1000,flow_spectral,0.086327457160521,0.476368874150836,0.9940930203718558
6h,2020,4,False,U925,flow_spectral,0.08044550856069753,0.5760404292803806,0.9947856417132502
6h,2020,4,False,U850,flow_spectral,0.07973056487487948,0.6008656306780742,0.9946312775954589
6h,2020,4,False,U700,flow_spectral,0.07698476409686708,0.6567254623261102,0.994920892563571
6h,2020,4,False,V1000,flow_spectral,0.14905270384494645,0.4582320950665179,0.9949417273239983
6h,2020,4,False,V925,flow_spectral,0.1772229551524986,0.5546062509463783,0.9952748155813003
6h,2020,4,False,V850,flow_spectral,0.22978665706546017,0.5763870366429742,0.9946815078509349
6h,2020,4,False,V700,flow_spectral,0.27598265150673057,0.617358909191744,0.9951266272180962
6h,2020,4,False,Q1000,flow_spectral,0.030802053920467996,0.0002226902180437986,0.9893187716429473
6h,2020,4,False,Q925,flow_spectral,0.048752050142715456,0.0003002151631719399,0.9810260143403221
6h,2020,4,False,Q850,flow_spectral,0.06405193798842224,0.00031067696253675626,0.9867288169715346
6h,2020,4,False,Q700,flow_spectral,0.08516330819681972,0.0002489461629981897,0.988851526807023
6h,2020,4,False,Z1000,flow_spectral,0.028475636575565424,26.006826258699217,0.9989795071164542
6h,2020,4,False,Z925,flow_spectral,0.022657114607795358,25.181380497645776,0.9990032545345072
6h,2020,4,False,Z850,flow_spectral,0.017638087015851806,24.570380597064,0.9990603506802309
6h,2020,4,False,Z700,flow_spectral,0.011420246188402577,24.227341311037396,0.9992638415948301
6h,2020,4,False,t2m,flow_spectral,0.029551207131967197,0.5792036699872724,0.9773824223216083
6h,2020,4,False,u10,flow_spectral,0.08713927655337342,0.43046803089276575,0.9939275468690775
6h,2020,4,False,v10,flow_spectral,0.14940904693096627,0.4153571454944759,0.9946509756385251
6h,2020,4,False,mslp,flow_spectral,0.028790325395185733,32.12136478195844,0.9990289933664697
6h,2020,4,False,T1000,linear,0.03010554727271804,0.5102806714043792,0.9840049834905968
6h,2020,4,False,T925,linear,0.030901864835703508,0.49393370837745904,0.9883249180883545
6h,2020,4,False,T850,linear,0.032950273646134814,0.5059016625851893,0.9894708375269239
6h,2020,4,False,T700,linear,0.027759517158972534,0.3973758627428886,0.9924787072684752
6h,2020,4,False,U1000,linear,0.15329054934319059,0.8458820511851377,0.9813292248427813
6h,2020,4,False,U925,linear,0.14983754771142124,1.0729310781870849,0.9818933918660089
6h,2020,4,False,U850,linear,0.13948637599747335,1.0511974833662618,0.9835542657611321
6h,2020,4,False,U700,linear,0.12764206452138951,1.0888621292905754,0.9860082144700514
6h,2020,4,False,V1000,linear,0.3020778317624879,0.9286765968934863,0.9791898735817957
6h,2020,4,False,V925,linear,0.3909839126053544,1.223555506653446,0.9769929470785577
6h,2020,4,False,V850,linear,0.4669050956709166,1.1711647999987493,0.9780702977527036
6h,2020,4,False,V700,linear,0.5401625687611006,1.208315710602537,0.9813192071486129
6h,2020,4,False,Q1000,linear,0.03960758536646922,0.0002863517434797257,0.9823342639217594
6h,2020,4,False,Q925,linear,0.06752599043816537,0.0004158251021550699,0.9632449777932097
6h,2020,4,False,Q850,linear,0.10202488471174852,0.0004948606129279304,0.9659876414941135
6h,2020,4,False,Q700,linear,0.12949008291912487,0.00037852051508211046,0.9739304082010737
6h,2020,4,False,Z1000,linear,0.06834789498814103,62.422198057100424,0.9941329048811048
6h,2020,4,False,Z925,linear,0.05443628046800256,60.501115130227795,0.9942542336112343
6h,2020,4,False,Z850,linear,0.04203818884728083,58.5604497528419,0.9946657890481617
6h,2020,4,False,Z700,linear,0.02670953699165707,56.66262017174807,0.9959782043459928
6h,2020,4,False,t2m,linear,0.03928943812683583,0.7700730107788598,0.9596757710368692
6h,2020,4,False,u10,linear,0.15636364063760053,0.7724363907671031,0.980398996979281
6h,2020,4,False,v10,linear,0.3040213410947906,0.845179317858689,0.9778027958850021
6h,2020,4,False,mslp,linear,0.06742871396677777,75.2302135849156,0.9946883284957115
6h,2020,5,True,T1000,flow_spectral,0.011443575601241497,0.1939654282975323,0.9976688657467314
6h,2020,5,True,T925,flow_spectral,0.012008377074241811,0.19194123769198598,0.998226054482437
6h,2020,5,True,T850,flow_spectral,0.013318058795668523,0.20447866825980993,0.9982750389112879
6h,2020,5,True,T700,flow_spectral,0.011866790214079527,0.16987240597192496,0.9986188707691579
6h,2020,5,True,U1000,flow_spectral,0.05048259452597959,0.27857112376697407,0.9979851300802765
6h,2020,5,True,U925,flow_spectral,0.0467428710465777,0.3347083512976691,0.9982384513099378
6h,2020,5,True,U850,flow_spectral,0.0475027521643921,0.3579903307034822,0.9980894847110143
6h,2020,5,True,U700,flow_spectral,0.04553868714152286,0.3884718723300516,0.9982151536346806
6h,2020,5,True,V1000,flow_spectral,0.08434060744344164,0.25928797137964227,0.9983866633018054
6h,2020,5,True,V925,flow_spectral,0.1001633444164722,0.31345384559301476,0.9984942830542771
6h,2020,5,True,V850,flow_spectral,0.1327441510115647,0.33296975855170163,0.9982224896749068
6h,2020,5,True,V700,flow_spectral,0.15628313579301686,0.3495972867759556,0.9984271630189733
6h,2020,5,True,Q1000,flow_spectral,0.018452102262838586,0.00013340352875162767,0.9961812869347466
6h,2020,5,True,Q925,flow_spectral,0.030191220541726887,0.0001859175601448869,0.9928090415746432
6h,2020,5,True,Q850,flow_spectral,0.04031935014289363,0.00019556462502737972,0.9947901208676493
6h,2020,5,True,Q700,flow_spectral,0.052955198263248494,0.0001547966341670805,0.9957038206698862
6h,2020,5,True,Z1000,flow_spectral,0.019483502453593614,17.79430160146755,0.9995189722418543
6h,2020,5,True,Z925,flow_spectral,0.01576225697944563,17.51835558977577,0.9995142150222546
6h,2020,5,True,Z850,flow_spectral,0.012457307136654213,17.35339987321904,0.9995277952974783
6h,2020,5,True,Z700,flow_spectral,0.008136810689538131,17.261737258312664,0.9996238279242515
6h,2020,5,True,t2m,flow_spectral,0.016052224559048277,0.3146236078579562,0.9931566955837209
6h,2020,5,True,u10,flow_spectral,0.05128800022213999,0.25336272314636726,0.9979015923845969
6h,2020,5,True,v10,flow_spectral,0.08524660662161104,0.2369855636461899,0.9982651666479454
6h,2020,5,True,mslp,flow_spectral,0.019679255573124076,21.9561443999177,0.9995433862153661
6h,2020,5,True,T1000,linear,0.018909408895458037,0.32050919599111416,0.993650316595384
6h,2020,5,True,T925,linear,0.019422471169642932,0.31044767706870285,0.9953851556783532
6h,2020,5,True,T850,linear,0.02067184168322772,0.3173848575514321,0.9958726788861147
6h,2020,5,True,T700,linear,0.01761311827717912,0.2521307319656561,0.9969852734605219
6h,2020,5,True,U1000,linear,0.09744075898290636,0.5376938724295118,0.992542091830055
6h,2020,5,True,U925,linear,0.0945675262928997,0.677162964691488,0.9928559056209018
6h,2020,5,True,U850,linear,0.08812279675877069,0.6641111843878337,0.9934876286255373
6h,2020,5,True,U700,linear,0.08117631262962505,0.6924818453467496,0.9943723037554242
6h,2020,5,True,V1000,linear,0.1904706615564603,0.5855631458173284,0.9918608800657024
6h,2020,5,True,V925,linear,0.24715687201939798,0.773459319822732,0.9909509004694774
6h,2020,5,True,V850,linear,0.29489428613955193,0.7397002312216306,0.9913568408788543
6h,2020,5,True,V700,linear,0.3416473037792022,0.7642473392120882,0.9925931034732052
6h,2020,5,True,Q1000,linear,0.024894874936784956,0.0001799829693660163,0.993059794049411
6h,2020,5,True,Q925,linear,0.042666311698272404,0.0002627391814707056,0.9855988179188642
6h,2020,5,True,Q850,linear,0.06419259993673761,0.000311359227735786,0.9868066441762775
6h,2020,5,True,Q700,linear,0.0817610058516452,0.00023900068172903188,0.9897678057029037
6h,2020,5,True,Z1000,linear,0.044499489033156245,40.641425868914354,0.9975033001037894
6h,2020,5,True,Z925,linear,0.035624288360191464,39.59324732306853,0.997528999296955
6h,2020,5,True,Z850,linear,0.02768452726700531,38.565370222341265,0.9976763787115036
6h,2020,5,True,Z700,linear,0.01772597113193418,37.60454310763516,0.9982215962468316
6h,2020,5,True,t2m,linear,0.02410480534329903,0.4724540914364678,0.9845456196795559
6h,2020,5,True,u10,linear,0.09921441652273943,0.49011922006771474,0.9922037454952476
6h,2020,5,True,v10,linear,0.19160843467281322,0.5326714419253435,0.9913332023564457
6h,2020,5,True,mslp,linear,0.04391125345530773,48.99173745973664,0.9977394254589347
6h,2020,1,True,T1000,refine,0.01189233004268103,0.2015716920011816,0.9974574040414378
6h,2020,1,True,T925,refine,0.012465711309642332,0.19925124248000065,0.9980740603252631
6h,2020,1,True,T850,refine,0.013676120915549188,0.20997617137798885,0.9981748493005247
6h,2020,1,True,T700,refine,0.012309559800569102,0.17621062702837384,0.9985082571878656
6h,2020,1,True,U1000,refine,0.04860075438010215,0.2681868252603522,0.9981382014346561
6h,2020,1,True,U925,refine,0.04477758327938779,0.3206356550631301,0.9983851385093249
6h,2020,1,True,U850,refine,0.04568894048101922,0.3443210800495895,0.9982282116336547
6h,2020,1,True,U700,refine,0.04406415550271132,0.37589324898503906,0.9983206193038308
6h,2020,1,True,V1000,refine,0.08124323839851602,0.24976574318861,0.9985106676418081
6h,2020,1,True,V925,refine,0.0964701775780326,0.3018963504391868,0.9986072883019915
6h,2020,1,True,V850,refine,0.12741034842487192,0.3195906753692773,0.9983592719591804
6h,2020,1,True,V700,refine,0.15162815491274956,0.33918433571178924,0.9985096948222956
6h,2020,1,True,Q1000,refine,0.018102412709104787,0.00013087537118030448,0.9963300764835823
6h,2020,1,True,Q925,refine,0.029596357067962945,0.00018225439023036193,0.9931156723337844
6h,2020,1,True,Q850,refine,0.03946724054596129,0.00019143156024421687,0.9950219261143943
6h,2020,1,True,Q700,refine,0.05264586909523703,0.0001538924144787047,0.995724646364737
6h,2020,1,True,Z1000,refine,0.01808615462695834,16.51810239274463,0.9995852603208212
6h,2020,1,True,Z925,refine,0.01454362105565841,16.163949466404066,0.9995861621354364
6h,2020,1,True,Z850,refine,0.011478687962482055,15.990154199050368,0.9995986801135828
6h,2020,1,True,Z700,refine,0.007519149040654097,15.951406538256451,0.9996782675512997
6h,2020,1,True,t2m,refine,0.01581632509441455,0.3099999776682141,0.9933353216125739
6h,2020,1,True,u10,refine,0.0495309125794745,0.2446827103950808,0.9980483031538641
6h,2020,1,True,v10,refine,0.08243403860380222,0.22916662458883796,0.9983856380187321
6h,2020,1,True,mslp,refine,0.018289172541999903,20.405229050355597,0.9996053906703003
6h,2020,2,False,T1000,refine,0.018526067661696257,0.31401170159488206,0.9938646713057885
6h,2020,2,False,T925,refine,0.019520333380483455,0.31201193247093867,0.9952804342146997
6h,2020,2,False,T850,refine,0.021780365878506958,0.3344046063619872,0.9953651507164829
6h,2020,2,False,T700,refine,0.01920730555420599,0.27495145332038246,0.9963614853526966
6h,2020,2,False,U1000,refine,0.0775638129169739,0.42800966810234564,0.9952633947837957
6h,2020,2,False,U925,refine,0.0712410738081885,0.5101308893535484,0.9959154520826279
6h,2020,2,False,U850,refine,0.07222552825443183,0.544306161537812,0.9955664844222142
6h,2020,2,False,U700,refine,0.07126152396619394,0.6079028501561318,0.9955946536411165
6h,2020,2,False,V1000,refine,0.1331368703979321,0.4093021162140429,0.9960057927555244
6h,2020,2,False,V925,refine,0.1574430990957919,0.4927066409801699,0.9962936331566619
6h,2020,2,False,V850,refine,0.2059779506557276,0.5166662930824094,0.9957068535967648
6h,2020,2,False,V700,refine,0.25384515124682366,0.5678384664969666,0.9958070711178693
6h,2020,2,False,Q1000,refine,0.027984442609472974,0.0002023196782816308,0.9912877120579348
6h,2020,2,False,Q925,refine,0.04572793025447101,0.00028159263033687026,0.9835516956732816
6h,2020,2,False,Q850,refine,0.06188422800883664,0.00030016272179327053,0.9877463104612859
6h,2020,2,False,Q700,refine,0.08349058525693746,0.0002440565224757743,0.9892025936983723
6h,2020,2,False,Z1000,refine,0.023938234637268366,21.862812692867408,0.9992766990756164
6h,2020,2,False,Z925,refine,0.018829064228109604,20.92684082354956,0.9993095009811827
6h,2020,2,False,Z850,refine,0.014589798047243032,20.324023218949385,0.9993544408901074
6h,2020,2,False,Z700,refine,0.009449985763845276,20.047556481679308,0.999493435583438
6h,2020,2,False,t2m,refine,0.028032480079757807,0.5494366197083942,0.9797908429353704
6h,2020,2,False,u10,refine,0.07881254238929457,0.3893339640944012,0.9950641044976671
6h,2020,2,False,v10,refine,0.13425112426895774,0.37321812107376917,0.9957233636825049
6h,2020,2,False,mslp,refine,0.02424374965732704,27.04875044640132,0.999309248596889
6h,2020,3,True,T1000,refine,0.020764437262607825,0.35195144507822546,0.9923069694027734
6h,2020,3,True,T925,refine,0.021931479817822192,0.3505515644859434,0.9940415901972031
6h,2020,3,True,T850,refine,0.024482413678390554,0.37589046645433877,0.9941401083875773
6h,2020,3,True,T700,refine,0.021634345268570738,0.30969438462765353,0.9953788376810688
6h,2020,3,True,U1000,refine,0.08654240901548088,0.47755501390011734,0.9941080923252693
6h,2020,3,True,U925,refine,0.07933676543116804,0.5681011320692683,0.9949380889284007
6h,2020,3,True,U850,refine,0.08159504961209148,0.6149167664076509,0.9943361282726306
6h,2020,3,True,U700,refine,0.08126914678060702,0.6932737784909347,0.9942562295457439
6h,2020,3,True,V1000,refine,0.14875663819386786,0.4573219018233445,0.995017623741444
6h,2020,3,True,V925,refine,0.1748889107707915,0.5473020304236597,0.9954304841516461
6h,2020,3,True,V850,refine,0.23239453648498146,0.5829285285129875,0.9945314758712788
6h,2020,3,True,V700,refine,0.2873327137904453,0.6427484115146365,0.9946107769998809
6h,2020,3,True,Q1000,refine,0.032052980710054475,0.00023173406821102154,0.9885844029800673
6h,2020,3,True,Q925,refine,0.05139486112519864,0.00031648959562591896,0.9791969242117351
6h,2020,3,True,Q850,refine,0.0703855469339189,0.0003413974444939042,0.9841118463796678
6h,2020,3,True,Q700,refine,0.09676212141646133,0.0002828513750401748,0.9854334763741565
6h,2020,3,True,Z1000,refine,0.023576234015858417,21.532197111787053,0.99929909607302
6h,2020,3,True,Z925,refine,0.01824519197247554,20.27791841162047,0.9993522920821379
6h,2020,3,True,Z850,refine,0.014051255178934415,19.573816975497305,0.9994016045575431
6h,2020,3,True,Z700,refine,0.009189443434855437,19.494832176900477,0.9995209294992802
6h,2020,3,True,t2m,refine,0.026518196203437542,0.5197566557705706,0.9820980495243793
6h,2020,3,True,u10,refine,0.0877580492377709,0.4335247669387249,0.9938844890463986
6h,2020,3,True,v10,refine,0.14958593730128428,0.4158489024359609,0.9946935810502634
6h,2020,3,True,mslp,refine,0.02421367863647155,27.015200129523578,0.9993115208304343
6h,2020,4,False,T1000,refine,0.019606239380172856,0.3323203120690524,0.9932014239366929
6h,2020,4,False,T925,refine,0.0204689334485262,0.32717430395510216,0.9948564161898427
6h,2020,4,False,T850,refine,0.02273085936918415,0.348997997923459,0.9949746719689787
6h,2020,4,False,T700,refine,0.019912438577184353,0.2850453903836958,0.9961064091563749
6h,2020,4,False,U1000,refine,0.08459855217120295,0.4668284978179665,0.9943341910103739
6h,2020,4,False,U925,refine,0.07825026238681683,0.5603210874584335,0.995061645904125
6h,2020,4,False,U850,refine,0.0780594338616053,0.5882716529326408,0.9948442057905175
6h,2020,4,False,U700,refine,0.07612304294802179,0.6493744747660123,0.9950200273312872
6h,2020,4,False,V1000,refine,0.1449851716807802,0.4457272989723067,0.9952263774694993
6h,2020,4,False,V925,refine,0.17204105636866068,0.5383898784115796,0.9955513196593418
6h,2020,4,False,V850,refine,0.22470868162358576,0.5636496592279197,0.9949094668495021
6h,2020,4,False,V700,refine,0.273243858059984,0.6112323692315356,0.9952040053784879
6h,2020,4,False,Q1000,refine,0.029822257628454602,0.0002156065658786224,0.9899914958535279
6h,2020,4,False,Q925,refine,0.04780585144964598,0.0002943884708714848,0.9817467877925683
6h,2020,4,False,Q850,refine,0.06275883992524822,0.00030440493121927653,0.9872459342617003
6h,2020,4,False,Q700,refine,0.085200365735548,0.00024905448828926803,0.9888053169801846
6h,2020,4,False,Z1000,refine,0.027281247263533964,24.915989273038516,0.9990619274976461
6h,2020,4,False,Z925,refine,0.02164219553498698,24.053387633306215,0.9990891354141801
6h,2020,4,False,Z850,refine,0.016805102443132432,23.410008257263396,0.9991453680160631
6h,2020,4,False,Z700,refine,0.010821541897548852,22.957227454373868,0.9993377215699465
6h,2020,4,False,t2m,refine,0.030263030447803884,0.5931554089416337,0.9762886358312487
6h,2020,4,False,u10,refine,0.0855647224887942,0.42268973387552405,0.9941526656546876
6h,2020,4,False,v10,refine,0.1457604950967893,0.40521417140204025,0.9949224471236657
6h,2020,4,False,mslp,refine,0.027586363581965073,30.778104428474826,0.9991071491168508
6h,2020,5,True,T1000,refine,0.01214590830782937,0.20586977352542238,0.99736333994578
6h,2020,5,True,T925,refine,0.012689145533290987,0.20282260250483644,0.9980133857117037
6h,2020,5,True,T850,refine,0.013978082105821292,0.2146123284525966,0.9980973268393426
6h,2020,5,True,T700,refine,0.012571930615968886,0.17996645020950452,0.9984477119309741
6h,2020,5,True,U1000,refine,0.05137662887797537,0.2835045501350485,0.9979131883646599
6h,2020,5,True,U925,refine,0.047129633224726096,0.33747781204831073,0.998208559607907
6h,2020,5,True,U850,refine,0.04783445225021709,0.3604900892748158,0.9980621669076757
6h,2020,5,True,U700,refine,0.046185468812699894,0.39398930240152846,0.9981638931646555
6h,2020,5,True,V1000,refine,0.08600933907459751,0.26441814682645787,0.9983220916188066
6h,2020,5,True,V925,refine,0.1015916222835698,0.3179235366298912,0.9984509431145583
6h,2020,5,True,V850,refine,0.13461766625532123,0.3376692039861382,0.9981718103922208
6h,2020,5,True,V700,refine,0.159875761459444,0.3576338047129405,0.9983539632644703
6h,2020,5,True,Q1000,refine,0.018490405908763278,0.000133680453228587,0.996160392919809
6h,2020,5,True,Q925,refine,0.03007675448623876,0.00018521267764863377,0.9928519098837546
6h,2020,5,True,Q850,refine,0.04035534373617444,0.00019573920801051458,0.9947737518258962
6h,2020,5,True,Q700,refine,0.053443289240296954,0.0001562234027561497,0.9956147789045079
6h,2020,5,True,Z1000,refine,0.019516558825023546,17.82449200381667,0.9995173301402512
6h,2020,5,True,Z925,refine,0.01576333834053141,17.51955741178348,0.9995141385727145
6h,2020,5,True,Z850,refine,0.012442771088820071,17.333150721649304,0.9995289012127354
6h,2020,5,True,Z700,refine,0.00812456321429484,17.23575502904855,0.9996249333507503
6h,2020,5,True,t2m,refine,0.01684675663354376,0.3301964370487229,0.9924585149917794
6h,2020,5,True,u10,refine,0.0522135368375289,0.2579348740646551,0.9978255859218826
6h,2020,5,True,v10,refine,0.08703315925733707,0.24195218023115111,0.9981917364670749
6h,2020,5,True,mslp,refine,0.01969659909231703,21.9754946415643,0.9995425722044388
6h,2020,1,True,T1000,weatherbridge_detail,0.01133087465633307,0.19205517894184848,0.9976910082528466
6h,2020,1,True,T925,weatherbridge_detail,0.01202709265006359,0.19224038680018085,0.998207246902564
6h,2020,1,True,T850,weatherbridge_detail,0.01326629120513602,0.20368385525962004,0.998282574384755
6h,2020,1,True,T700,weatherbridge_detail,0.012145956347905756,0.1738686530122813,0.9985475381682998
6h,2020,1,True,U1000,weatherbridge_detail,0.047958244241511905,0.2646413502684701,0.998187145565457
6h,2020,1,True,U925,weatherbridge_detail,0.04426554737669171,0.3169691561670141,0.9984219056828901
6h,2020,1,True,U850,weatherbridge_detail,0.0450503618279413,0.3395086214568764,0.9982774371524276
6h,2020,1,True,U700,weatherbridge_detail,0.04333846439790477,0.3697026760225826,0.9983755931955244
6h,2020,1,True,V1000,weatherbridge_detail,0.08025100380444694,0.2467153209173451,0.9985468267296819
6h,2020,1,True,V925,weatherbridge_detail,0.09518865403182947,0.2978859166117407,0.9986441434088946
6h,2020,1,True,V850,weatherbridge_detail,0.12554168826560758,0.3149034085162938,0.9984071183127811
6h,2020,1,True,V700,weatherbridge_detail,0.14860434687307253,0.3324202333432594,0.9985685857549518
6h,2020,1,True,Q1000,weatherbridge_detail,0.01805915456556097,0.00013056262680181328,0.99634581385061
6h,2020,1,True,Q925,weatherbridge_detail,0.029481108751699483,0.00018154469103140122,0.9931569724771302
6h,2020,1,True,Q850,weatherbridge_detail,0.03890190245350553,0.00018868944941756558,0.9951537854391642
6h,2020,1,True,Q700,weatherbridge_detail,0.05195399339684308,0.0001518699492424439,0.9958339769463357
6h,2020,1,True,Z1000,weatherbridge_detail,0.01802279870850119,16.460239416243546,0.9995881591592638
6h,2020,1,True,Z925,weatherbridge_detail,0.01452511592702048,16.143382666809423,0.9995872165090124
6h,2020,1,True,Z850,weatherbridge_detail,0.011488151380438242,16.0033370333212,0.9995980203499512
6h,2020,1,True,Z700,weatherbridge_detail,0.00754371379083796,16.003519081902645,0.9996761654468784
6h,2020,1,True,t2m,weatherbridge_detail,0.015231526968668297,0.29853793344821566,0.9938192761311366
6h,2020,1,True,u10,weatherbridge_detail,0.04891155138430121,0.2416230655251964,0.9980969373208892
6h,2020,1,True,v10,weatherbridge_detail,0.081498581723654,0.22656605472811023,0.9984221338490367
6h,2020,1,True,mslp,weatherbridge_detail,0.01823695405289252,20.346968637655692,0.9996076411119402
6h,2020,2,False,T1000,weatherbridge_detail,0.019254724543824413,0.32636223398920683,0.9933682691445503
6h,2020,2,False,T925,weatherbridge_detail,0.020254142216377325,0.3237410932875535,0.994915464231928
6h,2020,2,False,T850,weatherbridge_detail,0.021500178239730588,0.33010274880273494,0.9954833191353185
6h,2020,2,False,T700,weatherbridge_detail,0.01873546729454604,0.2681971162807395,0.9965401050701757
6h,2020,2,False,U1000,weatherbridge_detail,0.0788576045536043,0.4351490195538453,0.9951053008792018
6h,2020,2,False,U925,weatherbridge_detail,0.07272784272947477,0.520777088958298,0.9957448268430779
6h,2020,2,False,U850,weatherbridge_detail,0.07274531343170683,0.5482233681076084,0.9955031024166785
6h,2020,2,False,U700,weatherbridge_detail,0.07094915477521058,0.6052381564785733,0.9956329134742599
6h,2020,2,False,V1000,weatherbridge_detail,0.1360091705620292,0.4181324168307141,0.9958348843206511
6h,2020,2,False,V925,weatherbridge_detail,0.16100110048309818,0.5038411454336525,0.9961247081249767
6h,2020,2,False,V850,weatherbridge_detail,0.20884114957937588,0.5238482196168114,0.9955880812329894
6h,2020,2,False,V700,weatherbridge_detail,0.2530620554274244,0.5660867230019739,0.995833675471312
6h,2020,2,False,Q1000,weatherbridge_detail,0.028787435524762848,0.00020812509198209233,0.9907820027410268
6h,2020,2,False,Q925,weatherbridge_detail,0.04557354322022385,0.00028064191517209445,0.9836745997035423
6h,2020,2,False,Q850,weatherbridge_detail,0.0602379494760795,0.0002921776262750971,0.9883989064416437
6h,2020,2,False,Q700,weatherbridge_detail,0.08151867415947234,0.0002382923071354458,0.9897148215541818
6h,2020,2,False,Z1000,weatherbridge_detail,0.0257678519319001,23.53380392915881,0.9991616711091151
6h,2020,2,False,Z925,weatherbridge_detail,0.020381767600987484,22.65253337156453,0.999190624565298
6h,2020,2,False,Z850,weatherbridge_detail,0.015866078710810947,22.101920203848874,0.9992361450362499
6h,2020,2,False,Z700,weatherbridge_detail,0.010378309768210893,22.016938004588297,0.9993886447217932
6h,2020,2,False,t2m,weatherbridge_detail,0.026308297273345334,0.5156426373496631,0.9822194888835086
6h,2020,2,False,u10,weatherbridge_detail,0.08016591841804482,0.39601963946163404,0.9948934679056073
6h,2020,2,False,v10,weatherbridge_detail,0.1372752596826133,0.3816252175304964,0.9955302320417817
6h,2020,2,False,mslp,weatherbridge_detail,0.02604773747190037,29.0614593941984,0.9992025204316637
6h,2020,3,True,T1000,weatherbridge_detail,0.0200159820905642,0.33926533657465224,0.9928493977631677
6h,2020,3,True,T925,weatherbridge_detail,0.021351672152025884,0.34128394981532323,0.994352636093487
6h,2020,3,True,T850,weatherbridge_detail,0.023677178581653982,0.3635272976192783,0.9945189757278613
6h,2020,3,True,T700,weatherbridge_detail,0.02109775490760832,0.3020131262633591,0.9956053025065169
6h,2020,3,True,U1000,weatherbridge_detail,0.08540643912208207,0.4712865476797017,0.9942619235532578
6h,2020,3,True,U925,weatherbridge_detail,0.07854379075673006,0.5624229343485588,0.9950387833833921
6h,2020,3,True,U850,weatherbridge_detail,0.0806145711971813,0.6075276843477372,0.9944716371765611
6h,2020,3,True,U700,weatherbridge_detail,0.07976965642004277,0.6804822407507128,0.9944663777680076
6h,2020,3,True,V1000,weatherbridge_detail,0.14689537342696085,0.4515998239561811,0.9951418271736937
6h,2020,3,True,V925,weatherbridge_detail,0.17271766129613672,0.5405072641669408,0.9955436871851062
6h,2020,3,True,V850,weatherbridge_detail,0.2291505602636636,0.574791477527142,0.9946833632263483
6h,2020,3,True,V700,weatherbridge_detail,0.28062517827412786,0.6277440011421618,0.9948598818847767
6h,2020,3,True,Q1000,weatherbridge_detail,0.03165040826653276,0.00022882358253844659,0.988867250575817
6h,2020,3,True,Q925,weatherbridge_detail,0.05086979627297192,0.0003132562458922093,0.9796218661762401
6h,2020,3,True,Q850,weatherbridge_detail,0.06833457236661136,0.00033144941526716575,0.9850241373558384
6h,2020,3,True,Q700,weatherbridge_detail,0.09425629859655127,0.0002755264487887856,0.9861786434497605
6h,2020,3,True,Z1000,weatherbridge_detail,0.023266629815046593,21.24943538184236,0.999317393991016
6h,2020,3,True,Z925,weatherbridge_detail,0.018061953483103698,20.074264963137484,0.9993652472857241
6h,2020,3,True,Z850,weatherbridge_detail,0.013953193661287713,19.43721437741442,0.9994099298493433
6h,2020,3,True,Z700,weatherbridge_detail,0.009176129463384346,19.466587375777554,0.9995222968635651
6h,2020,3,True,t2m,weatherbridge_detail,0.025266207914956998,0.49521768445583153,0.9837500468375083
6h,2020,3,True,u10,weatherbridge_detail,0.08660488125803721,0.4278281174819028,0.9940438756842623
6h,2020,3,True,v10,weatherbridge_detail,0.14781179788570706,0.4109167934307571,0.9948189793078792
6h,2020,3,True,mslp,weatherbridge_detail,0.023932292238655225,26.70125738648756,0.9993274367073585
6h,2020,4,False,T1000,weatherbridge_detail,0.01971849148136891,0.3342229546927796,0.9931231568267022
6h,2020,4,False,T925,weatherbridge_detail,0.020454478356433346,0.32694325373789906,0.9948627490833433
6h,2020,4,False,T850,weatherbridge_detail,0.022826789001979996,0.3504708517088366,0.9949320412983065
6h,2020,4,False,T700,weatherbridge_detail,0.019733558597973284,0.2824847341581837,0.9961756733718274
6h,2020,4,False,U1000,weatherbridge_detail,0.08611104909595227,0.4751747005104246,0.9941242011570033
6h,2020,4,False,U925,weatherbridge_detail,0.08047515878132165,0.5762527444511182,0.9947762359002583
6h,2020,4,False,U850,weatherbridge_detail,0.079841992620072,0.6017053762603378,0.9946097403683147
6h,2020,4,False,U700,weatherbridge_detail,0.07711111619717116,0.657803321943668,0.9948923520198201
6h,2020,4,False,V1000,weatherbridge_detail,0.14945604051943348,0.45947207254691164,0.9949179251299907
6h,2020,4,False,V925,weatherbridge_detail,0.17850987214885666,0.5586335625249301,0.9952079233258496
6h,2020,4,False,V850,weatherbridge_detail,0.23139532281828407,0.5804221444556108,0.9946057231319626
6h,2020,4,False,V700,weatherbridge_detail,0.28147035098668965,0.6296346097825685,0.9949245606127469
6h,2020,4,False,Q1000,weatherbridge_detail,0.03058190302488051,0.00022109858905507292,0.9894659024192328
6h,2020,4,False,Q925,weatherbridge_detail,0.04838865419180544,0.00029797737079452507,0.981288587900503
6h,2020,4,False,Q850,weatherbridge_detail,0.06333554883640474,0.0003072021950123334,0.9870091014332036
6h,2020,4,False,Q700,weatherbridge_detail,0.08526301288826882,0.0002492376160664092,0.9887933315422132
6h,2020,4,False,Z1000,weatherbridge_detail,0.02928311695615368,26.74429885017084,0.9989214587945255
6h,2020,4,False,Z925,weatherbridge_detail,0.023327543813388252,25.926503253436813,0.9989436046575352
6h,2020,4,False,Z850,weatherbridge_detail,0.01826495907743291,25.44363200496452,0.998992094605548
6h,2020,4,False,Z700,weatherbridge_detail,0.012002420449324666,25.462387750122105,0.9991862158410472
6h,2020,4,False,t2m,weatherbridge_detail,0.029906332014665707,0.5861641186214559,0.9768635598166608
6h,2020,4,False,u10,weatherbridge_detail,0.08700057365279286,0.429782837820626,0.9939492110156232
6h,2020,4,False,v10,weatherbridge_detail,0.15014416647735698,0.41740077769247697,0.9946033754499439
6h,2020,4,False,mslp,weatherbridge_detail,0.029590606085239012,33.014237540988475,0.998974989893053
6h,2020,5,True,T1000,weatherbridge_detail,0.011658922498734063,0.19761549823275917,0.997572432489018
6h,2020,5,True,T925,weatherbridge_detail,0.01227144592584392,0.19614611487946138,0.9981419453769591
6h,2020,5,True,T850,weatherbridge_detail,0.01359916438664796,0.2087946191128866,0.9981992801351869
6h,2020,5,True,T700,weatherbridge_detail,0.01232849128059145,0.176481630081272,0.9985072699065385
6h,2020,5,True,U1000,weatherbridge_detail,0.0505592557806575,0.27899415317815107,0.997979098629077
6h,2020,5,True,U925,weatherbridge_detail,0.04660767965008572,0.3337402962823468,0.9982480199494771
6h,2020,5,True,U850,weatherbridge_detail,0.047142900644997286,0.3552784162071244,0.9981177562715906
6h,2020,5,True,U700,weatherbridge_detail,0.045296835666846356,0.38640873718562224,0.9982338636862291
6h,2020,5,True,V1000,weatherbridge_detail,0.08457846217102383,0.26001920735048756,0.9983775001483834
6h,2020,5,True,V925,weatherbridge_detail,0.09993444151871357,0.3127375110973942,0.9985008359488304
6h,2020,5,True,V850,weatherbridge_detail,0.13225945214864146,0.331753960282465,0.9982351648280291
6h,2020,5,True,V700,weatherbridge_detail,0.15698474061363726,0.35116674131794773,0.9984129708539109
6h,2020,5,True,Q1000,weatherbridge_detail,0.018280865618234752,0.0001321655357923185,0.9962432627417481
6h,2020,5,True,Q925,weatherbridge_detail,0.029905278338519817,0.00018415672772876596,0.9929227262308935
6h,2020,5,True,Q850,weatherbridge_detail,0.039665517255923856,0.00019239328014252383,0.9949444050162
6h,2020,5,True,Q700,weatherbridge_detail,0.052509678525835816,0.00015349430735452625,0.9957625657616749
6h,2020,5,True,Z1000,weatherbridge_detail,0.019438262188544338,17.75298361144318,0.9995211984231561
6h,2020,5,True,Z925,weatherbridge_detail,0.01572432991336177,17.476202996874594,0.9995165455185356
6h,2020,5,True,Z850,weatherbridge_detail,0.012435131507060514,17.32250854678855,0.9995294767003321
6h,2020,5,True,Z700,weatherbridge_detail,0.008145453632444403,17.280072738870707,0.9996230105910447
6h,2020,5,True,t2m,weatherbridge_detail,0.016238484413267546,0.3182743004140565,0.992994902206494
6h,2020,5,True,u10,weatherbridge_detail,0.0514216472103841,0.25402293932365055,0.9978909320371121
6h,2020,5,True,v10,weatherbridge_detail,0.08560484637716081,0.23798146994304845,0.9982506037766489
6h,2020,5,True,mslp,weatherbridge_detail,0.019630277889559303,21.901500036776618,0.999545649705634
6h,2020,1,True,T1000,weatherdcae_14m_6yr,0.013077657137768898,0.22166265690997206,0.9969212179568044
6h,2020,1,True,T925,weatherdcae_14m_6yr,0.014598784048782728,0.23334616070212955,0.9973553509982308
6h,2020,1,True,T850,weatherdcae_14m_6yr,0.016749613621782518,0.2571650054808112,0.9972602899384045
6h,2020,1,True,T700,weatherdcae_14m_6yr,0.01503225124229551,0.21518579549256348,0.9977747320685345
6h,2020,1,True,U1000,weatherdcae_14m_6yr,0.05573369168953919,0.30754752737696234,0.9975508942408746
6h,2020,1,True,U925,weatherdcae_14m_6yr,0.05382581019826372,0.38542665074570337,0.9976656642142726
6h,2020,1,True,U850,weatherdcae_14m_6yr,0.056287211250365336,0.42419178564553534,0.9973099559114852
6h,2020,1,True,U700,weatherdcae_14m_6yr,0.05204778003125857,0.4439982782171833,0.997656457918303
6h,2020,1,True,V1000,weatherdcae_14m_6yr,0.09217695607125913,0.28337922519498615,0.9980824336671896
6h,2020,1,True,V925,weatherdcae_14m_6yr,0.11391864091177938,0.35650003919443846,0.9980573939722158
6h,2020,1,True,V850,weatherdcae_14m_6yr,0.14595337324075142,0.36610320679919744,0.9978464694516296
6h,2020,1,True,V700,weatherdcae_14m_6yr,0.16203732781454366,0.36246911698823175,0.9982979417597383
6h,2020,1,True,Q1000,weatherdcae_14m_6yr,0.021640680706917673,0.00015645605737962757,0.9947611754327401
6h,2020,1,True,Q925,weatherdcae_14m_6yr,0.03926084423831785,0.00024176830987804034,0.9878408028314272
6h,2020,1,True,Q850,weatherdcae_14m_6yr,0.057129367529748024,0.0002770997868614117,0.9895256854658454
6h,2020,1,True,Q700,weatherdcae_14m_6yr,0.0712525330855928,0.00020828271093374567,0.992135641256391
6h,2020,1,True,Z1000,weatherdcae_14m_6yr,0.018329297423128325,16.740164968241473,0.9995740305388245
6h,2020,1,True,Z925,weatherdcae_14m_6yr,0.014708332904165329,16.3470121319729,0.9995767374605196
6h,2020,1,True,Z850,weatherdcae_14m_6yr,0.011631014611173818,16.20234973598931,0.9995879572592195
6h,2020,1,True,Z700,weatherdcae_14m_6yr,0.007698485898095648,16.33185848024455,0.9996627366921633
6h,2020,1,True,t2m,weatherdcae_14m_6yr,0.015956182909784507,0.31274119109620224,0.9932097300308713
6h,2020,1,True,u10,weatherdcae_14m_6yr,0.05616850404176606,0.27747241205691786,0.9974894539528545
6h,2020,1,True,v10,weatherdcae_14m_6yr,0.09277581882649022,0.2579167733498853,0.9979547029826373
6h,2020,1,True,mslp,weatherdcae_14m_6yr,0.01854651847750155,20.692349724765517,0.999594216984571
6h,2020,2,False,T1000,weatherdcae_14m_6yr,0.02057200927107801,0.3486898433480548,0.992424123205708
6h,2020,2,False,T925,weatherdcae_14m_6yr,0.022806208419801726,0.36453317824938053,0.9935470126058342
6h,2020,2,False,T850,weatherdcae_14m_6yr,0.026192005898719426,0.4021386725475684,0.9932891367831623
6h,2020,2,False,T700,weatherdcae_14m_6yr,0.023259278924342194,0.3329552147396743,0.9946605651635607
6h,2020,2,False,U1000,weatherdcae_14m_6yr,0.08586900885537825,0.47383908251708406,0.9941979081577055
6h,2020,2,False,U925,weatherdcae_14m_6yr,0.08304445249815247,0.5946505039361046,0.9944505207624148
6h,2020,2,False,U850,weatherdcae_14m_6yr,0.08638946909130402,0.6510484793917801,0.9936517451813273
6h,2020,2,False,U700,weatherdcae_14m_6yr,0.07935235825208506,0.6769224422956798,0.9945340826413132
6h,2020,2,False,V1000,weatherdcae_14m_6yr,0.14654830416753603,0.4505328295521632,0.9951712913069123
6h,2020,2,False,V925,weatherdcae_14m_6yr,0.17904926264494214,0.5603215464723182,0.9952131776747568
6h,2020,2,False,V850,weatherdcae_14m_6yr,0.22933318413859569,0.5752495637482662,0.9946835391174546
6h,2020,2,False,V700,weatherdcae_14m_6yr,0.2575039180464096,0.5760229388293223,0.9956916539402927
6h,2020,2,False,Q1000,weatherdcae_14m_6yr,0.033993259297097386,0.00024576173875385827,0.9871057677782311
6h,2020,2,False,Q925,weatherdcae_14m_6yr,0.061310020856537834,0.0003775471563684257,0.9701349319819699
6h,2020,2,False,Q850,weatherdcae_14m_6yr,0.09048525734153291,0.0004388889050525372,0.9735378519315172
6h,2020,2,False,Q700,weatherdcae_14m_6yr,0.11225217706960255,0.0003281313205285394,0.9803184253745154
6h,2020,2,False,Z1000,weatherdcae_14m_6yr,0.02407980460320307,21.992108706071537,0.9992689211818655
6h,2020,2,False,Z925,weatherdcae_14m_6yr,0.018909387902462917,21.016113436123028,0.999304335356841
6h,2020,2,False,Z850,weatherdcae_14m_6yr,0.01473814967847204,20.530681502363926,0.9993416034058068
6h,2020,2,False,Z700,weatherdcae_14m_6yr,0.009713176619890886,20.605899482154275,0.9994646433388872
6h,2020,2,False,t2m,weatherdcae_14m_6yr,0.0307518754607368,0.6027367707987507,0.9756346810162613
6h,2020,2,False,u10,weatherdcae_14m_6yr,0.08645123605479117,0.42706910998255676,0.9940634902990964
6h,2020,2,False,v10,weatherdcae_14m_6yr,0.14675524117892125,0.40797956607805747,0.9948984213208338
6h,2020,2,False,mslp,weatherdcae_14m_6yr,0.024521824359992863,27.358998101163035,0.9992940690758706
6h,2020,3,True,T1000,weatherdcae_14m_6yr,0.023007131157107837,0.3899644835546915,0.9905316501357587
6h,2020,3,True,T925,weatherdcae_14m_6yr,0.025566894732363704,0.408659836417133,0.9918859064915517
6h,2020,3,True,T850,weatherdcae_14m_6yr,0.029368317902052368,0.4509061436305119,0.9915513158828339
6h,2020,3,True,T700,weatherdcae_14m_6yr,0.0260327560349089,0.37265737682578376,0.9933008186464657
6h,2020,3,True,U1000,weatherdcae_14m_6yr,0.09517666888673201,0.525200256380752,0.9928688970584221
6h,2020,3,True,U925,weatherdcae_14m_6yr,0.09216670703568747,0.6599715836098421,0.9931627862435985
6h,2020,3,True,U850,weatherdcae_14m_6yr,0.09635589285134814,0.7261574607106591,0.9920935099223073
6h,2020,3,True,U700,weatherdcae_14m_6yr,0.08852803781872773,0.7551964038232117,0.9931810922787891
6h,2020,3,True,V1000,weatherdcae_14m_6yr,0.1627767036061001,0.5004237292778917,0.9940310928076753
6h,2020,3,True,V925,weatherdcae_14m_6yr,0.19828920401641562,0.6205315331223202,0.9941220940053931
6h,2020,3,True,V850,weatherdcae_14m_6yr,0.2562851889267293,0.6428548200191527,0.9933453047443729
6h,2020,3,True,V700,weatherdcae_14m_6yr,0.28925631814588215,0.6470514158929849,0.994537861992343
6h,2020,3,True,Q1000,weatherdcae_14m_6yr,0.03875069588929152,0.0002801566725274288,0.9832608622013712
6h,2020,3,True,Q925,weatherdcae_14m_6yr,0.06881220952950301,0.00042374564046605465,0.9623083513080444
6h,2020,3,True,Q850,weatherdcae_14m_6yr,0.10215940187651193,0.0004955130734524834,0.9661691591408278
6h,2020,3,True,Q700,weatherdcae_14m_6yr,0.1274966062646428,0.000372693258890859,0.9744816961325444
6h,2020,3,True,Z1000,weatherdcae_14m_6yr,0.023917488614073154,21.84386529311883,0.999278652718023
6h,2020,3,True,Z925,weatherdcae_14m_6yr,0.01850657001989497,20.56841699950209,0.9993336013066978
6h,2020,3,True,Z850,weatherdcae_14m_6yr,0.014382096279561557,20.034688489742972,0.9993730821800557
6h,2020,3,True,Z700,weatherdcae_14m_6yr,0.009628395956690544,20.426042599274467,0.9994740479181552
6h,2020,3,True,t2m,weatherdcae_14m_6yr,0.02665236634599236,0.5223863896131233,0.9818886820546039
6h,2020,3,True,u10,weatherdcae_14m_6yr,0.09579832011047029,0.4732437063269956,0.992707717717684
6h,2020,3,True,v10,weatherdcae_14m_6yr,0.1630773666928058,0.453355074540199,0.9936896289333309
6h,2020,3,True,mslp,weatherdcae_14m_6yr,0.024674607373334503,27.52945814801499,0.9992850560560176
6h,2020,4,False,T1000,weatherdcae_14m_6yr,0.021577432062664683,0.36573148005588163,0.9917922237469635
6h,2020,4,False,T925,weatherdcae_14m_6yr,0.023660387745777275,0.3781863338004537,0.9931403276055313
6h,2020,4,False,T850,weatherdcae_14m_6yr,0.027037433414595725,0.41511893384838455,0.9928879990671987
6h,2020,4,False,T700,weatherdcae_14m_6yr,0.02381799172034051,0.34095315639947193,0.9944261845827916
6h,2020,4,False,U1000,weatherdcae_14m_6yr,0.09183323204780115,0.5067506308511138,0.9933149445489988
6h,2020,4,False,U925,weatherdcae_14m_6yr,0.08946608949637284,0.6406334635631767,0.9935535371177069
6h,2020,4,False,U850,weatherdcae_14m_6yr,0.09187438659104372,0.6923839245593749,0.992862950369435
6h,2020,4,False,U700,weatherdcae_14m_6yr,0.08424034018079943,0.718619811310863,0.9939048020810953
6h,2020,4,False,V1000,weatherdcae_14m_6yr,0.1584673501632195,0.48717550265168086,0.9942836930444199
6h,2020,4,False,V925,weatherdcae_14m_6yr,0.1956083354480398,0.6121419511523734,0.9942613334311289
6h,2020,4,False,V850,weatherdcae_14m_6yr,0.24785782470321607,0.6217159796024291,0.993828325834898
6h,2020,4,False,V700,weatherdcae_14m_6yr,0.27998527626402053,0.6263125737248467,0.9949830285653257
6h,2020,4,False,Q1000,weatherdcae_14m_6yr,0.03506168572722413,0.0002534861630715068,0.9861506475441115
6h,2020,4,False,Q925,weatherdcae_14m_6yr,0.06264397806521084,0.00038576166646108807,0.9684208804137848
6h,2020,4,False,Q850,weatherdcae_14m_6yr,0.0914138392754166,0.0004433928909993951,0.9727153336992498
6h,2020,4,False,Q700,weatherdcae_14m_6yr,0.11487190480359716,0.000335789209031949,0.9794622380385131
6h,2020,4,False,Z1000,weatherdcae_14m_6yr,0.027665539484193757,25.266963932458598,0.9990360051340628
6h,2020,4,False,Z925,weatherdcae_14m_6yr,0.021877719524841924,24.31515176309119,0.999069638033102
6h,2020,4,False,Z850,weatherdcae_14m_6yr,0.017018263626827342,23.70694810791287,0.9991238002069919
6h,2020,4,False,Z700,weatherdcae_14m_6yr,0.01114156945872069,23.636145969686133,0.9992978804294208
6h,2020,4,False,t2m,weatherdcae_14m_6yr,0.030399006828034682,0.5958205456018842,0.9760352166164361
6h,2020,4,False,u10,weatherdcae_14m_6yr,0.09230085389717593,0.45596622270655235,0.9931863376192691
6h,2020,4,False,v10,weatherdcae_14m_6yr,0.1583246380050702,0.44014248772045544,0.9939927558410935
6h,2020,4,False,mslp,weatherdcae_14m_6yr,0.02802411056506997,31.26649882862607,0.9990791975442409
6h,2020,5,True,T1000,weatherdcae_14m_6yr,0.013356223208252948,0.2263842737664656,0.9968186670285397
6h,2020,5,True,T925,weatherdcae_14m_6yr,0.01486774742788425,0.23764525518252513,0.9972742949499068
6h,2020,5,True,T850,weatherdcae_14m_6yr,0.017026792333406073,0.26142066714241896,0.997177390144474
6h,2020,5,True,T700,weatherdcae_14m_6yr,0.015244214363590554,0.21822003525250158,0.9977178715850803
6h,2020,5,True,U1000,weatherdcae_14m_6yr,0.05717367782557952,0.31549360342532656,0.9974149807504066
6h,2020,5,True,U925,weatherdcae_14m_6yr,0.055410271080032145,0.3967723871719768,0.9975227388126598
6h,2020,5,True,U850,weatherdcae_14m_6yr,0.058173800409861344,0.43840950249384936,0.9971322182182073
6h,2020,5,True,U700,weatherdcae_14m_6yr,0.05395454581204246,0.4602641145322084,0.9974932845450077
6h,2020,5,True,V1000,weatherdcae_14m_6yr,0.09500039072340617,0.2920592984441093,0.9979525817595122
6h,2020,5,True,V925,weatherdcae_14m_6yr,0.11760569556079244,0.3680384059328225,0.9979230371701523
6h,2020,5,True,V850,weatherdcae_14m_6yr,0.1511971342311846,0.37925643324438096,0.997692706994771
6h,2020,5,True,V700,weatherdcae_14m_6yr,0.16916069789821567,0.37840372700162195,0.9981570678629257
6h,2020,5,True,Q1000,weatherdcae_14m_6yr,0.021974275003996735,0.00015886785066876496,0.9945751119569268
6h,2020,5,True,Q925,weatherdcae_14m_6yr,0.0394358617959805,0.00024284606827142425,0.9876652526261687
6h,2020,5,True,Q850,weatherdcae_14m_6yr,0.057681039124464296,0.0002797756099435103,0.9892764624386108
6h,2020,5,True,Q700,weatherdcae_14m_6yr,0.07280492879832338,0.00021282061574517654,0.9918154018352356
6h,2020,5,True,Z1000,weatherdcae_14m_6yr,0.019777671695072403,18.06296661069968,0.9995043281503901
6h,2020,5,True,Z925,weatherdcae_14m_6yr,0.01593221504546054,17.707248948366185,0.9995036699318246
6h,2020,5,True,Z850,weatherdcae_14m_6yr,0.012591290592212923,17.540042824876732,0.9995175866902218
6h,2020,5,True,Z700,weatherdcae_14m_6yr,0.008294369724734662,17.595988996168725,0.9996090907388366
6h,2020,5,True,t2m,weatherdcae_14m_6yr,0.016869455486429933,0.3306413337043665,0.9924390303186419
6h,2020,5,True,u10,weatherdcae_14m_6yr,0.05754336142591245,0.28426420738354824,0.9973580071876404
6h,2020,5,True,v10,weatherdcae_14m_6yr,0.09550548471697438,0.26550524483279436,0.997822093908121
6h,2020,5,True,mslp,weatherdcae_14m_6yr,0.019987839621732686,22.300431643682323,0.9995289419769385
6h,2021,1,True,T1000,flow_spectral,0.011146572308396132,0.18893130467682814,0.9978404002779105
6h,2021,1,True,T925,flow_spectral,0.011711664611086643,0.18719860215844575,0.9983720155382412
6h,2021,1,True,T850,flow_spectral,0.0128775987292245,0.1977160688442961,0.9984432598001741
6h,2021,1,True,T700,flow_spectral,0.011597477805813577,0.1660172151211714,0.9986925493041655
6h,2021,1,True,U1000,flow_spectral,0.04795637529237329,0.26463103683205,0.9982172497878942
6h,2021,1,True,U925,flow_spectral,0.044243564697432625,0.3168117458032778,0.9984445713939266
6h,2021,1,True,U850,flow_spectral,0.04497084823604416,0.33890939110085716,0.9983063361462858
6h,2021,1,True,U700,flow_spectral,0.043218946601085585,0.36868311755552835,0.998413378684951
6h,2021,1,True,V1000,flow_spectral,0.0799913122152719,0.24591695215401277,0.9985452076195614
6h,2021,1,True,V925,flow_spectral,0.09470115034849576,0.29636030949592346,0.9986369515521232
6h,2021,1,True,V850,flow_spectral,0.12511672867595053,0.31383745874121305,0.9983940978589126
6h,2021,1,True,V700,flow_spectral,0.1473727888137877,0.32966530156653046,0.998585723565203
6h,2021,1,True,Q1000,flow_spectral,0.018181410750848816,0.00013144650501398204,0.9962748674348264
6h,2021,1,True,Q925,flow_spectral,0.02950842851456749,0.00018171292640038506,0.9929893597980182
6h,2021,1,True,Q850,flow_spectral,0.038813075316337264,0.00018825860280026233,0.9949637925251967
6h,2021,1,True,Q700,flow_spectral,0.05159925268238549,0.00015083298478596582,0.9957799440899165
6h,2021,1,True,Z1000,flow_spectral,0.01778407170842911,16.242209762599238,0.9995966038417151
6h,2021,1,True,Z925,flow_spectral,0.014319693334056397,15.915073582884506,0.9995968399526861
6h,2021,1,True,Z850,flow_spectral,0.011310760341252269,15.756226030353908,0.9996094804026869
6h,2021,1,True,Z700,flow_spectral,0.007391574938666081,15.680766015071914,0.9996916151979461
6h,2021,1,True,t2m,flow_spectral,0.014980736723514588,0.29362244563118906,0.9941888563243431
6h,2021,1,True,u10,flow_spectral,0.04883590777650224,0.24124938655927475,0.9981299391781208
6h,2021,1,True,v10,flow_spectral,0.08100475136985717,0.22519320613824456,0.9984266482195436
6h,2021,1,True,mslp,flow_spectral,0.017994315408447797,20.07625683293772,0.99961644523929
6h,2021,1,True,T1000,linear,0.018987964490333638,0.32184073228698523,0.9937473652664901
6h,2021,1,True,T925,linear,0.019507807258804823,0.3118117259346229,0.9955031691721158
6h,2021,1,True,T850,linear,0.020579047205540085,0.315960183801629,0.996047049224611
6h,2021,1,True,T700,linear,0.017414486258861366,0.24928735395375684,0.9970767595770172
6h,2021,1,True,U1000,linear,0.09581577712562989,0.528726960855432,0.9929496723403075
6h,2021,1,True,U925,linear,0.09325529651356304,0.6677665726793383,0.9931682254887731
6h,2021,1,True,U850,linear,0.08668399713770407,0.6532680998237277,0.9937595592847638
6h,2021,1,True,U700,linear,0.07945812715326789,0.6778247099273524,0.9946600051409451
6h,2021,1,True,V1000,linear,0.18925994649263037,0.5818410524191321,0.9919934310058615
6h,2021,1,True,V925,linear,0.24525186122130532,0.7674977279542399,0.991018326366407
6h,2021,1,True,V850,linear,0.29114821118367146,0.7303037364524492,0.9914249287899942
6h,2021,1,True,V700,linear,0.3351584113668433,0.7497320211849632,0.9927468480671939
6h,2021,1,True,Q1000,linear,0.024312566897539085,0.00017577304585361564,0.9933896633787038
6h,2021,1,True,Q925,linear,0.042176457871105515,0.0002597226605228374,0.9857022468449447
6h,2021,1,True,Q850,linear,0.06342293351394263,0.00030762604513700684,0.9866390315891187
6h,2021,1,True,Q700,linear,0.08052849656425837,0.00023539785677319735,0.9897550405892467
6h,2021,1,True,Z1000,linear,0.043457853511914606,39.69009912811419,0.9976025158765477
6h,2021,1,True,Z925,linear,0.03455625705945044,38.406225886437134,0.9976615659329064
6h,2021,1,True,Z850,linear,0.026637191332699095,37.106400922677985,0.9978410715466768
6h,2021,1,True,Z700,linear,0.01691546554246413,35.88510710405387,0.9983897796567551
6h,2021,1,True,t2m,linear,0.02270351039935637,0.44498885455632886,0.9866464532972028
6h,2021,1,True,u10,linear,0.09767295640901802,0.4825044069620731,0.9925926590374307
6h,2021,1,True,v10,linear,0.19056366247368017,0.5297669744196944,0.9914389394193384
6h,2021,1,True,mslp,linear,0.042959632271210434,47.9300771583054,0.9978253333240691
6h,2021,2,False,T1000,flow_spectral,0.019013470300791646,0.3222730416790531,0.9937532329926803
6h,2021,2,False,T925,flow_spectral,0.01976567024337712,0.31593338432974183,0.9953703493542964
6h,2021,2,False,T850,flow_spectral,0.021207599895497673,0.32561064941369716,0.9957792183206904
6h,2021,2,False,T700,flow_spectral,0.018361080750772373,0.26283779499233484,0.9967234764628412
6h,2021,2,False,U1000,flow_spectral,0.0798426667881606,0.4405847520542647,0.995067557073926
6h,2021,2,False,U925,flow_spectral,0.07402934814971834,0.5300966874108388,0.995653903915963
6h,2021,2,False,U850,flow_spectral,0.07448503939400632,0.561334292349239,0.995351493395784
6h,2021,2,False,U700,flow_spectral,0.07219069843681697,0.6158292531022687,0.9955626914725437
6h,2021,2,False,V1000,flow_spectral,0.13745390652138262,0.4225739626002864,0.9957158587675312
6h,2021,2,False,V925,flow_spectral,0.163958069061558,0.5130947622602389,0.9959242144170771
6h,2021,2,False,V850,flow_spectral,0.2132694251610655,0.5349559166877421,0.995333407964482
6h,2021,2,False,V700,flow_spectral,0.2580249689985227,0.5771885031518861,0.9956484567163871
6h,2021,2,False,Q1000,flow_spectral,0.02931276070892884,0.00021192304578461363,0.9903736813857614
6h,2021,2,False,Q925,flow_spectral,0.046590203277519976,0.0002869025085791134,0.9825452122810039
6h,2021,2,False,Q850,flow_spectral,0.0610223573935739,0.0002959823109642646,0.9875783386514406
6h,2021,2,False,Q700,flow_spectral,0.08178400420680082,0.00023906790921412075,0.9893801844488547
6h,2021,2,False,Z1000,flow_spectral,0.026545209164188496,24.243764890834164,0.9991053395052143
6h,2021,2,False,Z925,flow_spectral,0.02090623692437014,23.235434650890728,0.9991445694241952
6h,2021,2,False,Z850,flow_spectral,0.016211852080408515,22.58359280166121,0.9992010799949425
6h,2021,2,False,Z700,flow_spectral,0.010517385292694338,22.31197817362086,0.9993778022815101
6h,2021,2,False,t2m,flow_spectral,0.026457121659505516,0.5185595942533732,0.9825723722286248
6h,2021,2,False,u10,flow_spectral,0.08111713955093573,0.4007186737634621,0.9948491637590965
6h,2021,2,False,v10,flow_spectral,0.13849929952299303,0.3850280484504711,0.9954108033192076
6h,2021,2,False,mslp,flow_spectral,0.026881892978174903,29.992126544427926,0.9991474757022334
6h,2021,2,False,T1000,linear,0.030163933858202537,0.5112702926530328,0.9842234491270924
6h,2021,2,False,T925,linear,0.030729943018580917,0.4911857054279116,0.9887990317264539
6h,2021,2,False,T850,linear,0.03242338041433986,0.49781200664782177,0.9901322071755977
6h,2021,2,False,T700,linear,0.027276773769246,0.39046541872291557,0.9927857231753204
6h,2021,2,False,U1000,linear,0.14986188578799556,0.8269621317859144,0.9826185950582311
6h,2021,2,False,U925,linear,0.14658960081162015,1.0496737342939675,0.9829710108396361
6h,2021,2,False,U850,linear,0.13618463829271865,1.026314923620942,0.9844486388093044
6h,2021,2,False,U700,linear,0.12416321172292201,1.05918546283597,0.9868405793922381
6h,2021,2,False,V1000,linear,0.29877535174546066,0.9185237977563164,0.9798171816575619
6h,2021,2,False,V925,linear,0.38652621382308455,1.2096054624724706,0.9773956262001139
6h,2021,2,False,V850,linear,0.4591655381960362,1.1517512239651604,0.9783713543046252
6h,2021,2,False,V700,linear,0.5275660931020805,1.1801380471266147,0.9817692064429004
6h,2021,2,False,Q1000,linear,0.03863041494574862,0.00027928707629179756,0.9832541072575948
6h,2021,2,False,Q925,linear,0.06640292454685619,0.00040890926172878307,0.9640538197817218
6h,2021,2,False,Q850,linear,0.10106927016742394,0.0004902255077433845,0.9654990237609163
6h,2021,2,False,Q700,linear,0.12786150615172875,0.0003737599206838398,0.9737405668574222
6h,2021,2,False,Z1000,linear,0.06672794074178662,60.94269216200891,0.9943652696494348
6h,2021,2,False,Z925,linear,0.05294805490190032,58.84708328711527,0.9945278447125775
6h,2021,2,False,Z850,linear,0.040709440153035285,56.70946250798869,0.9949722422982775
6h,2021,2,False,Z700,linear,0.025735624269614038,54.596525151102874,0.9962796864064545
6h,2021,2,False,t2m,linear,0.03999906003540511,0.7839815743937997,0.9597743202688162
6h,2021,2,False,u10,linear,0.15305452433208772,0.7560893541790021,0.9816574460073761
6h,2021,2,False,v10,linear,0.30114449710798463,0.8371816906589655,0.9783529690844713
6h,2021,2,False,mslp,linear,0.06590113970440394,73.52589578822389,0.9948963210756587
6h,2021,3,True,T1000,flow_spectral,0.019793170989047943,0.3354887509565404,0.9932367509300017
6h,2021,3,True,T925,flow_spectral,0.02073305758806484,0.3313960501156673,0.9949011974905348
6h,2021,3,True,T850,flow_spectral,0.023072816110064235,0.3542482260514425,0.9949941222827383
6h,2021,3,True,T700,flow_spectral,0.020326253524794953,0.29096912826426313,0.9959740508819958
6h,2021,3,True,U1000,flow_spectral,0.08549350415290162,0.47176698637469694,0.9943446033512688
6h,2021,3,True,U925,flow_spectral,0.07855855668755406,0.5625286675829787,0.9951049466488913
6h,2021,3,True,U850,flow_spectral,0.08046331507695195,0.6063877874383132,0.9945666760860634
6h,2021,3,True,U700,flow_spectral,0.07936161184264612,0.6770013787544258,0.9946208014240709
6h,2021,3,True,V1000,flow_spectral,0.14701867252330988,0.45197888190292185,0.9950966667056153
6h,2021,3,True,V925,flow_spectral,0.1722420390382841,0.5390188384947093,0.9955012184273447
6h,2021,3,True,V850,flow_spectral,0.22833809841099348,0.572753532253263,0.9946436404913552
6h,2021,3,True,V700,flow_spectral,0.2785418178645549,0.6230836322340367,0.9949114542437477
6h,2021,3,True,Q1000,flow_spectral,0.03204023638416051,0.0002316419305610427,0.988493480800038
6h,2021,3,True,Q925,flow_spectral,0.051139348587574615,0.0003149161495084417,0.9788872986008539
6h,2021,3,True,Q850,flow_spectral,0.06822786817250316,0.0003309318583753966,0.9844141320613616
6h,2021,3,True,Q700,flow_spectral,0.0936128612264277,0.0002736455765665402,0.985988783341019
6h,2021,3,True,Z1000,flow_spectral,0.023273424055577287,21.255640535772184,0.9993133890681584
6h,2021,3,True,Z925,flow_spectral,0.018018364484207395,20.02581968361913,0.9993656467420238
6h,2021,3,True,Z850,flow_spectral,0.013879981896281543,19.335228191650625,0.9994152163037788
6h,2021,3,True,Z700,flow_spectral,0.00903990932763856,19.17760483452989,0.9995404059747561
6h,2021,3,True,t2m,flow_spectral,0.025207905009267534,0.4940749485583071,0.984291070511017
6h,2021,3,True,u10,flow_spectral,0.08660917188625772,0.42784931359279205,0.9941280392523821
6h,2021,3,True,v10,flow_spectral,0.14760495514205554,0.4103417705856182,0.9947849855374182
6h,2021,3,True,mslp,flow_spectral,0.02394031448651988,26.71020760625883,0.9993246970469726
6h,2021,3,True,T1000,linear,0.03419343483357282,0.5795692246391428,0.9797055141744755
6h,2021,3,True,T925,linear,0.0346474580507126,0.5538030592673623,0.9857256213978517
6h,2021,3,True,T850,linear,0.036546992788757275,0.5611238491455807,0.9874241056056708
6h,2021,3,True,T700,linear,0.030735621341346955,0.4399786181651582,0.9908124859709665
6h,2021,3,True,U1000,linear,0.16852039258432033,0.9299227895516271,0.9779647137899398
6h,2021,3,True,U925,linear,0.1650439405971005,1.1818184137572396,0.9783565759850744
6h,2021,3,True,U850,linear,0.15352335466682704,1.1569829901720923,0.9801549111056346
6h,2021,3,True,U700,linear,0.13974784904138407,1.192131614602834,0.9832473443702887
6h,2021,3,True,V1000,linear,0.33664183814028137,1.034936574264414,0.9742736434437325
6h,2021,3,True,V925,linear,0.4348659732158791,1.3608811969188692,0.9712691758451445
6h,2021,3,True,V850,linear,0.5175114069345729,1.2981035102326028,0.9723732163895191
6h,2021,3,True,V700,linear,0.594367354582016,1.3295690138564826,0.9766889931186742
6h,2021,3,True,Q1000,linear,0.044835103293730014,0.0003241452330798894,0.977398914371069
6h,2021,3,True,Q925,linear,0.07512795033523849,0.0004626379767575142,0.9537434612667925
6h,2021,3,True,Q850,linear,0.115044699464346,0.0005580118084597894,0.9550181798027086
6h,2021,3,True,Q700,linear,0.14602946924446744,0.00042686782367018115,0.9654742215095837
6h,2021,3,True,Z1000,linear,0.07536508410210949,68.83100338923332,0.9928137955082469
6h,2021,3,True,Z925,linear,0.05989846259662603,66.57184750104777,0.9929993317515013
6h,2021,3,True,Z850,linear,0.046183628552172985,64.3351702339559,0.9935305627227071
6h,2021,3,True,Z700,linear,0.029274083197235963,62.103145082541474,0.9951848583439722
6h,2021,3,True,t2m,linear,0.0441111082405464,0.8645777385353748,0.9511366097483948
6h,2021,3,True,u10,linear,0.1721523122347111,0.850432430200285,0.9767230736822629
6h,2021,3,True,v10,linear,0.3392906827045636,0.9432280859985138,0.9723896904033177
6h,2021,3,True,mslp,linear,0.07443208087820019,83.0438687633989,0.9934895903175489
6h,2021,4,False,T1000,flow_spectral,0.019622563754215068,0.3325970052472738,0.9934222590027013
6h,2021,4,False,T925,flow_spectral,0.02010302974357893,0.3213257187618728,0.9952490212561483
6h,2021,4,False,T850,flow_spectral,0.022174937934490314,0.3404626642014812,0.9953975454043246
6h,2021,4,False,T700,flow_spectral,0.019015448959915287,0.2722050380060889,0.9964929995542776
6h,2021,4,False,U1000,flow_spectral,0.08631802996857785,0.4763168533646514,0.9941908502212105
6h,2021,4,False,U925,flow_spectral,0.08039367851359297,0.5756692951810123,0.9948601332160522
6h,2021,4,False,U850,flow_spectral,0.07949191774129018,0.5990671384367057,0.9947335307515438
6h,2021,4,False,U700,flow_spectral,0.07664273368597274,0.6538077390514915,0.9950520049644864
6h,2021,4,False,V1000,flow_spectral,0.14902598074981932,0.45814994057639435,0.9948971792364659
6h,2021,4,False,V925,flow_spectral,0.17721132948390034,0.5545698696067837,0.9951939423948404
6h,2021,4,False,V850,flow_spectral,0.22917064546902374,0.574841858771757,0.9946282634342127
6h,2021,4,False,V700,flow_spectral,0.2748192602369212,0.6147564636906931,0.9951472245859568
6h,2021,4,False,Q1000,flow_spectral,0.031174183880815557,0.0002253806134360675,0.989069630435413
6h,2021,4,False,Q925,flow_spectral,0.04892073958611515,0.00030125395265308063,0.980561994880655
6h,2021,4,False,Q850,flow_spectral,0.0631598465493169,0.00030634997014123707,0.9865171439094216
6h,2021,4,False,Q700,flow_spectral,0.0839442719363256,0.0002453827221762087,0.9888556641430676
6h,2021,4,False,Z1000,flow_spectral,0.02850851358709806,26.03685290735443,0.9989721786753223
6h,2021,4,False,Z925,flow_spectral,0.02264473516263944,25.16762182250497,0.9990006479666909
6h,2021,4,False,Z850,flow_spectral,0.017609728544136116,24.53087635327355,0.9990623659732425
6h,2021,4,False,Z700,flow_spectral,0.01138080296181362,24.14366493971271,0.9992751608325237
6h,2021,4,False,t2m,flow_spectral,0.029501030021412834,0.5782202004826524,0.9781358561569681
6h,2021,4,False,u10,flow_spectral,0.08713013732316834,0.43042288218795977,0.9940162944129115
6h,2021,4,False,v10,flow_spectral,0.14939069851277575,0.41530613728308946,0.994595891756849
6h,2021,4,False,mslp,flow_spectral,0.028820904490552243,32.155481444426094,0.9990242130477345
6h,2021,4,False,T1000,linear,0.030274912498810546,0.5131513635464539,0.9843276759818831
6h,2021,4,False,T925,linear,0.030913938206070378,0.4941266874813925,0.9887885239326045
6h,2021,4,False,T850,linear,0.032735675706789244,0.5026068362332773,0.9899921038672038
6h,2021,4,False,T700,linear,0.02770432121452362,0.3965857352887917,0.9925951776090779
6h,2021,4,False,U1000,linear,0.15260184732970708,0.8420816815521546,0.9817991700187617
6h,2021,4,False,U925,linear,0.14936947741695014,1.0695793996973957,0.9822424229674674
6h,2021,4,False,U850,linear,0.1387610953721979,1.0457316233660485,0.9839427210537293
6h,2021,4,False,U700,linear,0.12665936742982783,1.0804791427707108,0.9864589194259235
6h,2021,4,False,V1000,linear,0.30225033932755896,0.9292069372176159,0.978954792720179
6h,2021,4,False,V925,linear,0.39064673519519677,1.2225003336677602,0.9766215496506341
6h,2021,4,False,V850,linear,0.46504491547732346,1.166498802054859,0.9779069078238829
6h,2021,4,False,V700,linear,0.5371983316599234,1.2016848670987603,0.9814449061896973
6h,2021,4,False,Q1000,linear,0.03975761763863929,0.0002874364348170015,0.9822270563216821
6h,2021,4,False,Q925,linear,0.06725514449114131,0.00041415723161138547,0.9628788751761013
6h,2021,4,False,Q850,linear,0.10050268098859237,0.0004874773289724459,0.9655017525749034
6h,2021,4,False,Q700,linear,0.12790502438437587,0.0003738871315297817,0.9738324053891917
6h,2021,4,False,Z1000,linear,0.0684600987911523,62.52467398306273,0.9940843172711017
6h,2021,4,False,Z925,linear,0.05449981558125195,60.571728796124226,0.9942187041356131
6h,2021,4,False,Z850,linear,0.042076862174491726,58.61432269065136,0.9946495146076305
6h,2021,4,False,Z700,linear,0.026716796389641577,56.67802058993516,0.996010983220396
6h,2021,4,False,t2m,linear,0.040229539998927095,0.7884990063323799,0.9589688357585125
6h,2021,4,False,u10,linear,0.15567566294483776,0.7690377803358416,0.9808512242352102
6h,2021,4,False,v10,linear,0.30443842087878553,0.8463387995433825,0.9774853239174418
6h,2021,4,False,mslp,linear,0.06754103464912008,75.35552945481565,0.9946550864070521
6h,2021,5,True,T1000,flow_spectral,0.011517054480416507,0.19521087524727032,0.9977150590462984
6h,2021,5,True,T925,flow_spectral,0.01198266749327774,0.19153029637451732,0.9983072338008752
6h,2021,5,True,T850,flow_spectral,0.013216572885872245,0.2029205048228393,0.9983649536523408
6h,2021,5,True,T700,flow_spectral,0.011785777456426812,0.1687127128796947,0.9986541425209867
6h,2021,5,True,U1000,flow_spectral,0.05047449113596005,0.27852640767070114,0.9980185643978114
6h,2021,5,True,U925,flow_spectral,0.04666731163690231,0.3341672986207217,0.99826706018957
6h,2021,5,True,U850,flow_spectral,0.04737642975785022,0.3570383394661837,0.9981243216472243
6h,2021,5,True,U700,flow_spectral,0.04534512572266524,0.38682067997444164,0.9982610081822181
6h,2021,5,True,V1000,flow_spectral,0.08425514380490183,0.25902523131489336,0.9983758826479557
6h,2021,5,True,V925,flow_spectral,0.09974451584971654,0.3121431526196839,0.9984818092078307
6h,2021,5,True,V850,flow_spectral,0.13230958369060286,0.3318797085707291,0.9982072081885712
6h,2021,5,True,V700,flow_spectral,0.1556058542726261,0.34808224317910036,0.9984340976363114
6h,2021,5,True,Q1000,flow_spectral,0.018496173429629996,0.0001337221510070054,0.9961551963423714
6h,2021,5,True,Q925,flow_spectral,0.030096221316991335,0.0001853325544847273,0.9927029574098302
6h,2021,5,True,Q850,flow_spectral,0.039699943097795856,0.00019256025837324257,0.9947214851984267
6h,2021,5,True,Q700,flow_spectral,0.05211784362383819,0.00015234891024707402,0.9957208112424373
6h,2021,5,True,Z1000,flow_spectral,0.019189797046790222,17.526060203376367,0.999530705653144
6h,2021,5,True,Z925,flow_spectral,0.015503873713620966,17.231185430247162,0.9995278420073309
6h,2021,5,True,Z850,flow_spectral,0.012242191013962804,17.053736699016138,0.9995430923458506
6h,2021,5,True,Z700,flow_spectral,0.007985049133241653,16.939784574244307,0.9996407061874066
6h,2021,5,True,t2m,flow_spectral,0.016788418758568593,0.32905301467118103,0.9927316162165944
6h,2021,5,True,u10,flow_spectral,0.05129046608308616,0.2533749044841907,0.9979313790376299
6h,2021,5,True,v10,flow_spectral,0.08518424459540921,0.2368121972664237,0.9982500315842203
6h,2021,5,True,mslp,flow_spectral,0.019380365923698555,21.6226733643255,0.9995554859033879
6h,2021,5,True,T1000,linear,0.018975505013529705,0.32162950804006235,0.9938130087099742
6h,2021,5,True,T925,linear,0.019408776964443538,0.3102287899406798,0.9955819405147981
6h,2021,5,True,T850,linear,0.020517419637432182,0.31501394054020576,0.9960856780941731
6h,2021,5,True,T700,linear,0.017556007525293744,0.2513131945815065,0.9970412353864648
6h,2021,5,True,U1000,linear,0.09695457086930505,0.5350110081114381,0.992734418042786
6h,2021,5,True,U925,linear,0.09422614219405165,0.6747184392395992,0.9929985069533958
6h,2021,5,True,U850,linear,0.08762655382593756,0.6603713970772391,0.9936435647862671
6h,2021,5,True,U700,linear,0.08045001151393988,0.6862860707224216,0.9945677086854625
6h,2021,5,True,V1000,linear,0.1906108237039359,0.5859940480186653,0.9917725501980684
6h,2021,5,True,V925,linear,0.2466773268674624,0.7719586186759754,0.990829888085343
6h,2021,5,True,V850,linear,0.29341729894712515,0.735995420450536,0.9913119379987768
6h,2021,5,True,V700,linear,0.3393662396284125,0.7591447168256699,0.9926612384113124
6h,2021,5,True,Q1000,linear,0.024911644218468622,0.00018010420688694607,0.9930434070217564
6h,2021,5,True,Q925,linear,0.042421058253566436,0.0002612289096944943,0.9854670636316568
6h,2021,5,True,Q850,linear,0.0631910883786943,0.0003065015055123724,0.986633760911453
6h,2021,5,True,Q700,linear,0.08064694094656004,0.00023574408850174082,0.9897601027798604
6h,2021,5,True,Z1000,linear,0.04433187314892163,40.48834223367906,0.9975092493036029
6h,2021,5,True,Z925,linear,0.035469569926557455,39.421291357270825,0.9975403844805657
6h,2021,5,True,Z850,linear,0.027550341659833527,38.37844554848886,0.9976954660521663
6h,2021,5,True,Z700,linear,0.01763045630717027,37.40191431959068,0.9982558374920426
6h,2021,5,True,t2m,linear,0.02468235861696832,0.48377414503093946,0.9842666906523007
6h,2021,5,True,u10,linear,0.09875917170261996,0.4878703113744116,0.992383304165165
6h,2021,5,True,v10,linear,0.1918693198442266,0.5333967038647408,0.9912159565335388
6h,2021,5,True,mslp,linear,0.04374040167014821,48.80111792437575,0.9977500043511345
6h,2021,1,True,T1000,refine,0.011972757655188168,0.20293491684802498,0.9975101757659716
6h,2021,1,True,T925,refine,0.012447167249799761,0.19895483530726818,0.998162422201455
6h,2021,1,True,T850,refine,0.013581033601033759,0.20851624860129872,0.9982689141775701
6h,2021,1,True,T700,refine,0.012245883431697186,0.17529910340890556,0.9985421167087212
6h,2021,1,True,U1000,refine,0.048576574667320536,0.2680533974609684,0.9981705694597037
6h,2021,1,True,U925,refine,0.044681538884978694,0.31994791624956687,0.9984135933878947
6h,2021,1,True,U850,refine,0.04552668045910357,0.34309825539626326,0.9982641127181322
6h,2021,1,True,U700,refine,0.04385996820568013,0.3741514095114521,0.9983658664004235
6h,2021,1,True,V1000,refine,0.08113098153480972,0.24942063281403515,0.9985032845576052
6h,2021,1,True,V925,refine,0.09596513843599355,0.3003158680748741,0.9986002884657572
6h,2021,1,True,V850,refine,0.12680752633970166,0.31807858231330827,0.9983503458464704
6h,2021,1,True,V700,refine,0.1508524187495442,0.33744905405236747,0.998518076415766
6h,2021,1,True,Q1000,refine,0.01812826415569479,0.00013106226979730162,0.9962931144727128
6h,2021,1,True,Q925,refine,0.029458968292674876,0.00018140835021274293,0.9930065278720601
6h,2021,1,True,Q850,refine,0.03879739374164798,0.0001881825410603349,0.9949687645567001
6h,2021,1,True,Q700,refine,0.051825121153298515,0.00015149323482070845,0.9957381212642303
6h,2021,1,True,Z1000,refine,0.017827931362353184,16.282266821037922,0.9995946089279166
6h,2021,1,True,Z925,refine,0.014323216191088265,15.918988911539826,0.9995966395762644
6h,2021,1,True,Z850,refine,0.011294050603933604,15.732948876268644,0.9996106328861045
6h,2021,1,True,Z700,refine,0.007385763106816041,15.66843657628278,0.9996921077127748
6h,2021,1,True,t2m,refine,0.01590904612459366,0.31181730971786975,0.9934502367980698
6h,2021,1,True,u10,refine,0.049527185865808454,0.2446642999807453,0.9980765575889837
6h,2021,1,True,v10,refine,0.08231148700794616,0.22882593108643687,0.998375474446376
6h,2021,1,True,mslp,refine,0.018028753371900807,20.11467905994839,0.9996149745655933
6h,2021,2,False,T1000,refine,0.018682696275120127,0.31666651439691323,0.9939696659517042
6h,2021,2,False,T925,refine,0.01947744070026726,0.3113263375971963,0.9955039225041828
6h,2021,2,False,T850,refine,0.021609897451173612,0.3317873213516179,0.9956131181094472
6h,2021,2,False,T700,refine,0.019092979119927068,0.27331487674226296,0.9964503027746888
6h,2021,2,False,U1000,refine,0.07745023263429344,0.4273829141090313,0.9953548064319173
6h,2021,2,False,U925,refine,0.07101030808587308,0.508478461164991,0.9959966711627197
6h,2021,2,False,U850,refine,0.07193608926033329,0.5421248916922976,0.9956607807613932
6h,2021,2,False,U700,refine,0.07088699901045002,0.6047079311555011,0.9957189546608128
6h,2021,2,False,V1000,refine,0.13288233131876392,0.40851958747526085,0.9959908215163285
6h,2021,2,False,V925,refine,0.15674718415256056,0.49052882619218474,0.9962701744671689
6h,2021,2,False,V850,refine,0.20487679400173822,0.5139041984042471,0.9956896764847731
6h,2021,2,False,V700,refine,0.252360528653698,0.5645174416925903,0.9958365272396615
6h,2021,2,False,Q1000,refine,0.028085119379129896,0.00020304754318831964,0.9911443679801868
6h,2021,2,False,Q925,refine,0.04556970449672151,0.00028061827622229027,0.9832440256222456
6h,2021,2,False,Q850,refine,0.06088550510761871,0.0002953185236839245,0.9875969404234879
6h,2021,2,False,Q700,refine,0.08226239153173177,0.00024046631284892084,0.989216759550308
6h,2021,2,False,Z1000,refine,0.023644523249262556,21.594565717356314,0.9992903396112174
6h,2021,2,False,Z925,refine,0.018572459600846924,20.64164740423502,0.99932509895234
6h,2021,2,False,Z850,refine,0.01437854460360586,20.029740904375128,0.9993717811682954
6h,2021,2,False,Z700,refine,0.009299087394574433,19.727434931236814,0.9995135208804317
6h,2021,2,False,t2m,refine,0.028168957988133552,0.5521115871518668,0.9802129390202994
6h,2021,2,False,u10,refine,0.07871467563534446,0.3888505014061373,0.9951468910915788
6h,2021,2,False,v10,refine,0.13399440596046036,0.37250444428316704,0.9957004504856201
6h,2021,2,False,mslp,refine,0.023963451603323697,26.736021525831973,0.999322544330501
6h,2021,3,True,T1000,refine,0.02094401214273004,0.3549951894971512,0.9924355775240601
6h,2021,3,True,T925,refine,0.02189708140457824,0.3500017420139226,0.9943169048890472
6h,2021,3,True,T850,refine,0.024308094182653867,0.37321405478567193,0.9944464250953232
6h,2021,3,True,T700,refine,0.02151683467490224,0.3080122271972739,0.9954875030793695
6h,2021,3,True,U1000,refine,0.08649273393578996,0.47728089789524597,0.9942119343323298
6h,2021,3,True,U925,refine,0.07917096526550813,0.5669138986478902,0.9950285368732525
6h,2021,3,True,U850,refine,0.08129956246427456,0.61268991560629,0.9944532690602083
6h,2021,3,True,U700,refine,0.08084149155024391,0.6896256262734668,0.9944188293785581
6h,2021,3,True,V1000,refine,0.14859850858805598,0.4568357643056527,0.9949905466687488
6h,2021,3,True,V925,refine,0.17419665205210028,0.545135657201361,0.9953982359838356
6h,2021,3,True,V850,refine,0.23130736861801807,0.5802015236605629,0.9945030474333355
6h,2021,3,True,V700,refine,0.2855954953573844,0.6388623432698286,0.9946502117732487
6h,2021,3,True,Q1000,refine,0.0322502579345407,0.00023316032748604403,0.9883343325070567
6h,2021,3,True,Q925,refine,0.05130010584450951,0.0003159060922333795,0.9787185715154707
6h,2021,3,True,Q850,refine,0.06936845433042715,0.00033646414720135193,0.9838664151344358
6h,2021,3,True,Q700,refine,0.09564412624954445,0.0002795832937674124,0.98535514383525
6h,2021,3,True,Z1000,refine,0.02346842002203815,21.43373053655002,0.9993018198554675
6h,2021,3,True,Z925,refine,0.01813813018788418,20.158928642570654,0.9993571784733781
6h,2021,3,True,Z850,refine,0.013958169425760997,19.44414576053715,0.9994086117851749
6h,2021,3,True,Z700,refine,0.009113750406040436,19.334254024191935,0.9995328707519459
6h,2021,3,True,t2m,refine,0.02679006646378543,0.5250853130566632,0.9822576328628311
6h,2021,3,True,u10,refine,0.08771818329535427,0.4333278287353668,0.9939780301077145
6h,2021,3,True,v10,refine,0.14941152155989265,0.41536402534869005,0.994657377096415
6h,2021,3,True,mslp,refine,0.02411321790924259,26.903115989226723,0.9993148871358934
6h,2021,4,False,T1000,refine,0.019785182136937324,0.3353533428340251,0.9932972622712575
6h,2021,4,False,T925,refine,0.020518751986567017,0.32797060003550577,0.9950437316893485
6h,2021,4,False,T850,refine,0.02260801217740382,0.347111865228718,0.9952140233092293
6h,2021,4,False,T700,refine,0.01981492189342552,0.28364944620665455,0.9961893547205475
6h,2021,4,False,U1000,refine,0.08464396457517834,0.4670790899117127,0.9944210890807561
6h,2021,4,False,U925,refine,0.07822064109545597,0.5601089796718435,0.9951303814655521
6h,2021,4,False,U850,refine,0.07786137877371828,0.5867790695061332,0.9949381131756377
6h,2021,4,False,U700,refine,0.07579102769976698,0.6465421888361682,0.995147760080507
6h,2021,4,False,V1000,refine,0.14499674421599354,0.4457628758033262,0.9951838752197526
6h,2021,4,False,V925,refine,0.17190788243320082,0.5379731200694059,0.9954836707479805
6h,2021,4,False,V850,refine,0.22414304696303508,0.5622308459495511,0.994857036946956
6h,2021,4,False,V700,refine,0.2720586102281194,0.6085810321993356,0.9952250813309433
6h,2021,4,False,Q1000,refine,0.030111294573009945,0.0002176962218634684,0.9898057358847557
6h,2021,4,False,Q925,refine,0.04796943366051951,0.000295395810274514,0.9812930288939541
6h,2021,4,False,Q850,refine,0.061885043575093654,0.0003001666772104544,0.9870398389478665
6h,2021,4,False,Q700,refine,0.08392244008663619,0.00024531890452520513,0.9888253142763246
6h,2021,4,False,Z1000,refine,0.027226087475146016,24.865611867248706,0.9990608510384097
6h,2021,4,False,Z925,refine,0.02156163770997719,23.963854728990597,0.9990922108163692
6h,2021,4,False,Z850,refine,0.01672907265219614,23.304096492054825,0.9991518950875359
6h,2021,4,False,Z700,refine,0.010750642527535912,22.8068188372958,0.9993519309367929
6h,2021,4,False,t2m,refine,0.03046379752150818,0.5970904427117686,0.9766833429550894
6h,2021,4,False,u10,refine,0.08561195665076528,0.4229230704866505,0.9942307150632009
6h,2021,4,False,v10,refine,0.1457546532080605,0.4051979316609519,0.9948710930216587
6h,2021,4,False,mslp,refine,0.027529598472425292,30.714771844765554,0.9991079993353368
6h,2021,5,True,T1000,refine,0.012217775240695982,0.20708789651341372,0.9974196204210328
6h,2021,5,True,T925,refine,0.012681242002648713,0.20269627303583423,0.9980991157214599
6h,2021,5,True,T850,refine,0.01389359715639999,0.21331519019839015,0.9981910716495673
6h,2021,5,True,T700,refine,0.012502840116585716,0.17897742338158082,0.9984834284486502
6h,2021,5,True,U1000,refine,0.05139809955129628,0.2836230286022142,0.9979454830720403
6h,2021,5,True,U925,refine,0.0470557498578246,0.3369487603888311,0.9982375090309861
6h,2021,5,True,U850,refine,0.04769971501137662,0.35947468237085445,0.9980980189955887
6h,2021,5,True,U700,refine,0.045991349519411605,0.39233334977091666,0.998210865086439
6h,2021,5,True,V1000,refine,0.08593170691031726,0.26417948218135356,0.9983105201571342
6h,2021,5,True,V925,refine,0.10115703418022223,0.3165635252113514,0.9984384253260538
6h,2021,5,True,V850,refine,0.13413924682432182,0.3364691571783996,0.9981570978327481
6h,2021,5,True,V700,refine,0.15918353357809895,0.35608532714268876,0.9983612058321081
6h,2021,5,True,Q1000,refine,0.01851850075874765,0.00013388357107652857,0.9961402280383986
6h,2021,5,True,Q925,refine,0.029998787374729045,0.00018473255667656116,0.9927380828916383
6h,2021,5,True,Q850,refine,0.03976130958700135,0.00019285791015524447,0.9946965069687644
6h,2021,5,True,Q700,refine,0.052593581520467524,0.00015373956923230066,0.9956320761661651
6h,2021,5,True,Z1000,refine,0.01922815993111408,17.56109702161395,0.9995288297919598
6h,2021,5,True,Z925,refine,0.015511548064320304,17.23971475042091,0.9995273736378609
6h,2021,5,True,Z850,refine,0.012235505733969388,17.044423935470423,0.9995435844235747
6h,2021,5,True,Z700,refine,0.007982657119053152,16.934710057794486,0.9996408927234528
6h,2021,5,True,t2m,refine,0.017618152006907847,0.3453157860736734,0.9919924684283965
6h,2021,5,True,u10,refine,0.05224634094033437,0.25809692634991277,0.9978540287406807
6h,2021,5,True,v10,refine,0.0869655267719424,0.2417641617581289,0.9981761319471502
6h,2021,5,True,mslp,refine,0.01940311020374906,21.648048986434716,0.9995544496262877
6h,2021,1,True,T1000,weatherbridge_detail,0.0113982210688527,0.19319668188919084,0.9977427642958251
6h,2021,1,True,T925,weatherbridge_detail,0.011998966744256443,0.19179082304169803,0.9982924341403049
6h,2021,1,True,T850,weatherbridge_detail,0.013167406464450977,0.20216562980412092,0.9983727239409056
6h,2021,1,True,T700,weatherbridge_detail,0.012088017890816621,0.17303926780206763,0.9985793726324675
6h,2021,1,True,U1000,weatherbridge_detail,0.047930112143635906,0.2644861126437556,0.998218984401493
6h,2021,1,True,U925,weatherbridge_detail,0.04417500512907664,0.31632081677641327,0.998449406286136
6h,2021,1,True,U850,weatherbridge_detail,0.04488251274141714,0.3382436770056168,0.9983129246961736
6h,2021,1,True,U700,weatherbridge_detail,0.04314705162979147,0.3680698107691391,0.9984186593671609
6h,2021,1,True,V1000,weatherbridge_detail,0.08010689201995884,0.24627227877313848,0.9985408485098937
6h,2021,1,True,V925,weatherbridge_detail,0.09467533129899156,0.29627951099060756,0.998637780781182
6h,2021,1,True,V850,weatherbridge_detail,0.12495431889938667,0.3134300761175974,0.9983982951312045
6h,2021,1,True,V700,weatherbridge_detail,0.1478904806317081,0.3308233518859719,0.9985757491934123
6h,2021,1,True,Q1000,weatherbridge_detail,0.018075688061176456,0.00013068215955569314,0.9963129803194811
6h,2021,1,True,Q925,weatherbridge_detail,0.029340863087311094,0.00018068105820335845,0.9930505704261456
6h,2021,1,True,Q850,weatherbridge_detail,0.03825087974944809,0.00018553173435179038,0.995100232529534
6h,2021,1,True,Q700,weatherbridge_detail,0.051155752124992473,0.00014953656062317383,0.9958452176245377
6h,2021,1,True,Z1000,weatherbridge_detail,0.017767262391602402,16.22685782537027,0.999597363474882
6h,2021,1,True,Z925,weatherbridge_detail,0.014307344004536282,15.901348378580096,0.9995975336693902
6h,2021,1,True,Z850,weatherbridge_detail,0.01130739119339473,15.751532738735381,0.9996097137540042
6h,2021,1,True,Z700,weatherbridge_detail,0.007414052694264607,15.728451166471839,0.999689741562483
6h,2021,1,True,t2m,weatherbridge_detail,0.015223928191355377,0.29838899806428,0.9940030243332293
6h,2021,1,True,u10,weatherbridge_detail,0.04890692462701969,0.24160020942611374,0.9981245586757609
6h,2021,1,True,v10,weatherbridge_detail,0.08134468190404102,0.22613821311689414,0.9984134637072493
6h,2021,1,True,mslp,weatherbridge_detail,0.017979605914293283,20.059845484040967,0.999617071810157
6h,2021,2,False,T1000,weatherbridge_detail,0.01941543369973272,0.32908620952214324,0.9934829529983825
6h,2021,2,False,T925,weatherbridge_detail,0.020206757517277813,0.32298369797904536,0.9951580316001196
6h,2021,2,False,T850,weatherbridge_detail,0.021367993582915554,0.32807325318179137,0.9957102466742164
6h,2021,2,False,T700,weatherbridge_detail,0.018622722854642924,0.26658318600370606,0.9966249623273563
6h,2021,2,False,U1000,weatherbridge_detail,0.07874191404140268,0.4345106204608628,0.9951996642666951
6h,2021,2,False,U925,weatherbridge_detail,0.07251272569132645,0.51923671609244,0.9958267655771073
6h,2021,2,False,U850,weatherbridge_detail,0.07247294754502102,0.5461707643773999,0.9955963918900622
6h,2021,2,False,U700,weatherbridge_detail,0.07055721336646936,0.6018946651899039,0.9957585267468705
6h,2021,2,False,V1000,weatherbridge_detail,0.13574247690879346,0.41731252085329656,0.9958196156148247
6h,2021,2,False,V925,weatherbridge_detail,0.16020546086809856,0.5013512490966406,0.9961042368512977
6h,2021,2,False,V850,weatherbridge_detail,0.20771859425460884,0.5210324494279442,0.9955705995803303
6h,2021,2,False,V700,weatherbridge_detail,0.25160542320218093,0.5628283121263918,0.9958618349110747
6h,2021,2,False,Q1000,weatherbridge_detail,0.028815537504820753,0.00020832826153441958,0.9906797650465942
6h,2021,2,False,Q925,weatherbridge_detail,0.04540773588294701,0.0002796208736464027,0.9833727268517142
6h,2021,2,False,Q850,weatherbridge_detail,0.05931703374186739,0.000287710824380175,0.9882370352439799
6h,2021,2,False,Q700,weatherbridge_detail,0.08035420222671394,0.0002348883657347622,0.9897205599511779
6h,2021,2,False,Z1000,weatherbridge_detail,0.025357131203246213,23.158692276946066,0.9991835798504037
6h,2021,2,False,Z925,weatherbridge_detail,0.020022124366371057,22.252821677189154,0.9992153260658873
6h,2021,2,False,Z850,weatherbridge_detail,0.015569549634142888,21.688846382376227,0.9992630172185382
6h,2021,2,False,Z700,weatherbridge_detail,0.010170067533359821,21.575165061545317,0.9994178507449755
6h,2021,2,False,t2m,weatherbridge_detail,0.026558893652218547,0.5205543253611726,0.9824297632772183
6h,2021,2,False,u10,weatherbridge_detail,0.08007346598711299,0.39556292471705995,0.9949780261081148
6h,2021,2,False,v10,weatherbridge_detail,0.13699609839392154,0.3808491496156864,0.9955070770311638
6h,2021,2,False,mslp,weatherbridge_detail,0.02565581300706783,28.624189370416612,0.9992233953766523
6h,2021,3,True,T1000,weatherbridge_detail,0.02018177675072396,0.3420755115784697,0.9929741553004494
6h,2021,3,True,T925,weatherbridge_detail,0.021311803929495367,0.34064669886959376,0.9946169986758214
6h,2021,3,True,T850,weatherbridge_detail,0.02351080471677737,0.36097287970567316,0.9948047220246515
6h,2021,3,True,T700,weatherbridge_detail,0.020979696834902896,0.30032313077564476,0.9957100318842248
6h,2021,3,True,U1000,weatherbridge_detail,0.0853387413124385,0.47091298055367903,0.9943655006700585
6h,2021,3,True,U925,weatherbridge_detail,0.07837623903664596,0.5612231587232847,0.995127826630018
6h,2021,3,True,U850,weatherbridge_detail,0.080286328311846,0.6050539786529474,0.9945907694844388
6h,2021,3,True,U700,weatherbridge_detail,0.07935960804791431,0.6769842860849997,0.9946217608293842
6h,2021,3,True,V1000,weatherbridge_detail,0.14671556352664317,0.45104703479952324,0.9951170445147012
6h,2021,3,True,V925,weatherbridge_detail,0.17202873138370134,0.5383513072298812,0.9955125918441061
6h,2021,3,True,V850,weatherbridge_detail,0.22809949630825868,0.5721550333712965,0.9946546664328677
6h,2021,3,True,V700,weatherbridge_detail,0.27902269836161886,0.6241593369586487,0.9948940458616119
6h,2021,3,True,Q1000,weatherbridge_detail,0.03181475576690599,0.00023001176916795897,0.9886451418001272
6h,2021,3,True,Q925,weatherbridge_detail,0.0507253311966077,0.00031236662984085824,0.979194044233125
6h,2021,3,True,Q850,weatherbridge_detail,0.06731128725805806,0.00032648608160898266,0.9848090502895256
6h,2021,3,True,Q700,weatherbridge_detail,0.09310695117163473,0.00027216671956148717,0.9861241233752632
6h,2021,3,True,Z1000,weatherbridge_detail,0.023166112036953318,21.15763242417453,0.9993197022922259
6h,2021,3,True,Z925,weatherbridge_detail,0.017957543077482378,19.958222057922,0.9993699223262009
6h,2021,3,True,Z850,weatherbridge_detail,0.013861811537371035,19.309916340636814,0.9994167502995478
6h,2021,3,True,Z700,weatherbridge_detail,0.00910268698390984,19.310783723955236,0.9995339958913861
6h,2021,3,True,t2m,weatherbridge_detail,0.02549458971871955,0.49969396824482853,0.9839351732829983
6h,2021,3,True,u10,weatherbridge_detail,0.08654376228017777,0.4275261900574265,0.9941378497910391
6h,2021,3,True,v10,weatherbridge_detail,0.14761490105908143,0.4103694206931225,0.9947854947062444
6h,2021,3,True,mslp,weatherbridge_detail,0.02383400434508593,26.59159749696288,0.9993306661886969
6h,2021,4,False,T1000,weatherbridge_detail,0.019884786385381107,0.33704160622125706,0.9932294277337886
6h,2021,4,False,T925,weatherbridge_detail,0.02050719444777311,0.3277858659860132,0.9950490370472731
6h,2021,4,False,T850,weatherbridge_detail,0.02271569289336761,0.3487651389549022,0.9951682402070036
6h,2021,4,False,T700,weatherbridge_detail,0.019630075260077647,0.2810033766416044,0.9962599964546043
6h,2021,4,False,U1000,weatherbridge_detail,0.0861109487549051,0.47517414560654175,0.9942204078364671
6h,2021,4,False,U925,weatherbridge_detail,0.08045642880609793,0.576118625957899,0.9948472285601968
6h,2021,4,False,U850,weatherbridge_detail,0.07962471846264199,0.600067953078382,0.9947102014888229
6h,2021,4,False,U700,weatherbridge_detail,0.07677070201336754,0.6548993888880209,0.9950233212674949
6h,2021,4,False,V1000,weatherbridge_detail,0.14939305972068923,0.4592784498868276,0.9948768393873705
6h,2021,4,False,V925,weatherbridge_detail,0.17862893882619857,0.5590061730639082,0.9951206599683253
6h,2021,4,False,V850,weatherbridge_detail,0.2308721976733513,0.5791099589908598,0.9945469075454092
6h,2021,4,False,V700,weatherbridge_detail,0.2803747852361864,0.6271838862354364,0.9949419820860297
6h,2021,4,False,Q1000,weatherbridge_detail,0.030944975875972634,0.00022372350420732167,0.9892193448788199
6h,2021,4,False,Q925,weatherbridge_detail,0.04859894347283953,0.0002992723323735752,0.9807855363336926
6h,2021,4,False,Q850,weatherbridge_detail,0.06253470018376078,0.00030331776562089144,0.9867649749462629
6h,2021,4,False,Q700,weatherbridge_detail,0.08408291240084059,0.0002457879905511132,0.9887874821102859
6h,2021,4,False,Z1000,weatherbridge_detail,0.02931699789693264,26.775242361613742,0.9989136476255914
6h,2021,4,False,Z925,weatherbridge_detail,0.02333008120196218,25.92932336043656,0.9989393256459612
6h,2021,4,False,Z850,weatherbridge_detail,0.018259175143186514,25.43557480082102,0.9989913862274574
6h,2021,4,False,Z700,weatherbridge_detail,0.011988373310348318,25.432587566993664,0.9991947071695637
6h,2021,4,False,t2m,weatherbridge_detail,0.029760290680947772,0.5833017090303776,0.9777698737543055
6h,2021,4,False,u10,weatherbridge_detail,0.0870030006621196,0.4297948272009246,0.9940361778026781
6h,2021,4,False,v10,weatherbridge_detail,0.15008086854048358,0.41722480854348926,0.9945524358935441
6h,2021,4,False,mslp,weatherbridge_detail,0.02961954043106479,33.04651954887733,0.9989700591311002
6h,2021,5,True,T1000,weatherbridge_detail,0.011737067547914004,0.19894003548415798,0.9976204460170288
6h,2021,5,True,T925,weatherbridge_detail,0.012257450221713484,0.1959224087355783,0.9982239914836375
6h,2021,5,True,T850,weatherbridge_detail,0.013514555870266225,0.20749558317876343,0.9982885865025705
6h,2021,5,True,T700,weatherbridge_detail,0.012269790613949819,0.1756413331795566,0.9985393993020266
6h,2021,5,True,U1000,weatherbridge_detail,0.0505413566033089,0.2788953824639786,0.9980133958070717
6h,2021,5,True,U925,weatherbridge_detail,0.046529483879184985,0.33318036487556535,0.9982767785108111
6h,2021,5,True,U850,weatherbridge_detail,0.04701233218714348,0.35429442623766416,0.9981525496278835
6h,2021,5,True,U700,weatherbridge_detail,0.04511375742779342,0.3848469715891865,0.9982785117824207
6h,2021,5,True,V1000,weatherbridge_detail,0.08448730761264532,0.259738971470987,0.9983668843355126
6h,2021,5,True,V925,weatherbridge_detail,0.0995333224655262,0.3114822384532917,0.9984879299039634
6h,2021,5,True,V850,weatherbridge_detail,0.1318295664467165,0.33067565348776423,0.9982199015576779
6h,2021,5,True,V700,weatherbridge_detail,0.15634291476667653,0.349731009345262,0.9984191888722013
6h,2021,5,True,Q1000,weatherbridge_detail,0.018317757521926728,0.00013243225359363972,0.9962188689585473
6h,2021,5,True,Q925,weatherbridge_detail,0.029807769314064314,0.00018355626683134912,0.9928182337945932
6h,2021,5,True,Q850,weatherbridge_detail,0.03906337381004748,0.00018947264891644946,0.9948741655534539
6h,2021,5,True,Q700,weatherbridge_detail,0.051673894756467054,0.000151051175598173,0.9957796695398619
6h,2021,5,True,Z1000,weatherbridge_detail,0.019139887856880727,17.48047806208135,0.9995331448637842
6h,2021,5,True,Z925,weatherbridge_detail,0.015462943762673423,17.185695401952636,0.9995303307096556
6h,2021,5,True,Z850,weatherbridge_detail,0.012217894791518965,17.01989132669325,0.9995448980719998
6h,2021,5,True,Z700,weatherbridge_detail,0.007992683193027643,16.955979787697927,0.9996400029919078
6h,2021,5,True,t2m,weatherbridge_detail,0.01695357885139283,0.33229015158656106,0.9925867245146631
6h,2021,5,True,u10,weatherbridge_detail,0.05141694720113136,0.25399972073881777,0.9979214349933719
6h,2021,5,True,v10,weatherbridge_detail,0.08553007717316147,0.23777361178256592,0.998235851695126
6h,2021,5,True,mslp,weatherbridge_detail,0.019325591675349325,21.561561860794672,0.9995579966528023
6h,2021,1,True,T1000,weatherdcae_14m_6yr,0.013117042074318254,0.22233022007504952,0.9970081123206324
6h,2021,1,True,T925,weatherdcae_14m_6yr,0.014515286994623162,0.23201154738131916,0.9974981908701193
6h,2021,1,True,T850,weatherdcae_14m_6yr,0.016620264337018777,0.2551790444787401,0.9974056386459998
6h,2021,1,True,T700,weatherdcae_14m_6yr,0.014924459797494818,0.21364276801753967,0.9978341124456304
6h,2021,1,True,U1000,weatherdcae_14m_6yr,0.055609847673299594,0.30686413545624747,0.9976017897444395
6h,2021,1,True,U925,weatherdcae_14m_6yr,0.05363888494643303,0.38408814819342535,0.9977128865290411
6h,2021,1,True,U850,weatherdcae_14m_6yr,0.055961152411837294,0.42173454142336403,0.9973763301402894
6h,2021,1,True,U700,weatherdcae_14m_6yr,0.05158279282971517,0.4400316631816561,0.9977392275067273
6h,2021,1,True,V1000,weatherdcae_14m_6yr,0.0920967069596641,0.28313251526714156,0.9980710168357423
6h,2021,1,True,V925,weatherdcae_14m_6yr,0.11331707801670497,0.354617492381155,0.998047788818427
6h,2021,1,True,V850,weatherdcae_14m_6yr,0.14501388316996497,0.3637466304623005,0.9978421538567495
6h,2021,1,True,V700,weatherdcae_14m_6yr,0.16079367037405612,0.3596871194702481,0.998316238353289
6h,2021,1,True,Q1000,weatherdcae_14m_6yr,0.021600147537619435,0.00015616301373225079,0.9947424299283758
6h,2021,1,True,Q925,weatherdcae_14m_6yr,0.03892418441923259,0.00023969515800065632,0.9877497670877607
6h,2021,1,True,Q850,weatherdcae_14m_6yr,0.05617527210136258,0.0002724720512364601,0.989409470111089
6h,2021,1,True,Q700,weatherdcae_14m_6yr,0.07031387027614217,0.00020553884717411556,0.9921229744166382
6h,2021,1,True,Z1000,weatherdcae_14m_6yr,0.018067732361339215,16.501277317867995,0.9995836283582005
6h,2021,1,True,Z925,weatherdcae_14m_6yr,0.014484921182430196,16.098709709865798,0.9995874795155311
6h,2021,1,True,Z850,weatherdcae_14m_6yr,0.011444110877099798,15.941987312056282,0.9996002152182903
6h,2021,1,True,Z700,weatherdcae_14m_6yr,0.007566596749724875,16.052063896129106,0.9996768372354581
6h,2021,1,True,t2m,weatherdcae_14m_6yr,0.01574483689607369,0.3085988097583972,0.993578652840976
6h,2021,1,True,u10,weatherdcae_14m_6yr,0.05607228886334664,0.27699710919209225,0.9975339036357085
6h,2021,1,True,v10,weatherdcae_14m_6yr,0.09262233979027269,0.2574901015843999,0.99794247251745
6h,2021,1,True,mslp,weatherdcae_14m_6yr,0.01828866160570819,20.40465918100811,0.9996038016925396
6h,2021,2,False,T1000,weatherdcae_14m_6yr,0.020663186831307287,0.35023527777191515,0.9926148639977366
6h,2021,2,False,T925,weatherdcae_14m_6yr,0.022680051577667035,0.3625166947842944,0.993894960927686
6h,2021,2,False,T850,weatherdcae_14m_6yr,0.02599084692033617,0.3990501793582016,0.9936466407410038
6h,2021,2,False,T700,weatherdcae_14m_6yr,0.02311182985886711,0.3308444909019886,0.9947954092083794
6h,2021,2,False,U1000,weatherdcae_14m_6yr,0.08569858008791194,0.4728986294117915,0.994316035611981
6h,2021,2,False,U925,weatherdcae_14m_6yr,0.08279225944351758,0.5928446436852282,0.9945589293301467
6h,2021,2,False,U850,weatherdcae_14m_6yr,0.08594359513591587,0.6476882837297742,0.9938013759038951
6h,2021,2,False,U700,weatherdcae_14m_6yr,0.07882179506672002,0.6723964239402626,0.9947038734231717
6h,2021,2,False,V1000,weatherdcae_14m_6yr,0.14639185565834306,0.4500518611137585,0.995145849156488
6h,2021,2,False,V925,weatherdcae_14m_6yr,0.17815722941568288,0.5575299935289388,0.9951890974995993
6h,2021,2,False,V850,weatherdcae_14m_6yr,0.2280292471128062,0.5719788238962022,0.9946662418813039
6h,2021,2,False,V700,weatherdcae_14m_6yr,0.2558971029761211,0.5724285773064083,0.9957248532270937
6h,2021,2,False,Q1000,weatherdcae_14m_6yr,0.033978443724906354,0.00024565462635586023,0.9870051013495204
6h,2021,2,False,Q925,weatherdcae_14m_6yr,0.06084311825261841,0.00037467197118539304,0.9698378269363377
6h,2021,2,False,Q850,weatherdcae_14m_6yr,0.08902440418644907,0.00043180319569284325,0.9732147018845022
6h,2021,2,False,Q700,weatherdcae_14m_6yr,0.11102389862824852,0.00032454086316822825,0.9801953041966552
6h,2021,2,False,Z1000,weatherdcae_14m_6yr,0.02386692942324019,21.79768968338603,0.9992778479947935
6h,2021,2,False,Z925,weatherdcae_14m_6yr,0.018722182006970997,20.808050650235142,0.999315026214891
6h,2021,2,False,Z850,weatherdcae_14m_6yr,0.014579945125445519,20.31029782666801,0.999354590895118
6h,2021,2,False,Z700,weatherdcae_14m_6yr,0.009597686589704642,20.36089454758375,0.9994817724414431
6h,2021,2,False,t2m,weatherdcae_14m_6yr,0.030915968287323795,0.6059529906073073,0.976136295507486
6h,2021,2,False,u10,weatherdcae_14m_6yr,0.08629457427660445,0.4262952011251633,0.9941696011839263
6h,2021,2,False,v10,weatherdcae_14m_6yr,0.14653236253735408,0.4073599633427751,0.9948675072435189
6h,2021,2,False,mslp,weatherdcae_14m_6yr,0.024324049421835567,27.138340398905846,0.9993028604998336
6h,2021,3,True,T1000,weatherdcae_14m_6yr,0.023137941520008563,0.3921816835060431,0.9907464944486221
6h,2021,3,True,T925,weatherdcae_14m_6yr,0.02544222214216306,0.4066670765860789,0.9923136813240672
6h,2021,3,True,T850,weatherdcae_14m_6yr,0.029162619796702934,0.4477479598010998,0.9919919781385925
6h,2021,3,True,T700,weatherdcae_14m_6yr,0.025876591723894345,0.37042189487817634,0.9934659990542202
6h,2021,3,True,U1000,weatherdcae_14m_6yr,0.09501011396889139,0.5242811791491722,0.9930110525077683
6h,2021,3,True,U925,weatherdcae_14m_6yr,0.0919101679320555,0.6581346008170001,0.9932942474176063
6h,2021,3,True,U850,weatherdcae_14m_6yr,0.09589591132741403,0.7226909476132051,0.9922751146901195
6h,2021,3,True,U700,weatherdcae_14m_6yr,0.08799777473568828,0.7506729463121159,0.9933837101961035
6h,2021,3,True,V1000,weatherdcae_14m_6yr,0.1625211556922196,0.49963809986241864,0.9940046654492934
6h,2021,3,True,V925,weatherdcae_14m_6yr,0.19751540209249893,0.6181099766338957,0.9940797927604968
6h,2021,3,True,V850,weatherdcae_14m_6yr,0.254981565872866,0.6395848684145743,0.9933160042267937
6h,2021,3,True,V700,weatherdcae_14m_6yr,0.2875422873533826,0.6432172163028994,0.9945764775855614
6h,2021,3,True,Q1000,weatherdcae_14m_6yr,0.03883583553701828,0.0002807722083421012,0.9830281172823939
6h,2021,3,True,Q925,weatherdcae_14m_6yr,0.06835211244802185,0.0004209123624128333,0.9618204105217896
6h,2021,3,True,Q850,weatherdcae_14m_6yr,0.10061994740402426,0.00048804611772784273,0.9656832971769632
6h,2021,3,True,Q700,weatherdcae_14m_6yr,0.12637913036912807,0.0003694266965438424,0.9742068397922297
6h,2021,3,True,Z1000,weatherdcae_14m_6yr,0.02377614009416492,21.714771551802013,0.9992834231039449
6h,2021,3,True,Z925,weatherdcae_14m_6yr,0.018380261695408996,20.428036397544748,0.9993399574841347
6h,2021,3,True,Z850,weatherdcae_14m_6yr,0.014271427053941054,19.88052295412927,0.9993817905746599
6h,2021,3,True,Z700,weatherdcae_14m_6yr,0.009540484035784978,20.239542829168176,0.9994880763406334
6h,2021,3,True,t2m,weatherdcae_14m_6yr,0.026912796135048607,0.5274908144705114,0.9820762371688468
6h,2021,3,True,u10,weatherdcae_14m_6yr,0.09564764357242893,0.47249936438242435,0.9928351057704623
6h,2021,3,True,v10,weatherdcae_14m_6yr,0.1627453531907907,0.45243207684854453,0.9936571615523145
6h,2021,3,True,mslp,weatherdcae_14m_6yr,0.024548373685890558,27.38861923360656,0.9992899947048094
6h,2021,4,False,T1000,weatherdcae_14m_6yr,0.021711248669979408,0.36799963534344143,0.991951578038855
6h,2021,4,False,T925,weatherdcae_14m_6yr,0.02362077820592229,0.3775532189518753,0.9934421916895154
6h,2021,4,False,T850,weatherdcae_14m_6yr,0.02687861041028363,0.4126804468644703,0.9932327404544019
6h,2021,4,False,T700,weatherdcae_14m_6yr,0.023689434241346913,0.33911286237241706,0.9945508267488339
6h,2021,4,False,U1000,weatherdcae_14m_6yr,0.09166619397771701,0.5058288870807918,0.9934483383858865
6h,2021,4,False,U925,weatherdcae_14m_6yr,0.0892452139193949,0.6390518545105698,0.9936701284130726
6h,2021,4,False,U850,weatherdcae_14m_6yr,0.09147168395385054,0.6893490773354866,0.9930195260798358
6h,2021,4,False,U700,weatherdcae_14m_6yr,0.08368361386773104,0.7138706076281189,0.9940875892520746
6h,2021,4,False,V1000,weatherdcae_14m_6yr,0.15837875313679442,0.4869031299530115,0.9942351193471821
6h,2021,4,False,V925,weatherdcae_14m_6yr,0.19501792853358177,0.6102943161345711,0.9941959244108439
6h,2021,4,False,V850,weatherdcae_14m_6yr,0.24678544196112742,0.6190260610303184,0.9937875842917829
6h,2021,4,False,V700,weatherdcae_14m_6yr,0.27854589105276717,0.6230927440173376,0.9950123160337095
6h,2021,4,False,Q1000,weatherdcae_14m_6yr,0.035184743422591556,0.0002543758353970037,0.9860645695395044
6h,2021,4,False,Q925,weatherdcae_14m_6yr,0.06237907985405122,0.0003841304225572309,0.9681104358241158
6h,2021,4,False,Q850,weatherdcae_14m_6yr,0.09001865189297802,0.00043662568563193355,0.9723454519681397
6h,2021,4,False,Q700,weatherdcae_14m_6yr,0.1135478626009596,0.00033191881869118744,0.9793543632371012
6h,2021,4,False,Z1000,weatherdcae_14m_6yr,0.027597230595444004,25.204577403814643,0.9990360788191435
6h,2021,4,False,Z925,weatherdcae_14m_6yr,0.02177902328317279,24.20545952665147,0.9990744944949036
6h,2021,4,False,Z850,weatherdcae_14m_6yr,0.016914756037771695,23.562758996882295,0.9991333861980927
6h,2021,4,False,Z700,weatherdcae_14m_6yr,0.01104020328874433,23.421103884882022,0.9993165036574791
6h,2021,4,False,t2m,weatherdcae_14m_6yr,0.031053791694037616,0.6086543288020105,0.9757346494067424
6h,2021,4,False,u10,weatherdcae_14m_6yr,0.09214169696843787,0.45517998705822027,0.9933079844606584
6h,2021,4,False,v10,weatherdcae_14m_6yr,0.15822286277091482,0.4398595533170851,0.9939346742278461
6h,2021,4,False,mslp,weatherdcae_14m_6yr,0.027961041513501823,31.196132737836972,0.9990807406502388
6h,2021,5,True,T1000,weatherdcae_14m_6yr,0.013403610563932532,0.22718747718477045,0.9969005160323017
6h,2021,5,True,T925,weatherdcae_14m_6yr,0.014802222993783799,0.2365979156829977,0.9974114396847961
6h,2021,5,True,T850,weatherdcae_14m_6yr,0.016905728028417152,0.2595619084625888,0.9973221438314391
6h,2021,5,True,T700,weatherdcae_14m_6yr,0.015140639785701208,0.21673737056828205,0.9977762074209869
6h,2021,5,True,U1000,weatherdcae_14m_6yr,0.057093307147350336,0.315050105295713,0.9974642221102349
6h,2021,5,True,U925,weatherdcae_14m_6yr,0.055265261742282606,0.39573402955070447,0.9975679831316705
6h,2021,5,True,U850,weatherdcae_14m_6yr,0.0578546914099857,0.4360046328603577,0.9972004530237005
6h,2021,5,True,U700,weatherdcae_14m_6yr,0.053489175468530846,0.45629423127910335,0.9975791626619113
6h,2021,5,True,V1000,weatherdcae_14m_6yr,0.09493157415747885,0.2918477362262252,0.9979377116906787
6h,2021,5,True,V925,weatherdcae_14m_6yr,0.11703689053071681,0.3662583721101693,0.9979086169627824
6h,2021,5,True,V850,weatherdcae_14m_6yr,0.15030245371875123,0.3770122552415293,0.997685082763078
6h,2021,5,True,V700,weatherdcae_14m_6yr,0.16796574985976878,0.3757306900529066,0.9981752477523245
6h,2021,5,True,Q1000,weatherdcae_14m_6yr,0.02194819996186056,0.00015867933506398126,0.9945753606883958
6h,2021,5,True,Q925,weatherdcae_14m_6yr,0.03916621989236637,0.00024118561315608883,0.9875733629079748
6h,2021,5,True,Q850,weatherdcae_14m_6yr,0.05677097834658649,0.00027536145940112127,0.9891395690207258
6h,2021,5,True,Q700,weatherdcae_14m_6yr,0.07183023757898968,0.00020997143495342027,0.9918057316520363
6h,2021,5,True,Z1000,weatherdcae_14m_6yr,0.019474418446040833,17.78600515353547,0.9995167026022469
6h,2021,5,True,Z925,weatherdcae_14m_6yr,0.01566972896993985,17.41551890953003,0.9995176896707089
6h,2021,5,True,Z850,weatherdcae_14m_6yr,0.012372902869674837,17.235822218810153,0.9995333039720219
6h,2021,5,True,Z700,weatherdcae_14m_6yr,0.008143118967503967,17.27511991270155,0.9996263237892313
6h,2021,5,True,t2m,weatherdcae_14m_6yr,0.01747495287964767,0.3425090820022379,0.9921225474146528
6h,2021,5,True,u10,weatherdcae_14m_6yr,0.057483137487278575,0.2839667011373085,0.9974012087155192
6h,2021,5,True,v10,weatherdcae_14m_6yr,0.09539724828666951,0.26520434715836805,0.9978048426125605
6h,2021,5,True,mslp,weatherdcae_14m_6yr,0.019677509640960177,21.954196449274907,0.9995417802887423
