horizon,year,region,season,tau_hour,field,model,rmse_norm,linear_rmse_norm,relative_to_linear_pct,n_windows
6h,2020,Tropics,DJF,"mean over τ∈[2, 4]",T1000,flow_spectral,0.016505601752483348,,,96
6h,2020,Tropics,DJF,"mean over τ∈[2, 4]",T925,flow_spectral,0.01680887295396097,,,96
6h,2020,Tropics,DJF,"mean over τ∈[2, 4]",T850,flow_spectral,0.01926747595954586,,,96
6h,2020,Tropics,DJF,"mean over τ∈[2, 4]",T700,flow_spectral,0.015704533283860282,,,96
6h,2020,Tropics,DJF,"mean over τ∈[2, 4]",U1000,flow_spectral,0.06454119565828319,,,96
6h,2020,Tropics,DJF,"mean over τ∈[2, 4]",U925,flow_spectral,0.05834999179531883,,,96
6h,2020,Tropics,DJF,"mean over τ∈[2, 4]",U850,flow_spectral,0.05730195667359318,,,96
6h,2020,Tropics,DJF,"mean over τ∈[2, 4]",U700,flow_spectral,0.05342905649134608,,,96
6h,2020,Tropics,DJF,"mean over τ∈[2, 4]",V1000,flow_spectral,0.11163303833366288,,,96
6h,2020,Tropics,DJF,"mean over τ∈[2, 4]",V925,flow_spectral,0.12615431491400286,,,96
6h,2020,Tropics,DJF,"mean over τ∈[2, 4]",V850,flow_spectral,0.1626381950633809,,,96
6h,2020,Tropics,DJF,"mean over τ∈[2, 4]",V700,flow_spectral,0.18923346678968375,,,96
6h,2020,Tropics,DJF,"mean over τ∈[2, 4]",Q1000,flow_spectral,0.03214567815070242,,,96
6h,2020,Tropics,DJF,"mean over τ∈[2, 4]",Q925,flow_spectral,0.055935096484576265,,,96
6h,2020,Tropics,DJF,"mean over τ∈[2, 4]",Q850,flow_spectral,0.07360780864898929,,,96
6h,2020,Tropics,DJF,"mean over τ∈[2, 4]",Q700,flow_spectral,0.09105420094849065,,,96
6h,2020,Tropics,DJF,"mean over τ∈[2, 4]",Z1000,flow_spectral,0.02633468212749846,,,96
6h,2020,Tropics,DJF,"mean over τ∈[2, 4]",Z925,flow_spectral,0.021109543517327703,,,96
6h,2020,Tropics,DJF,"mean over τ∈[2, 4]",Z850,flow_spectral,0.016539013697749932,,,96
6h,2020,Tropics,DJF,"mean over τ∈[2, 4]",Z700,flow_spectral,0.010777022985086258,,,96
6h,2020,Tropics,DJF,"mean over τ∈[2, 4]",t2m,flow_spectral,0.023956841009123573,,,96
6h,2020,Tropics,DJF,"mean over τ∈[2, 4]",u10,flow_spectral,0.06574999348239892,,,96
6h,2020,Tropics,DJF,"mean over τ∈[2, 4]",v10,flow_spectral,0.11555926315488135,,,96
6h,2020,Tropics,DJF,"mean over τ∈[2, 4]",mslp,flow_spectral,0.025386155929940136,,,96
6h,2020,Tropics,MAM,"mean over τ∈[2, 4]",T1000,flow_spectral,0.016621637492941203,,,96
6h,2020,Tropics,MAM,"mean over τ∈[2, 4]",T925,flow_spectral,0.017792606551154416,,,96
6h,2020,Tropics,MAM,"mean over τ∈[2, 4]",T850,flow_spectral,0.01893164533147012,,,96
6h,2020,Tropics,MAM,"mean over τ∈[2, 4]",T700,flow_spectral,0.015532702131142644,,,96
6h,2020,Tropics,MAM,"mean over τ∈[2, 4]",U1000,flow_spectral,0.064071075207891,,,96
6h,2020,Tropics,MAM,"mean over τ∈[2, 4]",U925,flow_spectral,0.058744620632487206,,,96
6h,2020,Tropics,MAM,"mean over τ∈[2, 4]",U850,flow_spectral,0.05706355517177655,,,96
6h,2020,Tropics,MAM,"mean over τ∈[2, 4]",U700,flow_spectral,0.05433029747946514,,,96
6h,2020,Tropics,MAM,"mean over τ∈[2, 4]",V1000,flow_spectral,0.11148492110906001,,,96
6h,2020,Tropics,MAM,"mean over τ∈[2, 4]",V925,flow_spectral,0.12826797834572784,,,96
6h,2020,Tropics,MAM,"mean over τ∈[2, 4]",V850,flow_spectral,0.1614674759382971,,,96
6h,2020,Tropics,MAM,"mean over τ∈[2, 4]",V700,flow_spectral,0.1903168709882446,,,96
6h,2020,Tropics,MAM,"mean over τ∈[2, 4]",Q1000,flow_spectral,0.03326000112342276,,,96
6h,2020,Tropics,MAM,"mean over τ∈[2, 4]",Q925,flow_spectral,0.06036838723804155,,,96
6h,2020,Tropics,MAM,"mean over τ∈[2, 4]",Q850,flow_spectral,0.07352288829525011,,,96
6h,2020,Tropics,MAM,"mean over τ∈[2, 4]",Q700,flow_spectral,0.09392772351991993,,,96
6h,2020,Tropics,MAM,"mean over τ∈[2, 4]",Z1000,flow_spectral,0.026499500163212685,,,96
6h,2020,Tropics,MAM,"mean over τ∈[2, 4]",Z925,flow_spectral,0.02120193145165428,,,96
6h,2020,Tropics,MAM,"mean over τ∈[2, 4]",Z850,flow_spectral,0.016577915878183514,,,96
6h,2020,Tropics,MAM,"mean over τ∈[2, 4]",Z700,flow_spectral,0.010797575716926485,,,96
6h,2020,Tropics,MAM,"mean over τ∈[2, 4]",t2m,flow_spectral,0.02380388441440344,,,96
6h,2020,Tropics,MAM,"mean over τ∈[2, 4]",u10,flow_spectral,0.06562738298872003,,,96
6h,2020,Tropics,MAM,"mean over τ∈[2, 4]",v10,flow_spectral,0.11582832928850437,,,96
6h,2020,Tropics,MAM,"mean over τ∈[2, 4]",mslp,flow_spectral,0.025513731248950858,,,96
6h,2020,Tropics,JJA,"mean over τ∈[2, 4]",T1000,flow_spectral,0.01621797961000857,,,96
6h,2020,Tropics,JJA,"mean over τ∈[2, 4]",T925,flow_spectral,0.016772935109822664,,,96
6h,2020,Tropics,JJA,"mean over τ∈[2, 4]",T850,flow_spectral,0.01861933493352744,,,96
6h,2020,Tropics,JJA,"mean over τ∈[2, 4]",T700,flow_spectral,0.01594343206598045,,,96
6h,2020,Tropics,JJA,"mean over τ∈[2, 4]",U1000,flow_spectral,0.0647507462243207,,,96
6h,2020,Tropics,JJA,"mean over τ∈[2, 4]",U925,flow_spectral,0.0596395350560226,,,96
6h,2020,Tropics,JJA,"mean over τ∈[2, 4]",U850,flow_spectral,0.05832749757734427,,,96
6h,2020,Tropics,JJA,"mean over τ∈[2, 4]",U700,flow_spectral,0.05526021359563996,,,96
6h,2020,Tropics,JJA,"mean over τ∈[2, 4]",V1000,flow_spectral,0.11112995606869286,,,96
6h,2020,Tropics,JJA,"mean over τ∈[2, 4]",V925,flow_spectral,0.12725428697642965,,,96
6h,2020,Tropics,JJA,"mean over τ∈[2, 4]",V850,flow_spectral,0.16419063200036096,,,96
6h,2020,Tropics,JJA,"mean over τ∈[2, 4]",V700,flow_spectral,0.1910268146763989,,,96
6h,2020,Tropics,JJA,"mean over τ∈[2, 4]",Q1000,flow_spectral,0.0309811805638822,,,96
6h,2020,Tropics,JJA,"mean over τ∈[2, 4]",Q925,flow_spectral,0.05329686420238131,,,96
6h,2020,Tropics,JJA,"mean over τ∈[2, 4]",Q850,flow_spectral,0.06938215438348333,,,96
6h,2020,Tropics,JJA,"mean over τ∈[2, 4]",Q700,flow_spectral,0.08732711931425009,,,96
6h,2020,Tropics,JJA,"mean over τ∈[2, 4]",Z1000,flow_spectral,0.025055921395769176,,,96
6h,2020,Tropics,JJA,"mean over τ∈[2, 4]",Z925,flow_spectral,0.019957954312985467,,,96
6h,2020,Tropics,JJA,"mean over τ∈[2, 4]",Z850,flow_spectral,0.015597675716072321,,,96
6h,2020,Tropics,JJA,"mean over τ∈[2, 4]",Z700,flow_spectral,0.010121835949584736,,,96
6h,2020,Tropics,JJA,"mean over τ∈[2, 4]",t2m,flow_spectral,0.02286026906777183,,,96
6h,2020,Tropics,JJA,"mean over τ∈[2, 4]",u10,flow_spectral,0.06607544829854517,,,96
6h,2020,Tropics,JJA,"mean over τ∈[2, 4]",v10,flow_spectral,0.11453327245928864,,,96
6h,2020,Tropics,JJA,"mean over τ∈[2, 4]",mslp,flow_spectral,0.024229011951278915,,,96
6h,2020,Tropics,SON,"mean over τ∈[2, 4]",T1000,flow_spectral,0.01680239245512991,,,96
6h,2020,Tropics,SON,"mean over τ∈[2, 4]",T925,flow_spectral,0.01778612478141865,,,96
6h,2020,Tropics,SON,"mean over τ∈[2, 4]",T850,flow_spectral,0.019432099619648396,,,96
6h,2020,Tropics,SON,"mean over τ∈[2, 4]",T700,flow_spectral,0.015221044428327085,,,96
6h,2020,Tropics,SON,"mean over τ∈[2, 4]",U1000,flow_spectral,0.06417522484207588,,,96
6h,2020,Tropics,SON,"mean over τ∈[2, 4]",U925,flow_spectral,0.05851403878772496,,,96
6h,2020,Tropics,SON,"mean over τ∈[2, 4]",U850,flow_spectral,0.05809700957565879,,,96
6h,2020,Tropics,SON,"mean over τ∈[2, 4]",U700,flow_spectral,0.053234218523018934,,,96
6h,2020,Tropics,SON,"mean over τ∈[2, 4]",V1000,flow_spectral,0.10995977169013714,,,96
6h,2020,Tropics,SON,"mean over τ∈[2, 4]",V925,flow_spectral,0.12590061087217555,,,96
6h,2020,Tropics,SON,"mean over τ∈[2, 4]",V850,flow_spectral,0.16189538714157742,,,96
6h,2020,Tropics,SON,"mean over τ∈[2, 4]",V700,flow_spectral,0.18823009132669258,,,96
6h,2020,Tropics,SON,"mean over τ∈[2, 4]",Q1000,flow_spectral,0.03291862624210345,,,96
6h,2020,Tropics,SON,"mean over τ∈[2, 4]",Q925,flow_spectral,0.05634194889283343,,,96
6h,2020,Tropics,SON,"mean over τ∈[2, 4]",Q850,flow_spectral,0.07109684389475573,,,96
6h,2020,Tropics,SON,"mean over τ∈[2, 4]",Q700,flow_spectral,0.08761682421930068,,,96
6h,2020,Tropics,SON,"mean over τ∈[2, 4]",Z1000,flow_spectral,0.026600391808984443,,,96
6h,2020,Tropics,SON,"mean over τ∈[2, 4]",Z925,flow_spectral,0.021253631810217236,,,96
6h,2020,Tropics,SON,"mean over τ∈[2, 4]",Z850,flow_spectral,0.01659588516380438,,,96
6h,2020,Tropics,SON,"mean over τ∈[2, 4]",Z700,flow_spectral,0.010793763760115607,,,96
6h,2020,Tropics,SON,"mean over τ∈[2, 4]",t2m,flow_spectral,0.024785284577923918,,,96
6h,2020,Tropics,SON,"mean over τ∈[2, 4]",u10,flow_spectral,0.06585502535203439,,,96
6h,2020,Tropics,SON,"mean over τ∈[2, 4]",v10,flow_spectral,0.11439748842789177,,,96
6h,2020,Tropics,SON,"mean over τ∈[2, 4]",mslp,flow_spectral,0.025672285982527087,,,96
6h,2020,N-Extra,DJF,"mean over τ∈[2, 4]",T1000,flow_spectral,0.02051110684813941,,,96
6h,2020,N-Extra,DJF,"mean over τ∈[2, 4]",T925,flow_spectral,0.022077370746476095,,,96
6h,2020,N-Extra,DJF,"mean over τ∈[2, 4]",T850,flow_spectral,0.024245046574554126,,,96
6h,2020,N-Extra,DJF,"mean over τ∈[2, 4]",T700,flow_spectral,0.022768643361827157,,,96
6h,2020,N-Extra,DJF,"mean over τ∈[2, 4]",U1000,flow_spectral,0.09586189507756837,,,96
6h,2020,N-Extra,DJF,"mean over τ∈[2, 4]",U925,flow_spectral,0.08805050227480211,,,96
6h,2020,N-Extra,DJF,"mean over τ∈[2, 4]",U850,flow_spectral,0.09153638863346093,,,96
6h,2020,N-Extra,DJF,"mean over τ∈[2, 4]",U700,flow_spectral,0.09508791763911648,,,96
6h,2020,N-Extra,DJF,"mean over τ∈[2, 4]",V1000,flow_spectral,0.16442443415643063,,,96
6h,2020,N-Extra,DJF,"mean over τ∈[2, 4]",V925,flow_spectral,0.1951827903522598,,,96
6h,2020,N-Extra,DJF,"mean over τ∈[2, 4]",V850,flow_spectral,0.26251814165216575,,,96
6h,2020,N-Extra,DJF,"mean over τ∈[2, 4]",V700,flow_spectral,0.3356965713347314,,,96
6h,2020,N-Extra,DJF,"mean over τ∈[2, 4]",Q1000,flow_spectral,0.021202303570851868,,,96
6h,2020,N-Extra,DJF,"mean over τ∈[2, 4]",Q925,flow_spectral,0.03520284997127889,,,96
6h,2020,N-Extra,DJF,"mean over τ∈[2, 4]",Q850,flow_spectral,0.050723246843556676,,,96
6h,2020,N-Extra,DJF,"mean over τ∈[2, 4]",Q700,flow_spectral,0.06914283505383285,,,96
6h,2020,N-Extra,DJF,"mean over τ∈[2, 4]",Z1000,flow_spectral,0.029347043711685707,,,96
6h,2020,N-Extra,DJF,"mean over τ∈[2, 4]",Z925,flow_spectral,0.02260489180751999,,,96
6h,2020,N-Extra,DJF,"mean over τ∈[2, 4]",Z850,flow_spectral,0.0172323418111381,,,96
6h,2020,N-Extra,DJF,"mean over τ∈[2, 4]",Z700,flow_spectral,0.010821568445616532,,,96
6h,2020,N-Extra,DJF,"mean over τ∈[2, 4]",t2m,flow_spectral,0.03546318192895063,,,96
6h,2020,N-Extra,DJF,"mean over τ∈[2, 4]",u10,flow_spectral,0.09562242698764266,,,96
6h,2020,N-Extra,DJF,"mean over τ∈[2, 4]",v10,flow_spectral,0.16178150490309418,,,96
6h,2020,N-Extra,DJF,"mean over τ∈[2, 4]",mslp,flow_spectral,0.031060085867143462,,,96
6h,2020,N-Extra,MAM,"mean over τ∈[2, 4]",T1000,flow_spectral,0.024306063812376072,,,96
6h,2020,N-Extra,MAM,"mean over τ∈[2, 4]",T925,flow_spectral,0.02404109591217153,,,96
6h,2020,N-Extra,MAM,"mean over τ∈[2, 4]",T850,flow_spectral,0.023903703115252323,,,96
6h,2020,N-Extra,MAM,"mean over τ∈[2, 4]",T700,flow_spectral,0.02166975345520785,,,96
6h,2020,N-Extra,MAM,"mean over τ∈[2, 4]",U1000,flow_spectral,0.09937665306086005,,,96
6h,2020,N-Extra,MAM,"mean over τ∈[2, 4]",U925,flow_spectral,0.09305777887209578,,,96
6h,2020,N-Extra,MAM,"mean over τ∈[2, 4]",U850,flow_spectral,0.09461606675273217,,,96
6h,2020,N-Extra,MAM,"mean over τ∈[2, 4]",U700,flow_spectral,0.0925923158715578,,,96
6h,2020,N-Extra,MAM,"mean over τ∈[2, 4]",V1000,flow_spectral,0.17032888087898063,,,96
6h,2020,N-Extra,MAM,"mean over τ∈[2, 4]",V925,flow_spectral,0.20601910987184857,,,96
6h,2020,N-Extra,MAM,"mean over τ∈[2, 4]",V850,flow_spectral,0.27073071655641123,,,96
6h,2020,N-Extra,MAM,"mean over τ∈[2, 4]",V700,flow_spectral,0.32780801129972653,,,96
6h,2020,N-Extra,MAM,"mean over τ∈[2, 4]",Q1000,flow_spectral,0.031214014017931793,,,96
6h,2020,N-Extra,MAM,"mean over τ∈[2, 4]",Q925,flow_spectral,0.04311106983483721,,,96
6h,2020,N-Extra,MAM,"mean over τ∈[2, 4]",Q850,flow_spectral,0.05681887859718094,,,96
6h,2020,N-Extra,MAM,"mean over τ∈[2, 4]",Q700,flow_spectral,0.07923636379479114,,,96
6h,2020,N-Extra,MAM,"mean over τ∈[2, 4]",Z1000,flow_spectral,0.027708839077259396,,,96
6h,2020,N-Extra,MAM,"mean over τ∈[2, 4]",Z925,flow_spectral,0.02124118436701055,,,96
6h,2020,N-Extra,MAM,"mean over τ∈[2, 4]",Z850,flow_spectral,0.016042572603960803,,,96
6h,2020,N-Extra,MAM,"mean over τ∈[2, 4]",Z700,flow_spectral,0.009953086908526292,,,96
6h,2020,N-Extra,MAM,"mean over τ∈[2, 4]",t2m,flow_spectral,0.04329470377245634,,,96
6h,2020,N-Extra,MAM,"mean over τ∈[2, 4]",u10,flow_spectral,0.09943593464922734,,,96
6h,2020,N-Extra,MAM,"mean over τ∈[2, 4]",v10,flow_spectral,0.16887822891137577,,,96
6h,2020,N-Extra,MAM,"mean over τ∈[2, 4]",mslp,flow_spectral,0.028366981661674548,,,96
6h,2020,N-Extra,JJA,"mean over τ∈[2, 4]",T1000,flow_spectral,0.023083404612048927,,,96
6h,2020,N-Extra,JJA,"mean over τ∈[2, 4]",T925,flow_spectral,0.023470664086987197,,,96
6h,2020,N-Extra,JJA,"mean over τ∈[2, 4]",T850,flow_spectral,0.020264019483494176,,,96
6h,2020,N-Extra,JJA,"mean over τ∈[2, 4]",T700,flow_spectral,0.018380989672827697,,,96
6h,2020,N-Extra,JJA,"mean over τ∈[2, 4]",U1000,flow_spectral,0.08875625889457567,,,96
6h,2020,N-Extra,JJA,"mean over τ∈[2, 4]",U925,flow_spectral,0.08421946801782336,,,96
6h,2020,N-Extra,JJA,"mean over τ∈[2, 4]",U850,flow_spectral,0.0832045507619021,,,96
6h,2020,N-Extra,JJA,"mean over τ∈[2, 4]",U700,flow_spectral,0.07656449035998918,,,96
6h,2020,N-Extra,JJA,"mean over τ∈[2, 4]",V1000,flow_spectral,0.15387992018708954,,,96
6h,2020,N-Extra,JJA,"mean over τ∈[2, 4]",V925,flow_spectral,0.18403229154226242,,,96
6h,2020,N-Extra,JJA,"mean over τ∈[2, 4]",V850,flow_spectral,0.23529767999856066,,,96
6h,2020,N-Extra,JJA,"mean over τ∈[2, 4]",V700,flow_spectral,0.27158309621852444,,,96
6h,2020,N-Extra,JJA,"mean over τ∈[2, 4]",Q1000,flow_spectral,0.04143169097891224,,,96
6h,2020,N-Extra,JJA,"mean over τ∈[2, 4]",Q925,flow_spectral,0.05562331497855201,,,96
6h,2020,N-Extra,JJA,"mean over τ∈[2, 4]",Q850,flow_spectral,0.0676667516326678,,,96
6h,2020,N-Extra,JJA,"mean over τ∈[2, 4]",Q700,flow_spectral,0.09764333351466646,,,96
6h,2020,N-Extra,JJA,"mean over τ∈[2, 4]",Z1000,flow_spectral,0.025055519924060556,,,96
6h,2020,N-Extra,JJA,"mean over τ∈[2, 4]",Z925,flow_spectral,0.019340273628633085,,,96
6h,2020,N-Extra,JJA,"mean over τ∈[2, 4]",Z850,flow_spectral,0.014626395069528461,,,96
6h,2020,N-Extra,JJA,"mean over τ∈[2, 4]",Z700,flow_spectral,0.008929780193533143,,,96
6h,2020,N-Extra,JJA,"mean over τ∈[2, 4]",t2m,flow_spectral,0.04304704935578572,,,96
6h,2020,N-Extra,JJA,"mean over τ∈[2, 4]",u10,flow_spectral,0.09108707792081763,,,96
6h,2020,N-Extra,JJA,"mean over τ∈[2, 4]",v10,flow_spectral,0.1567039923258982,,,96
6h,2020,N-Extra,JJA,"mean over τ∈[2, 4]",mslp,flow_spectral,0.024543922510948717,,,96
6h,2020,N-Extra,SON,"mean over τ∈[2, 4]",T1000,flow_spectral,0.02043192243633875,,,96
6h,2020,N-Extra,SON,"mean over τ∈[2, 4]",T925,flow_spectral,0.02066012417803739,,,96
6h,2020,N-Extra,SON,"mean over τ∈[2, 4]",T850,flow_spectral,0.021708197761350734,,,96
6h,2020,N-Extra,SON,"mean over τ∈[2, 4]",T700,flow_spectral,0.02036047360200499,,,96
6h,2020,N-Extra,SON,"mean over τ∈[2, 4]",U1000,flow_spectral,0.08842710278292688,,,96
6h,2020,N-Extra,SON,"mean over τ∈[2, 4]",U925,flow_spectral,0.08134132673345171,,,96
6h,2020,N-Extra,SON,"mean over τ∈[2, 4]",U850,flow_spectral,0.08303928771910202,,,96
6h,2020,N-Extra,SON,"mean over τ∈[2, 4]",U700,flow_spectral,0.0808450633181177,,,96
6h,2020,N-Extra,SON,"mean over τ∈[2, 4]",V1000,flow_spectral,0.15425665152303156,,,96
6h,2020,N-Extra,SON,"mean over τ∈[2, 4]",V925,flow_spectral,0.18251659177655222,,,96
6h,2020,N-Extra,SON,"mean over τ∈[2, 4]",V850,flow_spectral,0.2385328705550945,,,96
6h,2020,N-Extra,SON,"mean over τ∈[2, 4]",V700,flow_spectral,0.28763435633698925,,,96
6h,2020,N-Extra,SON,"mean over τ∈[2, 4]",Q1000,flow_spectral,0.0301856691370445,,,96
6h,2020,N-Extra,SON,"mean over τ∈[2, 4]",Q925,flow_spectral,0.045208678791201294,,,96
6h,2020,N-Extra,SON,"mean over τ∈[2, 4]",Q850,flow_spectral,0.059522193949642095,,,96
6h,2020,N-Extra,SON,"mean over τ∈[2, 4]",Q700,flow_spectral,0.08587825999657707,,,96
6h,2020,N-Extra,SON,"mean over τ∈[2, 4]",Z1000,flow_spectral,0.02575340923108783,,,96
6h,2020,N-Extra,SON,"mean over τ∈[2, 4]",Z925,flow_spectral,0.019982380333600332,,,96
6h,2020,N-Extra,SON,"mean over τ∈[2, 4]",Z850,flow_spectral,0.015234100216766236,,,96
6h,2020,N-Extra,SON,"mean over τ∈[2, 4]",Z700,flow_spectral,0.009495090737590547,,,96
6h,2020,N-Extra,SON,"mean over τ∈[2, 4]",t2m,flow_spectral,0.03988296044076964,,,96
6h,2020,N-Extra,SON,"mean over τ∈[2, 4]",u10,flow_spectral,0.08859404282717545,,,96
6h,2020,N-Extra,SON,"mean over τ∈[2, 4]",v10,flow_spectral,0.15260067981529282,,,96
6h,2020,N-Extra,SON,"mean over τ∈[2, 4]",mslp,flow_spectral,0.026161110770689812,,,96
6h,2020,S-Extra,DJF,"mean over τ∈[2, 4]",T1000,flow_spectral,0.014309282342150155,,,96
6h,2020,S-Extra,DJF,"mean over τ∈[2, 4]",T925,flow_spectral,0.01869032195658259,,,96
6h,2020,S-Extra,DJF,"mean over τ∈[2, 4]",T850,flow_spectral,0.021753336166251507,,,96
6h,2020,S-Extra,DJF,"mean over τ∈[2, 4]",T700,flow_spectral,0.01766573653820752,,,96
6h,2020,S-Extra,DJF,"mean over τ∈[2, 4]",U1000,flow_spectral,0.07748954875329647,,,96
6h,2020,S-Extra,DJF,"mean over τ∈[2, 4]",U925,flow_spectral,0.07061596323025986,,,96
6h,2020,S-Extra,DJF,"mean over τ∈[2, 4]",U850,flow_spectral,0.07237735177719348,,,96
6h,2020,S-Extra,DJF,"mean over τ∈[2, 4]",U700,flow_spectral,0.06915075464051948,,,96
6h,2020,S-Extra,DJF,"mean over τ∈[2, 4]",V1000,flow_spectral,0.13524726045574031,,,96
6h,2020,S-Extra,DJF,"mean over τ∈[2, 4]",V925,flow_spectral,0.16134094982707675,,,96
6h,2020,S-Extra,DJF,"mean over τ∈[2, 4]",V850,flow_spectral,0.2116678801368057,,,96
6h,2020,S-Extra,DJF,"mean over τ∈[2, 4]",V700,flow_spectral,0.2521814833445369,,,96
6h,2020,S-Extra,DJF,"mean over τ∈[2, 4]",Q1000,flow_spectral,0.022997460383970617,,,96
6h,2020,S-Extra,DJF,"mean over τ∈[2, 4]",Q925,flow_spectral,0.04181040595851959,,,96
6h,2020,S-Extra,DJF,"mean over τ∈[2, 4]",Q850,flow_spectral,0.060929675708273165,,,96
6h,2020,S-Extra,DJF,"mean over τ∈[2, 4]",Q700,flow_spectral,0.08431129749931368,,,96
6h,2020,S-Extra,DJF,"mean over τ∈[2, 4]",Z1000,flow_spectral,0.022230789066781005,,,96
6h,2020,S-Extra,DJF,"mean over τ∈[2, 4]",Z925,flow_spectral,0.01772703093408657,,,96
6h,2020,S-Extra,DJF,"mean over τ∈[2, 4]",Z850,flow_spectral,0.013860417171664703,,,96
6h,2020,S-Extra,DJF,"mean over τ∈[2, 4]",Z700,flow_spectral,0.009230588016696933,,,96
6h,2020,S-Extra,DJF,"mean over τ∈[2, 4]",t2m,flow_spectral,0.017357725897097772,,,96
6h,2020,S-Extra,DJF,"mean over τ∈[2, 4]",u10,flow_spectral,0.07795437282507492,,,96
6h,2020,S-Extra,DJF,"mean over τ∈[2, 4]",v10,flow_spectral,0.1334615470162453,,,96
6h,2020,S-Extra,DJF,"mean over τ∈[2, 4]",mslp,flow_spectral,0.02210740745464833,,,96
6h,2020,S-Extra,MAM,"mean over τ∈[2, 4]",T1000,flow_spectral,0.013397061815982032,,,96
6h,2020,S-Extra,MAM,"mean over τ∈[2, 4]",T925,flow_spectral,0.015877959184566956,,,96
6h,2020,S-Extra,MAM,"mean over τ∈[2, 4]",T850,flow_spectral,0.021687622164227042,,,96
6h,2020,S-Extra,MAM,"mean over τ∈[2, 4]",T700,flow_spectral,0.018353948721314472,,,96
6h,2020,S-Extra,MAM,"mean over τ∈[2, 4]",U1000,flow_spectral,0.08306344916567043,,,96
6h,2020,S-Extra,MAM,"mean over τ∈[2, 4]",U925,flow_spectral,0.07390382751942505,,,96
6h,2020,S-Extra,MAM,"mean over τ∈[2, 4]",U850,flow_spectral,0.07521053710717959,,,96
6h,2020,S-Extra,MAM,"mean over τ∈[2, 4]",U700,flow_spectral,0.0741847170294123,,,96
6h,2020,S-Extra,MAM,"mean over τ∈[2, 4]",V1000,flow_spectral,0.1416748187606185,,,96
6h,2020,S-Extra,MAM,"mean over τ∈[2, 4]",V925,flow_spectral,0.1697774841448129,,,96
6h,2020,S-Extra,MAM,"mean over τ∈[2, 4]",V850,flow_spectral,0.22145175664215613,,,96
6h,2020,S-Extra,MAM,"mean over τ∈[2, 4]",V700,flow_spectral,0.2699738286915421,,,96
6h,2020,S-Extra,MAM,"mean over τ∈[2, 4]",Q1000,flow_spectral,0.021430165483538467,,,96
6h,2020,S-Extra,MAM,"mean over τ∈[2, 4]",Q925,flow_spectral,0.036670372427657395,,,96
6h,2020,S-Extra,MAM,"mean over τ∈[2, 4]",Q850,flow_spectral,0.057478522829594106,,,96
6h,2020,S-Extra,MAM,"mean over τ∈[2, 4]",Q700,flow_spectral,0.07667526640490144,,,96
6h,2020,S-Extra,MAM,"mean over τ∈[2, 4]",Z1000,flow_spectral,0.023138744201534053,,,96
6h,2020,S-Extra,MAM,"mean over τ∈[2, 4]",Z925,flow_spectral,0.018594062262526197,,,96
6h,2020,S-Extra,MAM,"mean over τ∈[2, 4]",Z850,flow_spectral,0.014635267107008729,,,96
6h,2020,S-Extra,MAM,"mean over τ∈[2, 4]",Z700,flow_spectral,0.009798323193090316,,,96
6h,2020,S-Extra,MAM,"mean over τ∈[2, 4]",t2m,flow_spectral,0.017041220916612886,,,96
6h,2020,S-Extra,MAM,"mean over τ∈[2, 4]",u10,flow_spectral,0.08366049651555921,,,96
6h,2020,S-Extra,MAM,"mean over τ∈[2, 4]",v10,flow_spectral,0.14008485827045464,,,96
6h,2020,S-Extra,MAM,"mean over τ∈[2, 4]",mslp,flow_spectral,0.023157669128995053,,,96
6h,2020,S-Extra,JJA,"mean over τ∈[2, 4]",T1000,flow_spectral,0.013902546220462041,,,96
6h,2020,S-Extra,JJA,"mean over τ∈[2, 4]",T925,flow_spectral,0.015425729422322168,,,96
6h,2020,S-Extra,JJA,"mean over τ∈[2, 4]",T850,flow_spectral,0.02166721044123654,,,96
6h,2020,S-Extra,JJA,"mean over τ∈[2, 4]",T700,flow_spectral,0.018655199240473146,,,96
6h,2020,S-Extra,JJA,"mean over τ∈[2, 4]",U1000,flow_spectral,0.08627420752493392,,,96
6h,2020,S-Extra,JJA,"mean over τ∈[2, 4]",U925,flow_spectral,0.07663164094400209,,,96
6h,2020,S-Extra,JJA,"mean over τ∈[2, 4]",U850,flow_spectral,0.07849369216950286,,,96
6h,2020,S-Extra,JJA,"mean over τ∈[2, 4]",U700,flow_spectral,0.07832218914065783,,,96
6h,2020,S-Extra,JJA,"mean over τ∈[2, 4]",V1000,flow_spectral,0.14720784378082688,,,96
6h,2020,S-Extra,JJA,"mean over τ∈[2, 4]",V925,flow_spectral,0.17429689685298677,,,96
6h,2020,S-Extra,JJA,"mean over τ∈[2, 4]",V850,flow_spectral,0.22767830605800585,,,96
6h,2020,S-Extra,JJA,"mean over τ∈[2, 4]",V700,flow_spectral,0.28053593928219595,,,96
6h,2020,S-Extra,JJA,"mean over τ∈[2, 4]",Q1000,flow_spectral,0.01941202615506076,,,96
6h,2020,S-Extra,JJA,"mean over τ∈[2, 4]",Q925,flow_spectral,0.031823340215977054,,,96
6h,2020,S-Extra,JJA,"mean over τ∈[2, 4]",Q850,flow_spectral,0.048506214559481814,,,96
6h,2020,S-Extra,JJA,"mean over τ∈[2, 4]",Q700,flow_spectral,0.060520017972153346,,,96
6h,2020,S-Extra,JJA,"mean over τ∈[2, 4]",Z1000,flow_spectral,0.024535670544718204,,,96
6h,2020,S-Extra,JJA,"mean over τ∈[2, 4]",Z925,flow_spectral,0.019741344837591625,,,96
6h,2020,S-Extra,JJA,"mean over τ∈[2, 4]",Z850,flow_spectral,0.015625988548239118,,,96
6h,2020,S-Extra,JJA,"mean over τ∈[2, 4]",Z700,flow_spectral,0.010447176292424377,,,96
6h,2020,S-Extra,JJA,"mean over τ∈[2, 4]",t2m,flow_spectral,0.017699763999985314,,,96
6h,2020,S-Extra,JJA,"mean over τ∈[2, 4]",u10,flow_spectral,0.08670920566921815,,,96
6h,2020,S-Extra,JJA,"mean over τ∈[2, 4]",v10,flow_spectral,0.1444236891710794,,,96
6h,2020,S-Extra,JJA,"mean over τ∈[2, 4]",mslp,flow_spectral,0.024963839945377285,,,96
6h,2020,S-Extra,SON,"mean over τ∈[2, 4]",T1000,flow_spectral,0.014581175285602467,,,96
6h,2020,S-Extra,SON,"mean over τ∈[2, 4]",T925,flow_spectral,0.018014306588823185,,,96
6h,2020,S-Extra,SON,"mean over τ∈[2, 4]",T850,flow_spectral,0.02306906887976176,,,96
6h,2020,S-Extra,SON,"mean over τ∈[2, 4]",T700,flow_spectral,0.01843753712129657,,,96
6h,2020,S-Extra,SON,"mean over τ∈[2, 4]",U1000,flow_spectral,0.08355310460327202,,,96
6h,2020,S-Extra,SON,"mean over τ∈[2, 4]",U925,flow_spectral,0.07511521590084244,,,96
6h,2020,S-Extra,SON,"mean over τ∈[2, 4]",U850,flow_spectral,0.07797384046153305,,,96
6h,2020,S-Extra,SON,"mean over τ∈[2, 4]",U700,flow_spectral,0.07644563282266968,,,96
6h,2020,S-Extra,SON,"mean over τ∈[2, 4]",V1000,flow_spectral,0.14364737709529693,,,96
6h,2020,S-Extra,SON,"mean over τ∈[2, 4]",V925,flow_spectral,0.17148189876893147,,,96
6h,2020,S-Extra,SON,"mean over τ∈[2, 4]",V850,flow_spectral,0.22760571375429453,,,96
6h,2020,S-Extra,SON,"mean over τ∈[2, 4]",V700,flow_spectral,0.2771513642700267,,,96
6h,2020,S-Extra,SON,"mean over τ∈[2, 4]",Q1000,flow_spectral,0.02022167875922775,,,96
6h,2020,S-Extra,SON,"mean over τ∈[2, 4]",Q925,flow_spectral,0.03538827136297122,,,96
6h,2020,S-Extra,SON,"mean over τ∈[2, 4]",Q850,flow_spectral,0.05206648710074312,,,96
6h,2020,S-Extra,SON,"mean over τ∈[2, 4]",Q700,flow_spectral,0.07000691361931871,,,96
6h,2020,S-Extra,SON,"mean over τ∈[2, 4]",Z1000,flow_spectral,0.024548687930728053,,,96
6h,2020,S-Extra,SON,"mean over τ∈[2, 4]",Z925,flow_spectral,0.01966632002592227,,,96
6h,2020,S-Extra,SON,"mean over τ∈[2, 4]",Z850,flow_spectral,0.015424602835359482,,,96
6h,2020,S-Extra,SON,"mean over τ∈[2, 4]",Z700,flow_spectral,0.010296061469408679,,,96
6h,2020,S-Extra,SON,"mean over τ∈[2, 4]",t2m,flow_spectral,0.0179427928111366,,,96
6h,2020,S-Extra,SON,"mean over τ∈[2, 4]",u10,flow_spectral,0.0836207565778184,,,96
6h,2020,S-Extra,SON,"mean over τ∈[2, 4]",v10,flow_spectral,0.14042540299640197,,,96
6h,2020,S-Extra,SON,"mean over τ∈[2, 4]",mslp,flow_spectral,0.02481196265667347,,,96
6h,2020,Arctic,DJF,"mean over τ∈[2, 4]",T1000,flow_spectral,0.019192877695550746,,,96
6h,2020,Arctic,DJF,"mean over τ∈[2, 4]",T925,flow_spectral,0.02010014541897892,,,96
6h,2020,Arctic,DJF,"mean over τ∈[2, 4]",T850,flow_spectral,0.019063682015179086,,,96
6h,2020,Arctic,DJF,"mean over τ∈[2, 4]",T700,flow_spectral,0.018354419737949608,,,96
6h,2020,Arctic,DJF,"mean over τ∈[2, 4]",U1000,flow_spectral,0.0819388117822294,,,96
6h,2020,Arctic,DJF,"mean over τ∈[2, 4]",U925,flow_spectral,0.08068728751171148,,,96
6h,2020,Arctic,DJF,"mean over τ∈[2, 4]",U850,flow_spectral,0.08269556050157077,,,96
6h,2020,Arctic,DJF,"mean over τ∈[2, 4]",U700,flow_spectral,0.08273992908810866,,,96
6h,2020,Arctic,DJF,"mean over τ∈[2, 4]",V1000,flow_spectral,0.13824603579677566,,,96
6h,2020,Arctic,DJF,"mean over τ∈[2, 4]",V925,flow_spectral,0.17606586218325854,,,96
6h,2020,Arctic,DJF,"mean over τ∈[2, 4]",V850,flow_spectral,0.23486377973100472,,,96
6h,2020,Arctic,DJF,"mean over τ∈[2, 4]",V700,flow_spectral,0.28987486871246815,,,96
6h,2020,Arctic,DJF,"mean over τ∈[2, 4]",Q1000,flow_spectral,0.0068838242853597855,,,96
6h,2020,Arctic,DJF,"mean over τ∈[2, 4]",Q925,flow_spectral,0.010023587038831352,,,96
6h,2020,Arctic,DJF,"mean over τ∈[2, 4]",Q850,flow_spectral,0.01758127721625187,,,96
6h,2020,Arctic,DJF,"mean over τ∈[2, 4]",Q700,flow_spectral,0.028967962717458603,,,96
6h,2020,Arctic,DJF,"mean over τ∈[2, 4]",Z1000,flow_spectral,0.023218278441396508,,,96
6h,2020,Arctic,DJF,"mean over τ∈[2, 4]",Z925,flow_spectral,0.01808641698387145,,,96
6h,2020,Arctic,DJF,"mean over τ∈[2, 4]",Z850,flow_spectral,0.014004526655594344,,,96
6h,2020,Arctic,DJF,"mean over τ∈[2, 4]",Z700,flow_spectral,0.009126642403451,,,96
6h,2020,Arctic,DJF,"mean over τ∈[2, 4]",t2m,flow_spectral,0.027478140224723866,,,96
6h,2020,Arctic,DJF,"mean over τ∈[2, 4]",u10,flow_spectral,0.08250959939576277,,,96
6h,2020,Arctic,DJF,"mean over τ∈[2, 4]",v10,flow_spectral,0.1368458128326649,,,96
6h,2020,Arctic,DJF,"mean over τ∈[2, 4]",mslp,flow_spectral,0.02588801968679368,,,96
6h,2020,Arctic,MAM,"mean over τ∈[2, 4]",T1000,flow_spectral,0.020609422472227384,,,96
6h,2020,Arctic,MAM,"mean over τ∈[2, 4]",T925,flow_spectral,0.01987563817267513,,,96
6h,2020,Arctic,MAM,"mean over τ∈[2, 4]",T850,flow_spectral,0.018331067330497296,,,96
6h,2020,Arctic,MAM,"mean over τ∈[2, 4]",T700,flow_spectral,0.017846308884083627,,,96
6h,2020,Arctic,MAM,"mean over τ∈[2, 4]",U1000,flow_spectral,0.08486789682975321,,,96
6h,2020,Arctic,MAM,"mean over τ∈[2, 4]",U925,flow_spectral,0.08248348347795974,,,96
6h,2020,Arctic,MAM,"mean over τ∈[2, 4]",U850,flow_spectral,0.08115604778511991,,,96
6h,2020,Arctic,MAM,"mean over τ∈[2, 4]",U700,flow_spectral,0.07824560817179625,,,96
6h,2020,Arctic,MAM,"mean over τ∈[2, 4]",V1000,flow_spectral,0.1491928703368457,,,96
6h,2020,Arctic,MAM,"mean over τ∈[2, 4]",V925,flow_spectral,0.18550726902867998,,,96
6h,2020,Arctic,MAM,"mean over τ∈[2, 4]",V850,flow_spectral,0.2339888275058652,,,96
6h,2020,Arctic,MAM,"mean over τ∈[2, 4]",V700,flow_spectral,0.27957710129678076,,,96
6h,2020,Arctic,MAM,"mean over τ∈[2, 4]",Q1000,flow_spectral,0.011917470971676851,,,96
6h,2020,Arctic,MAM,"mean over τ∈[2, 4]",Q925,flow_spectral,0.014778511939174377,,,96
6h,2020,Arctic,MAM,"mean over τ∈[2, 4]",Q850,flow_spectral,0.02234000352142254,,,96
6h,2020,Arctic,MAM,"mean over τ∈[2, 4]",Q700,flow_spectral,0.03624799854782581,,,96
6h,2020,Arctic,MAM,"mean over τ∈[2, 4]",Z1000,flow_spectral,0.022215533849698425,,,96
6h,2020,Arctic,MAM,"mean over τ∈[2, 4]",Z925,flow_spectral,0.01713442360814959,,,96
6h,2020,Arctic,MAM,"mean over τ∈[2, 4]",Z850,flow_spectral,0.013222583071449483,,,96
6h,2020,Arctic,MAM,"mean over τ∈[2, 4]",Z700,flow_spectral,0.008791588384020837,,,96
6h,2020,Arctic,MAM,"mean over τ∈[2, 4]",t2m,flow_spectral,0.0348892839198185,,,96
6h,2020,Arctic,MAM,"mean over τ∈[2, 4]",u10,flow_spectral,0.0827257599270693,,,96
6h,2020,Arctic,MAM,"mean over τ∈[2, 4]",v10,flow_spectral,0.14284638081707698,,,96
6h,2020,Arctic,MAM,"mean over τ∈[2, 4]",mslp,flow_spectral,0.02436041074576438,,,96
6h,2020,Arctic,JJA,"mean over τ∈[2, 4]",T1000,flow_spectral,0.02181095355150748,,,96
6h,2020,Arctic,JJA,"mean over τ∈[2, 4]",T925,flow_spectral,0.01988090148878312,,,96
6h,2020,Arctic,JJA,"mean over τ∈[2, 4]",T850,flow_spectral,0.016327962792776426,,,96
6h,2020,Arctic,JJA,"mean over τ∈[2, 4]",T700,flow_spectral,0.01544644645467356,,,96
6h,2020,Arctic,JJA,"mean over τ∈[2, 4]",U1000,flow_spectral,0.08376998843115512,,,96
6h,2020,Arctic,JJA,"mean over τ∈[2, 4]",U925,flow_spectral,0.07835664939264263,,,96
6h,2020,Arctic,JJA,"mean over τ∈[2, 4]",U850,flow_spectral,0.0719540218927946,,,96
6h,2020,Arctic,JJA,"mean over τ∈[2, 4]",U700,flow_spectral,0.06538777397463628,,,96
6h,2020,Arctic,JJA,"mean over τ∈[2, 4]",V1000,flow_spectral,0.144887804027196,,,96
6h,2020,Arctic,JJA,"mean over τ∈[2, 4]",V925,flow_spectral,0.17408453589124542,,,96
6h,2020,Arctic,JJA,"mean over τ∈[2, 4]",V850,flow_spectral,0.2066627745195409,,,96
6h,2020,Arctic,JJA,"mean over τ∈[2, 4]",V700,flow_spectral,0.22763324235180143,,,96
6h,2020,Arctic,JJA,"mean over τ∈[2, 4]",Q1000,flow_spectral,0.026283369793100603,,,96
6h,2020,Arctic,JJA,"mean over τ∈[2, 4]",Q925,flow_spectral,0.02870905269740915,,,96
6h,2020,Arctic,JJA,"mean over τ∈[2, 4]",Q850,flow_spectral,0.03772711314215466,,,96
6h,2020,Arctic,JJA,"mean over τ∈[2, 4]",Q700,flow_spectral,0.059739241807431974,,,96
6h,2020,Arctic,JJA,"mean over τ∈[2, 4]",Z1000,flow_spectral,0.01931507257298403,,,96
6h,2020,Arctic,JJA,"mean over τ∈[2, 4]",Z925,flow_spectral,0.014585406927241383,,,96
6h,2020,Arctic,JJA,"mean over τ∈[2, 4]",Z850,flow_spectral,0.011172935323243533,,,96
6h,2020,Arctic,JJA,"mean over τ∈[2, 4]",Z700,flow_spectral,0.00724268392826066,,,96
6h,2020,Arctic,JJA,"mean over τ∈[2, 4]",t2m,flow_spectral,0.03653768811682551,,,96
6h,2020,Arctic,JJA,"mean over τ∈[2, 4]",u10,flow_spectral,0.0804188035207511,,,96
6h,2020,Arctic,JJA,"mean over τ∈[2, 4]",v10,flow_spectral,0.13710469461680125,,,96
6h,2020,Arctic,JJA,"mean over τ∈[2, 4]",mslp,flow_spectral,0.019811298376089775,,,96
6h,2020,Arctic,SON,"mean over τ∈[2, 4]",T1000,flow_spectral,0.01691693340692303,,,96
6h,2020,Arctic,SON,"mean over τ∈[2, 4]",T925,flow_spectral,0.017346423509420412,,,96
6h,2020,Arctic,SON,"mean over τ∈[2, 4]",T850,flow_spectral,0.01774968159561526,,,96
6h,2020,Arctic,SON,"mean over τ∈[2, 4]",T700,flow_spectral,0.017238919211044444,,,96
6h,2020,Arctic,SON,"mean over τ∈[2, 4]",U1000,flow_spectral,0.07959248108994413,,,96
6h,2020,Arctic,SON,"mean over τ∈[2, 4]",U925,flow_spectral,0.07821196390258285,,,96
6h,2020,Arctic,SON,"mean over τ∈[2, 4]",U850,flow_spectral,0.07690795476290191,,,96
6h,2020,Arctic,SON,"mean over τ∈[2, 4]",U700,flow_spectral,0.0735708267033562,,,96
6h,2020,Arctic,SON,"mean over τ∈[2, 4]",V1000,flow_spectral,0.14079913219057572,,,96
6h,2020,Arctic,SON,"mean over τ∈[2, 4]",V925,flow_spectral,0.17482079249920796,,,96
6h,2020,Arctic,SON,"mean over τ∈[2, 4]",V850,flow_spectral,0.2214588343089416,,,96
6h,2020,Arctic,SON,"mean over τ∈[2, 4]",V700,flow_spectral,0.2613219484246484,,,96
6h,2020,Arctic,SON,"mean over τ∈[2, 4]",Q1000,flow_spectral,0.011435504630445466,,,96
6h,2020,Arctic,SON,"mean over τ∈[2, 4]",Q925,flow_spectral,0.01587481578967183,,,96
6h,2020,Arctic,SON,"mean over τ∈[2, 4]",Q850,flow_spectral,0.02412963387686725,,,96
6h,2020,Arctic,SON,"mean over τ∈[2, 4]",Q700,flow_spectral,0.04253046713496643,,,96
6h,2020,Arctic,SON,"mean over τ∈[2, 4]",Z1000,flow_spectral,0.021547925477400323,,,96
6h,2020,Arctic,SON,"mean over τ∈[2, 4]",Z925,flow_spectral,0.016702573298587375,,,96
6h,2020,Arctic,SON,"mean over τ∈[2, 4]",Z850,flow_spectral,0.012876673717381255,,,96
6h,2020,Arctic,SON,"mean over τ∈[2, 4]",Z700,flow_spectral,0.008443652203799092,,,96
6h,2020,Arctic,SON,"mean over τ∈[2, 4]",t2m,flow_spectral,0.0280785745358461,,,96
6h,2020,Arctic,SON,"mean over τ∈[2, 4]",u10,flow_spectral,0.0795711615957728,,,96
6h,2020,Arctic,SON,"mean over τ∈[2, 4]",v10,flow_spectral,0.13755137307238136,,,96
6h,2020,Arctic,SON,"mean over τ∈[2, 4]",mslp,flow_spectral,0.02300961964954287,,,96
6h,2020,Antarctic,DJF,"mean over τ∈[2, 4]",T1000,flow_spectral,0.01046668844806684,,,96
6h,2020,Antarctic,DJF,"mean over τ∈[2, 4]",T925,flow_spectral,0.0114942398436434,,,96
6h,2020,Antarctic,DJF,"mean over τ∈[2, 4]",T850,flow_spectral,0.013416684432969742,,,96
6h,2020,Antarctic,DJF,"mean over τ∈[2, 4]",T700,flow_spectral,0.01353675480273285,,,96
6h,2020,Antarctic,DJF,"mean over τ∈[2, 4]",U1000,flow_spectral,0.05927777192485114,,,96
6h,2020,Antarctic,DJF,"mean over τ∈[2, 4]",U925,flow_spectral,0.055381386415659026,,,96
6h,2020,Antarctic,DJF,"mean over τ∈[2, 4]",U850,flow_spectral,0.05362879658839933,,,96
6h,2020,Antarctic,DJF,"mean over τ∈[2, 4]",U700,flow_spectral,0.05368898834604249,,,96
6h,2020,Antarctic,DJF,"mean over τ∈[2, 4]",V1000,flow_spectral,0.09732767357496579,,,96
6h,2020,Antarctic,DJF,"mean over τ∈[2, 4]",V925,flow_spectral,0.11717411679267292,,,96
6h,2020,Antarctic,DJF,"mean over τ∈[2, 4]",V850,flow_spectral,0.14622571250971064,,,96
6h,2020,Antarctic,DJF,"mean over τ∈[2, 4]",V700,flow_spectral,0.18133044629175632,,,96
6h,2020,Antarctic,DJF,"mean over τ∈[2, 4]",Q1000,flow_spectral,0.006737499174454457,,,96
6h,2020,Antarctic,DJF,"mean over τ∈[2, 4]",Q925,flow_spectral,0.009262618529474558,,,96
6h,2020,Antarctic,DJF,"mean over τ∈[2, 4]",Q850,flow_spectral,0.013443016688481978,,,96
6h,2020,Antarctic,DJF,"mean over τ∈[2, 4]",Q700,flow_spectral,0.02483887475548919,,,96
6h,2020,Antarctic,DJF,"mean over τ∈[2, 4]",Z1000,flow_spectral,0.019523256180651448,,,96
6h,2020,Antarctic,DJF,"mean over τ∈[2, 4]",Z925,flow_spectral,0.015332089386169069,,,96
6h,2020,Antarctic,DJF,"mean over τ∈[2, 4]",Z850,flow_spectral,0.01183592224531573,,,96
6h,2020,Antarctic,DJF,"mean over τ∈[2, 4]",Z700,flow_spectral,0.0076799248480948585,,,96
6h,2020,Antarctic,DJF,"mean over τ∈[2, 4]",t2m,flow_spectral,0.018481604531312052,,,96
6h,2020,Antarctic,DJF,"mean over τ∈[2, 4]",u10,flow_spectral,0.06507140426143958,,,96
6h,2020,Antarctic,DJF,"mean over τ∈[2, 4]",v10,flow_spectral,0.10627940820368992,,,96
6h,2020,Antarctic,DJF,"mean over τ∈[2, 4]",mslp,flow_spectral,0.021422679307403204,,,96
6h,2020,Antarctic,MAM,"mean over τ∈[2, 4]",T1000,flow_spectral,0.0179107337015084,,,96
6h,2020,Antarctic,MAM,"mean over τ∈[2, 4]",T925,flow_spectral,0.019136117976982593,,,96
6h,2020,Antarctic,MAM,"mean over τ∈[2, 4]",T850,flow_spectral,0.020676132041461157,,,96
6h,2020,Antarctic,MAM,"mean over τ∈[2, 4]",T700,flow_spectral,0.020656463735548587,,,96
6h,2020,Antarctic,MAM,"mean over τ∈[2, 4]",U1000,flow_spectral,0.0747881304652522,,,96
6h,2020,Antarctic,MAM,"mean over τ∈[2, 4]",U925,flow_spectral,0.07317037137768236,,,96
6h,2020,Antarctic,MAM,"mean over τ∈[2, 4]",U850,flow_spectral,0.0731441574407831,,,96
6h,2020,Antarctic,MAM,"mean over τ∈[2, 4]",U700,flow_spectral,0.07324278351090903,,,96
6h,2020,Antarctic,MAM,"mean over τ∈[2, 4]",V1000,flow_spectral,0.12239364622492079,,,96
6h,2020,Antarctic,MAM,"mean over τ∈[2, 4]",V925,flow_spectral,0.1563404227047217,,,96
6h,2020,Antarctic,MAM,"mean over τ∈[2, 4]",V850,flow_spectral,0.2032008615914892,,,96
6h,2020,Antarctic,MAM,"mean over τ∈[2, 4]",V700,flow_spectral,0.25633704814457325,,,96
6h,2020,Antarctic,MAM,"mean over τ∈[2, 4]",Q1000,flow_spectral,0.006250126339542472,,,96
6h,2020,Antarctic,MAM,"mean over τ∈[2, 4]",Q925,flow_spectral,0.00900588339951617,,,96
6h,2020,Antarctic,MAM,"mean over τ∈[2, 4]",Q850,flow_spectral,0.01583695066452228,,,96
6h,2020,Antarctic,MAM,"mean over τ∈[2, 4]",Q700,flow_spectral,0.028111609776339398,,,96
6h,2020,Antarctic,MAM,"mean over τ∈[2, 4]",Z1000,flow_spectral,0.02619463278750454,,,96
6h,2020,Antarctic,MAM,"mean over τ∈[2, 4]",Z925,flow_spectral,0.020102484394334957,,,96
6h,2020,Antarctic,MAM,"mean over τ∈[2, 4]",Z850,flow_spectral,0.015221925915764737,,,96
6h,2020,Antarctic,MAM,"mean over τ∈[2, 4]",Z700,flow_spectral,0.009665975707813657,,,96
6h,2020,Antarctic,MAM,"mean over τ∈[2, 4]",t2m,flow_spectral,0.021234634575468654,,,96
6h,2020,Antarctic,MAM,"mean over τ∈[2, 4]",u10,flow_spectral,0.08239749333004255,,,96
6h,2020,Antarctic,MAM,"mean over τ∈[2, 4]",v10,flow_spectral,0.13343447950573278,,,96
6h,2020,Antarctic,MAM,"mean over τ∈[2, 4]",mslp,flow_spectral,0.03136579995465256,,,96
6h,2020,Antarctic,JJA,"mean over τ∈[2, 4]",T1000,flow_spectral,0.023991555834365807,,,96
6h,2020,Antarctic,JJA,"mean over τ∈[2, 4]",T925,flow_spectral,0.02475032852770912,,,96
6h,2020,Antarctic,JJA,"mean over τ∈[2, 4]",T850,flow_spectral,0.024587386690122778,,,96
6h,2020,Antarctic,JJA,"mean over τ∈[2, 4]",T700,flow_spectral,0.023659830951434375,,,96
6h,2020,Antarctic,JJA,"mean over τ∈[2, 4]",U1000,flow_spectral,0.08865654645446985,,,96
6h,2020,Antarctic,JJA,"mean over τ∈[2, 4]",U925,flow_spectral,0.08626444269229068,,,96
6h,2020,Antarctic,JJA,"mean over τ∈[2, 4]",U850,flow_spectral,0.0871721380055221,,,96
6h,2020,Antarctic,JJA,"mean over τ∈[2, 4]",U700,flow_spectral,0.08888979088776904,,,96
6h,2020,Antarctic,JJA,"mean over τ∈[2, 4]",V1000,flow_spectral,0.1463765335815575,,,96
6h,2020,Antarctic,JJA,"mean over τ∈[2, 4]",V925,flow_spectral,0.18782711071421904,,,96
6h,2020,Antarctic,JJA,"mean over τ∈[2, 4]",V850,flow_spectral,0.24480458930477572,,,96
6h,2020,Antarctic,JJA,"mean over τ∈[2, 4]",V700,flow_spectral,0.31070489956413994,,,96
6h,2020,Antarctic,JJA,"mean over τ∈[2, 4]",Q1000,flow_spectral,0.00597613845855189,,,96
6h,2020,Antarctic,JJA,"mean over τ∈[2, 4]",Q925,flow_spectral,0.008430917149708594,,,96
6h,2020,Antarctic,JJA,"mean over τ∈[2, 4]",Q850,flow_spectral,0.014394188201784293,,,96
6h,2020,Antarctic,JJA,"mean over τ∈[2, 4]",Q700,flow_spectral,0.02461519947400473,,,96
6h,2020,Antarctic,JJA,"mean over τ∈[2, 4]",Z1000,flow_spectral,0.031030975298093417,,,96
6h,2020,Antarctic,JJA,"mean over τ∈[2, 4]",Z925,flow_spectral,0.023704276537834322,,,96
6h,2020,Antarctic,JJA,"mean over τ∈[2, 4]",Z850,flow_spectral,0.017945432626072233,,,96
6h,2020,Antarctic,JJA,"mean over τ∈[2, 4]",Z700,flow_spectral,0.01146035832442097,,,96
6h,2020,Antarctic,JJA,"mean over τ∈[2, 4]",t2m,flow_spectral,0.02446207688884551,,,96
6h,2020,Antarctic,JJA,"mean over τ∈[2, 4]",u10,flow_spectral,0.09678191031236613,,,96
6h,2020,Antarctic,JJA,"mean over τ∈[2, 4]",v10,flow_spectral,0.15825708265327412,,,96
6h,2020,Antarctic,JJA,"mean over τ∈[2, 4]",mslp,flow_spectral,0.037969569527860826,,,96
6h,2020,Antarctic,SON,"mean over τ∈[2, 4]",T1000,flow_spectral,0.018006581843948506,,,96
6h,2020,Antarctic,SON,"mean over τ∈[2, 4]",T925,flow_spectral,0.018824119192450837,,,96
6h,2020,Antarctic,SON,"mean over τ∈[2, 4]",T850,flow_spectral,0.020047957502493653,,,96
6h,2020,Antarctic,SON,"mean over τ∈[2, 4]",T700,flow_spectral,0.01902958353935004,,,96
6h,2020,Antarctic,SON,"mean over τ∈[2, 4]",U1000,flow_spectral,0.07711797810340844,,,96
6h,2020,Antarctic,SON,"mean over τ∈[2, 4]",U925,flow_spectral,0.07387566148670306,,,96
6h,2020,Antarctic,SON,"mean over τ∈[2, 4]",U850,flow_spectral,0.07339122665163827,,,96
6h,2020,Antarctic,SON,"mean over τ∈[2, 4]",U700,flow_spectral,0.07186727662025907,,,96
6h,2020,Antarctic,SON,"mean over τ∈[2, 4]",V1000,flow_spectral,0.1253430640133434,,,96
6h,2020,Antarctic,SON,"mean over τ∈[2, 4]",V925,flow_spectral,0.15808836743293767,,,96
6h,2020,Antarctic,SON,"mean over τ∈[2, 4]",V850,flow_spectral,0.20513364238141413,,,96
6h,2020,Antarctic,SON,"mean over τ∈[2, 4]",V700,flow_spectral,0.2487891446074669,,,96
6h,2020,Antarctic,SON,"mean over τ∈[2, 4]",Q1000,flow_spectral,0.006150440821097637,,,96
6h,2020,Antarctic,SON,"mean over τ∈[2, 4]",Q925,flow_spectral,0.007926113783879214,,,96
6h,2020,Antarctic,SON,"mean over τ∈[2, 4]",Q850,flow_spectral,0.01303208432264027,,,96
6h,2020,Antarctic,SON,"mean over τ∈[2, 4]",Q700,flow_spectral,0.021696023724351293,,,96
6h,2020,Antarctic,SON,"mean over τ∈[2, 4]",Z1000,flow_spectral,0.027781477999495194,,,96
6h,2020,Antarctic,SON,"mean over τ∈[2, 4]",Z925,flow_spectral,0.021607430117200913,,,96
6h,2020,Antarctic,SON,"mean over τ∈[2, 4]",Z850,flow_spectral,0.01658604772519944,,,96
6h,2020,Antarctic,SON,"mean over τ∈[2, 4]",Z700,flow_spectral,0.01066999348879274,,,96
6h,2020,Antarctic,SON,"mean over τ∈[2, 4]",t2m,flow_spectral,0.022791257130601913,,,96
6h,2020,Antarctic,SON,"mean over τ∈[2, 4]",u10,flow_spectral,0.0850450401330499,,,96
6h,2020,Antarctic,SON,"mean over τ∈[2, 4]",v10,flow_spectral,0.13699696129672195,,,96
6h,2020,Antarctic,SON,"mean over τ∈[2, 4]",mslp,flow_spectral,0.032728172310537845,,,96
6h,2020,North_Atlantic,DJF,"mean over τ∈[2, 4]",T1000,flow_spectral,0.017046183941108517,,,96
6h,2020,North_Atlantic,DJF,"mean over τ∈[2, 4]",T925,flow_spectral,0.01937689262716214,,,96
6h,2020,North_Atlantic,DJF,"mean over τ∈[2, 4]",T850,flow_spectral,0.025804033195413686,,,96
6h,2020,North_Atlantic,DJF,"mean over τ∈[2, 4]",T700,flow_spectral,0.023882771101747708,,,96
6h,2020,North_Atlantic,DJF,"mean over τ∈[2, 4]",U1000,flow_spectral,0.10761868239880829,,,96
6h,2020,North_Atlantic,DJF,"mean over τ∈[2, 4]",U925,flow_spectral,0.09623918797867473,,,96
6h,2020,North_Atlantic,DJF,"mean over τ∈[2, 4]",U850,flow_spectral,0.09953155710859861,,,96
6h,2020,North_Atlantic,DJF,"mean over τ∈[2, 4]",U700,flow_spectral,0.1003021386795017,,,96
6h,2020,North_Atlantic,DJF,"mean over τ∈[2, 4]",V1000,flow_spectral,0.1843065789316821,,,96
6h,2020,North_Atlantic,DJF,"mean over τ∈[2, 4]",V925,flow_spectral,0.2148664753266745,,,96
6h,2020,North_Atlantic,DJF,"mean over τ∈[2, 4]",V850,flow_spectral,0.2865128865956058,,,96
6h,2020,North_Atlantic,DJF,"mean over τ∈[2, 4]",V700,flow_spectral,0.36060695591894554,,,96
6h,2020,North_Atlantic,DJF,"mean over τ∈[2, 4]",Q1000,flow_spectral,0.021693921710856386,,,96
6h,2020,North_Atlantic,DJF,"mean over τ∈[2, 4]",Q925,flow_spectral,0.03849885775687687,,,96
6h,2020,North_Atlantic,DJF,"mean over τ∈[2, 4]",Q850,flow_spectral,0.05919365243775554,,,96
6h,2020,North_Atlantic,DJF,"mean over τ∈[2, 4]",Q700,flow_spectral,0.07705195239619524,,,96
6h,2020,North_Atlantic,DJF,"mean over τ∈[2, 4]",Z1000,flow_spectral,0.028056596505780483,,,96
6h,2020,North_Atlantic,DJF,"mean over τ∈[2, 4]",Z925,flow_spectral,0.022450303510343987,,,96
6h,2020,North_Atlantic,DJF,"mean over τ∈[2, 4]",Z850,flow_spectral,0.01760266391198399,,,96
6h,2020,North_Atlantic,DJF,"mean over τ∈[2, 4]",Z700,flow_spectral,0.01162666689832219,,,96
6h,2020,North_Atlantic,DJF,"mean over τ∈[2, 4]",t2m,flow_spectral,0.021695962615560782,,,96
6h,2020,North_Atlantic,DJF,"mean over τ∈[2, 4]",u10,flow_spectral,0.10604037927773907,,,96
6h,2020,North_Atlantic,DJF,"mean over τ∈[2, 4]",v10,flow_spectral,0.1782090261877968,,,96
6h,2020,North_Atlantic,DJF,"mean over τ∈[2, 4]",mslp,flow_spectral,0.028845987911897398,,,96
6h,2020,North_Atlantic,MAM,"mean over τ∈[2, 4]",T1000,flow_spectral,0.01796657221668415,,,96
6h,2020,North_Atlantic,MAM,"mean over τ∈[2, 4]",T925,flow_spectral,0.019060652881781753,,,96
6h,2020,North_Atlantic,MAM,"mean over τ∈[2, 4]",T850,flow_spectral,0.022580986369444316,,,96
6h,2020,North_Atlantic,MAM,"mean over τ∈[2, 4]",T700,flow_spectral,0.020689066955139432,,,96
6h,2020,North_Atlantic,MAM,"mean over τ∈[2, 4]",U1000,flow_spectral,0.10035393499172418,,,96
6h,2020,North_Atlantic,MAM,"mean over τ∈[2, 4]",U925,flow_spectral,0.0888097473118218,,,96
6h,2020,North_Atlantic,MAM,"mean over τ∈[2, 4]",U850,flow_spectral,0.0897491713550667,,,96
6h,2020,North_Atlantic,MAM,"mean over τ∈[2, 4]",U700,flow_spectral,0.08941355602484873,,,96
6h,2020,North_Atlantic,MAM,"mean over τ∈[2, 4]",V1000,flow_spectral,0.1729690428434203,,,96
6h,2020,North_Atlantic,MAM,"mean over τ∈[2, 4]",V925,flow_spectral,0.1966407895057512,,,96
6h,2020,North_Atlantic,MAM,"mean over τ∈[2, 4]",V850,flow_spectral,0.25681152585817724,,,96
6h,2020,North_Atlantic,MAM,"mean over τ∈[2, 4]",V700,flow_spectral,0.3175820903679097,,,96
6h,2020,North_Atlantic,MAM,"mean over τ∈[2, 4]",Q1000,flow_spectral,0.02228588744221784,,,96
6h,2020,North_Atlantic,MAM,"mean over τ∈[2, 4]",Q925,flow_spectral,0.04075304625744106,,,96
6h,2020,North_Atlantic,MAM,"mean over τ∈[2, 4]",Q850,flow_spectral,0.057859673097889315,,,96
6h,2020,North_Atlantic,MAM,"mean over τ∈[2, 4]",Q700,flow_spectral,0.07590844525448244,,,96
6h,2020,North_Atlantic,MAM,"mean over τ∈[2, 4]",Z1000,flow_spectral,0.023692297377315527,,,96
6h,2020,North_Atlantic,MAM,"mean over τ∈[2, 4]",Z925,flow_spectral,0.018839029157106613,,,96
6h,2020,North_Atlantic,MAM,"mean over τ∈[2, 4]",Z850,flow_spectral,0.01471300583980056,,,96
6h,2020,North_Atlantic,MAM,"mean over τ∈[2, 4]",Z700,flow_spectral,0.009582306455721815,,,96
6h,2020,North_Atlantic,MAM,"mean over τ∈[2, 4]",t2m,flow_spectral,0.02234772138084232,,,96
6h,2020,North_Atlantic,MAM,"mean over τ∈[2, 4]",u10,flow_spectral,0.09636094604539047,,,96
6h,2020,North_Atlantic,MAM,"mean over τ∈[2, 4]",v10,flow_spectral,0.16293905416932694,,,96
6h,2020,North_Atlantic,MAM,"mean over τ∈[2, 4]",mslp,flow_spectral,0.024133247033749403,,,96
6h,2020,North_Atlantic,JJA,"mean over τ∈[2, 4]",T1000,flow_spectral,0.018243755332899833,,,96
6h,2020,North_Atlantic,JJA,"mean over τ∈[2, 4]",T925,flow_spectral,0.019905595796151532,,,96
6h,2020,North_Atlantic,JJA,"mean over τ∈[2, 4]",T850,flow_spectral,0.016465460063101168,,,96
6h,2020,North_Atlantic,JJA,"mean over τ∈[2, 4]",T700,flow_spectral,0.01594133408482657,,,96
6h,2020,North_Atlantic,JJA,"mean over τ∈[2, 4]",U1000,flow_spectral,0.08184837403029378,,,96
6h,2020,North_Atlantic,JJA,"mean over τ∈[2, 4]",U925,flow_spectral,0.07290766792768279,,,96
6h,2020,North_Atlantic,JJA,"mean over τ∈[2, 4]",U850,flow_spectral,0.06827171975280502,,,96
6h,2020,North_Atlantic,JJA,"mean over τ∈[2, 4]",U700,flow_spectral,0.06401787975490755,,,96
6h,2020,North_Atlantic,JJA,"mean over τ∈[2, 4]",V1000,flow_spectral,0.14685572000588926,,,96
6h,2020,North_Atlantic,JJA,"mean over τ∈[2, 4]",V925,flow_spectral,0.16189813752953014,,,96
6h,2020,North_Atlantic,JJA,"mean over τ∈[2, 4]",V850,flow_spectral,0.19516728968590571,,,96
6h,2020,North_Atlantic,JJA,"mean over τ∈[2, 4]",V700,flow_spectral,0.22529750332170514,,,96
6h,2020,North_Atlantic,JJA,"mean over τ∈[2, 4]",Q1000,flow_spectral,0.027170597704544434,,,96
6h,2020,North_Atlantic,JJA,"mean over τ∈[2, 4]",Q925,flow_spectral,0.05130639455151421,,,96
6h,2020,North_Atlantic,JJA,"mean over τ∈[2, 4]",Q850,flow_spectral,0.0571492251883538,,,96
6h,2020,North_Atlantic,JJA,"mean over τ∈[2, 4]",Q700,flow_spectral,0.08546631545510866,,,96
6h,2020,North_Atlantic,JJA,"mean over τ∈[2, 4]",Z1000,flow_spectral,0.019776576166933253,,,96
6h,2020,North_Atlantic,JJA,"mean over τ∈[2, 4]",Z925,flow_spectral,0.015571194211312563,,,96
6h,2020,North_Atlantic,JJA,"mean over τ∈[2, 4]",Z850,flow_spectral,0.012178708255186537,,,96
6h,2020,North_Atlantic,JJA,"mean over τ∈[2, 4]",Z700,flow_spectral,0.00802760350312181,,,96
6h,2020,North_Atlantic,JJA,"mean over τ∈[2, 4]",t2m,flow_spectral,0.022686745099289262,,,96
6h,2020,North_Atlantic,JJA,"mean over τ∈[2, 4]",u10,flow_spectral,0.07853848953890513,,,96
6h,2020,North_Atlantic,JJA,"mean over τ∈[2, 4]",v10,flow_spectral,0.13687983656248,,,96
6h,2020,North_Atlantic,JJA,"mean over τ∈[2, 4]",mslp,flow_spectral,0.019546606877464505,,,96
6h,2020,North_Atlantic,SON,"mean over τ∈[2, 4]",T1000,flow_spectral,0.016271504815104577,,,96
6h,2020,North_Atlantic,SON,"mean over τ∈[2, 4]",T925,flow_spectral,0.017959695223662423,,,96
6h,2020,North_Atlantic,SON,"mean over τ∈[2, 4]",T850,flow_spectral,0.02164527104332816,,,96
6h,2020,North_Atlantic,SON,"mean over τ∈[2, 4]",T700,flow_spectral,0.020930451502892473,,,96
6h,2020,North_Atlantic,SON,"mean over τ∈[2, 4]",U1000,flow_spectral,0.09332293967192552,,,96
6h,2020,North_Atlantic,SON,"mean over τ∈[2, 4]",U925,flow_spectral,0.08463705284611049,,,96
6h,2020,North_Atlantic,SON,"mean over τ∈[2, 4]",U850,flow_spectral,0.08717723126383065,,,96
6h,2020,North_Atlantic,SON,"mean over τ∈[2, 4]",U700,flow_spectral,0.08353293828378283,,,96
6h,2020,North_Atlantic,SON,"mean over τ∈[2, 4]",V1000,flow_spectral,0.165959218086821,,,96
6h,2020,North_Atlantic,SON,"mean over τ∈[2, 4]",V925,flow_spectral,0.19237509162734748,,,96
6h,2020,North_Atlantic,SON,"mean over τ∈[2, 4]",V850,flow_spectral,0.24980554019759083,,,96
6h,2020,North_Atlantic,SON,"mean over τ∈[2, 4]",V700,flow_spectral,0.29975632818294856,,,96
6h,2020,North_Atlantic,SON,"mean over τ∈[2, 4]",Q1000,flow_spectral,0.024926911078717678,,,96
6h,2020,North_Atlantic,SON,"mean over τ∈[2, 4]",Q925,flow_spectral,0.046161802702115506,,,96
6h,2020,North_Atlantic,SON,"mean over τ∈[2, 4]",Q850,flow_spectral,0.06378758128414164,,,96
6h,2020,North_Atlantic,SON,"mean over τ∈[2, 4]",Q700,flow_spectral,0.09488136499654037,,,96
6h,2020,North_Atlantic,SON,"mean over τ∈[2, 4]",Z1000,flow_spectral,0.022840217248127632,,,96
6h,2020,North_Atlantic,SON,"mean over τ∈[2, 4]",Z925,flow_spectral,0.018108973909171912,,,96
6h,2020,North_Atlantic,SON,"mean over τ∈[2, 4]",Z850,flow_spectral,0.014129320216310661,,,96
6h,2020,North_Atlantic,SON,"mean over τ∈[2, 4]",Z700,flow_spectral,0.009314371707603318,,,96
6h,2020,North_Atlantic,SON,"mean over τ∈[2, 4]",t2m,flow_spectral,0.020335761741811915,,,96
6h,2020,North_Atlantic,SON,"mean over τ∈[2, 4]",u10,flow_spectral,0.09129466538775133,,,96
6h,2020,North_Atlantic,SON,"mean over τ∈[2, 4]",v10,flow_spectral,0.1580812731303175,,,96
6h,2020,North_Atlantic,SON,"mean over τ∈[2, 4]",mslp,flow_spectral,0.022916788690412724,,,96
6h,2020,West_Pacific,DJF,"mean over τ∈[2, 4]",T1000,flow_spectral,0.013124408815004842,,,96
6h,2020,West_Pacific,DJF,"mean over τ∈[2, 4]",T925,flow_spectral,0.014477885768750379,,,96
6h,2020,West_Pacific,DJF,"mean over τ∈[2, 4]",T850,flow_spectral,0.022065944269370995,,,96
6h,2020,West_Pacific,DJF,"mean over τ∈[2, 4]",T700,flow_spectral,0.022223743284885876,,,96
6h,2020,West_Pacific,DJF,"mean over τ∈[2, 4]",U1000,flow_spectral,0.09056023133076713,,,96
6h,2020,West_Pacific,DJF,"mean over τ∈[2, 4]",U925,flow_spectral,0.07882855799497566,,,96
6h,2020,West_Pacific,DJF,"mean over τ∈[2, 4]",U850,flow_spectral,0.0859518493399037,,,96
6h,2020,West_Pacific,DJF,"mean over τ∈[2, 4]",U700,flow_spectral,0.09144439618547325,,,96
6h,2020,West_Pacific,DJF,"mean over τ∈[2, 4]",V1000,flow_spectral,0.15736266910341115,,,96
6h,2020,West_Pacific,DJF,"mean over τ∈[2, 4]",V925,flow_spectral,0.17354968959395548,,,96
6h,2020,West_Pacific,DJF,"mean over τ∈[2, 4]",V850,flow_spectral,0.23882304733890125,,,96
6h,2020,West_Pacific,DJF,"mean over τ∈[2, 4]",V700,flow_spectral,0.3120076150504902,,,96
6h,2020,West_Pacific,DJF,"mean over τ∈[2, 4]",Q1000,flow_spectral,0.02229287341800816,,,96
6h,2020,West_Pacific,DJF,"mean over τ∈[2, 4]",Q925,flow_spectral,0.04710660822705238,,,96
6h,2020,West_Pacific,DJF,"mean over τ∈[2, 4]",Q850,flow_spectral,0.07679817930297479,,,96
6h,2020,West_Pacific,DJF,"mean over τ∈[2, 4]",Q700,flow_spectral,0.08907322056542777,,,96
6h,2020,West_Pacific,DJF,"mean over τ∈[2, 4]",Z1000,flow_spectral,0.028603633650127004,,,96
6h,2020,West_Pacific,DJF,"mean over τ∈[2, 4]",Z925,flow_spectral,0.023025672042058097,,,96
6h,2020,West_Pacific,DJF,"mean over τ∈[2, 4]",Z850,flow_spectral,0.018069677704691048,,,96
6h,2020,West_Pacific,DJF,"mean over τ∈[2, 4]",Z700,flow_spectral,0.011754794012518058,,,96
6h,2020,West_Pacific,DJF,"mean over τ∈[2, 4]",t2m,flow_spectral,0.014509771656224517,,,96
6h,2020,West_Pacific,DJF,"mean over τ∈[2, 4]",u10,flow_spectral,0.08922586080876145,,,96
6h,2020,West_Pacific,DJF,"mean over τ∈[2, 4]",v10,flow_spectral,0.15345072183049954,,,96
6h,2020,West_Pacific,DJF,"mean over τ∈[2, 4]",mslp,flow_spectral,0.02853433139971829,,,96
6h,2020,West_Pacific,MAM,"mean over τ∈[2, 4]",T1000,flow_spectral,0.013571581213462745,,,96
6h,2020,West_Pacific,MAM,"mean over τ∈[2, 4]",T925,flow_spectral,0.01643684523661853,,,96
6h,2020,West_Pacific,MAM,"mean over τ∈[2, 4]",T850,flow_spectral,0.02019447541650274,,,96
6h,2020,West_Pacific,MAM,"mean over τ∈[2, 4]",T700,flow_spectral,0.019234475699786938,,,96
6h,2020,West_Pacific,MAM,"mean over τ∈[2, 4]",U1000,flow_spectral,0.08624409362615583,,,96
6h,2020,West_Pacific,MAM,"mean over τ∈[2, 4]",U925,flow_spectral,0.07243069675638351,,,96
6h,2020,West_Pacific,MAM,"mean over τ∈[2, 4]",U850,flow_spectral,0.07362411610883632,,,96
6h,2020,West_Pacific,MAM,"mean over τ∈[2, 4]",U700,flow_spectral,0.07511008692410563,,,96
6h,2020,West_Pacific,MAM,"mean over τ∈[2, 4]",V1000,flow_spectral,0.15162296555724375,,,96
6h,2020,West_Pacific,MAM,"mean over τ∈[2, 4]",V925,flow_spectral,0.16305946500009827,,,96
6h,2020,West_Pacific,MAM,"mean over τ∈[2, 4]",V850,flow_spectral,0.21191538629579837,,,96
6h,2020,West_Pacific,MAM,"mean over τ∈[2, 4]",V700,flow_spectral,0.2696590986362331,,,96
6h,2020,West_Pacific,MAM,"mean over τ∈[2, 4]",Q1000,flow_spectral,0.02179452363982162,,,96
6h,2020,West_Pacific,MAM,"mean over τ∈[2, 4]",Q925,flow_spectral,0.051412538844369464,,,96
6h,2020,West_Pacific,MAM,"mean over τ∈[2, 4]",Q850,flow_spectral,0.06879527840127177,,,96
6h,2020,West_Pacific,MAM,"mean over τ∈[2, 4]",Q700,flow_spectral,0.08843516053751684,,,96
6h,2020,West_Pacific,MAM,"mean over τ∈[2, 4]",Z1000,flow_spectral,0.027004447489771377,,,96
6h,2020,West_Pacific,MAM,"mean over τ∈[2, 4]",Z925,flow_spectral,0.02183741242697803,,,96
6h,2020,West_Pacific,MAM,"mean over τ∈[2, 4]",Z850,flow_spectral,0.017191152045446835,,,96
6h,2020,West_Pacific,MAM,"mean over τ∈[2, 4]",Z700,flow_spectral,0.01127173123709965,,,96
6h,2020,West_Pacific,MAM,"mean over τ∈[2, 4]",t2m,flow_spectral,0.014932856083210934,,,96
6h,2020,West_Pacific,MAM,"mean over τ∈[2, 4]",u10,flow_spectral,0.0830543854608833,,,96
6h,2020,West_Pacific,MAM,"mean over τ∈[2, 4]",v10,flow_spectral,0.14443886797830988,,,96
6h,2020,West_Pacific,MAM,"mean over τ∈[2, 4]",mslp,flow_spectral,0.026614214903214757,,,96
6h,2020,West_Pacific,JJA,"mean over τ∈[2, 4]",T1000,flow_spectral,0.01480961188065886,,,96
6h,2020,West_Pacific,JJA,"mean over τ∈[2, 4]",T925,flow_spectral,0.014961899153400172,,,96
6h,2020,West_Pacific,JJA,"mean over τ∈[2, 4]",T850,flow_spectral,0.014367739804404304,,,96
6h,2020,West_Pacific,JJA,"mean over τ∈[2, 4]",T700,flow_spectral,0.015193787924469664,,,96
6h,2020,West_Pacific,JJA,"mean over τ∈[2, 4]",U1000,flow_spectral,0.07612028980375236,,,96
6h,2020,West_Pacific,JJA,"mean over τ∈[2, 4]",U925,flow_spectral,0.06215252865753711,,,96
6h,2020,West_Pacific,JJA,"mean over τ∈[2, 4]",U850,flow_spectral,0.05843541591837323,,,96
6h,2020,West_Pacific,JJA,"mean over τ∈[2, 4]",U700,flow_spectral,0.05766625648160087,,,96
6h,2020,West_Pacific,JJA,"mean over τ∈[2, 4]",V1000,flow_spectral,0.13365878282446536,,,96
6h,2020,West_Pacific,JJA,"mean over τ∈[2, 4]",V925,flow_spectral,0.1363929174273797,,,96
6h,2020,West_Pacific,JJA,"mean over τ∈[2, 4]",V850,flow_spectral,0.1657847206424206,,,96
6h,2020,West_Pacific,JJA,"mean over τ∈[2, 4]",V700,flow_spectral,0.20689195042634548,,,96
6h,2020,West_Pacific,JJA,"mean over τ∈[2, 4]",Q1000,flow_spectral,0.024676294876549536,,,96
6h,2020,West_Pacific,JJA,"mean over τ∈[2, 4]",Q925,flow_spectral,0.05474315945486381,,,96
6h,2020,West_Pacific,JJA,"mean over τ∈[2, 4]",Q850,flow_spectral,0.05994384647080869,,,96
6h,2020,West_Pacific,JJA,"mean over τ∈[2, 4]",Q700,flow_spectral,0.09271191237317873,,,96
6h,2020,West_Pacific,JJA,"mean over τ∈[2, 4]",Z1000,flow_spectral,0.02249585956422736,,,96
6h,2020,West_Pacific,JJA,"mean over τ∈[2, 4]",Z925,flow_spectral,0.01809981083603006,,,96
6h,2020,West_Pacific,JJA,"mean over τ∈[2, 4]",Z850,flow_spectral,0.01420425166088423,,,96
6h,2020,West_Pacific,JJA,"mean over τ∈[2, 4]",Z700,flow_spectral,0.009311990656781233,,,96
6h,2020,West_Pacific,JJA,"mean over τ∈[2, 4]",t2m,flow_spectral,0.016047893517064087,,,96
6h,2020,West_Pacific,JJA,"mean over τ∈[2, 4]",u10,flow_spectral,0.07455822003001625,,,96
6h,2020,West_Pacific,JJA,"mean over τ∈[2, 4]",v10,flow_spectral,0.13058571771646857,,,96
6h,2020,West_Pacific,JJA,"mean over τ∈[2, 4]",mslp,flow_spectral,0.02156027420681041,,,96
6h,2020,West_Pacific,SON,"mean over τ∈[2, 4]",T1000,flow_spectral,0.014829903689105044,,,96
6h,2020,West_Pacific,SON,"mean over τ∈[2, 4]",T925,flow_spectral,0.014375631081882561,,,96
6h,2020,West_Pacific,SON,"mean over τ∈[2, 4]",T850,flow_spectral,0.01913406365438543,,,96
6h,2020,West_Pacific,SON,"mean over τ∈[2, 4]",T700,flow_spectral,0.018459886548090835,,,96
6h,2020,West_Pacific,SON,"mean over τ∈[2, 4]",U1000,flow_spectral,0.08337076492839683,,,96
6h,2020,West_Pacific,SON,"mean over τ∈[2, 4]",U925,flow_spectral,0.06888656214071619,,,96
6h,2020,West_Pacific,SON,"mean over τ∈[2, 4]",U850,flow_spectral,0.07014817539918627,,,96
6h,2020,West_Pacific,SON,"mean over τ∈[2, 4]",U700,flow_spectral,0.07028716841265344,,,96
6h,2020,West_Pacific,SON,"mean over τ∈[2, 4]",V1000,flow_spectral,0.14668101473704967,,,96
6h,2020,West_Pacific,SON,"mean over τ∈[2, 4]",V925,flow_spectral,0.1545157948072732,,,96
6h,2020,West_Pacific,SON,"mean over τ∈[2, 4]",V850,flow_spectral,0.19882475318505663,,,96
6h,2020,West_Pacific,SON,"mean over τ∈[2, 4]",V700,flow_spectral,0.25012298287181284,,,96
6h,2020,West_Pacific,SON,"mean over τ∈[2, 4]",Q1000,flow_spectral,0.025194353899835046,,,96
6h,2020,West_Pacific,SON,"mean over τ∈[2, 4]",Q925,flow_spectral,0.05401324930878093,,,96
6h,2020,West_Pacific,SON,"mean over τ∈[2, 4]",Q850,flow_spectral,0.06875228961207377,,,96
6h,2020,West_Pacific,SON,"mean over τ∈[2, 4]",Q700,flow_spectral,0.09536657129535428,,,96
6h,2020,West_Pacific,SON,"mean over τ∈[2, 4]",Z1000,flow_spectral,0.025475911932901923,,,96
6h,2020,West_Pacific,SON,"mean over τ∈[2, 4]",Z925,flow_spectral,0.020528890348033502,,,96
6h,2020,West_Pacific,SON,"mean over τ∈[2, 4]",Z850,flow_spectral,0.016144439194469958,,,96
6h,2020,West_Pacific,SON,"mean over τ∈[2, 4]",Z700,flow_spectral,0.0105831081855253,,,96
6h,2020,West_Pacific,SON,"mean over τ∈[2, 4]",t2m,flow_spectral,0.016532089205072587,,,96
6h,2020,West_Pacific,SON,"mean over τ∈[2, 4]",u10,flow_spectral,0.08183621079063343,,,96
6h,2020,West_Pacific,SON,"mean over τ∈[2, 4]",v10,flow_spectral,0.1443318333257905,,,96
6h,2020,West_Pacific,SON,"mean over τ∈[2, 4]",mslp,flow_spectral,0.024692817599253927,,,96
6h,2020,Land,DJF,"mean over τ∈[2, 4]",T1000,flow_spectral,0.015834763027422826,,,96
6h,2020,Land,DJF,"mean over τ∈[2, 4]",T925,flow_spectral,0.01766639111358434,,,96
6h,2020,Land,DJF,"mean over τ∈[2, 4]",T850,flow_spectral,0.020163726305067613,,,96
6h,2020,Land,DJF,"mean over τ∈[2, 4]",T700,flow_spectral,0.016588505600900028,,,96
6h,2020,Land,DJF,"mean over τ∈[2, 4]",U1000,flow_spectral,0.0712221471649673,,,96
6h,2020,Land,DJF,"mean over τ∈[2, 4]",U925,flow_spectral,0.06522919324182133,,,96
6h,2020,Land,DJF,"mean over τ∈[2, 4]",U850,flow_spectral,0.06701007207490195,,,96
6h,2020,Land,DJF,"mean over τ∈[2, 4]",U700,flow_spectral,0.06398408227508559,,,96
6h,2020,Land,DJF,"mean over τ∈[2, 4]",V1000,flow_spectral,0.12188606141484355,,,96
6h,2020,Land,DJF,"mean over τ∈[2, 4]",V925,flow_spectral,0.14509372517101746,,,96
6h,2020,Land,DJF,"mean over τ∈[2, 4]",V850,flow_spectral,0.19107771675599045,,,96
6h,2020,Land,DJF,"mean over τ∈[2, 4]",V700,flow_spectral,0.2271318343978089,,,96
6h,2020,Land,DJF,"mean over τ∈[2, 4]",Q1000,flow_spectral,0.02695838649117037,,,96
6h,2020,Land,DJF,"mean over τ∈[2, 4]",Q925,flow_spectral,0.04104407646812316,,,96
6h,2020,Land,DJF,"mean over τ∈[2, 4]",Q850,flow_spectral,0.055507388706421655,,,96
6h,2020,Land,DJF,"mean over τ∈[2, 4]",Q700,flow_spectral,0.07428671830095139,,,96
6h,2020,Land,DJF,"mean over τ∈[2, 4]",Z1000,flow_spectral,0.023038743534588856,,,96
6h,2020,Land,DJF,"mean over τ∈[2, 4]",Z925,flow_spectral,0.018261837938813245,,,96
6h,2020,Land,DJF,"mean over τ∈[2, 4]",Z850,flow_spectral,0.014246173037182869,,,96
6h,2020,Land,DJF,"mean over τ∈[2, 4]",Z700,flow_spectral,0.009337147675481475,,,96
6h,2020,Land,DJF,"mean over τ∈[2, 4]",t2m,flow_spectral,0.022679870106768512,,,96
6h,2020,Land,DJF,"mean over τ∈[2, 4]",u10,flow_spectral,0.0729564311366305,,,96
6h,2020,Land,DJF,"mean over τ∈[2, 4]",v10,flow_spectral,0.12354282184484788,,,96
6h,2020,Land,DJF,"mean over τ∈[2, 4]",mslp,flow_spectral,0.02320843936250202,,,96
6h,2020,Land,MAM,"mean over τ∈[2, 4]",T1000,flow_spectral,0.016447958700323638,,,96
6h,2020,Land,MAM,"mean over τ∈[2, 4]",T925,flow_spectral,0.017990835221872673,,,96
6h,2020,Land,MAM,"mean over τ∈[2, 4]",T850,flow_spectral,0.020574188225938386,,,96
6h,2020,Land,MAM,"mean over τ∈[2, 4]",T700,flow_spectral,0.017843775110179805,,,96
6h,2020,Land,MAM,"mean over τ∈[2, 4]",U1000,flow_spectral,0.07735888473367564,,,96
6h,2020,Land,MAM,"mean over τ∈[2, 4]",U925,flow_spectral,0.07184241016704838,,,96
6h,2020,Land,MAM,"mean over τ∈[2, 4]",U850,flow_spectral,0.0722827550763808,,,96
6h,2020,Land,MAM,"mean over τ∈[2, 4]",U700,flow_spectral,0.07086462059271809,,,96
6h,2020,Land,MAM,"mean over τ∈[2, 4]",V1000,flow_spectral,0.1331741766459313,,,96
6h,2020,Land,MAM,"mean over τ∈[2, 4]",V925,flow_spectral,0.1620840672621903,,,96
6h,2020,Land,MAM,"mean over τ∈[2, 4]",V850,flow_spectral,0.20923542668217254,,,96
6h,2020,Land,MAM,"mean over τ∈[2, 4]",V700,flow_spectral,0.254696261241478,,,96
6h,2020,Land,MAM,"mean over τ∈[2, 4]",Q1000,flow_spectral,0.027839057545930197,,,96
6h,2020,Land,MAM,"mean over τ∈[2, 4]",Q925,flow_spectral,0.04208705154049214,,,96
6h,2020,Land,MAM,"mean over τ∈[2, 4]",Q850,flow_spectral,0.05585291123780333,,,96
6h,2020,Land,MAM,"mean over τ∈[2, 4]",Q700,flow_spectral,0.07669477398678606,,,96
6h,2020,Land,MAM,"mean over τ∈[2, 4]",Z1000,flow_spectral,0.0238703635705356,,,96
6h,2020,Land,MAM,"mean over τ∈[2, 4]",Z925,flow_spectral,0.019002011226074887,,,96
6h,2020,Land,MAM,"mean over τ∈[2, 4]",Z850,flow_spectral,0.014855860416434953,,,96
6h,2020,Land,MAM,"mean over τ∈[2, 4]",Z700,flow_spectral,0.009805247007073288,,,96
6h,2020,Land,MAM,"mean over τ∈[2, 4]",t2m,flow_spectral,0.02361434543277076,,,96
6h,2020,Land,MAM,"mean over τ∈[2, 4]",u10,flow_spectral,0.07944885157793231,,,96
6h,2020,Land,MAM,"mean over τ∈[2, 4]",v10,flow_spectral,0.13510751530512272,,,96
6h,2020,Land,MAM,"mean over τ∈[2, 4]",mslp,flow_spectral,0.024150514803715432,,,96
6h,2020,Land,JJA,"mean over τ∈[2, 4]",T1000,flow_spectral,0.01727430953238309,,,96
6h,2020,Land,JJA,"mean over τ∈[2, 4]",T925,flow_spectral,0.01787156280708852,,,96
6h,2020,Land,JJA,"mean over τ∈[2, 4]",T850,flow_spectral,0.020188664141629214,,,96
6h,2020,Land,JJA,"mean over τ∈[2, 4]",T700,flow_spectral,0.017972847536204973,,,96
6h,2020,Land,JJA,"mean over τ∈[2, 4]",U1000,flow_spectral,0.0795126741190637,,,96
6h,2020,Land,JJA,"mean over τ∈[2, 4]",U925,flow_spectral,0.07268201543159046,,,96
6h,2020,Land,JJA,"mean over τ∈[2, 4]",U850,flow_spectral,0.0729724906809886,,,96
6h,2020,Land,JJA,"mean over τ∈[2, 4]",U700,flow_spectral,0.07155346759693626,,,96
6h,2020,Land,JJA,"mean over τ∈[2, 4]",V1000,flow_spectral,0.13437318874443027,,,96
6h,2020,Land,JJA,"mean over τ∈[2, 4]",V925,flow_spectral,0.160769064236787,,,96
6h,2020,Land,JJA,"mean over τ∈[2, 4]",V850,flow_spectral,0.20900516911619352,,,96
6h,2020,Land,JJA,"mean over τ∈[2, 4]",V700,flow_spectral,0.2533306925978304,,,96
6h,2020,Land,JJA,"mean over τ∈[2, 4]",Q1000,flow_spectral,0.026232858483354375,,,96
6h,2020,Land,JJA,"mean over τ∈[2, 4]",Q925,flow_spectral,0.03940768534445762,,,96
6h,2020,Land,JJA,"mean over τ∈[2, 4]",Q850,flow_spectral,0.05117486946613758,,,96
6h,2020,Land,JJA,"mean over τ∈[2, 4]",Q700,flow_spectral,0.06851817611212313,,,96
6h,2020,Land,JJA,"mean over τ∈[2, 4]",Z1000,flow_spectral,0.02384616666006486,,,96
6h,2020,Land,JJA,"mean over τ∈[2, 4]",Z925,flow_spectral,0.01895162542257392,,,96
6h,2020,Land,JJA,"mean over τ∈[2, 4]",Z850,flow_spectral,0.01485848047632733,,,96
6h,2020,Land,JJA,"mean over τ∈[2, 4]",Z700,flow_spectral,0.009814065200321742,,,96
6h,2020,Land,JJA,"mean over τ∈[2, 4]",t2m,flow_spectral,0.02411008600605031,,,96
6h,2020,Land,JJA,"mean over τ∈[2, 4]",u10,flow_spectral,0.081546488203403,,,96
6h,2020,Land,JJA,"mean over τ∈[2, 4]",v10,flow_spectral,0.1360243277502855,,,96
6h,2020,Land,JJA,"mean over τ∈[2, 4]",mslp,flow_spectral,0.02450523656628339,,,96
6h,2020,Land,SON,"mean over τ∈[2, 4]",T1000,flow_spectral,0.016915041098074547,,,96
6h,2020,Land,SON,"mean over τ∈[2, 4]",T925,flow_spectral,0.018835983559922224,,,96
6h,2020,Land,SON,"mean over τ∈[2, 4]",T850,flow_spectral,0.021084449608724815,,,96
6h,2020,Land,SON,"mean over τ∈[2, 4]",T700,flow_spectral,0.017100368543191823,,,96
6h,2020,Land,SON,"mean over τ∈[2, 4]",U1000,flow_spectral,0.07686930029181668,,,96
6h,2020,Land,SON,"mean over τ∈[2, 4]",U925,flow_spectral,0.07055133269016226,,,96
6h,2020,Land,SON,"mean over τ∈[2, 4]",U850,flow_spectral,0.07194279669767126,,,96
6h,2020,Land,SON,"mean over τ∈[2, 4]",U700,flow_spectral,0.06845931950790173,,,96
6h,2020,Land,SON,"mean over τ∈[2, 4]",V1000,flow_spectral,0.1295867170077269,,,96
6h,2020,Land,SON,"mean over τ∈[2, 4]",V925,flow_spectral,0.15617445495356336,,,96
6h,2020,Land,SON,"mean over τ∈[2, 4]",V850,flow_spectral,0.20550786889143197,,,96
6h,2020,Land,SON,"mean over τ∈[2, 4]",V700,flow_spectral,0.2446806725027635,,,96
6h,2020,Land,SON,"mean over τ∈[2, 4]",Q1000,flow_spectral,0.02707447745129994,,,96
6h,2020,Land,SON,"mean over τ∈[2, 4]",Q925,flow_spectral,0.042293924793510615,,,96
6h,2020,Land,SON,"mean over τ∈[2, 4]",Q850,flow_spectral,0.05297129473061002,,,96
6h,2020,Land,SON,"mean over τ∈[2, 4]",Q700,flow_spectral,0.07177725770503464,,,96
6h,2020,Land,SON,"mean over τ∈[2, 4]",Z1000,flow_spectral,0.024541885950814874,,,96
6h,2020,Land,SON,"mean over τ∈[2, 4]",Z925,flow_spectral,0.019429165377724215,,,96
6h,2020,Land,SON,"mean over τ∈[2, 4]",Z850,flow_spectral,0.015167247786324098,,,96
6h,2020,Land,SON,"mean over τ∈[2, 4]",Z700,flow_spectral,0.009962824754153906,,,96
6h,2020,Land,SON,"mean over τ∈[2, 4]",t2m,flow_spectral,0.024558707293554787,,,96
6h,2020,Land,SON,"mean over τ∈[2, 4]",u10,flow_spectral,0.07936224370726981,,,96
6h,2020,Land,SON,"mean over τ∈[2, 4]",v10,flow_spectral,0.132229867506901,,,96
6h,2020,Land,SON,"mean over τ∈[2, 4]",mslp,flow_spectral,0.02485646684017224,,,96
6h,2020,Ocean,DJF,"mean over τ∈[2, 4]",T1000,flow_spectral,0.017358156665873106,,,96
6h,2020,Ocean,DJF,"mean over τ∈[2, 4]",T925,flow_spectral,0.01889326888005092,,,96
6h,2020,Ocean,DJF,"mean over τ∈[2, 4]",T850,flow_spectral,0.02104069059076364,,,96
6h,2020,Ocean,DJF,"mean over τ∈[2, 4]",T700,flow_spectral,0.018660036459188456,,,96
6h,2020,Ocean,DJF,"mean over τ∈[2, 4]",U1000,flow_spectral,0.07891768516345979,,,96
6h,2020,Ocean,DJF,"mean over τ∈[2, 4]",U925,flow_spectral,0.07256835466031603,,,96
6h,2020,Ocean,DJF,"mean over τ∈[2, 4]",U850,flow_spectral,0.07351253870219757,,,96
6h,2020,Ocean,DJF,"mean over τ∈[2, 4]",U700,flow_spectral,0.07343574782711497,,,96
6h,2020,Ocean,DJF,"mean over τ∈[2, 4]",V1000,flow_spectral,0.1361226532688868,,,96
6h,2020,Ocean,DJF,"mean over τ∈[2, 4]",V925,flow_spectral,0.16013751669099974,,,96
6h,2020,Ocean,DJF,"mean over τ∈[2, 4]",V850,flow_spectral,0.21108005327580248,,,96
6h,2020,Ocean,DJF,"mean over τ∈[2, 4]",V700,flow_spectral,0.26080135182903647,,,96
6h,2020,Ocean,DJF,"mean over τ∈[2, 4]",Q1000,flow_spectral,0.024792186951554995,,,96
6h,2020,Ocean,DJF,"mean over τ∈[2, 4]",Q925,flow_spectral,0.045477648584324966,,,96
6h,2020,Ocean,DJF,"mean over τ∈[2, 4]",Q850,flow_spectral,0.06241646150150863,,,96
6h,2020,Ocean,DJF,"mean over τ∈[2, 4]",Q700,flow_spectral,0.08030197205810469,,,96
6h,2020,Ocean,DJF,"mean over τ∈[2, 4]",Z1000,flow_spectral,0.02654967631043188,,,96
6h,2020,Ocean,DJF,"mean over τ∈[2, 4]",Z925,flow_spectral,0.020934290901970517,,,96
6h,2020,Ocean,DJF,"mean over τ∈[2, 4]",Z850,flow_spectral,0.016222023534075754,,,96
6h,2020,Ocean,DJF,"mean over τ∈[2, 4]",Z700,flow_spectral,0.01046569016331074,,,96
6h,2020,Ocean,DJF,"mean over τ∈[2, 4]",t2m,flow_spectral,0.026979077535431113,,,96
6h,2020,Ocean,DJF,"mean over τ∈[2, 4]",u10,flow_spectral,0.07937580118553669,,,96
6h,2020,Ocean,DJF,"mean over τ∈[2, 4]",v10,flow_spectral,0.13623408037329565,,,96
6h,2020,Ocean,DJF,"mean over τ∈[2, 4]",mslp,flow_spectral,0.026945042915544448,,,96
6h,2020,Ocean,MAM,"mean over τ∈[2, 4]",T1000,flow_spectral,0.019185911792261326,,,96
6h,2020,Ocean,MAM,"mean over τ∈[2, 4]",T925,flow_spectral,0.019756299698829256,,,96
6h,2020,Ocean,MAM,"mean over τ∈[2, 4]",T850,flow_spectral,0.021051290448167517,,,96
6h,2020,Ocean,MAM,"mean over τ∈[2, 4]",T700,flow_spectral,0.018467348210088587,,,96
6h,2020,Ocean,MAM,"mean over τ∈[2, 4]",U1000,flow_spectral,0.08115616718910788,,,96
6h,2020,Ocean,MAM,"mean over τ∈[2, 4]",U925,flow_spectral,0.07498107918835262,,,96
6h,2020,Ocean,MAM,"mean over τ∈[2, 4]",U850,flow_spectral,0.07501085161552526,,,96
6h,2020,Ocean,MAM,"mean over τ∈[2, 4]",U700,flow_spectral,0.07294813564098418,,,96
6h,2020,Ocean,MAM,"mean over τ∈[2, 4]",V1000,flow_spectral,0.13926657099197265,,,96
6h,2020,Ocean,MAM,"mean over τ∈[2, 4]",V925,flow_spectral,0.1658609611219881,,,96
6h,2020,Ocean,MAM,"mean over τ∈[2, 4]",V850,flow_spectral,0.2146392828267926,,,96
6h,2020,Ocean,MAM,"mean over τ∈[2, 4]",V700,flow_spectral,0.2583758486830126,,,96
6h,2020,Ocean,MAM,"mean over τ∈[2, 4]",Q1000,flow_spectral,0.028168753142037366,,,96
6h,2020,Ocean,MAM,"mean over τ∈[2, 4]",Q925,flow_spectral,0.049022081098585045,,,96
6h,2020,Ocean,MAM,"mean over τ∈[2, 4]",Q850,flow_spectral,0.06307687775156791,,,96
6h,2020,Ocean,MAM,"mean over τ∈[2, 4]",Q700,flow_spectral,0.08214703218037007,,,96
6h,2020,Ocean,MAM,"mean over τ∈[2, 4]",Z1000,flow_spectral,0.026481714564943182,,,96
6h,2020,Ocean,MAM,"mean over τ∈[2, 4]",Z925,flow_spectral,0.020803187790278285,,,96
6h,2020,Ocean,MAM,"mean over τ∈[2, 4]",Z850,flow_spectral,0.016049711940869453,,,96
6h,2020,Ocean,MAM,"mean over τ∈[2, 4]",Z700,flow_spectral,0.010318314208060226,,,96
6h,2020,Ocean,MAM,"mean over τ∈[2, 4]",t2m,flow_spectral,0.030962688660085273,,,96
6h,2020,Ocean,MAM,"mean over τ∈[2, 4]",u10,flow_spectral,0.08174550501136686,,,96
6h,2020,Ocean,MAM,"mean over τ∈[2, 4]",v10,flow_spectral,0.13971973007675423,,,96
6h,2020,Ocean,MAM,"mean over τ∈[2, 4]",mslp,flow_spectral,0.026775425687453173,,,96
6h,2020,Ocean,JJA,"mean over τ∈[2, 4]",T1000,flow_spectral,0.01907142637573071,,,96
6h,2020,Ocean,JJA,"mean over τ∈[2, 4]",T925,flow_spectral,0.019544018480820626,,,96
6h,2020,Ocean,JJA,"mean over τ∈[2, 4]",T850,flow_spectral,0.020001405700996587,,,96
6h,2020,Ocean,JJA,"mean over τ∈[2, 4]",T700,flow_spectral,0.017660382747042572,,,96
6h,2020,Ocean,JJA,"mean over τ∈[2, 4]",U1000,flow_spectral,0.07885440886108135,,,96
6h,2020,Ocean,JJA,"mean over τ∈[2, 4]",U925,flow_spectral,0.0733984962122963,,,96
6h,2020,Ocean,JJA,"mean over τ∈[2, 4]",U850,flow_spectral,0.07243633482247099,,,96
6h,2020,Ocean,JJA,"mean over τ∈[2, 4]",U700,flow_spectral,0.06871566960653852,,,96
6h,2020,Ocean,JJA,"mean over τ∈[2, 4]",V1000,flow_spectral,0.135956977927708,,,96
6h,2020,Ocean,JJA,"mean over τ∈[2, 4]",V925,flow_spectral,0.16083214450094896,,,96
6h,2020,Ocean,JJA,"mean over τ∈[2, 4]",V850,flow_spectral,0.20558238146738797,,,96
6h,2020,Ocean,JJA,"mean over τ∈[2, 4]",V700,flow_spectral,0.24180381234510834,,,96
6h,2020,Ocean,JJA,"mean over τ∈[2, 4]",Q1000,flow_spectral,0.03184573232932812,,,96
6h,2020,Ocean,JJA,"mean over τ∈[2, 4]",Q925,flow_spectral,0.04892462673941993,,,96
6h,2020,Ocean,JJA,"mean over τ∈[2, 4]",Q850,flow_spectral,0.06374296836388835,,,96
6h,2020,Ocean,JJA,"mean over τ∈[2, 4]",Q700,flow_spectral,0.08421815184167429,,,96
6h,2020,Ocean,JJA,"mean over τ∈[2, 4]",Z1000,flow_spectral,0.025509540895778074,,,96
6h,2020,Ocean,JJA,"mean over τ∈[2, 4]",Z925,flow_spectral,0.020031410636753746,,,96
6h,2020,Ocean,JJA,"mean over τ∈[2, 4]",Z850,flow_spectral,0.015469224259962916,,,96
6h,2020,Ocean,JJA,"mean over τ∈[2, 4]",Z700,flow_spectral,0.009883815466291758,,,96
6h,2020,Ocean,JJA,"mean over τ∈[2, 4]",t2m,flow_spectral,0.03082101108011283,,,96
6h,2020,Ocean,JJA,"mean over τ∈[2, 4]",u10,flow_spectral,0.0802180012138964,,,96
6h,2020,Ocean,JJA,"mean over τ∈[2, 4]",v10,flow_spectral,0.13743821020032385,,,96
6h,2020,Ocean,JJA,"mean over τ∈[2, 4]",mslp,flow_spectral,0.025701046876151164,,,96
6h,2020,Ocean,SON,"mean over τ∈[2, 4]",T1000,flow_spectral,0.01750833692405418,,,96
6h,2020,Ocean,SON,"mean over τ∈[2, 4]",T925,flow_spectral,0.018489670895374878,,,96
6h,2020,Ocean,SON,"mean over τ∈[2, 4]",T850,flow_spectral,0.020697711607120767,,,96
6h,2020,Ocean,SON,"mean over τ∈[2, 4]",T700,flow_spectral,0.017917844757416927,,,96
6h,2020,Ocean,SON,"mean over τ∈[2, 4]",U1000,flow_spectral,0.07699738471488742,,,96
6h,2020,Ocean,SON,"mean over τ∈[2, 4]",U925,flow_spectral,0.0708217304507704,,,96
6h,2020,Ocean,SON,"mean over τ∈[2, 4]",U850,flow_spectral,0.07153899796712791,,,96
6h,2020,Ocean,SON,"mean over τ∈[2, 4]",U700,flow_spectral,0.06891178961665659,,,96
6h,2020,Ocean,SON,"mean over τ∈[2, 4]",V1000,flow_spectral,0.13379253482431283,,,96
6h,2020,Ocean,SON,"mean over τ∈[2, 4]",V925,flow_spectral,0.15753823004245376,,,96
6h,2020,Ocean,SON,"mean over τ∈[2, 4]",V850,flow_spectral,0.20454610975100282,,,96
6h,2020,Ocean,SON,"mean over τ∈[2, 4]",V700,flow_spectral,0.24541402688929004,,,96
6h,2020,Ocean,SON,"mean over τ∈[2, 4]",Q1000,flow_spectral,0.027557027947242414,,,96
6h,2020,Ocean,SON,"mean over τ∈[2, 4]",Q925,flow_spectral,0.0465306597504225,,,96
6h,2020,Ocean,SON,"mean over τ∈[2, 4]",Q850,flow_spectral,0.06178799099196739,,,96
6h,2020,Ocean,SON,"mean over τ∈[2, 4]",Q700,flow_spectral,0.08035404295730054,,,96
6h,2020,Ocean,SON,"mean over τ∈[2, 4]",Z1000,flow_spectral,0.026158171270826286,,,96
6h,2020,Ocean,SON,"mean over τ∈[2, 4]",Z925,flow_spectral,0.020696563053781935,,,96
6h,2020,Ocean,SON,"mean over τ∈[2, 4]",Z850,flow_spectral,0.01602738559187971,,,96
6h,2020,Ocean,SON,"mean over τ∈[2, 4]",Z700,flow_spectral,0.010338287615365633,,,96
6h,2020,Ocean,SON,"mean over τ∈[2, 4]",t2m,flow_spectral,0.029162937967511824,,,96
6h,2020,Ocean,SON,"mean over τ∈[2, 4]",u10,flow_spectral,0.07763832237328877,,,96
6h,2020,Ocean,SON,"mean over τ∈[2, 4]",v10,flow_spectral,0.13384434381350271,,,96
6h,2020,Ocean,SON,"mean over τ∈[2, 4]",mslp,flow_spectral,0.026387424479189472,,,96
6h,2020,Tropics,DJF,"mean over τ∈[2, 4]",T1000,refine,0.016917723717935956,,,96
6h,2020,Tropics,DJF,"mean over τ∈[2, 4]",T925,refine,0.017251148308943757,,,96
6h,2020,Tropics,DJF,"mean over τ∈[2, 4]",T850,refine,0.019920672922425973,,,96
6h,2020,Tropics,DJF,"mean over τ∈[2, 4]",T700,refine,0.01654676150299906,,,96
6h,2020,Tropics,DJF,"mean over τ∈[2, 4]",U1000,refine,0.06308076362158604,,,96
6h,2020,Tropics,DJF,"mean over τ∈[2, 4]",U925,refine,0.05668806530977732,,,96
6h,2020,Tropics,DJF,"mean over τ∈[2, 4]",U850,refine,0.056337977742147445,,,96
6h,2020,Tropics,DJF,"mean over τ∈[2, 4]",U700,refine,0.052806730425707236,,,96
6h,2020,Tropics,DJF,"mean over τ∈[2, 4]",V1000,refine,0.1088524171552787,,,96
6h,2020,Tropics,DJF,"mean over τ∈[2, 4]",V925,refine,0.12217937500917046,,,96
6h,2020,Tropics,DJF,"mean over τ∈[2, 4]",V850,refine,0.15946529703695528,,,96
6h,2020,Tropics,DJF,"mean over τ∈[2, 4]",V700,refine,0.1866361995361043,,,96
6h,2020,Tropics,DJF,"mean over τ∈[2, 4]",Q1000,refine,0.03101129200519142,,,96
6h,2020,Tropics,DJF,"mean over τ∈[2, 4]",Q925,refine,0.05521044874576028,,,96
6h,2020,Tropics,DJF,"mean over τ∈[2, 4]",Q850,refine,0.07342232929134974,,,96
6h,2020,Tropics,DJF,"mean over τ∈[2, 4]",Q700,refine,0.0917017526349708,,,96
6h,2020,Tropics,DJF,"mean over τ∈[2, 4]",Z1000,refine,0.022903808465976203,,,96
6h,2020,Tropics,DJF,"mean over τ∈[2, 4]",Z925,refine,0.01828085885894747,,,96
6h,2020,Tropics,DJF,"mean over τ∈[2, 4]",Z850,refine,0.014300612223198688,,,96
6h,2020,Tropics,DJF,"mean over τ∈[2, 4]",Z700,refine,0.00930714602861726,,,96
6h,2020,Tropics,DJF,"mean over τ∈[2, 4]",t2m,refine,0.0252432008455047,,,96
6h,2020,Tropics,DJF,"mean over τ∈[2, 4]",u10,refine,0.06437395016970142,,,96
6h,2020,Tropics,DJF,"mean over τ∈[2, 4]",v10,refine,0.11292260638646097,,,96
6h,2020,Tropics,DJF,"mean over τ∈[2, 4]",mslp,refine,0.02216729684651389,,,96
6h,2020,Tropics,MAM,"mean over τ∈[2, 4]",T1000,refine,0.016998039789643336,,,96
6h,2020,Tropics,MAM,"mean over τ∈[2, 4]",T925,refine,0.018174942122567067,,,96
6h,2020,Tropics,MAM,"mean over τ∈[2, 4]",T850,refine,0.019744684282576794,,,96
6h,2020,Tropics,MAM,"mean over τ∈[2, 4]",T700,refine,0.0163990797465183,,,96
6h,2020,Tropics,MAM,"mean over τ∈[2, 4]",U1000,refine,0.0626400984129847,,,96
6h,2020,Tropics,MAM,"mean over τ∈[2, 4]",U925,refine,0.057115985503340114,,,96
6h,2020,Tropics,MAM,"mean over τ∈[2, 4]",U850,refine,0.05608716303155636,,,96
6h,2020,Tropics,MAM,"mean over τ∈[2, 4]",U700,refine,0.0538031242329284,,,96
6h,2020,Tropics,MAM,"mean over τ∈[2, 4]",V1000,refine,0.10877358568979484,,,96
6h,2020,Tropics,MAM,"mean over τ∈[2, 4]",V925,refine,0.1242990533152006,,,96
6h,2020,Tropics,MAM,"mean over τ∈[2, 4]",V850,refine,0.15856664209669227,,,96
6h,2020,Tropics,MAM,"mean over τ∈[2, 4]",V700,refine,0.18825956876370192,,,96
6h,2020,Tropics,MAM,"mean over τ∈[2, 4]",Q1000,refine,0.03214199071318046,,,96
6h,2020,Tropics,MAM,"mean over τ∈[2, 4]",Q925,refine,0.05950684191945126,,,96
6h,2020,Tropics,MAM,"mean over τ∈[2, 4]",Q850,refine,0.0734121190448168,,,96
6h,2020,Tropics,MAM,"mean over τ∈[2, 4]",Q700,refine,0.09465868000453463,,,96
6h,2020,Tropics,MAM,"mean over τ∈[2, 4]",Z1000,refine,0.022747365187508094,,,96
6h,2020,Tropics,MAM,"mean over τ∈[2, 4]",Z925,refine,0.018150263972001444,,,96
6h,2020,Tropics,MAM,"mean over τ∈[2, 4]",Z850,refine,0.01418706608146334,,,96
6h,2020,Tropics,MAM,"mean over τ∈[2, 4]",Z700,refine,0.00926857351654862,,,96
6h,2020,Tropics,MAM,"mean over τ∈[2, 4]",t2m,refine,0.02500959669788013,,,96
6h,2020,Tropics,MAM,"mean over τ∈[2, 4]",u10,refine,0.06424655016729974,,,96
6h,2020,Tropics,MAM,"mean over τ∈[2, 4]",v10,refine,0.11313120499792018,,,96
6h,2020,Tropics,MAM,"mean over τ∈[2, 4]",mslp,refine,0.021997580207732733,,,96
6h,2020,Tropics,JJA,"mean over τ∈[2, 4]",T1000,refine,0.016251821623912376,,,96
6h,2020,Tropics,JJA,"mean over τ∈[2, 4]",T925,refine,0.016854386698182993,,,96
6h,2020,Tropics,JJA,"mean over τ∈[2, 4]",T850,refine,0.01914266962708876,,,96
6h,2020,Tropics,JJA,"mean over τ∈[2, 4]",T700,refine,0.01662767745544616,,,96
6h,2020,Tropics,JJA,"mean over τ∈[2, 4]",U1000,refine,0.06361998929291347,,,96
6h,2020,Tropics,JJA,"mean over τ∈[2, 4]",U925,refine,0.058004889353692524,,,96
6h,2020,Tropics,JJA,"mean over τ∈[2, 4]",U850,refine,0.05745509746985977,,,96
6h,2020,Tropics,JJA,"mean over τ∈[2, 4]",U700,refine,0.055005653773203156,,,96
6h,2020,Tropics,JJA,"mean over τ∈[2, 4]",V1000,refine,0.10859013548095378,,,96
6h,2020,Tropics,JJA,"mean over τ∈[2, 4]",V925,refine,0.12351158770734098,,,96
6h,2020,Tropics,JJA,"mean over τ∈[2, 4]",V850,refine,0.16120558158798928,,,96
6h,2020,Tropics,JJA,"mean over τ∈[2, 4]",V700,refine,0.1890625209909321,,,96
6h,2020,Tropics,JJA,"mean over τ∈[2, 4]",Q1000,refine,0.029995197074258014,,,96
6h,2020,Tropics,JJA,"mean over τ∈[2, 4]",Q925,refine,0.052469664824704276,,,96
6h,2020,Tropics,JJA,"mean over τ∈[2, 4]",Q850,refine,0.06907199960996094,,,96
6h,2020,Tropics,JJA,"mean over τ∈[2, 4]",Q700,refine,0.08843630101912489,,,96
6h,2020,Tropics,JJA,"mean over τ∈[2, 4]",Z1000,refine,0.022064030114755162,,,96
6h,2020,Tropics,JJA,"mean over τ∈[2, 4]",Z925,refine,0.017626420855190977,,,96
6h,2020,Tropics,JJA,"mean over τ∈[2, 4]",Z850,refine,0.013796023219625182,,,96
6h,2020,Tropics,JJA,"mean over τ∈[2, 4]",Z700,refine,0.009016490901752659,,,96
6h,2020,Tropics,JJA,"mean over τ∈[2, 4]",t2m,refine,0.023416600379079038,,,96
6h,2020,Tropics,JJA,"mean over τ∈[2, 4]",u10,refine,0.06497198682032121,,,96
6h,2020,Tropics,JJA,"mean over τ∈[2, 4]",v10,refine,0.11197762258094866,,,96
6h,2020,Tropics,JJA,"mean over τ∈[2, 4]",mslp,refine,0.021364539879562203,,,96
6h,2020,Tropics,SON,"mean over τ∈[2, 4]",T1000,refine,0.017078086259421903,,,96
6h,2020,Tropics,SON,"mean over τ∈[2, 4]",T925,refine,0.017931195228673903,,,96
6h,2020,Tropics,SON,"mean over τ∈[2, 4]",T850,refine,0.01989573885706117,,,96
6h,2020,Tropics,SON,"mean over τ∈[2, 4]",T700,refine,0.01614162375524746,,,96
6h,2020,Tropics,SON,"mean over τ∈[2, 4]",U1000,refine,0.06256906401667137,,,96
6h,2020,Tropics,SON,"mean over τ∈[2, 4]",U925,refine,0.056716893159923586,,,96
6h,2020,Tropics,SON,"mean over τ∈[2, 4]",U850,refine,0.05694057273052009,,,96
6h,2020,Tropics,SON,"mean over τ∈[2, 4]",U700,refine,0.05287766484930219,,,96
6h,2020,Tropics,SON,"mean over τ∈[2, 4]",V1000,refine,0.1069600445531612,,,96
6h,2020,Tropics,SON,"mean over τ∈[2, 4]",V925,refine,0.12147894683769248,,,96
6h,2020,Tropics,SON,"mean over τ∈[2, 4]",V850,refine,0.1584202878641418,,,96
6h,2020,Tropics,SON,"mean over τ∈[2, 4]",V700,refine,0.18610828850783068,,,96
6h,2020,Tropics,SON,"mean over τ∈[2, 4]",Q1000,refine,0.03200527309753563,,,96
6h,2020,Tropics,SON,"mean over τ∈[2, 4]",Q925,refine,0.05551988667008986,,,96
6h,2020,Tropics,SON,"mean over τ∈[2, 4]",Q850,refine,0.0710376809754522,,,96
6h,2020,Tropics,SON,"mean over τ∈[2, 4]",Q700,refine,0.0896638907142895,,,96
6h,2020,Tropics,SON,"mean over τ∈[2, 4]",Z1000,refine,0.02297279782371713,,,96
6h,2020,Tropics,SON,"mean over τ∈[2, 4]",Z925,refine,0.018314912634842844,,,96
6h,2020,Tropics,SON,"mean over τ∈[2, 4]",Z850,refine,0.014308308207839208,,,96
6h,2020,Tropics,SON,"mean over τ∈[2, 4]",Z700,refine,0.009343172583053028,,,96
6h,2020,Tropics,SON,"mean over τ∈[2, 4]",t2m,refine,0.025490942767443316,,,96
6h,2020,Tropics,SON,"mean over τ∈[2, 4]",u10,refine,0.06431020334906948,,,96
6h,2020,Tropics,SON,"mean over τ∈[2, 4]",v10,refine,0.11136738808244596,,,96
6h,2020,Tropics,SON,"mean over τ∈[2, 4]",mslp,refine,0.022218703923452036,,,96
6h,2020,N-Extra,DJF,"mean over τ∈[2, 4]",T1000,refine,0.021201764997174914,,,96
6h,2020,N-Extra,DJF,"mean over τ∈[2, 4]",T925,refine,0.02286346352978647,,,96
6h,2020,N-Extra,DJF,"mean over τ∈[2, 4]",T850,refine,0.02533880080292542,,,96
6h,2020,N-Extra,DJF,"mean over τ∈[2, 4]",T700,refine,0.023970052113152923,,,96
6h,2020,N-Extra,DJF,"mean over τ∈[2, 4]",U1000,refine,0.09407204554164038,,,96
6h,2020,N-Extra,DJF,"mean over τ∈[2, 4]",U925,refine,0.08574313831440292,,,96
6h,2020,N-Extra,DJF,"mean over τ∈[2, 4]",U850,refine,0.08985841875276096,,,96
6h,2020,N-Extra,DJF,"mean over τ∈[2, 4]",U700,refine,0.09482919206040086,,,96
6h,2020,N-Extra,DJF,"mean over τ∈[2, 4]",V1000,refine,0.1611335797123032,,,96
6h,2020,N-Extra,DJF,"mean over τ∈[2, 4]",V925,refine,0.19098433499013784,,,96
6h,2020,N-Extra,DJF,"mean over τ∈[2, 4]",V850,refine,0.2570296872423854,,,96
6h,2020,N-Extra,DJF,"mean over τ∈[2, 4]",V700,refine,0.33391146382199716,,,96
6h,2020,N-Extra,DJF,"mean over τ∈[2, 4]",Q1000,refine,0.02068483075484529,,,96
6h,2020,N-Extra,DJF,"mean over τ∈[2, 4]",Q925,refine,0.03461986760978273,,,96
6h,2020,N-Extra,DJF,"mean over τ∈[2, 4]",Q850,refine,0.049864003491017085,,,96
6h,2020,N-Extra,DJF,"mean over τ∈[2, 4]",Q700,refine,0.06958819740729967,,,96
6h,2020,N-Extra,DJF,"mean over τ∈[2, 4]",Z1000,refine,0.028052519881337435,,,96
6h,2020,N-Extra,DJF,"mean over τ∈[2, 4]",Z925,refine,0.021694455277283867,,,96
6h,2020,N-Extra,DJF,"mean over τ∈[2, 4]",Z850,refine,0.016512864748360386,,,96
6h,2020,N-Extra,DJF,"mean over τ∈[2, 4]",Z700,refine,0.010265146083292815,,,96
6h,2020,N-Extra,DJF,"mean over τ∈[2, 4]",t2m,refine,0.039013860453494836,,,96
6h,2020,N-Extra,DJF,"mean over τ∈[2, 4]",u10,refine,0.09371417705073767,,,96
6h,2020,N-Extra,DJF,"mean over τ∈[2, 4]",v10,refine,0.15873125725219353,,,96
6h,2020,N-Extra,DJF,"mean over τ∈[2, 4]",mslp,refine,0.02928682594095519,,,96
6h,2020,N-Extra,MAM,"mean over τ∈[2, 4]",T1000,refine,0.024613239635219678,,,96
6h,2020,N-Extra,MAM,"mean over τ∈[2, 4]",T925,refine,0.0244596413803001,,,96
6h,2020,N-Extra,MAM,"mean over τ∈[2, 4]",T850,refine,0.024982795340672822,,,96
6h,2020,N-Extra,MAM,"mean over τ∈[2, 4]",T700,refine,0.023123491209079073,,,96
6h,2020,N-Extra,MAM,"mean over τ∈[2, 4]",U1000,refine,0.09758939232633582,,,96
6h,2020,N-Extra,MAM,"mean over τ∈[2, 4]",U925,refine,0.09106823075068075,,,96
6h,2020,N-Extra,MAM,"mean over τ∈[2, 4]",U850,refine,0.0932543152836029,,,96
6h,2020,N-Extra,MAM,"mean over τ∈[2, 4]",U700,refine,0.09251037667799625,,,96
6h,2020,N-Extra,MAM,"mean over τ∈[2, 4]",V1000,refine,0.16660642223874694,,,96
6h,2020,N-Extra,MAM,"mean over τ∈[2, 4]",V925,refine,0.20107230375374452,,,96
6h,2020,N-Extra,MAM,"mean over τ∈[2, 4]",V850,refine,0.26555415824880024,,,96
6h,2020,N-Extra,MAM,"mean over τ∈[2, 4]",V700,refine,0.32599203032759194,,,96
6h,2020,N-Extra,MAM,"mean over τ∈[2, 4]",Q1000,refine,0.030361432397417853,,,96
6h,2020,N-Extra,MAM,"mean over τ∈[2, 4]",Q925,refine,0.04269021065794608,,,96
6h,2020,N-Extra,MAM,"mean over τ∈[2, 4]",Q850,refine,0.05671373117516529,,,96
6h,2020,N-Extra,MAM,"mean over τ∈[2, 4]",Q700,refine,0.07995864718968618,,,96
6h,2020,N-Extra,MAM,"mean over τ∈[2, 4]",Z1000,refine,0.02610611118261298,,,96
6h,2020,N-Extra,MAM,"mean over τ∈[2, 4]",Z925,refine,0.019962107217658134,,,96
6h,2020,N-Extra,MAM,"mean over τ∈[2, 4]",Z850,refine,0.015053541723576664,,,96
6h,2020,N-Extra,MAM,"mean over τ∈[2, 4]",Z700,refine,0.009325840944131062,,,96
6h,2020,N-Extra,MAM,"mean over τ∈[2, 4]",t2m,refine,0.048218344029136856,,,96
6h,2020,N-Extra,MAM,"mean over τ∈[2, 4]",u10,refine,0.09777366945212475,,,96
6h,2020,N-Extra,MAM,"mean over τ∈[2, 4]",v10,refine,0.16553267789880646,,,96
6h,2020,N-Extra,MAM,"mean over τ∈[2, 4]",mslp,refine,0.02660409374434267,,,96
6h,2020,N-Extra,JJA,"mean over τ∈[2, 4]",T1000,refine,0.023661090720569277,,,96
6h,2020,N-Extra,JJA,"mean over τ∈[2, 4]",T925,refine,0.02424231635393258,,,96
6h,2020,N-Extra,JJA,"mean over τ∈[2, 4]",T850,refine,0.0219663764240998,,,96
6h,2020,N-Extra,JJA,"mean over τ∈[2, 4]",T700,refine,0.020107568540682033,,,96
6h,2020,N-Extra,JJA,"mean over τ∈[2, 4]",U1000,refine,0.08751256703846226,,,96
6h,2020,N-Extra,JJA,"mean over τ∈[2, 4]",U925,refine,0.08257312554935306,,,96
6h,2020,N-Extra,JJA,"mean over τ∈[2, 4]",U850,refine,0.081899116040487,,,96
6h,2020,N-Extra,JJA,"mean over τ∈[2, 4]",U700,refine,0.07662466004662984,,,96
6h,2020,N-Extra,JJA,"mean over τ∈[2, 4]",V1000,refine,0.1514441584164393,,,96
6h,2020,N-Extra,JJA,"mean over τ∈[2, 4]",V925,refine,0.18068191589385948,,,96
6h,2020,N-Extra,JJA,"mean over τ∈[2, 4]",V850,refine,0.2313152635619243,,,96
6h,2020,N-Extra,JJA,"mean over τ∈[2, 4]",V700,refine,0.2706068061650786,,,96
6h,2020,N-Extra,JJA,"mean over τ∈[2, 4]",Q1000,refine,0.04040029543772053,,,96
6h,2020,N-Extra,JJA,"mean over τ∈[2, 4]",Q925,refine,0.054859489037806006,,,96
6h,2020,N-Extra,JJA,"mean over τ∈[2, 4]",Q850,refine,0.06824338958126885,,,96
6h,2020,N-Extra,JJA,"mean over τ∈[2, 4]",Q700,refine,0.0988761079128074,,,96
6h,2020,N-Extra,JJA,"mean over τ∈[2, 4]",Z1000,refine,0.02410953034601107,,,96
6h,2020,N-Extra,JJA,"mean over τ∈[2, 4]",Z925,refine,0.01850631515128347,,,96
6h,2020,N-Extra,JJA,"mean over τ∈[2, 4]",Z850,refine,0.01398166805004677,,,96
6h,2020,N-Extra,JJA,"mean over τ∈[2, 4]",Z700,refine,0.008587354548155028,,,96
6h,2020,N-Extra,JJA,"mean over τ∈[2, 4]",t2m,refine,0.046897717162135324,,,96
6h,2020,N-Extra,JJA,"mean over τ∈[2, 4]",u10,refine,0.08983896819270086,,,96
6h,2020,N-Extra,JJA,"mean over τ∈[2, 4]",v10,refine,0.15457865236387452,,,96
6h,2020,N-Extra,JJA,"mean over τ∈[2, 4]",mslp,refine,0.023720140225494915,,,96
6h,2020,N-Extra,SON,"mean over τ∈[2, 4]",T1000,refine,0.02131913289554589,,,96
6h,2020,N-Extra,SON,"mean over τ∈[2, 4]",T925,refine,0.02157826476466058,,,96
6h,2020,N-Extra,SON,"mean over τ∈[2, 4]",T850,refine,0.023013615638007537,,,96
6h,2020,N-Extra,SON,"mean over τ∈[2, 4]",T700,refine,0.021704948971418263,,,96
6h,2020,N-Extra,SON,"mean over τ∈[2, 4]",U1000,refine,0.08695534412084364,,,96
6h,2020,N-Extra,SON,"mean over τ∈[2, 4]",U925,refine,0.07950406236621635,,,96
6h,2020,N-Extra,SON,"mean over τ∈[2, 4]",U850,refine,0.08159204946846389,,,96
6h,2020,N-Extra,SON,"mean over τ∈[2, 4]",U700,refine,0.08058640371541567,,,96
6h,2020,N-Extra,SON,"mean over τ∈[2, 4]",V1000,refine,0.15080511662383492,,,96
6h,2020,N-Extra,SON,"mean over τ∈[2, 4]",V925,refine,0.1783965284355401,,,96
6h,2020,N-Extra,SON,"mean over τ∈[2, 4]",V850,refine,0.2337023702717752,,,96
6h,2020,N-Extra,SON,"mean over τ∈[2, 4]",V700,refine,0.28598227245930224,,,96
6h,2020,N-Extra,SON,"mean over τ∈[2, 4]",Q1000,refine,0.02947008623185283,,,96
6h,2020,N-Extra,SON,"mean over τ∈[2, 4]",Q925,refine,0.04471243875621707,,,96
6h,2020,N-Extra,SON,"mean over τ∈[2, 4]",Q850,refine,0.059037724095659036,,,96
6h,2020,N-Extra,SON,"mean over τ∈[2, 4]",Q700,refine,0.08616273706904984,,,96
6h,2020,N-Extra,SON,"mean over τ∈[2, 4]",Z1000,refine,0.024441566093706735,,,96
6h,2020,N-Extra,SON,"mean over τ∈[2, 4]",Z925,refine,0.018961969841813326,,,96
6h,2020,N-Extra,SON,"mean over τ∈[2, 4]",Z850,refine,0.014441436006997427,,,96
6h,2020,N-Extra,SON,"mean over τ∈[2, 4]",Z700,refine,0.008959448479812336,,,96
6h,2020,N-Extra,SON,"mean over τ∈[2, 4]",t2m,refine,0.04436801414227431,,,96
6h,2020,N-Extra,SON,"mean over τ∈[2, 4]",u10,refine,0.08706866170207093,,,96
6h,2020,N-Extra,SON,"mean over τ∈[2, 4]",v10,refine,0.1495640255092475,,,96
6h,2020,N-Extra,SON,"mean over τ∈[2, 4]",mslp,refine,0.024721502369148007,,,96
6h,2020,S-Extra,DJF,"mean over τ∈[2, 4]",T1000,refine,0.013254446148814868,,,96
6h,2020,S-Extra,DJF,"mean over τ∈[2, 4]",T925,refine,0.01771149459210434,,,96
6h,2020,S-Extra,DJF,"mean over τ∈[2, 4]",T850,refine,0.021341842220383125,,,96
6h,2020,S-Extra,DJF,"mean over τ∈[2, 4]",T700,refine,0.017700356103006458,,,96
6h,2020,S-Extra,DJF,"mean over τ∈[2, 4]",U1000,refine,0.07490334644313773,,,96
6h,2020,S-Extra,DJF,"mean over τ∈[2, 4]",U925,refine,0.06737173972151606,,,96
6h,2020,S-Extra,DJF,"mean over τ∈[2, 4]",U850,refine,0.06949181355911419,,,96
6h,2020,S-Extra,DJF,"mean over τ∈[2, 4]",U700,refine,0.06809944190658773,,,96
6h,2020,S-Extra,DJF,"mean over τ∈[2, 4]",V1000,refine,0.12957489594297983,,,96
6h,2020,S-Extra,DJF,"mean over τ∈[2, 4]",V925,refine,0.15309154396809563,,,96
6h,2020,S-Extra,DJF,"mean over τ∈[2, 4]",V850,refine,0.20347267294130464,,,96
6h,2020,S-Extra,DJF,"mean over τ∈[2, 4]",V700,refine,0.24876688803665495,,,96
6h,2020,S-Extra,DJF,"mean over τ∈[2, 4]",Q1000,refine,0.021975074540890868,,,96
6h,2020,S-Extra,DJF,"mean over τ∈[2, 4]",Q925,refine,0.04067515292756382,,,96
6h,2020,S-Extra,DJF,"mean over τ∈[2, 4]",Q850,refine,0.06090295144877391,,,96
6h,2020,S-Extra,DJF,"mean over τ∈[2, 4]",Q700,refine,0.08634396610268813,,,96
6h,2020,S-Extra,DJF,"mean over τ∈[2, 4]",Z1000,refine,0.02036746323564674,,,96
6h,2020,S-Extra,DJF,"mean over τ∈[2, 4]",Z925,refine,0.016203383689452858,,,96
6h,2020,S-Extra,DJF,"mean over τ∈[2, 4]",Z850,refine,0.012629895000448395,,,96
6h,2020,S-Extra,DJF,"mean over τ∈[2, 4]",Z700,refine,0.008335389927686539,,,96
6h,2020,S-Extra,DJF,"mean over τ∈[2, 4]",t2m,refine,0.017257140417438293,,,96
6h,2020,S-Extra,DJF,"mean over τ∈[2, 4]",u10,refine,0.0756823738638179,,,96
6h,2020,S-Extra,DJF,"mean over τ∈[2, 4]",v10,refine,0.12844696974514216,,,96
6h,2020,S-Extra,DJF,"mean over τ∈[2, 4]",mslp,refine,0.020215306656111067,,,96
6h,2020,S-Extra,MAM,"mean over τ∈[2, 4]",T1000,refine,0.012697008238591517,,,96
6h,2020,S-Extra,MAM,"mean over τ∈[2, 4]",T925,refine,0.015151126838451488,,,96
6h,2020,S-Extra,MAM,"mean over τ∈[2, 4]",T850,refine,0.021441468683633485,,,96
6h,2020,S-Extra,MAM,"mean over τ∈[2, 4]",T700,refine,0.018334393098232905,,,96
6h,2020,S-Extra,MAM,"mean over τ∈[2, 4]",U1000,refine,0.08037952262391555,,,96
6h,2020,S-Extra,MAM,"mean over τ∈[2, 4]",U925,refine,0.07055301365445378,,,96
6h,2020,S-Extra,MAM,"mean over τ∈[2, 4]",U850,refine,0.0724156832450785,,,96
6h,2020,S-Extra,MAM,"mean over τ∈[2, 4]",U700,refine,0.07290170719907056,,,96
6h,2020,S-Extra,MAM,"mean over τ∈[2, 4]",V1000,refine,0.1358485568026268,,,96
6h,2020,S-Extra,MAM,"mean over τ∈[2, 4]",V925,refine,0.16064499625010187,,,96
6h,2020,S-Extra,MAM,"mean over τ∈[2, 4]",V850,refine,0.2121807842872632,,,96
6h,2020,S-Extra,MAM,"mean over τ∈[2, 4]",V700,refine,0.2660405411741355,,,96
6h,2020,S-Extra,MAM,"mean over τ∈[2, 4]",Q1000,refine,0.02044873707131271,,,96
6h,2020,S-Extra,MAM,"mean over τ∈[2, 4]",Q925,refine,0.0357819915069584,,,96
6h,2020,S-Extra,MAM,"mean over τ∈[2, 4]",Q850,refine,0.05674281340378474,,,96
6h,2020,S-Extra,MAM,"mean over τ∈[2, 4]",Q700,refine,0.07743562796918224,,,96
6h,2020,S-Extra,MAM,"mean over τ∈[2, 4]",Z1000,refine,0.021336735824229514,,,96
6h,2020,S-Extra,MAM,"mean over τ∈[2, 4]",Z925,refine,0.017147886180872252,,,96
6h,2020,S-Extra,MAM,"mean over τ∈[2, 4]",Z850,refine,0.013418576633511559,,,96
6h,2020,S-Extra,MAM,"mean over τ∈[2, 4]",Z700,refine,0.00885707229959258,,,96
6h,2020,S-Extra,MAM,"mean over τ∈[2, 4]",t2m,refine,0.017136154166659503,,,96
6h,2020,S-Extra,MAM,"mean over τ∈[2, 4]",u10,refine,0.08123950475192847,,,96
6h,2020,S-Extra,MAM,"mean over τ∈[2, 4]",v10,refine,0.13452129589726466,,,96
6h,2020,S-Extra,MAM,"mean over τ∈[2, 4]",mslp,refine,0.021296867968010957,,,96
6h,2020,S-Extra,JJA,"mean over τ∈[2, 4]",T1000,refine,0.013004697682094935,,,96
6h,2020,S-Extra,JJA,"mean over τ∈[2, 4]",T925,refine,0.014875602750496179,,,96
6h,2020,S-Extra,JJA,"mean over τ∈[2, 4]",T850,refine,0.02138870508885969,,,96
6h,2020,S-Extra,JJA,"mean over τ∈[2, 4]",T700,refine,0.018553169643543532,,,96
6h,2020,S-Extra,JJA,"mean over τ∈[2, 4]",U1000,refine,0.08369756630243487,,,96
6h,2020,S-Extra,JJA,"mean over τ∈[2, 4]",U925,refine,0.07342377566886239,,,96
6h,2020,S-Extra,JJA,"mean over τ∈[2, 4]",U850,refine,0.07553376790015366,,,96
6h,2020,S-Extra,JJA,"mean over τ∈[2, 4]",U700,refine,0.07698286769588564,,,96
6h,2020,S-Extra,JJA,"mean over τ∈[2, 4]",V1000,refine,0.14179228125062307,,,96
6h,2020,S-Extra,JJA,"mean over τ∈[2, 4]",V925,refine,0.16598141723344317,,,96
6h,2020,S-Extra,JJA,"mean over τ∈[2, 4]",V850,refine,0.21925909746052227,,,96
6h,2020,S-Extra,JJA,"mean over τ∈[2, 4]",V700,refine,0.27659153818400045,,,96
6h,2020,S-Extra,JJA,"mean over τ∈[2, 4]",Q1000,refine,0.01859630256313525,,,96
6h,2020,S-Extra,JJA,"mean over τ∈[2, 4]",Q925,refine,0.031151845298277664,,,96
6h,2020,S-Extra,JJA,"mean over τ∈[2, 4]",Q850,refine,0.047811822023666725,,,96
6h,2020,S-Extra,JJA,"mean over τ∈[2, 4]",Q700,refine,0.06112142563601587,,,96
6h,2020,S-Extra,JJA,"mean over τ∈[2, 4]",Z1000,refine,0.02295924225514318,,,96
6h,2020,S-Extra,JJA,"mean over τ∈[2, 4]",Z925,refine,0.018498268406405446,,,96
6h,2020,S-Extra,JJA,"mean over τ∈[2, 4]",Z850,refine,0.014531848053850749,,,96
6h,2020,S-Extra,JJA,"mean over τ∈[2, 4]",Z700,refine,0.009575458289463065,,,96
6h,2020,S-Extra,JJA,"mean over τ∈[2, 4]",t2m,refine,0.01770509879812994,,,96
6h,2020,S-Extra,JJA,"mean over τ∈[2, 4]",u10,refine,0.08444651289757657,,,96
6h,2020,S-Extra,JJA,"mean over τ∈[2, 4]",v10,refine,0.13955967113655965,,,96
6h,2020,S-Extra,JJA,"mean over τ∈[2, 4]",mslp,refine,0.0231589696319291,,,96
6h,2020,S-Extra,SON,"mean over τ∈[2, 4]",T1000,refine,0.01362906842932078,,,96
6h,2020,S-Extra,SON,"mean over τ∈[2, 4]",T925,refine,0.017117550262887492,,,96
6h,2020,S-Extra,SON,"mean over τ∈[2, 4]",T850,refine,0.02257793090620246,,,96
6h,2020,S-Extra,SON,"mean over τ∈[2, 4]",T700,refine,0.018448263484851592,,,96
6h,2020,S-Extra,SON,"mean over τ∈[2, 4]",U1000,refine,0.08077017721397643,,,96
6h,2020,S-Extra,SON,"mean over τ∈[2, 4]",U925,refine,0.07180963895829025,,,96
6h,2020,S-Extra,SON,"mean over τ∈[2, 4]",U850,refine,0.0752598962645856,,,96
6h,2020,S-Extra,SON,"mean over τ∈[2, 4]",U700,refine,0.07527684605857762,,,96
6h,2020,S-Extra,SON,"mean over τ∈[2, 4]",V1000,refine,0.1376278261461721,,,96
6h,2020,S-Extra,SON,"mean over τ∈[2, 4]",V925,refine,0.1631130890220901,,,96
6h,2020,S-Extra,SON,"mean over τ∈[2, 4]",V850,refine,0.21910732387630427,,,96
6h,2020,S-Extra,SON,"mean over τ∈[2, 4]",V700,refine,0.27320512614734493,,,96
6h,2020,S-Extra,SON,"mean over τ∈[2, 4]",Q1000,refine,0.01938831242060389,,,96
6h,2020,S-Extra,SON,"mean over τ∈[2, 4]",Q925,refine,0.034536923042831284,,,96
6h,2020,S-Extra,SON,"mean over τ∈[2, 4]",Q850,refine,0.05165470379780035,,,96
6h,2020,S-Extra,SON,"mean over τ∈[2, 4]",Q700,refine,0.07188576357289399,,,96
6h,2020,S-Extra,SON,"mean over τ∈[2, 4]",Z1000,refine,0.022187245343880748,,,96
6h,2020,S-Extra,SON,"mean over τ∈[2, 4]",Z925,refine,0.01774549613023943,,,96
6h,2020,S-Extra,SON,"mean over τ∈[2, 4]",Z850,refine,0.013847208279581896,,,96
6h,2020,S-Extra,SON,"mean over τ∈[2, 4]",Z700,refine,0.009146689438527335,,,96
6h,2020,S-Extra,SON,"mean over τ∈[2, 4]",t2m,refine,0.018108248383774596,,,96
6h,2020,S-Extra,SON,"mean over τ∈[2, 4]",u10,refine,0.08124478741377192,,,96
6h,2020,S-Extra,SON,"mean over τ∈[2, 4]",v10,refine,0.13531511404542373,,,96
6h,2020,S-Extra,SON,"mean over τ∈[2, 4]",mslp,refine,0.02232076173187122,,,96
6h,2020,Arctic,DJF,"mean over τ∈[2, 4]",T1000,refine,0.018630738444556958,,,96
6h,2020,Arctic,DJF,"mean over τ∈[2, 4]",T925,refine,0.019906750195447468,,,96
6h,2020,Arctic,DJF,"mean over τ∈[2, 4]",T850,refine,0.018954629774830072,,,96
6h,2020,Arctic,DJF,"mean over τ∈[2, 4]",T700,refine,0.018398664200373286,,,96
6h,2020,Arctic,DJF,"mean over τ∈[2, 4]",U1000,refine,0.08067298246608738,,,96
6h,2020,Arctic,DJF,"mean over τ∈[2, 4]",U925,refine,0.0788882024509761,,,96
6h,2020,Arctic,DJF,"mean over τ∈[2, 4]",U850,refine,0.08115653393203157,,,96
6h,2020,Arctic,DJF,"mean over τ∈[2, 4]",U700,refine,0.0815126407490883,,,96
6h,2020,Arctic,DJF,"mean over τ∈[2, 4]",V1000,refine,0.13629178389386534,,,96
6h,2020,Arctic,DJF,"mean over τ∈[2, 4]",V925,refine,0.17173347083883939,,,96
6h,2020,Arctic,DJF,"mean over τ∈[2, 4]",V850,refine,0.22944097158790563,,,96
6h,2020,Arctic,DJF,"mean over τ∈[2, 4]",V700,refine,0.28482281405940846,,,96
6h,2020,Arctic,DJF,"mean over τ∈[2, 4]",Q1000,refine,0.006767141724210698,,,96
6h,2020,Arctic,DJF,"mean over τ∈[2, 4]",Q925,refine,0.0100370552750261,,,96
6h,2020,Arctic,DJF,"mean over τ∈[2, 4]",Q850,refine,0.017614355207326092,,,96
6h,2020,Arctic,DJF,"mean over τ∈[2, 4]",Q700,refine,0.028932998006814474,,,96
6h,2020,Arctic,DJF,"mean over τ∈[2, 4]",Z1000,refine,0.02190360601301083,,,96
6h,2020,Arctic,DJF,"mean over τ∈[2, 4]",Z925,refine,0.017008204459715584,,,96
6h,2020,Arctic,DJF,"mean over τ∈[2, 4]",Z850,refine,0.01312602642123538,,,96
6h,2020,Arctic,DJF,"mean over τ∈[2, 4]",Z700,refine,0.008580211589884203,,,96
6h,2020,Arctic,DJF,"mean over τ∈[2, 4]",t2m,refine,0.027529276250328014,,,96
6h,2020,Arctic,DJF,"mean over τ∈[2, 4]",u10,refine,0.08107813024924998,,,96
6h,2020,Arctic,DJF,"mean over τ∈[2, 4]",v10,refine,0.1349461885354057,,,96
6h,2020,Arctic,DJF,"mean over τ∈[2, 4]",mslp,refine,0.024429458213069393,,,96
6h,2020,Arctic,MAM,"mean over τ∈[2, 4]",T1000,refine,0.019589660662386318,,,96
6h,2020,Arctic,MAM,"mean over τ∈[2, 4]",T925,refine,0.019386503997248925,,,96
6h,2020,Arctic,MAM,"mean over τ∈[2, 4]",T850,refine,0.018184798458177998,,,96
6h,2020,Arctic,MAM,"mean over τ∈[2, 4]",T700,refine,0.017898159859879297,,,96
6h,2020,Arctic,MAM,"mean over τ∈[2, 4]",U1000,refine,0.08363700059069157,,,96
6h,2020,Arctic,MAM,"mean over τ∈[2, 4]",U925,refine,0.0807220653251342,,,96
6h,2020,Arctic,MAM,"mean over τ∈[2, 4]",U850,refine,0.07985736251444586,,,96
6h,2020,Arctic,MAM,"mean over τ∈[2, 4]",U700,refine,0.07748357542379013,,,96
6h,2020,Arctic,MAM,"mean over τ∈[2, 4]",V1000,refine,0.1468788846654986,,,96
6h,2020,Arctic,MAM,"mean over τ∈[2, 4]",V925,refine,0.1812885222740833,,,96
6h,2020,Arctic,MAM,"mean over τ∈[2, 4]",V850,refine,0.2294176912887463,,,96
6h,2020,Arctic,MAM,"mean over τ∈[2, 4]",V700,refine,0.27571152783039055,,,96
6h,2020,Arctic,MAM,"mean over τ∈[2, 4]",Q1000,refine,0.011685020321499604,,,96
6h,2020,Arctic,MAM,"mean over τ∈[2, 4]",Q925,refine,0.014849933467570759,,,96
6h,2020,Arctic,MAM,"mean over τ∈[2, 4]",Q850,refine,0.02244426309312672,,,96
6h,2020,Arctic,MAM,"mean over τ∈[2, 4]",Q700,refine,0.036950512876194753,,,96
6h,2020,Arctic,MAM,"mean over τ∈[2, 4]",Z1000,refine,0.020529010663986116,,,96
6h,2020,Arctic,MAM,"mean over τ∈[2, 4]",Z925,refine,0.015790394518836143,,,96
6h,2020,Arctic,MAM,"mean over τ∈[2, 4]",Z850,refine,0.012192610421972458,,,96
6h,2020,Arctic,MAM,"mean over τ∈[2, 4]",Z700,refine,0.008125096576668454,,,96
6h,2020,Arctic,MAM,"mean over τ∈[2, 4]",t2m,refine,0.036595550087492774,,,96
6h,2020,Arctic,MAM,"mean over τ∈[2, 4]",u10,refine,0.08152161160764176,,,96
6h,2020,Arctic,MAM,"mean over τ∈[2, 4]",v10,refine,0.14090411625535623,,,96
6h,2020,Arctic,MAM,"mean over τ∈[2, 4]",mslp,refine,0.022540421144227545,,,96
6h,2020,Arctic,JJA,"mean over τ∈[2, 4]",T1000,refine,0.020539223253790075,,,96
6h,2020,Arctic,JJA,"mean over τ∈[2, 4]",T925,refine,0.0195742398995123,,,96
6h,2020,Arctic,JJA,"mean over τ∈[2, 4]",T850,refine,0.016485330660772738,,,96
6h,2020,Arctic,JJA,"mean over τ∈[2, 4]",T700,refine,0.01565148685671785,,,96
6h,2020,Arctic,JJA,"mean over τ∈[2, 4]",U1000,refine,0.08251798451260665,,,96
6h,2020,Arctic,JJA,"mean over τ∈[2, 4]",U925,refine,0.07681141879216842,,,96
6h,2020,Arctic,JJA,"mean over τ∈[2, 4]",U850,refine,0.07102984902316245,,,96
6h,2020,Arctic,JJA,"mean over τ∈[2, 4]",U700,refine,0.0650283331152937,,,96
6h,2020,Arctic,JJA,"mean over τ∈[2, 4]",V1000,refine,0.14249280754015073,,,96
6h,2020,Arctic,JJA,"mean over τ∈[2, 4]",V925,refine,0.17099139092537924,,,96
6h,2020,Arctic,JJA,"mean over τ∈[2, 4]",V850,refine,0.2033223828834196,,,96
6h,2020,Arctic,JJA,"mean over τ∈[2, 4]",V700,refine,0.226000017843225,,,96
6h,2020,Arctic,JJA,"mean over τ∈[2, 4]",Q1000,refine,0.02566510267577862,,,96
6h,2020,Arctic,JJA,"mean over τ∈[2, 4]",Q925,refine,0.02913862541326321,,,96
6h,2020,Arctic,JJA,"mean over τ∈[2, 4]",Q850,refine,0.03852108942660376,,,96
6h,2020,Arctic,JJA,"mean over τ∈[2, 4]",Q700,refine,0.06154164418270365,,,96
6h,2020,Arctic,JJA,"mean over τ∈[2, 4]",Z1000,refine,0.01854952540038711,,,96
6h,2020,Arctic,JJA,"mean over τ∈[2, 4]",Z925,refine,0.013987771644825822,,,96
6h,2020,Arctic,JJA,"mean over τ∈[2, 4]",Z850,refine,0.010665880191954464,,,96
6h,2020,Arctic,JJA,"mean over τ∈[2, 4]",Z700,refine,0.006939990993907294,,,96
6h,2020,Arctic,JJA,"mean over τ∈[2, 4]",t2m,refine,0.0386859549416544,,,96
6h,2020,Arctic,JJA,"mean over τ∈[2, 4]",u10,refine,0.07932379942952007,,,96
6h,2020,Arctic,JJA,"mean over τ∈[2, 4]",v10,refine,0.13498985279198994,,,96
6h,2020,Arctic,JJA,"mean over τ∈[2, 4]",mslp,refine,0.01902011188691181,,,96
6h,2020,Arctic,SON,"mean over τ∈[2, 4]",T1000,refine,0.016370801283222727,,,96
6h,2020,Arctic,SON,"mean over τ∈[2, 4]",T925,refine,0.01715246434833863,,,96
6h,2020,Arctic,SON,"mean over τ∈[2, 4]",T850,refine,0.017745747486051622,,,96
6h,2020,Arctic,SON,"mean over τ∈[2, 4]",T700,refine,0.01722128748459815,,,96
6h,2020,Arctic,SON,"mean over τ∈[2, 4]",U1000,refine,0.07803600841288083,,,96
6h,2020,Arctic,SON,"mean over τ∈[2, 4]",U925,refine,0.07593011427514468,,,96
6h,2020,Arctic,SON,"mean over τ∈[2, 4]",U850,refine,0.07527390339018074,,,96
6h,2020,Arctic,SON,"mean over τ∈[2, 4]",U700,refine,0.07267882297510493,,,96
6h,2020,Arctic,SON,"mean over τ∈[2, 4]",V1000,refine,0.13778621649492595,,,96
6h,2020,Arctic,SON,"mean over τ∈[2, 4]",V925,refine,0.17005547287939207,,,96
6h,2020,Arctic,SON,"mean over τ∈[2, 4]",V850,refine,0.2169443317160151,,,96
6h,2020,Arctic,SON,"mean over τ∈[2, 4]",V700,refine,0.2578769984567635,,,96
6h,2020,Arctic,SON,"mean over τ∈[2, 4]",Q1000,refine,0.01122965308257798,,,96
6h,2020,Arctic,SON,"mean over τ∈[2, 4]",Q925,refine,0.01585019055303932,,,96
6h,2020,Arctic,SON,"mean over τ∈[2, 4]",Q850,refine,0.024380362486366724,,,96
6h,2020,Arctic,SON,"mean over τ∈[2, 4]",Q700,refine,0.04332565879170482,,,96
6h,2020,Arctic,SON,"mean over τ∈[2, 4]",Z1000,refine,0.019868085054608912,,,96
6h,2020,Arctic,SON,"mean over τ∈[2, 4]",Z925,refine,0.01534881219892447,,,96
6h,2020,Arctic,SON,"mean over τ∈[2, 4]",Z850,refine,0.01177561244594416,,,96
6h,2020,Arctic,SON,"mean over τ∈[2, 4]",Z700,refine,0.0076877975190230785,,,96
6h,2020,Arctic,SON,"mean over τ∈[2, 4]",t2m,refine,0.02927147254298909,,,96
6h,2020,Arctic,SON,"mean over τ∈[2, 4]",u10,refine,0.0780574116616965,,,96
6h,2020,Arctic,SON,"mean over τ∈[2, 4]",v10,refine,0.13462444691778602,,,96
6h,2020,Arctic,SON,"mean over τ∈[2, 4]",mslp,refine,0.02121749424159734,,,96
6h,2020,Antarctic,DJF,"mean over τ∈[2, 4]",T1000,refine,0.01005947559666387,,,96
6h,2020,Antarctic,DJF,"mean over τ∈[2, 4]",T925,refine,0.01107491707828741,,,96
6h,2020,Antarctic,DJF,"mean over τ∈[2, 4]",T850,refine,0.01312101830084909,,,96
6h,2020,Antarctic,DJF,"mean over τ∈[2, 4]",T700,refine,0.013253976938627345,,,96
6h,2020,Antarctic,DJF,"mean over τ∈[2, 4]",U1000,refine,0.057660132027612436,,,96
6h,2020,Antarctic,DJF,"mean over τ∈[2, 4]",U925,refine,0.05255040619137666,,,96
6h,2020,Antarctic,DJF,"mean over τ∈[2, 4]",U850,refine,0.05129228353872459,,,96
6h,2020,Antarctic,DJF,"mean over τ∈[2, 4]",U700,refine,0.05198877986768214,,,96
6h,2020,Antarctic,DJF,"mean over τ∈[2, 4]",V1000,refine,0.09441715314004996,,,96
6h,2020,Antarctic,DJF,"mean over τ∈[2, 4]",V925,refine,0.11099070048666898,,,96
6h,2020,Antarctic,DJF,"mean over τ∈[2, 4]",V850,refine,0.13930714656228976,,,96
6h,2020,Antarctic,DJF,"mean over τ∈[2, 4]",V700,refine,0.17562010882617807,,,96
6h,2020,Antarctic,DJF,"mean over τ∈[2, 4]",Q1000,refine,0.0065419790396160395,,,96
6h,2020,Antarctic,DJF,"mean over τ∈[2, 4]",Q925,refine,0.009014738123205794,,,96
6h,2020,Antarctic,DJF,"mean over τ∈[2, 4]",Q850,refine,0.01320134929250507,,,96
6h,2020,Antarctic,DJF,"mean over τ∈[2, 4]",Q700,refine,0.025373058259892754,,,96
6h,2020,Antarctic,DJF,"mean over τ∈[2, 4]",Z1000,refine,0.018634029652974664,,,96
6h,2020,Antarctic,DJF,"mean over τ∈[2, 4]",Z925,refine,0.014565398175223206,,,96
6h,2020,Antarctic,DJF,"mean over τ∈[2, 4]",Z850,refine,0.011200076545293824,,,96
6h,2020,Antarctic,DJF,"mean over τ∈[2, 4]",Z700,refine,0.007237511352895625,,,96
6h,2020,Antarctic,DJF,"mean over τ∈[2, 4]",t2m,refine,0.017374885481701345,,,96
6h,2020,Antarctic,DJF,"mean over τ∈[2, 4]",u10,refine,0.06309846269786609,,,96
6h,2020,Antarctic,DJF,"mean over τ∈[2, 4]",v10,refine,0.10260147657910686,,,96
6h,2020,Antarctic,DJF,"mean over τ∈[2, 4]",mslp,refine,0.020362666114787372,,,96
6h,2020,Antarctic,MAM,"mean over τ∈[2, 4]",T1000,refine,0.017234059722628852,,,96
6h,2020,Antarctic,MAM,"mean over τ∈[2, 4]",T925,refine,0.01869554880805475,,,96
6h,2020,Antarctic,MAM,"mean over τ∈[2, 4]",T850,refine,0.020417788413846335,,,96
6h,2020,Antarctic,MAM,"mean over τ∈[2, 4]",T700,refine,0.020508100254482402,,,96
6h,2020,Antarctic,MAM,"mean over τ∈[2, 4]",U1000,refine,0.07286801514689532,,,96
6h,2020,Antarctic,MAM,"mean over τ∈[2, 4]",U925,refine,0.07004374414809317,,,96
6h,2020,Antarctic,MAM,"mean over τ∈[2, 4]",U850,refine,0.07026528715266199,,,96
6h,2020,Antarctic,MAM,"mean over τ∈[2, 4]",U700,refine,0.07163415388198537,,,96
6h,2020,Antarctic,MAM,"mean over τ∈[2, 4]",V1000,refine,0.11853713661236417,,,96
6h,2020,Antarctic,MAM,"mean over τ∈[2, 4]",V925,refine,0.14923883903558355,,,96
6h,2020,Antarctic,MAM,"mean over τ∈[2, 4]",V850,refine,0.19563109286908514,,,96
6h,2020,Antarctic,MAM,"mean over τ∈[2, 4]",V700,refine,0.25090558567393506,,,96
6h,2020,Antarctic,MAM,"mean over τ∈[2, 4]",Q1000,refine,0.005973132192124238,,,96
6h,2020,Antarctic,MAM,"mean over τ∈[2, 4]",Q925,refine,0.008818423572505639,,,96
6h,2020,Antarctic,MAM,"mean over τ∈[2, 4]",Q850,refine,0.01577849973415772,,,96
6h,2020,Antarctic,MAM,"mean over τ∈[2, 4]",Q700,refine,0.028589612732755926,,,96
6h,2020,Antarctic,MAM,"mean over τ∈[2, 4]",Z1000,refine,0.024732873265391076,,,96
6h,2020,Antarctic,MAM,"mean over τ∈[2, 4]",Z925,refine,0.01887416403906301,,,96
6h,2020,Antarctic,MAM,"mean over τ∈[2, 4]",Z850,refine,0.014181056567021002,,,96
6h,2020,Antarctic,MAM,"mean over τ∈[2, 4]",Z700,refine,0.008868278309787416,,,96
6h,2020,Antarctic,MAM,"mean over τ∈[2, 4]",t2m,refine,0.020982749165286297,,,96
6h,2020,Antarctic,MAM,"mean over τ∈[2, 4]",u10,refine,0.08006870810876277,,,96
6h,2020,Antarctic,MAM,"mean over τ∈[2, 4]",v10,refine,0.12883820511672733,,,96
6h,2020,Antarctic,MAM,"mean over τ∈[2, 4]",mslp,refine,0.02979485839963244,,,96
6h,2020,Antarctic,JJA,"mean over τ∈[2, 4]",T1000,refine,0.02316703727501777,,,96
6h,2020,Antarctic,JJA,"mean over τ∈[2, 4]",T925,refine,0.02431712517003137,,,96
6h,2020,Antarctic,JJA,"mean over τ∈[2, 4]",T850,refine,0.024405735652220036,,,96
6h,2020,Antarctic,JJA,"mean over τ∈[2, 4]",T700,refine,0.023552769479397277,,,96
6h,2020,Antarctic,JJA,"mean over τ∈[2, 4]",U1000,refine,0.08660368240622324,,,96
6h,2020,Antarctic,JJA,"mean over τ∈[2, 4]",U925,refine,0.08289551896720816,,,96
6h,2020,Antarctic,JJA,"mean over τ∈[2, 4]",U850,refine,0.08471458529050874,,,96
6h,2020,Antarctic,JJA,"mean over τ∈[2, 4]",U700,refine,0.08761659823152153,,,96
6h,2020,Antarctic,JJA,"mean over τ∈[2, 4]",V1000,refine,0.14242233200286772,,,96
6h,2020,Antarctic,JJA,"mean over τ∈[2, 4]",V925,refine,0.1801420875836723,,,96
6h,2020,Antarctic,JJA,"mean over τ∈[2, 4]",V850,refine,0.23772130043822784,,,96
6h,2020,Antarctic,JJA,"mean over τ∈[2, 4]",V700,refine,0.30723528575022185,,,96
6h,2020,Antarctic,JJA,"mean over τ∈[2, 4]",Q1000,refine,0.005731634548317711,,,96
6h,2020,Antarctic,JJA,"mean over τ∈[2, 4]",Q925,refine,0.008327300887109323,,,96
6h,2020,Antarctic,JJA,"mean over τ∈[2, 4]",Q850,refine,0.014384189935670484,,,96
6h,2020,Antarctic,JJA,"mean over τ∈[2, 4]",Q700,refine,0.024890624333463007,,,96
6h,2020,Antarctic,JJA,"mean over τ∈[2, 4]",Z1000,refine,0.02975955161469227,,,96
6h,2020,Antarctic,JJA,"mean over τ∈[2, 4]",Z925,refine,0.02264130097568651,,,96
6h,2020,Antarctic,JJA,"mean over τ∈[2, 4]",Z850,refine,0.017031950156831992,,,96
6h,2020,Antarctic,JJA,"mean over τ∈[2, 4]",Z700,refine,0.01077554249622341,,,96
6h,2020,Antarctic,JJA,"mean over τ∈[2, 4]",t2m,refine,0.023874040163141718,,,96
6h,2020,Antarctic,JJA,"mean over τ∈[2, 4]",u10,refine,0.09436007469222166,,,96
6h,2020,Antarctic,JJA,"mean over τ∈[2, 4]",v10,refine,0.1536353133321707,,,96
6h,2020,Antarctic,JJA,"mean over τ∈[2, 4]",mslp,refine,0.03649910213780663,,,96
6h,2020,Antarctic,SON,"mean over τ∈[2, 4]",T1000,refine,0.017172696657508202,,,96
6h,2020,Antarctic,SON,"mean over τ∈[2, 4]",T925,refine,0.01825650370648923,,,96
6h,2020,Antarctic,SON,"mean over τ∈[2, 4]",T850,refine,0.019742603613931934,,,96
6h,2020,Antarctic,SON,"mean over τ∈[2, 4]",T700,refine,0.01879762726512,,,96
6h,2020,Antarctic,SON,"mean over τ∈[2, 4]",U1000,refine,0.07468729763959282,,,96
6h,2020,Antarctic,SON,"mean over τ∈[2, 4]",U925,refine,0.0703930937556801,,,96
6h,2020,Antarctic,SON,"mean over τ∈[2, 4]",U850,refine,0.07066744091786419,,,96
6h,2020,Antarctic,SON,"mean over τ∈[2, 4]",U700,refine,0.0700361715310145,,,96
6h,2020,Antarctic,SON,"mean over τ∈[2, 4]",V1000,refine,0.12150642470355744,,,96
6h,2020,Antarctic,SON,"mean over τ∈[2, 4]",V925,refine,0.1506596773083524,,,96
6h,2020,Antarctic,SON,"mean over τ∈[2, 4]",V850,refine,0.1969962727299721,,,96
6h,2020,Antarctic,SON,"mean over τ∈[2, 4]",V700,refine,0.24301473941196347,,,96
6h,2020,Antarctic,SON,"mean over τ∈[2, 4]",Q1000,refine,0.005911840723347321,,,96
6h,2020,Antarctic,SON,"mean over τ∈[2, 4]",Q925,refine,0.007772051000618195,,,96
6h,2020,Antarctic,SON,"mean over τ∈[2, 4]",Q850,refine,0.013066062434393191,,,96
6h,2020,Antarctic,SON,"mean over τ∈[2, 4]",Q700,refine,0.021829869618138816,,,96
6h,2020,Antarctic,SON,"mean over τ∈[2, 4]",Z1000,refine,0.02622728178396424,,,96
6h,2020,Antarctic,SON,"mean over τ∈[2, 4]",Z925,refine,0.02027543192315537,,,96
6h,2020,Antarctic,SON,"mean over τ∈[2, 4]",Z850,refine,0.0154287412067712,,,96
6h,2020,Antarctic,SON,"mean over τ∈[2, 4]",Z700,refine,0.009792730391630616,,,96
6h,2020,Antarctic,SON,"mean over τ∈[2, 4]",t2m,refine,0.022052340500536817,,,96
6h,2020,Antarctic,SON,"mean over τ∈[2, 4]",u10,refine,0.08209525186290315,,,96
6h,2020,Antarctic,SON,"mean over τ∈[2, 4]",v10,refine,0.1324294905110233,,,96
6h,2020,Antarctic,SON,"mean over τ∈[2, 4]",mslp,refine,0.03091797705092465,,,96
6h,2020,North_Atlantic,DJF,"mean over τ∈[2, 4]",T1000,refine,0.016022592608296006,,,96
6h,2020,North_Atlantic,DJF,"mean over τ∈[2, 4]",T925,refine,0.01883351966274299,,,96
6h,2020,North_Atlantic,DJF,"mean over τ∈[2, 4]",T850,refine,0.02533028371369924,,,96
6h,2020,North_Atlantic,DJF,"mean over τ∈[2, 4]",T700,refine,0.023987839597495817,,,96
6h,2020,North_Atlantic,DJF,"mean over τ∈[2, 4]",U1000,refine,0.10595128622737353,,,96
6h,2020,North_Atlantic,DJF,"mean over τ∈[2, 4]",U925,refine,0.09392913755137826,,,96
6h,2020,North_Atlantic,DJF,"mean over τ∈[2, 4]",U850,refine,0.09795993962750052,,,96
6h,2020,North_Atlantic,DJF,"mean over τ∈[2, 4]",U700,refine,0.09958896876434899,,,96
6h,2020,North_Atlantic,DJF,"mean over τ∈[2, 4]",V1000,refine,0.18004461254688386,,,96
6h,2020,North_Atlantic,DJF,"mean over τ∈[2, 4]",V925,refine,0.21030173376004901,,,96
6h,2020,North_Atlantic,DJF,"mean over τ∈[2, 4]",V850,refine,0.2797023581053689,,,96
6h,2020,North_Atlantic,DJF,"mean over τ∈[2, 4]",V700,refine,0.3574455417117781,,,96
6h,2020,North_Atlantic,DJF,"mean over τ∈[2, 4]",Q1000,refine,0.02098306064287951,,,96
6h,2020,North_Atlantic,DJF,"mean over τ∈[2, 4]",Q925,refine,0.03764534212407393,,,96
6h,2020,North_Atlantic,DJF,"mean over τ∈[2, 4]",Q850,refine,0.057893970568144645,,,96
6h,2020,North_Atlantic,DJF,"mean over τ∈[2, 4]",Q700,refine,0.0775272832795712,,,96
6h,2020,North_Atlantic,DJF,"mean over τ∈[2, 4]",Z1000,refine,0.025674640436538936,,,96
6h,2020,North_Atlantic,DJF,"mean over τ∈[2, 4]",Z925,refine,0.020510359778830495,,,96
6h,2020,North_Atlantic,DJF,"mean over τ∈[2, 4]",Z850,refine,0.01604548800023603,,,96
6h,2020,North_Atlantic,DJF,"mean over τ∈[2, 4]",Z700,refine,0.01058600111903813,,,96
6h,2020,North_Atlantic,DJF,"mean over τ∈[2, 4]",t2m,refine,0.02162544957013213,,,96
6h,2020,North_Atlantic,DJF,"mean over τ∈[2, 4]",u10,refine,0.10425800442320637,,,96
6h,2020,North_Atlantic,DJF,"mean over τ∈[2, 4]",v10,refine,0.17449400723993086,,,96
6h,2020,North_Atlantic,DJF,"mean over τ∈[2, 4]",mslp,refine,0.026379027252190507,,,96
6h,2020,North_Atlantic,MAM,"mean over τ∈[2, 4]",T1000,refine,0.016864305659299653,,,96
6h,2020,North_Atlantic,MAM,"mean over τ∈[2, 4]",T925,refine,0.01827821252120334,,,96
6h,2020,North_Atlantic,MAM,"mean over τ∈[2, 4]",T850,refine,0.02231399776284992,,,96
6h,2020,North_Atlantic,MAM,"mean over τ∈[2, 4]",T700,refine,0.02067070325497228,,,96
6h,2020,North_Atlantic,MAM,"mean over τ∈[2, 4]",U1000,refine,0.0978206846052391,,,96
6h,2020,North_Atlantic,MAM,"mean over τ∈[2, 4]",U925,refine,0.08675673792000162,,,96
6h,2020,North_Atlantic,MAM,"mean over τ∈[2, 4]",U850,refine,0.08872222722706012,,,96
6h,2020,North_Atlantic,MAM,"mean over τ∈[2, 4]",U700,refine,0.08887016147365903,,,96
6h,2020,North_Atlantic,MAM,"mean over τ∈[2, 4]",V1000,refine,0.16703226106400565,,,96
6h,2020,North_Atlantic,MAM,"mean over τ∈[2, 4]",V925,refine,0.19058457401946952,,,96
6h,2020,North_Atlantic,MAM,"mean over τ∈[2, 4]",V850,refine,0.25040184603119947,,,96
6h,2020,North_Atlantic,MAM,"mean over τ∈[2, 4]",V700,refine,0.3147237114661573,,,96
6h,2020,North_Atlantic,MAM,"mean over τ∈[2, 4]",Q1000,refine,0.02144511728337651,,,96
6h,2020,North_Atlantic,MAM,"mean over τ∈[2, 4]",Q925,refine,0.03968665228349038,,,96
6h,2020,North_Atlantic,MAM,"mean over τ∈[2, 4]",Q850,refine,0.0570721077111391,,,96
6h,2020,North_Atlantic,MAM,"mean over τ∈[2, 4]",Q700,refine,0.07617263323608228,,,96
6h,2020,North_Atlantic,MAM,"mean over τ∈[2, 4]",Z1000,refine,0.022012330122931408,,,96
6h,2020,North_Atlantic,MAM,"mean over τ∈[2, 4]",Z925,refine,0.017461164030738937,,,96
6h,2020,North_Atlantic,MAM,"mean over τ∈[2, 4]",Z850,refine,0.013564159783503232,,,96
6h,2020,North_Atlantic,MAM,"mean over τ∈[2, 4]",Z700,refine,0.008830990668529189,,,96
6h,2020,North_Atlantic,MAM,"mean over τ∈[2, 4]",t2m,refine,0.023013167942880754,,,96
6h,2020,North_Atlantic,MAM,"mean over τ∈[2, 4]",u10,refine,0.09433220561907027,,,96
6h,2020,North_Atlantic,MAM,"mean over τ∈[2, 4]",v10,refine,0.1584304938209962,,,96
6h,2020,North_Atlantic,MAM,"mean over τ∈[2, 4]",mslp,refine,0.022413642955019266,,,96
6h,2020,North_Atlantic,JJA,"mean over τ∈[2, 4]",T1000,refine,0.017065710897701373,,,96
6h,2020,North_Atlantic,JJA,"mean over τ∈[2, 4]",T925,refine,0.019370952584500452,,,96
6h,2020,North_Atlantic,JJA,"mean over τ∈[2, 4]",T850,refine,0.016521863153176775,,,96
6h,2020,North_Atlantic,JJA,"mean over τ∈[2, 4]",T700,refine,0.015999557603989443,,,96
6h,2020,North_Atlantic,JJA,"mean over τ∈[2, 4]",U1000,refine,0.08043934774538555,,,96
6h,2020,North_Atlantic,JJA,"mean over τ∈[2, 4]",U925,refine,0.07154610409563084,,,96
6h,2020,North_Atlantic,JJA,"mean over τ∈[2, 4]",U850,refine,0.06736720935766645,,,96
6h,2020,North_Atlantic,JJA,"mean over τ∈[2, 4]",U700,refine,0.06369964394270122,,,96
6h,2020,North_Atlantic,JJA,"mean over τ∈[2, 4]",V1000,refine,0.14381400137847325,,,96
6h,2020,North_Atlantic,JJA,"mean over τ∈[2, 4]",V925,refine,0.1586830896863724,,,96
6h,2020,North_Atlantic,JJA,"mean over τ∈[2, 4]",V850,refine,0.19139564393138284,,,96
6h,2020,North_Atlantic,JJA,"mean over τ∈[2, 4]",V700,refine,0.22264083521727707,,,96
6h,2020,North_Atlantic,JJA,"mean over τ∈[2, 4]",Q1000,refine,0.026302391047120375,,,96
6h,2020,North_Atlantic,JJA,"mean over τ∈[2, 4]",Q925,refine,0.050044527780114104,,,96
6h,2020,North_Atlantic,JJA,"mean over τ∈[2, 4]",Q850,refine,0.05645399457434987,,,96
6h,2020,North_Atlantic,JJA,"mean over τ∈[2, 4]",Q700,refine,0.08603256356449478,,,96
6h,2020,North_Atlantic,JJA,"mean over τ∈[2, 4]",Z1000,refine,0.018538271404441656,,,96
6h,2020,North_Atlantic,JJA,"mean over τ∈[2, 4]",Z925,refine,0.014538553005328012,,,96
6h,2020,North_Atlantic,JJA,"mean over τ∈[2, 4]",Z850,refine,0.01130971939824778,,,96
6h,2020,North_Atlantic,JJA,"mean over τ∈[2, 4]",Z700,refine,0.007478792996791047,,,96
6h,2020,North_Atlantic,JJA,"mean over τ∈[2, 4]",t2m,refine,0.023333807165295553,,,96
6h,2020,North_Atlantic,JJA,"mean over τ∈[2, 4]",u10,refine,0.07756689981353425,,,96
6h,2020,North_Atlantic,JJA,"mean over τ∈[2, 4]",v10,refine,0.1348473851859096,,,96
6h,2020,North_Atlantic,JJA,"mean over τ∈[2, 4]",mslp,refine,0.01835029796034188,,,96
6h,2020,North_Atlantic,SON,"mean over τ∈[2, 4]",T1000,refine,0.015502858545047495,,,96
6h,2020,North_Atlantic,SON,"mean over τ∈[2, 4]",T925,refine,0.01760800514380732,,,96
6h,2020,North_Atlantic,SON,"mean over τ∈[2, 4]",T850,refine,0.021452585701847007,,,96
6h,2020,North_Atlantic,SON,"mean over τ∈[2, 4]",T700,refine,0.021011607635582127,,,96
6h,2020,North_Atlantic,SON,"mean over τ∈[2, 4]",U1000,refine,0.09143943189119963,,,96
6h,2020,North_Atlantic,SON,"mean over τ∈[2, 4]",U925,refine,0.08265997403867895,,,96
6h,2020,North_Atlantic,SON,"mean over τ∈[2, 4]",U850,refine,0.0860219569728903,,,96
6h,2020,North_Atlantic,SON,"mean over τ∈[2, 4]",U700,refine,0.08293718270708313,,,96
6h,2020,North_Atlantic,SON,"mean over τ∈[2, 4]",V1000,refine,0.16113015621818347,,,96
6h,2020,North_Atlantic,SON,"mean over τ∈[2, 4]",V925,refine,0.18767267492819933,,,96
6h,2020,North_Atlantic,SON,"mean over τ∈[2, 4]",V850,refine,0.24483669069116734,,,96
6h,2020,North_Atlantic,SON,"mean over τ∈[2, 4]",V700,refine,0.2970167903596126,,,96
6h,2020,North_Atlantic,SON,"mean over τ∈[2, 4]",Q1000,refine,0.02414525659152713,,,96
6h,2020,North_Atlantic,SON,"mean over τ∈[2, 4]",Q925,refine,0.04508085155538909,,,96
6h,2020,North_Atlantic,SON,"mean over τ∈[2, 4]",Q850,refine,0.06293125668598665,,,96
6h,2020,North_Atlantic,SON,"mean over τ∈[2, 4]",Q700,refine,0.094808927143427,,,96
6h,2020,North_Atlantic,SON,"mean over τ∈[2, 4]",Z1000,refine,0.020980057326268602,,,96
6h,2020,North_Atlantic,SON,"mean over τ∈[2, 4]",Z925,refine,0.01659640252257184,,,96
6h,2020,North_Atlantic,SON,"mean over τ∈[2, 4]",Z850,refine,0.012900017089034413,,,96
6h,2020,North_Atlantic,SON,"mean over τ∈[2, 4]",Z700,refine,0.008501835243405939,,,96
6h,2020,North_Atlantic,SON,"mean over τ∈[2, 4]",t2m,refine,0.020797517063005696,,,96
6h,2020,North_Atlantic,SON,"mean over τ∈[2, 4]",u10,refine,0.08949976704511443,,,96
6h,2020,North_Atlantic,SON,"mean over τ∈[2, 4]",v10,refine,0.15444609164056233,,,96
6h,2020,North_Atlantic,SON,"mean over τ∈[2, 4]",mslp,refine,0.02104902361974439,,,96
6h,2020,West_Pacific,DJF,"mean over τ∈[2, 4]",T1000,refine,0.012467756249766124,,,96
6h,2020,West_Pacific,DJF,"mean over τ∈[2, 4]",T925,refine,0.014009606878187227,,,96
6h,2020,West_Pacific,DJF,"mean over τ∈[2, 4]",T850,refine,0.02175899022726984,,,96
6h,2020,West_Pacific,DJF,"mean over τ∈[2, 4]",T700,refine,0.02187909852136547,,,96
6h,2020,West_Pacific,DJF,"mean over τ∈[2, 4]",U1000,refine,0.08806229798546364,,,96
6h,2020,West_Pacific,DJF,"mean over τ∈[2, 4]",U925,refine,0.07688312204313096,,,96
6h,2020,West_Pacific,DJF,"mean over τ∈[2, 4]",U850,refine,0.0842377680468482,,,96
6h,2020,West_Pacific,DJF,"mean over τ∈[2, 4]",U700,refine,0.09049172441880568,,,96
6h,2020,West_Pacific,DJF,"mean over τ∈[2, 4]",V1000,refine,0.1530863389616738,,,96
6h,2020,West_Pacific,DJF,"mean over τ∈[2, 4]",V925,refine,0.16997019427990528,,,96
6h,2020,West_Pacific,DJF,"mean over τ∈[2, 4]",V850,refine,0.23395100121981674,,,96
6h,2020,West_Pacific,DJF,"mean over τ∈[2, 4]",V700,refine,0.3098345677479745,,,96
6h,2020,West_Pacific,DJF,"mean over τ∈[2, 4]",Q1000,refine,0.021512812374094834,,,96
6h,2020,West_Pacific,DJF,"mean over τ∈[2, 4]",Q925,refine,0.04613423350861505,,,96
6h,2020,West_Pacific,DJF,"mean over τ∈[2, 4]",Q850,refine,0.07554340440604053,,,96
6h,2020,West_Pacific,DJF,"mean over τ∈[2, 4]",Q700,refine,0.08747634479077947,,,96
6h,2020,West_Pacific,DJF,"mean over τ∈[2, 4]",Z1000,refine,0.024787415527012684,,,96
6h,2020,West_Pacific,DJF,"mean over τ∈[2, 4]",Z925,refine,0.020047008446971933,,,96
6h,2020,West_Pacific,DJF,"mean over τ∈[2, 4]",Z850,refine,0.015788214191469172,,,96
6h,2020,West_Pacific,DJF,"mean over τ∈[2, 4]",Z700,refine,0.010352035503975204,,,96
6h,2020,West_Pacific,DJF,"mean over τ∈[2, 4]",t2m,refine,0.016910960520755584,,,96
6h,2020,West_Pacific,DJF,"mean over τ∈[2, 4]",u10,refine,0.08689744448415146,,,96
6h,2020,West_Pacific,DJF,"mean over τ∈[2, 4]",v10,refine,0.14948927703173873,,,96
6h,2020,West_Pacific,DJF,"mean over τ∈[2, 4]",mslp,refine,0.02472680485266332,,,96
6h,2020,West_Pacific,MAM,"mean over τ∈[2, 4]",T1000,refine,0.012846758112158829,,,96
6h,2020,West_Pacific,MAM,"mean over τ∈[2, 4]",T925,refine,0.015833604173211027,,,96
6h,2020,West_Pacific,MAM,"mean over τ∈[2, 4]",T850,refine,0.019909140842559316,,,96
6h,2020,West_Pacific,MAM,"mean over τ∈[2, 4]",T700,refine,0.019078534459601663,,,96
6h,2020,West_Pacific,MAM,"mean over τ∈[2, 4]",U1000,refine,0.08366809343940297,,,96
6h,2020,West_Pacific,MAM,"mean over τ∈[2, 4]",U925,refine,0.07100496835973268,,,96
6h,2020,West_Pacific,MAM,"mean over τ∈[2, 4]",U850,refine,0.07232440029173634,,,96
6h,2020,West_Pacific,MAM,"mean over τ∈[2, 4]",U700,refine,0.07453754882683622,,,96
6h,2020,West_Pacific,MAM,"mean over τ∈[2, 4]",V1000,refine,0.1470308733092473,,,96
6h,2020,West_Pacific,MAM,"mean over τ∈[2, 4]",V925,refine,0.15836725384681957,,,96
6h,2020,West_Pacific,MAM,"mean over τ∈[2, 4]",V850,refine,0.20628391358675344,,,96
6h,2020,West_Pacific,MAM,"mean over τ∈[2, 4]",V700,refine,0.26610968394866585,,,96
6h,2020,West_Pacific,MAM,"mean over τ∈[2, 4]",Q1000,refine,0.02081107716692457,,,96
6h,2020,West_Pacific,MAM,"mean over τ∈[2, 4]",Q925,refine,0.049760315986476684,,,96
6h,2020,West_Pacific,MAM,"mean over τ∈[2, 4]",Q850,refine,0.06736736108573083,,,96
6h,2020,West_Pacific,MAM,"mean over τ∈[2, 4]",Q700,refine,0.08751082051540499,,,96
6h,2020,West_Pacific,MAM,"mean over τ∈[2, 4]",Z1000,refine,0.02309693048706847,,,96
6h,2020,West_Pacific,MAM,"mean over τ∈[2, 4]",Z925,refine,0.018605504898462032,,,96
6h,2020,West_Pacific,MAM,"mean over τ∈[2, 4]",Z850,refine,0.014577291235908903,,,96
6h,2020,West_Pacific,MAM,"mean over τ∈[2, 4]",Z700,refine,0.009593110051697657,,,96
6h,2020,West_Pacific,MAM,"mean over τ∈[2, 4]",t2m,refine,0.016304367703446225,,,96
6h,2020,West_Pacific,MAM,"mean over τ∈[2, 4]",u10,refine,0.0809358065874778,,,96
6h,2020,West_Pacific,MAM,"mean over τ∈[2, 4]",v10,refine,0.14037719472994614,,,96
6h,2020,West_Pacific,MAM,"mean over τ∈[2, 4]",mslp,refine,0.022805236826551115,,,96
6h,2020,West_Pacific,JJA,"mean over τ∈[2, 4]",T1000,refine,0.014152319563134143,,,96
6h,2020,West_Pacific,JJA,"mean over τ∈[2, 4]",T925,refine,0.014711930426311763,,,96
6h,2020,West_Pacific,JJA,"mean over τ∈[2, 4]",T850,refine,0.014414935874152175,,,96
6h,2020,West_Pacific,JJA,"mean over τ∈[2, 4]",T700,refine,0.015270594708843586,,,96
6h,2020,West_Pacific,JJA,"mean over τ∈[2, 4]",U1000,refine,0.07448412456952823,,,96
6h,2020,West_Pacific,JJA,"mean over τ∈[2, 4]",U925,refine,0.060794806306367535,,,96
6h,2020,West_Pacific,JJA,"mean over τ∈[2, 4]",U850,refine,0.057128932401319645,,,96
6h,2020,West_Pacific,JJA,"mean over τ∈[2, 4]",U700,refine,0.05729864365412262,,,96
6h,2020,West_Pacific,JJA,"mean over τ∈[2, 4]",V1000,refine,0.13128020798351087,,,96
6h,2020,West_Pacific,JJA,"mean over τ∈[2, 4]",V925,refine,0.13337006059678788,,,96
6h,2020,West_Pacific,JJA,"mean over τ∈[2, 4]",V850,refine,0.1617942353356879,,,96
6h,2020,West_Pacific,JJA,"mean over τ∈[2, 4]",V700,refine,0.20414633650519032,,,96
6h,2020,West_Pacific,JJA,"mean over τ∈[2, 4]",Q1000,refine,0.023755037634753985,,,96
6h,2020,West_Pacific,JJA,"mean over τ∈[2, 4]",Q925,refine,0.05346082832061564,,,96
6h,2020,West_Pacific,JJA,"mean over τ∈[2, 4]",Q850,refine,0.05881878349193885,,,96
6h,2020,West_Pacific,JJA,"mean over τ∈[2, 4]",Q700,refine,0.09168941200576365,,,96
6h,2020,West_Pacific,JJA,"mean over τ∈[2, 4]",Z1000,refine,0.020202194087137852,,,96
6h,2020,West_Pacific,JJA,"mean over τ∈[2, 4]",Z925,refine,0.016124429054966007,,,96
6h,2020,West_Pacific,JJA,"mean over τ∈[2, 4]",Z850,refine,0.012549862808540514,,,96
6h,2020,West_Pacific,JJA,"mean over τ∈[2, 4]",Z700,refine,0.00828121399727172,,,96
6h,2020,West_Pacific,JJA,"mean over τ∈[2, 4]",t2m,refine,0.01661239214391167,,,96
6h,2020,West_Pacific,JJA,"mean over τ∈[2, 4]",u10,refine,0.07329413131712349,,,96
6h,2020,West_Pacific,JJA,"mean over τ∈[2, 4]",v10,refine,0.1286156948096545,,,96
6h,2020,West_Pacific,JJA,"mean over τ∈[2, 4]",mslp,refine,0.019486931087681778,,,96
6h,2020,West_Pacific,SON,"mean over τ∈[2, 4]",T1000,refine,0.014295850127287147,,,96
6h,2020,West_Pacific,SON,"mean over τ∈[2, 4]",T925,refine,0.01426083608354621,,,96
6h,2020,West_Pacific,SON,"mean over τ∈[2, 4]",T850,refine,0.01899897252338216,,,96
6h,2020,West_Pacific,SON,"mean over τ∈[2, 4]",T700,refine,0.018425924981214863,,,96
6h,2020,West_Pacific,SON,"mean over τ∈[2, 4]",U1000,refine,0.08159321286480246,,,96
6h,2020,West_Pacific,SON,"mean over τ∈[2, 4]",U925,refine,0.06767076498776269,,,96
6h,2020,West_Pacific,SON,"mean over τ∈[2, 4]",U850,refine,0.06831679470901085,,,96
6h,2020,West_Pacific,SON,"mean over τ∈[2, 4]",U700,refine,0.06917570128229711,,,96
6h,2020,West_Pacific,SON,"mean over τ∈[2, 4]",V1000,refine,0.14370647792577343,,,96
6h,2020,West_Pacific,SON,"mean over τ∈[2, 4]",V925,refine,0.15143461731561675,,,96
6h,2020,West_Pacific,SON,"mean over τ∈[2, 4]",V850,refine,0.1942973340673057,,,96
6h,2020,West_Pacific,SON,"mean over τ∈[2, 4]",V700,refine,0.24677855093255283,,,96
6h,2020,West_Pacific,SON,"mean over τ∈[2, 4]",Q1000,refine,0.024371177713375877,,,96
6h,2020,West_Pacific,SON,"mean over τ∈[2, 4]",Q925,refine,0.053266359521269194,,,96
6h,2020,West_Pacific,SON,"mean over τ∈[2, 4]",Q850,refine,0.06741769392868091,,,96
6h,2020,West_Pacific,SON,"mean over τ∈[2, 4]",Q700,refine,0.09411516474518784,,,96
6h,2020,West_Pacific,SON,"mean over τ∈[2, 4]",Z1000,refine,0.022623266781674995,,,96
6h,2020,West_Pacific,SON,"mean over τ∈[2, 4]",Z925,refine,0.018117625347171328,,,96
6h,2020,West_Pacific,SON,"mean over τ∈[2, 4]",Z850,refine,0.014130060047150705,,,96
6h,2020,West_Pacific,SON,"mean over τ∈[2, 4]",Z700,refine,0.009256551499446522,,,96
6h,2020,West_Pacific,SON,"mean over τ∈[2, 4]",t2m,refine,0.018198474541854887,,,96
6h,2020,West_Pacific,SON,"mean over τ∈[2, 4]",u10,refine,0.08018349334078649,,,96
6h,2020,West_Pacific,SON,"mean over τ∈[2, 4]",v10,refine,0.14158360741497453,,,96
6h,2020,West_Pacific,SON,"mean over τ∈[2, 4]",mslp,refine,0.022062949432754667,,,96
6h,2020,Land,DJF,"mean over τ∈[2, 4]",T1000,refine,0.016788424149257915,,,96
6h,2020,Land,DJF,"mean over τ∈[2, 4]",T925,refine,0.018398692484065306,,,96
6h,2020,Land,DJF,"mean over τ∈[2, 4]",T850,refine,0.021016770250532446,,,96
6h,2020,Land,DJF,"mean over τ∈[2, 4]",T700,refine,0.01757640300800643,,,96
6h,2020,Land,DJF,"mean over τ∈[2, 4]",U1000,refine,0.06951337422601626,,,96
6h,2020,Land,DJF,"mean over τ∈[2, 4]",U925,refine,0.06277308702009397,,,96
6h,2020,Land,DJF,"mean over τ∈[2, 4]",U850,refine,0.0652123049103261,,,96
6h,2020,Land,DJF,"mean over τ∈[2, 4]",U700,refine,0.06298848301216951,,,96
6h,2020,Land,DJF,"mean over τ∈[2, 4]",V1000,refine,0.11796303538304415,,,96
6h,2020,Land,DJF,"mean over τ∈[2, 4]",V925,refine,0.13882248134852238,,,96
6h,2020,Land,DJF,"mean over τ∈[2, 4]",V850,refine,0.1854070771545117,,,96
6h,2020,Land,DJF,"mean over τ∈[2, 4]",V700,refine,0.22402077499094544,,,96
6h,2020,Land,DJF,"mean over τ∈[2, 4]",Q1000,refine,0.026121330132867795,,,96
6h,2020,Land,DJF,"mean over τ∈[2, 4]",Q925,refine,0.040218318280193927,,,96
6h,2020,Land,DJF,"mean over τ∈[2, 4]",Q850,refine,0.05502257357336617,,,96
6h,2020,Land,DJF,"mean over τ∈[2, 4]",Q700,refine,0.07539735001617426,,,96
6h,2020,Land,DJF,"mean over τ∈[2, 4]",Z1000,refine,0.021314772079808298,,,96
6h,2020,Land,DJF,"mean over τ∈[2, 4]",Z925,refine,0.016879330380582123,,,96
6h,2020,Land,DJF,"mean over τ∈[2, 4]",Z850,refine,0.013157767783406474,,,96
6h,2020,Land,DJF,"mean over τ∈[2, 4]",Z700,refine,0.008585590424833579,,,96
6h,2020,Land,DJF,"mean over τ∈[2, 4]",t2m,refine,0.02448421545616987,,,96
6h,2020,Land,DJF,"mean over τ∈[2, 4]",u10,refine,0.0713820146768967,,,96
6h,2020,Land,DJF,"mean over τ∈[2, 4]",v10,refine,0.12006543738030089,,,96
6h,2020,Land,DJF,"mean over τ∈[2, 4]",mslp,refine,0.021450264429139186,,,96
6h,2020,Land,MAM,"mean over τ∈[2, 4]",T1000,refine,0.017248909114746556,,,96
6h,2020,Land,MAM,"mean over τ∈[2, 4]",T925,refine,0.018630524352789456,,,96
6h,2020,Land,MAM,"mean over τ∈[2, 4]",T850,refine,0.021383252155317733,,,96
6h,2020,Land,MAM,"mean over τ∈[2, 4]",T700,refine,0.018751558728931327,,,96
6h,2020,Land,MAM,"mean over τ∈[2, 4]",U1000,refine,0.0754089009403122,,,96
6h,2020,Land,MAM,"mean over τ∈[2, 4]",U925,refine,0.0691643826536792,,,96
6h,2020,Land,MAM,"mean over τ∈[2, 4]",U850,refine,0.0701282323434433,,,96
6h,2020,Land,MAM,"mean over τ∈[2, 4]",U700,refine,0.0699726606894018,,,96
6h,2020,Land,MAM,"mean over τ∈[2, 4]",V1000,refine,0.1286986376144454,,,96
6h,2020,Land,MAM,"mean over τ∈[2, 4]",V925,refine,0.15531002306925898,,,96
6h,2020,Land,MAM,"mean over τ∈[2, 4]",V850,refine,0.201977189927253,,,96
6h,2020,Land,MAM,"mean over τ∈[2, 4]",V700,refine,0.2511595899443507,,,96
6h,2020,Land,MAM,"mean over τ∈[2, 4]",Q1000,refine,0.02689449036080024,,,96
6h,2020,Land,MAM,"mean over τ∈[2, 4]",Q925,refine,0.04117488079516424,,,96
6h,2020,Land,MAM,"mean over τ∈[2, 4]",Q850,refine,0.055208789382835265,,,96
6h,2020,Land,MAM,"mean over τ∈[2, 4]",Q700,refine,0.07833014660811347,,,96
6h,2020,Land,MAM,"mean over τ∈[2, 4]",Z1000,refine,0.022061038278600374,,,96
6h,2020,Land,MAM,"mean over τ∈[2, 4]",Z925,refine,0.017470627979333374,,,96
6h,2020,Land,MAM,"mean over τ∈[2, 4]",Z850,refine,0.013616430189380394,,,96
6h,2020,Land,MAM,"mean over τ∈[2, 4]",Z700,refine,0.008915466104400712,,,96
6h,2020,Land,MAM,"mean over τ∈[2, 4]",t2m,refine,0.0254058049186899,,,96
6h,2020,Land,MAM,"mean over τ∈[2, 4]",u10,refine,0.07764277244654036,,,96
6h,2020,Land,MAM,"mean over τ∈[2, 4]",v10,refine,0.1308761350641898,,,96
6h,2020,Land,MAM,"mean over τ∈[2, 4]",mslp,refine,0.02235187587273966,,,96
6h,2020,Land,JJA,"mean over τ∈[2, 4]",T1000,refine,0.017425709733209577,,,96
6h,2020,Land,JJA,"mean over τ∈[2, 4]",T925,refine,0.01823094788097237,,,96
6h,2020,Land,JJA,"mean over τ∈[2, 4]",T850,refine,0.020644510897252343,,,96
6h,2020,Land,JJA,"mean over τ∈[2, 4]",T700,refine,0.018702751928064896,,,96
6h,2020,Land,JJA,"mean over τ∈[2, 4]",U1000,refine,0.0775795208311832,,,96
6h,2020,Land,JJA,"mean over τ∈[2, 4]",U925,refine,0.07005612817507846,,,96
6h,2020,Land,JJA,"mean over τ∈[2, 4]",U850,refine,0.07083310449285464,,,96
6h,2020,Land,JJA,"mean over τ∈[2, 4]",U700,refine,0.07079023403909639,,,96
6h,2020,Land,JJA,"mean over τ∈[2, 4]",V1000,refine,0.13009541002042807,,,96
6h,2020,Land,JJA,"mean over τ∈[2, 4]",V925,refine,0.15440111340028875,,,96
6h,2020,Land,JJA,"mean over τ∈[2, 4]",V850,refine,0.20222351341347994,,,96
6h,2020,Land,JJA,"mean over τ∈[2, 4]",V700,refine,0.2500200760250883,,,96
6h,2020,Land,JJA,"mean over τ∈[2, 4]",Q1000,refine,0.025481736763262354,,,96
6h,2020,Land,JJA,"mean over τ∈[2, 4]",Q925,refine,0.03864211494043423,,,96
6h,2020,Land,JJA,"mean over τ∈[2, 4]",Q850,refine,0.05076514247813139,,,96
6h,2020,Land,JJA,"mean over τ∈[2, 4]",Q700,refine,0.07030616378905735,,,96
6h,2020,Land,JJA,"mean over τ∈[2, 4]",Z1000,refine,0.022499461251434157,,,96
6h,2020,Land,JJA,"mean over τ∈[2, 4]",Z925,refine,0.01783396673527294,,,96
6h,2020,Land,JJA,"mean over τ∈[2, 4]",Z850,refine,0.013929817881343478,,,96
6h,2020,Land,JJA,"mean over τ∈[2, 4]",Z700,refine,0.009156937896984406,,,96
6h,2020,Land,JJA,"mean over τ∈[2, 4]",t2m,refine,0.025090365666963092,,,96
6h,2020,Land,JJA,"mean over τ∈[2, 4]",u10,refine,0.0797109519543597,,,96
6h,2020,Land,JJA,"mean over τ∈[2, 4]",v10,refine,0.131995352235912,,,96
6h,2020,Land,JJA,"mean over τ∈[2, 4]",mslp,refine,0.023070610096999383,,,96
6h,2020,Land,SON,"mean over τ∈[2, 4]",T1000,refine,0.01757478092773887,,,96
6h,2020,Land,SON,"mean over τ∈[2, 4]",T925,refine,0.019329953821271707,,,96
6h,2020,Land,SON,"mean over τ∈[2, 4]",T850,refine,0.021736538726018936,,,96
6h,2020,Land,SON,"mean over τ∈[2, 4]",T700,refine,0.01796808878946748,,,96
6h,2020,Land,SON,"mean over τ∈[2, 4]",U1000,refine,0.07475964586368956,,,96
6h,2020,Land,SON,"mean over τ∈[2, 4]",U925,refine,0.06782411206650905,,,96
6h,2020,Land,SON,"mean over τ∈[2, 4]",U850,refine,0.06980278915480749,,,96
6h,2020,Land,SON,"mean over τ∈[2, 4]",U700,refine,0.06744058350824308,,,96
6h,2020,Land,SON,"mean over τ∈[2, 4]",V1000,refine,0.12541607608233996,,,96
6h,2020,Land,SON,"mean over τ∈[2, 4]",V925,refine,0.14940833774727824,,,96
6h,2020,Land,SON,"mean over τ∈[2, 4]",V850,refine,0.19895286280325,,,96
6h,2020,Land,SON,"mean over τ∈[2, 4]",V700,refine,0.24105947822396423,,,96
6h,2020,Land,SON,"mean over τ∈[2, 4]",Q1000,refine,0.02661580728430728,,,96
6h,2020,Land,SON,"mean over τ∈[2, 4]",Q925,refine,0.04169383821880659,,,96
6h,2020,Land,SON,"mean over τ∈[2, 4]",Q850,refine,0.05255507592185039,,,96
6h,2020,Land,SON,"mean over τ∈[2, 4]",Q700,refine,0.07293974699693327,,,96
6h,2020,Land,SON,"mean over τ∈[2, 4]",Z1000,refine,0.0225732403719091,,,96
6h,2020,Land,SON,"mean over τ∈[2, 4]",Z925,refine,0.017832003556879025,,,96
6h,2020,Land,SON,"mean over τ∈[2, 4]",Z850,refine,0.013880426165369273,,,96
6h,2020,Land,SON,"mean over τ∈[2, 4]",Z700,refine,0.00907789870757677,,,96
6h,2020,Land,SON,"mean over τ∈[2, 4]",t2m,refine,0.026054532862601187,,,96
6h,2020,Land,SON,"mean over τ∈[2, 4]",u10,refine,0.07737146018870418,,,96
6h,2020,Land,SON,"mean over τ∈[2, 4]",v10,refine,0.12832870606092517,,,96
6h,2020,Land,SON,"mean over τ∈[2, 4]",mslp,refine,0.022823930941141185,,,96
6h,2020,Ocean,DJF,"mean over τ∈[2, 4]",T1000,refine,0.017134784344679257,,,96
6h,2020,Ocean,DJF,"mean over τ∈[2, 4]",T925,refine,0.01878888103246254,,,96
6h,2020,Ocean,DJF,"mean over τ∈[2, 4]",T850,refine,0.021300473158174196,,,96
6h,2020,Ocean,DJF,"mean over τ∈[2, 4]",T700,refine,0.019184347552538193,,,96
6h,2020,Ocean,DJF,"mean over τ∈[2, 4]",U1000,refine,0.07709017402788626,,,96
6h,2020,Ocean,DJF,"mean over τ∈[2, 4]",U925,refine,0.07037058815405908,,,96
6h,2020,Ocean,DJF,"mean over τ∈[2, 4]",U850,refine,0.07181853262905515,,,96
6h,2020,Ocean,DJF,"mean over τ∈[2, 4]",U700,refine,0.07285281116798918,,,96
6h,2020,Ocean,DJF,"mean over τ∈[2, 4]",V1000,refine,0.1327370483784506,,,96
6h,2020,Ocean,DJF,"mean over τ∈[2, 4]",V925,refine,0.1554137233227521,,,96
6h,2020,Ocean,DJF,"mean over τ∈[2, 4]",V850,refine,0.20584262058357006,,,96
6h,2020,Ocean,DJF,"mean over τ∈[2, 4]",V700,refine,0.25810825334911863,,,96
6h,2020,Ocean,DJF,"mean over τ∈[2, 4]",Q1000,refine,0.023872713124902988,,,96
6h,2020,Ocean,DJF,"mean over τ∈[2, 4]",Q925,refine,0.04478573515946842,,,96
6h,2020,Ocean,DJF,"mean over τ∈[2, 4]",Q850,refine,0.06222749354873543,,,96
6h,2020,Ocean,DJF,"mean over τ∈[2, 4]",Q700,refine,0.08114127531520605,,,96
6h,2020,Ocean,DJF,"mean over τ∈[2, 4]",Z1000,refine,0.02412573658393101,,,96
6h,2020,Ocean,DJF,"mean over τ∈[2, 4]",Z925,refine,0.0189633732527851,,,96
6h,2020,Ocean,DJF,"mean over τ∈[2, 4]",Z850,refine,0.014638774769807284,,,96
6h,2020,Ocean,DJF,"mean over τ∈[2, 4]",Z700,refine,0.009376188957881375,,,96
6h,2020,Ocean,DJF,"mean over τ∈[2, 4]",t2m,refine,0.02847908999774367,,,96
6h,2020,Ocean,DJF,"mean over τ∈[2, 4]",u10,refine,0.07754545053482154,,,96
6h,2020,Ocean,DJF,"mean over τ∈[2, 4]",v10,refine,0.13301271725623812,,,96
6h,2020,Ocean,DJF,"mean over τ∈[2, 4]",mslp,refine,0.02448786142747749,,,96
6h,2020,Ocean,MAM,"mean over τ∈[2, 4]",T1000,refine,0.018898415667020378,,,96
6h,2020,Ocean,MAM,"mean over τ∈[2, 4]",T925,refine,0.019607460467708823,,,96
6h,2020,Ocean,MAM,"mean over τ∈[2, 4]",T850,refine,0.021433151688405327,,,96
6h,2020,Ocean,MAM,"mean over τ∈[2, 4]",T700,refine,0.019074636655133616,,,96
6h,2020,Ocean,MAM,"mean over τ∈[2, 4]",U1000,refine,0.07937008852861846,,,96
6h,2020,Ocean,MAM,"mean over τ∈[2, 4]",U925,refine,0.07294472619682037,,,96
6h,2020,Ocean,MAM,"mean over τ∈[2, 4]",U850,refine,0.07355893088290842,,,96
6h,2020,Ocean,MAM,"mean over τ∈[2, 4]",U700,refine,0.07238977658698312,,,96
6h,2020,Ocean,MAM,"mean over τ∈[2, 4]",V1000,refine,0.13579600582877766,,,96
6h,2020,Ocean,MAM,"mean over τ∈[2, 4]",V925,refine,0.16067640340825162,,,96
6h,2020,Ocean,MAM,"mean over τ∈[2, 4]",V850,refine,0.20986402385580874,,,96
6h,2020,Ocean,MAM,"mean over τ∈[2, 4]",V700,refine,0.25593442209067,,,96
6h,2020,Ocean,MAM,"mean over τ∈[2, 4]",Q1000,refine,0.027237689807512865,,,96
6h,2020,Ocean,MAM,"mean over τ∈[2, 4]",Q925,refine,0.04840396558430721,,,96
6h,2020,Ocean,MAM,"mean over τ∈[2, 4]",Q850,refine,0.06298591729235918,,,96
6h,2020,Ocean,MAM,"mean over τ∈[2, 4]",Q700,refine,0.08250185546288388,,,96
6h,2020,Ocean,MAM,"mean over τ∈[2, 4]",Z1000,refine,0.02372929983651622,,,96
6h,2020,Ocean,MAM,"mean over τ∈[2, 4]",Z925,refine,0.018580071567526148,,,96
6h,2020,Ocean,MAM,"mean over τ∈[2, 4]",Z850,refine,0.014284884495540136,,,96
6h,2020,Ocean,MAM,"mean over τ∈[2, 4]",Z700,refine,0.009156792580049249,,,96
6h,2020,Ocean,MAM,"mean over τ∈[2, 4]",t2m,refine,0.03339837278881273,,,96
6h,2020,Ocean,MAM,"mean over τ∈[2, 4]",u10,refine,0.08002421362291014,,,96
6h,2020,Ocean,MAM,"mean over τ∈[2, 4]",v10,refine,0.1363711172280896,,,96
6h,2020,Ocean,MAM,"mean over τ∈[2, 4]",mslp,refine,0.024108825630199122,,,96
6h,2020,Ocean,JJA,"mean over τ∈[2, 4]",T1000,refine,0.018826380468629254,,,96
6h,2020,Ocean,JJA,"mean over τ∈[2, 4]",T925,refine,0.019538197075068,,,96
6h,2020,Ocean,JJA,"mean over τ∈[2, 4]",T850,refine,0.020564403984554995,,,96
6h,2020,Ocean,JJA,"mean over τ∈[2, 4]",T700,refine,0.01828200608566806,,,96
6h,2020,Ocean,JJA,"mean over τ∈[2, 4]",U1000,refine,0.07739766487894865,,,96
6h,2020,Ocean,JJA,"mean over τ∈[2, 4]",U925,refine,0.07146269530952543,,,96
6h,2020,Ocean,JJA,"mean over τ∈[2, 4]",U850,refine,0.07100908214804154,,,96
6h,2020,Ocean,JJA,"mean over τ∈[2, 4]",U700,refine,0.06825860886721899,,,96
6h,2020,Ocean,JJA,"mean over τ∈[2, 4]",V1000,refine,0.13303843801707868,,,96
6h,2020,Ocean,JJA,"mean over τ∈[2, 4]",V925,refine,0.15638611007355763,,,96
6h,2020,Ocean,JJA,"mean over τ∈[2, 4]",V850,refine,0.20137566258568057,,,96
6h,2020,Ocean,JJA,"mean over τ∈[2, 4]",V700,refine,0.2399125063049701,,,96
6h,2020,Ocean,JJA,"mean over τ∈[2, 4]",Q1000,refine,0.03090391829060366,,,96
6h,2020,Ocean,JJA,"mean over τ∈[2, 4]",Q925,refine,0.04826387388854435,,,96
6h,2020,Ocean,JJA,"mean over τ∈[2, 4]",Q850,refine,0.06376053006539982,,,96
6h,2020,Ocean,JJA,"mean over τ∈[2, 4]",Q700,refine,0.08501144062340675,,,96
6h,2020,Ocean,JJA,"mean over τ∈[2, 4]",Z1000,refine,0.023393193568844412,,,96
6h,2020,Ocean,JJA,"mean over τ∈[2, 4]",Z925,refine,0.018347719940568837,,,96
6h,2020,Ocean,JJA,"mean over τ∈[2, 4]",Z850,refine,0.014125787773956426,,,96
6h,2020,Ocean,JJA,"mean over τ∈[2, 4]",Z700,refine,0.00901979173521508,,,96
6h,2020,Ocean,JJA,"mean over τ∈[2, 4]",t2m,refine,0.03272634489657205,,,96
6h,2020,Ocean,JJA,"mean over τ∈[2, 4]",u10,refine,0.07881881321837154,,,96
6h,2020,Ocean,JJA,"mean over τ∈[2, 4]",v10,refine,0.13469001451774618,,,96
6h,2020,Ocean,JJA,"mean over τ∈[2, 4]",mslp,refine,0.02367069104646609,,,96
6h,2020,Ocean,SON,"mean over τ∈[2, 4]",T1000,refine,0.017362843567613324,,,96
6h,2020,Ocean,SON,"mean over τ∈[2, 4]",T925,refine,0.018356086300221525,,,96
6h,2020,Ocean,SON,"mean over τ∈[2, 4]",T850,refine,0.02092785774853274,,,96
6h,2020,Ocean,SON,"mean over τ∈[2, 4]",T700,refine,0.01851281906675385,,,96
6h,2020,Ocean,SON,"mean over τ∈[2, 4]",U1000,refine,0.07517564581400207,,,96
6h,2020,Ocean,SON,"mean over τ∈[2, 4]",U925,refine,0.06867027763927043,,,96
6h,2020,Ocean,SON,"mean over τ∈[2, 4]",U850,refine,0.06993556516025397,,,96
6h,2020,Ocean,SON,"mean over τ∈[2, 4]",U700,refine,0.06837374228966309,,,96
6h,2020,Ocean,SON,"mean over τ∈[2, 4]",V1000,refine,0.12998834913034368,,,96
6h,2020,Ocean,SON,"mean over τ∈[2, 4]",V925,refine,0.15252642391683652,,,96
6h,2020,Ocean,SON,"mean over τ∈[2, 4]",V850,refine,0.19949723842508044,,,96
6h,2020,Ocean,SON,"mean over τ∈[2, 4]",V700,refine,0.24297124561705,,,96
6h,2020,Ocean,SON,"mean over τ∈[2, 4]",Q1000,refine,0.026657386694405913,,,96
6h,2020,Ocean,SON,"mean over τ∈[2, 4]",Q925,refine,0.04582058548435244,,,96
6h,2020,Ocean,SON,"mean over τ∈[2, 4]",Q850,refine,0.06163725569543821,,,96
6h,2020,Ocean,SON,"mean over τ∈[2, 4]",Q700,refine,0.081868182454914,,,96
6h,2020,Ocean,SON,"mean over τ∈[2, 4]",Z1000,refine,0.02342717567745758,,,96
6h,2020,Ocean,SON,"mean over τ∈[2, 4]",Z925,refine,0.018476305953477233,,,96
6h,2020,Ocean,SON,"mean over τ∈[2, 4]",Z850,refine,0.01426571409774213,,,96
6h,2020,Ocean,SON,"mean over τ∈[2, 4]",Z700,refine,0.009161339032023515,,,96
6h,2020,Ocean,SON,"mean over τ∈[2, 4]",t2m,refine,0.031127974605216234,,,96
6h,2020,Ocean,SON,"mean over τ∈[2, 4]",u10,refine,0.07586807390135303,,,96
6h,2020,Ocean,SON,"mean over τ∈[2, 4]",v10,refine,0.13033819002905692,,,96
6h,2020,Ocean,SON,"mean over τ∈[2, 4]",mslp,refine,0.023707449838127656,,,96
6h,2020,Tropics,DJF,"mean over τ∈[2, 4]",T1000,weatherbridge_detail,0.016910373805080956,,,96
6h,2020,Tropics,DJF,"mean over τ∈[2, 4]",T925,weatherbridge_detail,0.017213773397130393,,,96
6h,2020,Tropics,DJF,"mean over τ∈[2, 4]",T850,weatherbridge_detail,0.019318733389547153,,,96
6h,2020,Tropics,DJF,"mean over τ∈[2, 4]",T700,weatherbridge_detail,0.01582091146398459,,,96
6h,2020,Tropics,DJF,"mean over τ∈[2, 4]",U1000,weatherbridge_detail,0.06415633965425437,,,96
6h,2020,Tropics,DJF,"mean over τ∈[2, 4]",U925,weatherbridge_detail,0.05770604034242715,,,96
6h,2020,Tropics,DJF,"mean over τ∈[2, 4]",U850,weatherbridge_detail,0.05637154009885508,,,96
6h,2020,Tropics,DJF,"mean over τ∈[2, 4]",U700,weatherbridge_detail,0.05284646814094199,,,96
6h,2020,Tropics,DJF,"mean over τ∈[2, 4]",V1000,weatherbridge_detail,0.11111996285509294,,,96
6h,2020,Tropics,DJF,"mean over τ∈[2, 4]",V925,weatherbridge_detail,0.12464701043447447,,,96
6h,2020,Tropics,DJF,"mean over τ∈[2, 4]",V850,weatherbridge_detail,0.16122179668959952,,,96
6h,2020,Tropics,DJF,"mean over τ∈[2, 4]",V700,weatherbridge_detail,0.1888131862560117,,,96
6h,2020,Tropics,DJF,"mean over τ∈[2, 4]",Q1000,weatherbridge_detail,0.031672235461948736,,,96
6h,2020,Tropics,DJF,"mean over τ∈[2, 4]",Q925,weatherbridge_detail,0.05481046395451219,,,96
6h,2020,Tropics,DJF,"mean over τ∈[2, 4]",Q850,weatherbridge_detail,0.07167363295460995,,,96
6h,2020,Tropics,DJF,"mean over τ∈[2, 4]",Q700,weatherbridge_detail,0.08951347198453294,,,96
6h,2020,Tropics,DJF,"mean over τ∈[2, 4]",Z1000,weatherbridge_detail,0.026168209521471565,,,96
6h,2020,Tropics,DJF,"mean over τ∈[2, 4]",Z925,weatherbridge_detail,0.020999324735901673,,,96
6h,2020,Tropics,DJF,"mean over τ∈[2, 4]",Z850,weatherbridge_detail,0.01649826959112783,,,96
6h,2020,Tropics,DJF,"mean over τ∈[2, 4]",Z700,weatherbridge_detail,0.010806158343871811,,,96
6h,2020,Tropics,DJF,"mean over τ∈[2, 4]",t2m,weatherbridge_detail,0.024398693279943283,,,96
6h,2020,Tropics,DJF,"mean over τ∈[2, 4]",u10,weatherbridge_detail,0.06549150315951661,,,96
6h,2020,Tropics,DJF,"mean over τ∈[2, 4]",v10,weatherbridge_detail,0.11520527849310386,,,96
6h,2020,Tropics,DJF,"mean over τ∈[2, 4]",mslp,weatherbridge_detail,0.0252497429235495,,,96
6h,2020,Tropics,MAM,"mean over τ∈[2, 4]",T1000,weatherbridge_detail,0.01722281873371567,,,96
6h,2020,Tropics,MAM,"mean over τ∈[2, 4]",T925,weatherbridge_detail,0.018290768569331935,,,96
6h,2020,Tropics,MAM,"mean over τ∈[2, 4]",T850,weatherbridge_detail,0.01915837044732919,,,96
6h,2020,Tropics,MAM,"mean over τ∈[2, 4]",T700,weatherbridge_detail,0.015678665196885804,,,96
6h,2020,Tropics,MAM,"mean over τ∈[2, 4]",U1000,weatherbridge_detail,0.06379258603154482,,,96
6h,2020,Tropics,MAM,"mean over τ∈[2, 4]",U925,weatherbridge_detail,0.05823297466075891,,,96
6h,2020,Tropics,MAM,"mean over τ∈[2, 4]",U850,weatherbridge_detail,0.05642906092454187,,,96
6h,2020,Tropics,MAM,"mean over τ∈[2, 4]",U700,weatherbridge_detail,0.05378231844547339,,,96
6h,2020,Tropics,MAM,"mean over τ∈[2, 4]",V1000,weatherbridge_detail,0.11146880320400894,,,96
6h,2020,Tropics,MAM,"mean over τ∈[2, 4]",V925,weatherbridge_detail,0.12720996501334245,,,96
6h,2020,Tropics,MAM,"mean over τ∈[2, 4]",V850,weatherbridge_detail,0.16050531884442515,,,96
6h,2020,Tropics,MAM,"mean over τ∈[2, 4]",V700,weatherbridge_detail,0.1905233793572924,,,96
6h,2020,Tropics,MAM,"mean over τ∈[2, 4]",Q1000,weatherbridge_detail,0.032735514063767186,,,96
6h,2020,Tropics,MAM,"mean over τ∈[2, 4]",Q925,weatherbridge_detail,0.05928369974789981,,,96
6h,2020,Tropics,MAM,"mean over τ∈[2, 4]",Q850,weatherbridge_detail,0.07184258652321386,,,96
6h,2020,Tropics,MAM,"mean over τ∈[2, 4]",Q700,weatherbridge_detail,0.09266776795513017,,,96
6h,2020,Tropics,MAM,"mean over τ∈[2, 4]",Z1000,weatherbridge_detail,0.026432319194498424,,,96
6h,2020,Tropics,MAM,"mean over τ∈[2, 4]",Z925,weatherbridge_detail,0.021181321082187544,,,96
6h,2020,Tropics,MAM,"mean over τ∈[2, 4]",Z850,weatherbridge_detail,0.01661522859924913,,,96
6h,2020,Tropics,MAM,"mean over τ∈[2, 4]",Z700,weatherbridge_detail,0.010875592882931683,,,96
6h,2020,Tropics,MAM,"mean over τ∈[2, 4]",t2m,weatherbridge_detail,0.024222757966058737,,,96
6h,2020,Tropics,MAM,"mean over τ∈[2, 4]",u10,weatherbridge_detail,0.06539558049081409,,,96
6h,2020,Tropics,MAM,"mean over τ∈[2, 4]",v10,weatherbridge_detail,0.11578845775260385,,,96
6h,2020,Tropics,MAM,"mean over τ∈[2, 4]",mslp,weatherbridge_detail,0.0254766022341758,,,96
6h,2020,Tropics,JJA,"mean over τ∈[2, 4]",T1000,weatherbridge_detail,0.016677935249955922,,,96
6h,2020,Tropics,JJA,"mean over τ∈[2, 4]",T925,weatherbridge_detail,0.017115074938165702,,,96
6h,2020,Tropics,JJA,"mean over τ∈[2, 4]",T850,weatherbridge_detail,0.018637338189652953,,,96
6h,2020,Tropics,JJA,"mean over τ∈[2, 4]",T700,weatherbridge_detail,0.01597452915463201,,,96
6h,2020,Tropics,JJA,"mean over τ∈[2, 4]",U1000,weatherbridge_detail,0.06452689459436399,,,96
6h,2020,Tropics,JJA,"mean over τ∈[2, 4]",U925,weatherbridge_detail,0.05907754868341114,,,96
6h,2020,Tropics,JJA,"mean over τ∈[2, 4]",U850,weatherbridge_detail,0.05758044709659017,,,96
6h,2020,Tropics,JJA,"mean over τ∈[2, 4]",U700,weatherbridge_detail,0.05479385725814089,,,96
6h,2020,Tropics,JJA,"mean over τ∈[2, 4]",V1000,weatherbridge_detail,0.1111567578077888,,,96
6h,2020,Tropics,JJA,"mean over τ∈[2, 4]",V925,weatherbridge_detail,0.12624503899638684,,,96
6h,2020,Tropics,JJA,"mean over τ∈[2, 4]",V850,weatherbridge_detail,0.16279460835932666,,,96
6h,2020,Tropics,JJA,"mean over τ∈[2, 4]",V700,weatherbridge_detail,0.1907516946105528,,,96
6h,2020,Tropics,JJA,"mean over τ∈[2, 4]",Q1000,weatherbridge_detail,0.030520597815127254,,,96
6h,2020,Tropics,JJA,"mean over τ∈[2, 4]",Q925,weatherbridge_detail,0.052426893992550766,,,96
6h,2020,Tropics,JJA,"mean over τ∈[2, 4]",Q850,weatherbridge_detail,0.06793722365383255,,,96
6h,2020,Tropics,JJA,"mean over τ∈[2, 4]",Q700,weatherbridge_detail,0.08592141308591747,,,96
6h,2020,Tropics,JJA,"mean over τ∈[2, 4]",Z1000,weatherbridge_detail,0.02476550103543535,,,96
6h,2020,Tropics,JJA,"mean over τ∈[2, 4]",Z925,weatherbridge_detail,0.019800863850612332,,,96
6h,2020,Tropics,JJA,"mean over τ∈[2, 4]",Z850,weatherbridge_detail,0.015520798734366828,,,96
6h,2020,Tropics,JJA,"mean over τ∈[2, 4]",Z700,weatherbridge_detail,0.010150736260517037,,,96
6h,2020,Tropics,JJA,"mean over τ∈[2, 4]",t2m,weatherbridge_detail,0.02307088804169791,,,96
6h,2020,Tropics,JJA,"mean over τ∈[2, 4]",u10,weatherbridge_detail,0.06592412144665856,,,96
6h,2020,Tropics,JJA,"mean over τ∈[2, 4]",v10,weatherbridge_detail,0.11462295423055734,,,96
6h,2020,Tropics,JJA,"mean over τ∈[2, 4]",mslp,weatherbridge_detail,0.023959712323904703,,,96
6h,2020,Tropics,SON,"mean over τ∈[2, 4]",T1000,weatherbridge_detail,0.017234634834241713,,,96
6h,2020,Tropics,SON,"mean over τ∈[2, 4]",T925,weatherbridge_detail,0.01820471127443581,,,96
6h,2020,Tropics,SON,"mean over τ∈[2, 4]",T850,weatherbridge_detail,0.01945146442071976,,,96
6h,2020,Tropics,SON,"mean over τ∈[2, 4]",T700,weatherbridge_detail,0.015359433182598279,,,96
6h,2020,Tropics,SON,"mean over τ∈[2, 4]",U1000,weatherbridge_detail,0.06377898273797451,,,96
6h,2020,Tropics,SON,"mean over τ∈[2, 4]",U925,weatherbridge_detail,0.05782186876045747,,,96
6h,2020,Tropics,SON,"mean over τ∈[2, 4]",U850,weatherbridge_detail,0.057285968389501556,,,96
6h,2020,Tropics,SON,"mean over τ∈[2, 4]",U700,weatherbridge_detail,0.05268296061441284,,,96
6h,2020,Tropics,SON,"mean over τ∈[2, 4]",V1000,weatherbridge_detail,0.1098616618460937,,,96
6h,2020,Tropics,SON,"mean over τ∈[2, 4]",V925,weatherbridge_detail,0.12444326285245219,,,96
6h,2020,Tropics,SON,"mean over τ∈[2, 4]",V850,weatherbridge_detail,0.16051766239724985,,,96
6h,2020,Tropics,SON,"mean over τ∈[2, 4]",V700,weatherbridge_detail,0.1878674453189147,,,96
6h,2020,Tropics,SON,"mean over τ∈[2, 4]",Q1000,weatherbridge_detail,0.03233553635176368,,,96
6h,2020,Tropics,SON,"mean over τ∈[2, 4]",Q925,weatherbridge_detail,0.055301426278289816,,,96
6h,2020,Tropics,SON,"mean over τ∈[2, 4]",Q850,weatherbridge_detail,0.06939535502919636,,,96
6h,2020,Tropics,SON,"mean over τ∈[2, 4]",Q700,weatherbridge_detail,0.08614336707002518,,,96
6h,2020,Tropics,SON,"mean over τ∈[2, 4]",Z1000,weatherbridge_detail,0.02646302367644791,,,96
6h,2020,Tropics,SON,"mean over τ∈[2, 4]",Z925,weatherbridge_detail,0.02116695553525223,,,96
6h,2020,Tropics,SON,"mean over τ∈[2, 4]",Z850,weatherbridge_detail,0.01659118939331001,,,96
6h,2020,Tropics,SON,"mean over τ∈[2, 4]",Z700,weatherbridge_detail,0.010883296604259416,,,96
6h,2020,Tropics,SON,"mean over τ∈[2, 4]",t2m,weatherbridge_detail,0.024890820623688897,,,96
6h,2020,Tropics,SON,"mean over τ∈[2, 4]",u10,weatherbridge_detail,0.06552455978012518,,,96
6h,2020,Tropics,SON,"mean over τ∈[2, 4]",v10,weatherbridge_detail,0.11428251145562383,,,96
6h,2020,Tropics,SON,"mean over τ∈[2, 4]",mslp,weatherbridge_detail,0.0255757169048763,,,96
6h,2020,N-Extra,DJF,"mean over τ∈[2, 4]",T1000,weatherbridge_detail,0.020826536623329114,,,96
6h,2020,N-Extra,DJF,"mean over τ∈[2, 4]",T925,weatherbridge_detail,0.022614317196181025,,,96
6h,2020,N-Extra,DJF,"mean over τ∈[2, 4]",T850,weatherbridge_detail,0.024975698155275797,,,96
6h,2020,N-Extra,DJF,"mean over τ∈[2, 4]",T700,weatherbridge_detail,0.023312999111203582,,,96
6h,2020,N-Extra,DJF,"mean over τ∈[2, 4]",U1000,weatherbridge_detail,0.09501882104748731,,,96
6h,2020,N-Extra,DJF,"mean over τ∈[2, 4]",U925,weatherbridge_detail,0.08693702221262524,,,96
6h,2020,N-Extra,DJF,"mean over τ∈[2, 4]",U850,weatherbridge_detail,0.0904981563631412,,,96
6h,2020,N-Extra,DJF,"mean over τ∈[2, 4]",U700,weatherbridge_detail,0.09419948914629508,,,96
6h,2020,N-Extra,DJF,"mean over τ∈[2, 4]",V1000,weatherbridge_detail,0.16324806268719924,,,96
6h,2020,N-Extra,DJF,"mean over τ∈[2, 4]",V925,weatherbridge_detail,0.19336113754345757,,,96
6h,2020,N-Extra,DJF,"mean over τ∈[2, 4]",V850,weatherbridge_detail,0.25947477024039395,,,96
6h,2020,N-Extra,DJF,"mean over τ∈[2, 4]",V700,weatherbridge_detail,0.33345570652505563,,,96
6h,2020,N-Extra,DJF,"mean over τ∈[2, 4]",Q1000,weatherbridge_detail,0.021051586485385538,,,96
6h,2020,N-Extra,DJF,"mean over τ∈[2, 4]",Q925,weatherbridge_detail,0.03460632669680872,,,96
6h,2020,N-Extra,DJF,"mean over τ∈[2, 4]",Q850,weatherbridge_detail,0.04958211338738962,,,96
6h,2020,N-Extra,DJF,"mean over τ∈[2, 4]",Q700,weatherbridge_detail,0.0688889303105662,,,96
6h,2020,N-Extra,DJF,"mean over τ∈[2, 4]",Z1000,weatherbridge_detail,0.029167000028073837,,,96
6h,2020,N-Extra,DJF,"mean over τ∈[2, 4]",Z925,weatherbridge_detail,0.02257331663561566,,,96
6h,2020,N-Extra,DJF,"mean over τ∈[2, 4]",Z850,weatherbridge_detail,0.01727928209563843,,,96
6h,2020,N-Extra,DJF,"mean over τ∈[2, 4]",Z700,weatherbridge_detail,0.010943408462562346,,,96
6h,2020,N-Extra,DJF,"mean over τ∈[2, 4]",t2m,weatherbridge_detail,0.03642996603069887,,,96
6h,2020,N-Extra,DJF,"mean over τ∈[2, 4]",u10,weatherbridge_detail,0.09474070758731251,,,96
6h,2020,N-Extra,DJF,"mean over τ∈[2, 4]",v10,weatherbridge_detail,0.16106673725815074,,,96
6h,2020,N-Extra,DJF,"mean over τ∈[2, 4]",mslp,weatherbridge_detail,0.03065935737380405,,,96
6h,2020,N-Extra,MAM,"mean over τ∈[2, 4]",T1000,weatherbridge_detail,0.024760599526498322,,,96
6h,2020,N-Extra,MAM,"mean over τ∈[2, 4]",T925,weatherbridge_detail,0.024896761111515488,,,96
6h,2020,N-Extra,MAM,"mean over τ∈[2, 4]",T850,weatherbridge_detail,0.02496677640090842,,,96
6h,2020,N-Extra,MAM,"mean over τ∈[2, 4]",T700,weatherbridge_detail,0.02213290598449555,,,96
6h,2020,N-Extra,MAM,"mean over τ∈[2, 4]",U1000,weatherbridge_detail,0.09875628585706805,,,96
6h,2020,N-Extra,MAM,"mean over τ∈[2, 4]",U925,weatherbridge_detail,0.0923149775907045,,,96
6h,2020,N-Extra,MAM,"mean over τ∈[2, 4]",U850,weatherbridge_detail,0.09344952683292267,,,96
6h,2020,N-Extra,MAM,"mean over τ∈[2, 4]",U700,weatherbridge_detail,0.09162816934767913,,,96
6h,2020,N-Extra,MAM,"mean over τ∈[2, 4]",V1000,weatherbridge_detail,0.16893537034794867,,,96
6h,2020,N-Extra,MAM,"mean over τ∈[2, 4]",V925,weatherbridge_detail,0.20412302598317636,,,96
6h,2020,N-Extra,MAM,"mean over τ∈[2, 4]",V850,weatherbridge_detail,0.26814397349466196,,,96
6h,2020,N-Extra,MAM,"mean over τ∈[2, 4]",V700,weatherbridge_detail,0.3271826582655974,,,96
6h,2020,N-Extra,MAM,"mean over τ∈[2, 4]",Q1000,weatherbridge_detail,0.030832717936597576,,,96
6h,2020,N-Extra,MAM,"mean over τ∈[2, 4]",Q925,weatherbridge_detail,0.04236517848148034,,,96
6h,2020,N-Extra,MAM,"mean over τ∈[2, 4]",Q850,weatherbridge_detail,0.05600425933162466,,,96
6h,2020,N-Extra,MAM,"mean over τ∈[2, 4]",Q700,weatherbridge_detail,0.07905226737484901,,,96
6h,2020,N-Extra,MAM,"mean over τ∈[2, 4]",Z1000,weatherbridge_detail,0.027308318437086275,,,96
6h,2020,N-Extra,MAM,"mean over τ∈[2, 4]",Z925,weatherbridge_detail,0.02098715067940807,,,96
6h,2020,N-Extra,MAM,"mean over τ∈[2, 4]",Z850,weatherbridge_detail,0.015898630023125995,,,96
6h,2020,N-Extra,MAM,"mean over τ∈[2, 4]",Z700,weatherbridge_detail,0.009972987120457634,,,96
6h,2020,N-Extra,MAM,"mean over τ∈[2, 4]",t2m,weatherbridge_detail,0.04437500078655219,,,96
6h,2020,N-Extra,MAM,"mean over τ∈[2, 4]",u10,weatherbridge_detail,0.09886209014163333,,,96
6h,2020,N-Extra,MAM,"mean over τ∈[2, 4]",v10,weatherbridge_detail,0.16816144536267638,,,96
6h,2020,N-Extra,MAM,"mean over τ∈[2, 4]",mslp,weatherbridge_detail,0.02790775637631831,,,96
6h,2020,N-Extra,JJA,"mean over τ∈[2, 4]",T1000,weatherbridge_detail,0.023835617596626668,,,96
6h,2020,N-Extra,JJA,"mean over τ∈[2, 4]",T925,weatherbridge_detail,0.024598813857248082,,,96
6h,2020,N-Extra,JJA,"mean over τ∈[2, 4]",T850,weatherbridge_detail,0.021815885219819,,,96
6h,2020,N-Extra,JJA,"mean over τ∈[2, 4]",T700,weatherbridge_detail,0.018995956890753653,,,96
6h,2020,N-Extra,JJA,"mean over τ∈[2, 4]",U1000,weatherbridge_detail,0.08869540394852304,,,96
6h,2020,N-Extra,JJA,"mean over τ∈[2, 4]",U925,weatherbridge_detail,0.0837763406050892,,,96
6h,2020,N-Extra,JJA,"mean over τ∈[2, 4]",U850,weatherbridge_detail,0.08214527305514933,,,96
6h,2020,N-Extra,JJA,"mean over τ∈[2, 4]",U700,weatherbridge_detail,0.0757587202276071,,,96
6h,2020,N-Extra,JJA,"mean over τ∈[2, 4]",V1000,weatherbridge_detail,0.15351809835291821,,,96
6h,2020,N-Extra,JJA,"mean over τ∈[2, 4]",V925,weatherbridge_detail,0.18356912618779755,,,96
6h,2020,N-Extra,JJA,"mean over τ∈[2, 4]",V850,weatherbridge_detail,0.23386408331967543,,,96
6h,2020,N-Extra,JJA,"mean over τ∈[2, 4]",V700,weatherbridge_detail,0.2715315402607179,,,96
6h,2020,N-Extra,JJA,"mean over τ∈[2, 4]",Q1000,weatherbridge_detail,0.0409416139474216,,,96
6h,2020,N-Extra,JJA,"mean over τ∈[2, 4]",Q925,weatherbridge_detail,0.0546475151907209,,,96
6h,2020,N-Extra,JJA,"mean over τ∈[2, 4]",Q850,weatherbridge_detail,0.06656182302980856,,,96
6h,2020,N-Extra,JJA,"mean over τ∈[2, 4]",Q700,weatherbridge_detail,0.09677601445303916,,,96
6h,2020,N-Extra,JJA,"mean over τ∈[2, 4]",Z1000,weatherbridge_detail,0.02495077642902056,,,96
6h,2020,N-Extra,JJA,"mean over τ∈[2, 4]",Z925,weatherbridge_detail,0.01925863532012251,,,96
6h,2020,N-Extra,JJA,"mean over τ∈[2, 4]",Z850,weatherbridge_detail,0.01458660729213835,,,96
6h,2020,N-Extra,JJA,"mean over τ∈[2, 4]",Z700,weatherbridge_detail,0.00904252797018437,,,96
6h,2020,N-Extra,JJA,"mean over τ∈[2, 4]",t2m,weatherbridge_detail,0.04448794901894425,,,96
6h,2020,N-Extra,JJA,"mean over τ∈[2, 4]",u10,weatherbridge_detail,0.09111663626213344,,,96
6h,2020,N-Extra,JJA,"mean over τ∈[2, 4]",v10,weatherbridge_detail,0.15700593549048736,,,96
6h,2020,N-Extra,JJA,"mean over τ∈[2, 4]",mslp,weatherbridge_detail,0.024507012977866425,,,96
6h,2020,N-Extra,SON,"mean over τ∈[2, 4]",T1000,weatherbridge_detail,0.020779017766902656,,,96
6h,2020,N-Extra,SON,"mean over τ∈[2, 4]",T925,weatherbridge_detail,0.021229033148873814,,,96
6h,2020,N-Extra,SON,"mean over τ∈[2, 4]",T850,weatherbridge_detail,0.02262360517729532,,,96
6h,2020,N-Extra,SON,"mean over τ∈[2, 4]",T700,weatherbridge_detail,0.0209307661631178,,,96
6h,2020,N-Extra,SON,"mean over τ∈[2, 4]",U1000,weatherbridge_detail,0.08770574932041901,,,96
6h,2020,N-Extra,SON,"mean over τ∈[2, 4]",U925,weatherbridge_detail,0.08061910691357124,,,96
6h,2020,N-Extra,SON,"mean over τ∈[2, 4]",U850,weatherbridge_detail,0.08205643397497527,,,96
6h,2020,N-Extra,SON,"mean over τ∈[2, 4]",U700,weatherbridge_detail,0.07990587585483633,,,96
6h,2020,N-Extra,SON,"mean over τ∈[2, 4]",V1000,weatherbridge_detail,0.15321131285727257,,,96
6h,2020,N-Extra,SON,"mean over τ∈[2, 4]",V925,weatherbridge_detail,0.18130347937230387,,,96
6h,2020,N-Extra,SON,"mean over τ∈[2, 4]",V850,weatherbridge_detail,0.23638113278916903,,,96
6h,2020,N-Extra,SON,"mean over τ∈[2, 4]",V700,weatherbridge_detail,0.28700748339129656,,,96
6h,2020,N-Extra,SON,"mean over τ∈[2, 4]",Q1000,weatherbridge_detail,0.02970991634224229,,,96
6h,2020,N-Extra,SON,"mean over τ∈[2, 4]",Q925,weatherbridge_detail,0.044327570149875935,,,96
6h,2020,N-Extra,SON,"mean over τ∈[2, 4]",Q850,weatherbridge_detail,0.05827122943268052,,,96
6h,2020,N-Extra,SON,"mean over τ∈[2, 4]",Q700,weatherbridge_detail,0.0851029553568639,,,96
6h,2020,N-Extra,SON,"mean over τ∈[2, 4]",Z1000,weatherbridge_detail,0.025624512255545403,,,96
6h,2020,N-Extra,SON,"mean over τ∈[2, 4]",Z925,weatherbridge_detail,0.019988172189761157,,,96
6h,2020,N-Extra,SON,"mean over τ∈[2, 4]",Z850,weatherbridge_detail,0.01528369562127049,,,96
6h,2020,N-Extra,SON,"mean over τ∈[2, 4]",Z700,weatherbridge_detail,0.009622915981449926,,,96
6h,2020,N-Extra,SON,"mean over τ∈[2, 4]",t2m,weatherbridge_detail,0.04111546792516112,,,96
6h,2020,N-Extra,SON,"mean over τ∈[2, 4]",u10,weatherbridge_detail,0.08794064263062318,,,96
6h,2020,N-Extra,SON,"mean over τ∈[2, 4]",v10,weatherbridge_detail,0.15218571036797357,,,96
6h,2020,N-Extra,SON,"mean over τ∈[2, 4]",mslp,weatherbridge_detail,0.025971313216017013,,,96
6h,2020,S-Extra,DJF,"mean over τ∈[2, 4]",T1000,weatherbridge_detail,0.014693315628271367,,,96
6h,2020,S-Extra,DJF,"mean over τ∈[2, 4]",T925,weatherbridge_detail,0.01911703261976139,,,96
6h,2020,S-Extra,DJF,"mean over τ∈[2, 4]",T850,weatherbridge_detail,0.021747128899913,,,96
6h,2020,S-Extra,DJF,"mean over τ∈[2, 4]",T700,weatherbridge_detail,0.01813983787713236,,,96
6h,2020,S-Extra,DJF,"mean over τ∈[2, 4]",U1000,weatherbridge_detail,0.07648553062974517,,,96
6h,2020,S-Extra,DJF,"mean over τ∈[2, 4]",U925,weatherbridge_detail,0.06972762603687736,,,96
6h,2020,S-Extra,DJF,"mean over τ∈[2, 4]",U850,weatherbridge_detail,0.07110742015247426,,,96
6h,2020,S-Extra,DJF,"mean over τ∈[2, 4]",U700,weatherbridge_detail,0.06849823026797387,,,96
6h,2020,S-Extra,DJF,"mean over τ∈[2, 4]",V1000,weatherbridge_detail,0.13384460231953574,,,96
6h,2020,S-Extra,DJF,"mean over τ∈[2, 4]",V925,weatherbridge_detail,0.15898510030534932,,,96
6h,2020,S-Extra,DJF,"mean over τ∈[2, 4]",V850,weatherbridge_detail,0.20834066600362533,,,96
6h,2020,S-Extra,DJF,"mean over τ∈[2, 4]",V700,weatherbridge_detail,0.2518844420776638,,,96
6h,2020,S-Extra,DJF,"mean over τ∈[2, 4]",Q1000,weatherbridge_detail,0.022794766981044965,,,96
6h,2020,S-Extra,DJF,"mean over τ∈[2, 4]",Q925,weatherbridge_detail,0.04089473616200461,,,96
6h,2020,S-Extra,DJF,"mean over τ∈[2, 4]",Q850,weatherbridge_detail,0.05952075173128803,,,96
6h,2020,S-Extra,DJF,"mean over τ∈[2, 4]",Q700,weatherbridge_detail,0.08357829755659267,,,96
6h,2020,S-Extra,DJF,"mean over τ∈[2, 4]",Z1000,weatherbridge_detail,0.02198842491965735,,,96
6h,2020,S-Extra,DJF,"mean over τ∈[2, 4]",Z925,weatherbridge_detail,0.01754967449286777,,,96
6h,2020,S-Extra,DJF,"mean over τ∈[2, 4]",Z850,weatherbridge_detail,0.013757626457784795,,,96
6h,2020,S-Extra,DJF,"mean over τ∈[2, 4]",Z700,weatherbridge_detail,0.0092712228230205,,,96
6h,2020,S-Extra,DJF,"mean over τ∈[2, 4]",t2m,weatherbridge_detail,0.01713566848728807,,,96
6h,2020,S-Extra,DJF,"mean over τ∈[2, 4]",u10,weatherbridge_detail,0.07700072196364459,,,96
6h,2020,S-Extra,DJF,"mean over τ∈[2, 4]",v10,weatherbridge_detail,0.13247258786626395,,,96
6h,2020,S-Extra,DJF,"mean over τ∈[2, 4]",mslp,weatherbridge_detail,0.02184862447371456,,,96
6h,2020,S-Extra,MAM,"mean over τ∈[2, 4]",T1000,weatherbridge_detail,0.013638237485883614,,,96
6h,2020,S-Extra,MAM,"mean over τ∈[2, 4]",T925,weatherbridge_detail,0.01604521724091279,,,96
6h,2020,S-Extra,MAM,"mean over τ∈[2, 4]",T850,weatherbridge_detail,0.021566271503959004,,,96
6h,2020,S-Extra,MAM,"mean over τ∈[2, 4]",T700,weatherbridge_detail,0.018954447579566304,,,96
6h,2020,S-Extra,MAM,"mean over τ∈[2, 4]",U1000,weatherbridge_detail,0.08179685264170831,,,96
6h,2020,S-Extra,MAM,"mean over τ∈[2, 4]",U925,weatherbridge_detail,0.07292914281612149,,,96
6h,2020,S-Extra,MAM,"mean over τ∈[2, 4]",U850,weatherbridge_detail,0.07402907636166764,,,96
6h,2020,S-Extra,MAM,"mean over τ∈[2, 4]",U700,weatherbridge_detail,0.07355589513769444,,,96
6h,2020,S-Extra,MAM,"mean over τ∈[2, 4]",V1000,weatherbridge_detail,0.1398158979773101,,,96
6h,2020,S-Extra,MAM,"mean over τ∈[2, 4]",V925,weatherbridge_detail,0.16681138227923709,,,96
6h,2020,S-Extra,MAM,"mean over τ∈[2, 4]",V850,weatherbridge_detail,0.2176014320891497,,,96
6h,2020,S-Extra,MAM,"mean over τ∈[2, 4]",V700,weatherbridge_detail,0.26959237281568166,,,96
6h,2020,S-Extra,MAM,"mean over τ∈[2, 4]",Q1000,weatherbridge_detail,0.021042466220026285,,,96
6h,2020,S-Extra,MAM,"mean over τ∈[2, 4]",Q925,weatherbridge_detail,0.03580052376066682,,,96
6h,2020,S-Extra,MAM,"mean over τ∈[2, 4]",Q850,weatherbridge_detail,0.05610889945320251,,,96
6h,2020,S-Extra,MAM,"mean over τ∈[2, 4]",Q700,weatherbridge_detail,0.07623056630714888,,,96
6h,2020,S-Extra,MAM,"mean over τ∈[2, 4]",Z1000,weatherbridge_detail,0.02302599229901938,,,96
6h,2020,S-Extra,MAM,"mean over τ∈[2, 4]",Z925,weatherbridge_detail,0.018528665055169004,,,96
6h,2020,S-Extra,MAM,"mean over τ∈[2, 4]",Z850,weatherbridge_detail,0.014622349914392017,,,96
6h,2020,S-Extra,MAM,"mean over τ∈[2, 4]",Z700,weatherbridge_detail,0.009888455825029143,,,96
6h,2020,S-Extra,MAM,"mean over τ∈[2, 4]",t2m,weatherbridge_detail,0.01662966191323659,,,96
6h,2020,S-Extra,MAM,"mean over τ∈[2, 4]",u10,weatherbridge_detail,0.0825158519919233,,,96
6h,2020,S-Extra,MAM,"mean over τ∈[2, 4]",v10,weatherbridge_detail,0.13849184641720128,,,96
6h,2020,S-Extra,MAM,"mean over τ∈[2, 4]",mslp,weatherbridge_detail,0.02300623469492953,,,96
6h,2020,S-Extra,JJA,"mean over τ∈[2, 4]",T1000,weatherbridge_detail,0.014108749391027433,,,96
6h,2020,S-Extra,JJA,"mean over τ∈[2, 4]",T925,weatherbridge_detail,0.015410711889623285,,,96
6h,2020,S-Extra,JJA,"mean over τ∈[2, 4]",T850,weatherbridge_detail,0.021455107111740618,,,96
6h,2020,S-Extra,JJA,"mean over τ∈[2, 4]",T700,weatherbridge_detail,0.01916823322879632,,,96
6h,2020,S-Extra,JJA,"mean over τ∈[2, 4]",U1000,weatherbridge_detail,0.08497690559100768,,,96
6h,2020,S-Extra,JJA,"mean over τ∈[2, 4]",U925,weatherbridge_detail,0.07562894671672908,,,96
6h,2020,S-Extra,JJA,"mean over τ∈[2, 4]",U850,weatherbridge_detail,0.07717701678332832,,,96
6h,2020,S-Extra,JJA,"mean over τ∈[2, 4]",U700,weatherbridge_detail,0.07759146369801463,,,96
6h,2020,S-Extra,JJA,"mean over τ∈[2, 4]",V1000,weatherbridge_detail,0.14564084146105444,,,96
6h,2020,S-Extra,JJA,"mean over τ∈[2, 4]",V925,weatherbridge_detail,0.17183712955018965,,,96
6h,2020,S-Extra,JJA,"mean over τ∈[2, 4]",V850,weatherbridge_detail,0.22442291569531558,,,96
6h,2020,S-Extra,JJA,"mean over τ∈[2, 4]",V700,weatherbridge_detail,0.2798043738057018,,,96
6h,2020,S-Extra,JJA,"mean over τ∈[2, 4]",Q1000,weatherbridge_detail,0.019097363412025274,,,96
6h,2020,S-Extra,JJA,"mean over τ∈[2, 4]",Q925,weatherbridge_detail,0.03118794896265466,,,96
6h,2020,S-Extra,JJA,"mean over τ∈[2, 4]",Q850,weatherbridge_detail,0.0474821219228559,,,96
6h,2020,S-Extra,JJA,"mean over τ∈[2, 4]",Q700,weatherbridge_detail,0.06032370937017421,,,96
6h,2020,S-Extra,JJA,"mean over τ∈[2, 4]",Z1000,weatherbridge_detail,0.024385528175207026,,,96
6h,2020,S-Extra,JJA,"mean over τ∈[2, 4]",Z925,weatherbridge_detail,0.019643770034483626,,,96
6h,2020,S-Extra,JJA,"mean over τ∈[2, 4]",Z850,weatherbridge_detail,0.015575457425983695,,,96
6h,2020,S-Extra,JJA,"mean over τ∈[2, 4]",Z700,weatherbridge_detail,0.010477631236264115,,,96
6h,2020,S-Extra,JJA,"mean over τ∈[2, 4]",t2m,weatherbridge_detail,0.017192846214388588,,,96
6h,2020,S-Extra,JJA,"mean over τ∈[2, 4]",u10,weatherbridge_detail,0.08558839292255274,,,96
6h,2020,S-Extra,JJA,"mean over τ∈[2, 4]",v10,weatherbridge_detail,0.14323782683556316,,,96
6h,2020,S-Extra,JJA,"mean over τ∈[2, 4]",mslp,weatherbridge_detail,0.024690267821280164,,,96
6h,2020,S-Extra,SON,"mean over τ∈[2, 4]",T1000,weatherbridge_detail,0.014857297118433622,,,96
6h,2020,S-Extra,SON,"mean over τ∈[2, 4]",T925,weatherbridge_detail,0.018321769494636153,,,96
6h,2020,S-Extra,SON,"mean over τ∈[2, 4]",T850,weatherbridge_detail,0.022944184960852352,,,96
6h,2020,S-Extra,SON,"mean over τ∈[2, 4]",T700,weatherbridge_detail,0.018988221425290802,,,96
6h,2020,S-Extra,SON,"mean over τ∈[2, 4]",U1000,weatherbridge_detail,0.0822357974827867,,,96
6h,2020,S-Extra,SON,"mean over τ∈[2, 4]",U925,weatherbridge_detail,0.07414518889588984,,,96
6h,2020,S-Extra,SON,"mean over τ∈[2, 4]",U850,weatherbridge_detail,0.07672069531570924,,,96
6h,2020,S-Extra,SON,"mean over τ∈[2, 4]",U700,weatherbridge_detail,0.07561472584593129,,,96
6h,2020,S-Extra,SON,"mean over τ∈[2, 4]",V1000,weatherbridge_detail,0.14192754203316876,,,96
6h,2020,S-Extra,SON,"mean over τ∈[2, 4]",V925,weatherbridge_detail,0.169005057028153,,,96
6h,2020,S-Extra,SON,"mean over τ∈[2, 4]",V850,weatherbridge_detail,0.2243331933690923,,,96
6h,2020,S-Extra,SON,"mean over τ∈[2, 4]",V700,weatherbridge_detail,0.27577942465377553,,,96
6h,2020,S-Extra,SON,"mean over τ∈[2, 4]",Q1000,weatherbridge_detail,0.020008527117844652,,,96
6h,2020,S-Extra,SON,"mean over τ∈[2, 4]",Q925,weatherbridge_detail,0.03468910544527829,,,96
6h,2020,S-Extra,SON,"mean over τ∈[2, 4]",Q850,weatherbridge_detail,0.05110063077875311,,,96
6h,2020,S-Extra,SON,"mean over τ∈[2, 4]",Q700,weatherbridge_detail,0.06959877062841634,,,96
6h,2020,S-Extra,SON,"mean over τ∈[2, 4]",Z1000,weatherbridge_detail,0.024258213716266044,,,96
6h,2020,S-Extra,SON,"mean over τ∈[2, 4]",Z925,weatherbridge_detail,0.01945601960622321,,,96
6h,2020,S-Extra,SON,"mean over τ∈[2, 4]",Z850,weatherbridge_detail,0.015289211602052039,,,96
6h,2020,S-Extra,SON,"mean over τ∈[2, 4]",Z700,weatherbridge_detail,0.010287860580358014,,,96
6h,2020,S-Extra,SON,"mean over τ∈[2, 4]",t2m,weatherbridge_detail,0.017359084247800357,,,96
6h,2020,S-Extra,SON,"mean over τ∈[2, 4]",u10,weatherbridge_detail,0.08245884204408861,,,96
6h,2020,S-Extra,SON,"mean over τ∈[2, 4]",v10,weatherbridge_detail,0.1391719441203605,,,96
6h,2020,S-Extra,SON,"mean over τ∈[2, 4]",mslp,weatherbridge_detail,0.02445025524869243,,,96
6h,2020,Arctic,DJF,"mean over τ∈[2, 4]",T1000,weatherbridge_detail,0.019116177228112905,,,96
6h,2020,Arctic,DJF,"mean over τ∈[2, 4]",T925,weatherbridge_detail,0.020181581908774438,,,96
6h,2020,Arctic,DJF,"mean over τ∈[2, 4]",T850,weatherbridge_detail,0.019339346266461794,,,96
6h,2020,Arctic,DJF,"mean over τ∈[2, 4]",T700,weatherbridge_detail,0.01856293376663124,,,96
6h,2020,Arctic,DJF,"mean over τ∈[2, 4]",U1000,weatherbridge_detail,0.0813274755793706,,,96
6h,2020,Arctic,DJF,"mean over τ∈[2, 4]",U925,weatherbridge_detail,0.07998486450571878,,,96
6h,2020,Arctic,DJF,"mean over τ∈[2, 4]",U850,weatherbridge_detail,0.08188056540744476,,,96
6h,2020,Arctic,DJF,"mean over τ∈[2, 4]",U700,weatherbridge_detail,0.08186958872668401,,,96
6h,2020,Arctic,DJF,"mean over τ∈[2, 4]",V1000,weatherbridge_detail,0.13787279864108593,,,96
6h,2020,Arctic,DJF,"mean over τ∈[2, 4]",V925,weatherbridge_detail,0.17453162513906467,,,96
6h,2020,Arctic,DJF,"mean over τ∈[2, 4]",V850,weatherbridge_detail,0.2329010784231466,,,96
6h,2020,Arctic,DJF,"mean over τ∈[2, 4]",V700,weatherbridge_detail,0.28566196441434144,,,96
6h,2020,Arctic,DJF,"mean over τ∈[2, 4]",Q1000,weatherbridge_detail,0.0068456411294296835,,,96
6h,2020,Arctic,DJF,"mean over τ∈[2, 4]",Q925,weatherbridge_detail,0.01002924385285804,,,96
6h,2020,Arctic,DJF,"mean over τ∈[2, 4]",Q850,weatherbridge_detail,0.017685562011866923,,,96
6h,2020,Arctic,DJF,"mean over τ∈[2, 4]",Q700,weatherbridge_detail,0.029024990672421508,,,96
6h,2020,Arctic,DJF,"mean over τ∈[2, 4]",Z1000,weatherbridge_detail,0.02297434106543965,,,96
6h,2020,Arctic,DJF,"mean over τ∈[2, 4]",Z925,weatherbridge_detail,0.01791908125012519,,,96
6h,2020,Arctic,DJF,"mean over τ∈[2, 4]",Z850,weatherbridge_detail,0.013912797206555923,,,96
6h,2020,Arctic,DJF,"mean over τ∈[2, 4]",Z700,weatherbridge_detail,0.009150688073228445,,,96
6h,2020,Arctic,DJF,"mean over τ∈[2, 4]",t2m,weatherbridge_detail,0.027369755482400664,,,96
6h,2020,Arctic,DJF,"mean over τ∈[2, 4]",u10,weatherbridge_detail,0.08186792628985273,,,96
6h,2020,Arctic,DJF,"mean over τ∈[2, 4]",v10,weatherbridge_detail,0.13672505251373282,,,96
6h,2020,Arctic,DJF,"mean over τ∈[2, 4]",mslp,weatherbridge_detail,0.02555539518909102,,,96
6h,2020,Arctic,MAM,"mean over τ∈[2, 4]",T1000,weatherbridge_detail,0.020315069325740925,,,96
6h,2020,Arctic,MAM,"mean over τ∈[2, 4]",T925,weatherbridge_detail,0.019843459983578754,,,96
6h,2020,Arctic,MAM,"mean over τ∈[2, 4]",T850,weatherbridge_detail,0.018559124754173238,,,96
6h,2020,Arctic,MAM,"mean over τ∈[2, 4]",T700,weatherbridge_detail,0.018067797785312863,,,96
6h,2020,Arctic,MAM,"mean over τ∈[2, 4]",U1000,weatherbridge_detail,0.08416791970067151,,,96
6h,2020,Arctic,MAM,"mean over τ∈[2, 4]",U925,weatherbridge_detail,0.08137529356341314,,,96
6h,2020,Arctic,MAM,"mean over τ∈[2, 4]",U850,weatherbridge_detail,0.08023692392728654,,,96
6h,2020,Arctic,MAM,"mean over τ∈[2, 4]",U700,weatherbridge_detail,0.07728679989873705,,,96
6h,2020,Arctic,MAM,"mean over τ∈[2, 4]",V1000,weatherbridge_detail,0.14845643803708375,,,96
6h,2020,Arctic,MAM,"mean over τ∈[2, 4]",V925,weatherbridge_detail,0.1844886277038804,,,96
6h,2020,Arctic,MAM,"mean over τ∈[2, 4]",V850,weatherbridge_detail,0.23243485759758442,,,96
6h,2020,Arctic,MAM,"mean over τ∈[2, 4]",V700,weatherbridge_detail,0.2760395657238055,,,96
6h,2020,Arctic,MAM,"mean over τ∈[2, 4]",Q1000,weatherbridge_detail,0.011889003966549029,,,96
6h,2020,Arctic,MAM,"mean over τ∈[2, 4]",Q925,weatherbridge_detail,0.01462122723739677,,,96
6h,2020,Arctic,MAM,"mean over τ∈[2, 4]",Q850,weatherbridge_detail,0.021986977486820634,,,96
6h,2020,Arctic,MAM,"mean over τ∈[2, 4]",Q700,weatherbridge_detail,0.036172635685063,,,96
6h,2020,Arctic,MAM,"mean over τ∈[2, 4]",Z1000,weatherbridge_detail,0.021844003301473642,,,96
6h,2020,Arctic,MAM,"mean over τ∈[2, 4]",Z925,weatherbridge_detail,0.0168950226310751,,,96
6h,2020,Arctic,MAM,"mean over τ∈[2, 4]",Z850,weatherbridge_detail,0.013117076122764549,,,96
6h,2020,Arctic,MAM,"mean over τ∈[2, 4]",Z700,weatherbridge_detail,0.008839572237288916,,,96
6h,2020,Arctic,MAM,"mean over τ∈[2, 4]",t2m,weatherbridge_detail,0.035154306155320655,,,96
6h,2020,Arctic,MAM,"mean over τ∈[2, 4]",u10,weatherbridge_detail,0.08212149310511908,,,96
6h,2020,Arctic,MAM,"mean over τ∈[2, 4]",v10,weatherbridge_detail,0.1424486061765048,,,96
6h,2020,Arctic,MAM,"mean over τ∈[2, 4]",mslp,weatherbridge_detail,0.023941865708075362,,,96
6h,2020,Arctic,JJA,"mean over τ∈[2, 4]",T1000,weatherbridge_detail,0.021533840955928894,,,96
6h,2020,Arctic,JJA,"mean over τ∈[2, 4]",T925,weatherbridge_detail,0.019873170778806418,,,96
6h,2020,Arctic,JJA,"mean over τ∈[2, 4]",T850,weatherbridge_detail,0.016453091519084178,,,96
6h,2020,Arctic,JJA,"mean over τ∈[2, 4]",T700,weatherbridge_detail,0.015630926361090806,,,96
6h,2020,Arctic,JJA,"mean over τ∈[2, 4]",U1000,weatherbridge_detail,0.08364375313434394,,,96
6h,2020,Arctic,JJA,"mean over τ∈[2, 4]",U925,weatherbridge_detail,0.07757852271127294,,,96
6h,2020,Arctic,JJA,"mean over τ∈[2, 4]",U850,weatherbridge_detail,0.07081889227129126,,,96
6h,2020,Arctic,JJA,"mean over τ∈[2, 4]",U700,weatherbridge_detail,0.06479127031086722,,,96
6h,2020,Arctic,JJA,"mean over τ∈[2, 4]",V1000,weatherbridge_detail,0.1441401975823736,,,96
6h,2020,Arctic,JJA,"mean over τ∈[2, 4]",V925,weatherbridge_detail,0.17351859372711126,,,96
6h,2020,Arctic,JJA,"mean over τ∈[2, 4]",V850,weatherbridge_detail,0.20539722149828282,,,96
6h,2020,Arctic,JJA,"mean over τ∈[2, 4]",V700,weatherbridge_detail,0.22671220040469126,,,96
6h,2020,Arctic,JJA,"mean over τ∈[2, 4]",Q1000,weatherbridge_detail,0.025953361911522456,,,96
6h,2020,Arctic,JJA,"mean over τ∈[2, 4]",Q925,weatherbridge_detail,0.028291712841526682,,,96
6h,2020,Arctic,JJA,"mean over τ∈[2, 4]",Q850,weatherbridge_detail,0.03720966708437775,,,96
6h,2020,Arctic,JJA,"mean over τ∈[2, 4]",Q700,weatherbridge_detail,0.059281247620531816,,,96
6h,2020,Arctic,JJA,"mean over τ∈[2, 4]",Z1000,weatherbridge_detail,0.019209831967327805,,,96
6h,2020,Arctic,JJA,"mean over τ∈[2, 4]",Z925,weatherbridge_detail,0.014512823236394964,,,96
6h,2020,Arctic,JJA,"mean over τ∈[2, 4]",Z850,weatherbridge_detail,0.011113884582070523,,,96
6h,2020,Arctic,JJA,"mean over τ∈[2, 4]",Z700,weatherbridge_detail,0.0072835032564095075,,,96
6h,2020,Arctic,JJA,"mean over τ∈[2, 4]",t2m,weatherbridge_detail,0.03668136220332808,,,96
6h,2020,Arctic,JJA,"mean over τ∈[2, 4]",u10,weatherbridge_detail,0.08041471104424985,,,96
6h,2020,Arctic,JJA,"mean over τ∈[2, 4]",v10,weatherbridge_detail,0.13690156482382795,,,96
6h,2020,Arctic,JJA,"mean over τ∈[2, 4]",mslp,weatherbridge_detail,0.019726816959046118,,,96
6h,2020,Arctic,SON,"mean over τ∈[2, 4]",T1000,weatherbridge_detail,0.01686322094059021,,,96
6h,2020,Arctic,SON,"mean over τ∈[2, 4]",T925,weatherbridge_detail,0.01734558545862964,,,96
6h,2020,Arctic,SON,"mean over τ∈[2, 4]",T850,weatherbridge_detail,0.017907732879529476,,,96
6h,2020,Arctic,SON,"mean over τ∈[2, 4]",T700,weatherbridge_detail,0.017457190199808608,,,96
6h,2020,Arctic,SON,"mean over τ∈[2, 4]",U1000,weatherbridge_detail,0.0788806987590162,,,96
6h,2020,Arctic,SON,"mean over τ∈[2, 4]",U925,weatherbridge_detail,0.07703460390120352,,,96
6h,2020,Arctic,SON,"mean over τ∈[2, 4]",U850,weatherbridge_detail,0.07561740187049834,,,96
6h,2020,Arctic,SON,"mean over τ∈[2, 4]",U700,weatherbridge_detail,0.07263787655861985,,,96
6h,2020,Arctic,SON,"mean over τ∈[2, 4]",V1000,weatherbridge_detail,0.14007279854340296,,,96
6h,2020,Arctic,SON,"mean over τ∈[2, 4]",V925,weatherbridge_detail,0.17303759097546412,,,96
6h,2020,Arctic,SON,"mean over τ∈[2, 4]",V850,weatherbridge_detail,0.22010655830722825,,,96
6h,2020,Arctic,SON,"mean over τ∈[2, 4]",V700,weatherbridge_detail,0.25828745545600906,,,96
6h,2020,Arctic,SON,"mean over τ∈[2, 4]",Q1000,weatherbridge_detail,0.011429275978852318,,,96
6h,2020,Arctic,SON,"mean over τ∈[2, 4]",Q925,weatherbridge_detail,0.015672562661174852,,,96
6h,2020,Arctic,SON,"mean over τ∈[2, 4]",Q850,weatherbridge_detail,0.0237509896268803,,,96
6h,2020,Arctic,SON,"mean over τ∈[2, 4]",Q700,weatherbridge_detail,0.04250141072766155,,,96
6h,2020,Arctic,SON,"mean over τ∈[2, 4]",Z1000,weatherbridge_detail,0.021246281886842005,,,96
6h,2020,Arctic,SON,"mean over τ∈[2, 4]",Z925,weatherbridge_detail,0.016470067483660422,,,96
6h,2020,Arctic,SON,"mean over τ∈[2, 4]",Z850,weatherbridge_detail,0.012702806664654911,,,96
6h,2020,Arctic,SON,"mean over τ∈[2, 4]",Z700,weatherbridge_detail,0.00840677629123752,,,96
6h,2020,Arctic,SON,"mean over τ∈[2, 4]",t2m,weatherbridge_detail,0.02848751358308864,,,96
6h,2020,Arctic,SON,"mean over τ∈[2, 4]",u10,weatherbridge_detail,0.07892145950241401,,,96
6h,2020,Arctic,SON,"mean over τ∈[2, 4]",v10,weatherbridge_detail,0.13707579326320304,,,96
6h,2020,Arctic,SON,"mean over τ∈[2, 4]",mslp,weatherbridge_detail,0.022645248786002867,,,96
6h,2020,Antarctic,DJF,"mean over τ∈[2, 4]",T1000,weatherbridge_detail,0.010401147401559252,,,96
6h,2020,Antarctic,DJF,"mean over τ∈[2, 4]",T925,weatherbridge_detail,0.01146427155550131,,,96
6h,2020,Antarctic,DJF,"mean over τ∈[2, 4]",T850,weatherbridge_detail,0.013398055829304775,,,96
6h,2020,Antarctic,DJF,"mean over τ∈[2, 4]",T700,weatherbridge_detail,0.013956305120758962,,,96
6h,2020,Antarctic,DJF,"mean over τ∈[2, 4]",U1000,weatherbridge_detail,0.05876916708083437,,,96
6h,2020,Antarctic,DJF,"mean over τ∈[2, 4]",U925,weatherbridge_detail,0.05448001293633277,,,96
6h,2020,Antarctic,DJF,"mean over τ∈[2, 4]",U850,weatherbridge_detail,0.052332373796957064,,,96
6h,2020,Antarctic,DJF,"mean over τ∈[2, 4]",U700,weatherbridge_detail,0.05276269976650577,,,96
6h,2020,Antarctic,DJF,"mean over τ∈[2, 4]",V1000,weatherbridge_detail,0.09742839785803187,,,96
6h,2020,Antarctic,DJF,"mean over τ∈[2, 4]",V925,weatherbridge_detail,0.11589739299564557,,,96
6h,2020,Antarctic,DJF,"mean over τ∈[2, 4]",V850,weatherbridge_detail,0.14375941383237664,,,96
6h,2020,Antarctic,DJF,"mean over τ∈[2, 4]",V700,weatherbridge_detail,0.1789941605721707,,,96
6h,2020,Antarctic,DJF,"mean over τ∈[2, 4]",Q1000,weatherbridge_detail,0.006690141345930709,,,96
6h,2020,Antarctic,DJF,"mean over τ∈[2, 4]",Q925,weatherbridge_detail,0.009071266016618602,,,96
6h,2020,Antarctic,DJF,"mean over τ∈[2, 4]",Q850,weatherbridge_detail,0.013150406593611033,,,96
6h,2020,Antarctic,DJF,"mean over τ∈[2, 4]",Q700,weatherbridge_detail,0.024669573375253592,,,96
6h,2020,Antarctic,DJF,"mean over τ∈[2, 4]",Z1000,weatherbridge_detail,0.01951357485961463,,,96
6h,2020,Antarctic,DJF,"mean over τ∈[2, 4]",Z925,weatherbridge_detail,0.015358156370343714,,,96
6h,2020,Antarctic,DJF,"mean over τ∈[2, 4]",Z850,weatherbridge_detail,0.011908599387009984,,,96
6h,2020,Antarctic,DJF,"mean over τ∈[2, 4]",Z700,weatherbridge_detail,0.007776055336414234,,,96
6h,2020,Antarctic,DJF,"mean over τ∈[2, 4]",t2m,weatherbridge_detail,0.018226035949633634,,,96
6h,2020,Antarctic,DJF,"mean over τ∈[2, 4]",u10,weatherbridge_detail,0.06448002790973584,,,96
6h,2020,Antarctic,DJF,"mean over τ∈[2, 4]",v10,weatherbridge_detail,0.1058823395771976,,,96
6h,2020,Antarctic,DJF,"mean over τ∈[2, 4]",mslp,weatherbridge_detail,0.021340104940300128,,,96
6h,2020,Antarctic,MAM,"mean over τ∈[2, 4]",T1000,weatherbridge_detail,0.017690003859374286,,,96
6h,2020,Antarctic,MAM,"mean over τ∈[2, 4]",T925,weatherbridge_detail,0.018993669665056844,,,96
6h,2020,Antarctic,MAM,"mean over τ∈[2, 4]",T850,weatherbridge_detail,0.02076444330689691,,,96
6h,2020,Antarctic,MAM,"mean over τ∈[2, 4]",T700,weatherbridge_detail,0.02142120274011914,,,96
6h,2020,Antarctic,MAM,"mean over τ∈[2, 4]",U1000,weatherbridge_detail,0.07432518146892571,,,96
6h,2020,Antarctic,MAM,"mean over τ∈[2, 4]",U925,weatherbridge_detail,0.07211935199922553,,,96
6h,2020,Antarctic,MAM,"mean over τ∈[2, 4]",U850,weatherbridge_detail,0.07170323070027156,,,96
6h,2020,Antarctic,MAM,"mean over τ∈[2, 4]",U700,weatherbridge_detail,0.07238607967020035,,,96
6h,2020,Antarctic,MAM,"mean over τ∈[2, 4]",V1000,weatherbridge_detail,0.12188111329640983,,,96
6h,2020,Antarctic,MAM,"mean over τ∈[2, 4]",V925,weatherbridge_detail,0.15494251910702247,,,96
6h,2020,Antarctic,MAM,"mean over τ∈[2, 4]",V850,weatherbridge_detail,0.20083573516230332,,,96
6h,2020,Antarctic,MAM,"mean over τ∈[2, 4]",V700,weatherbridge_detail,0.25365657803425273,,,96
6h,2020,Antarctic,MAM,"mean over τ∈[2, 4]",Q1000,weatherbridge_detail,0.006147026365677689,,,96
6h,2020,Antarctic,MAM,"mean over τ∈[2, 4]",Q925,weatherbridge_detail,0.008956059138531473,,,96
6h,2020,Antarctic,MAM,"mean over τ∈[2, 4]",Q850,weatherbridge_detail,0.015693204921343497,,,96
6h,2020,Antarctic,MAM,"mean over τ∈[2, 4]",Q700,weatherbridge_detail,0.028222950475073706,,,96
6h,2020,Antarctic,MAM,"mean over τ∈[2, 4]",Z1000,weatherbridge_detail,0.025749816910844582,,,96
6h,2020,Antarctic,MAM,"mean over τ∈[2, 4]",Z925,weatherbridge_detail,0.019756908461453455,,,96
6h,2020,Antarctic,MAM,"mean over τ∈[2, 4]",Z850,weatherbridge_detail,0.014972857063786897,,,96
6h,2020,Antarctic,MAM,"mean over τ∈[2, 4]",Z700,weatherbridge_detail,0.009562187320180862,,,96
6h,2020,Antarctic,MAM,"mean over τ∈[2, 4]",t2m,weatherbridge_detail,0.021373064603901207,,,96
6h,2020,Antarctic,MAM,"mean over τ∈[2, 4]",u10,weatherbridge_detail,0.08180445340689026,,,96
6h,2020,Antarctic,MAM,"mean over τ∈[2, 4]",v10,weatherbridge_detail,0.13248053275041693,,,96
6h,2020,Antarctic,MAM,"mean over τ∈[2, 4]",mslp,weatherbridge_detail,0.030892555816567184,,,96
6h,2020,Antarctic,JJA,"mean over τ∈[2, 4]",T1000,weatherbridge_detail,0.023774633251256096,,,96
6h,2020,Antarctic,JJA,"mean over τ∈[2, 4]",T925,weatherbridge_detail,0.024631282920542327,,,96
6h,2020,Antarctic,JJA,"mean over τ∈[2, 4]",T850,weatherbridge_detail,0.02482014338204689,,,96
6h,2020,Antarctic,JJA,"mean over τ∈[2, 4]",T700,weatherbridge_detail,0.02445574385014712,,,96
6h,2020,Antarctic,JJA,"mean over τ∈[2, 4]",U1000,weatherbridge_detail,0.08828675849732504,,,96
6h,2020,Antarctic,JJA,"mean over τ∈[2, 4]",U925,weatherbridge_detail,0.08543946883231104,,,96
6h,2020,Antarctic,JJA,"mean over τ∈[2, 4]",U850,weatherbridge_detail,0.0860364811385182,,,96
6h,2020,Antarctic,JJA,"mean over τ∈[2, 4]",U700,weatherbridge_detail,0.08769632116231856,,,96
6h,2020,Antarctic,JJA,"mean over τ∈[2, 4]",V1000,weatherbridge_detail,0.14592153438531877,,,96
6h,2020,Antarctic,JJA,"mean over τ∈[2, 4]",V925,weatherbridge_detail,0.18702062328518454,,,96
6h,2020,Antarctic,JJA,"mean over τ∈[2, 4]",V850,weatherbridge_detail,0.24216957588356294,,,96
6h,2020,Antarctic,JJA,"mean over τ∈[2, 4]",V700,weatherbridge_detail,0.3080450941924889,,,96
6h,2020,Antarctic,JJA,"mean over τ∈[2, 4]",Q1000,weatherbridge_detail,0.005890798522858168,,,96
6h,2020,Antarctic,JJA,"mean over τ∈[2, 4]",Q925,weatherbridge_detail,0.008425077876083367,,,96
6h,2020,Antarctic,JJA,"mean over τ∈[2, 4]",Q850,weatherbridge_detail,0.014304099947644514,,,96
6h,2020,Antarctic,JJA,"mean over τ∈[2, 4]",Q700,weatherbridge_detail,0.024594287127654803,,,96
6h,2020,Antarctic,JJA,"mean over τ∈[2, 4]",Z1000,weatherbridge_detail,0.031200557202264664,,,96
6h,2020,Antarctic,JJA,"mean over τ∈[2, 4]",Z925,weatherbridge_detail,0.02391558772330509,,,96
6h,2020,Antarctic,JJA,"mean over τ∈[2, 4]",Z850,weatherbridge_detail,0.01813189443758359,,,96
6h,2020,Antarctic,JJA,"mean over τ∈[2, 4]",Z700,weatherbridge_detail,0.01161737361223943,,,96
6h,2020,Antarctic,JJA,"mean over τ∈[2, 4]",t2m,weatherbridge_detail,0.02428040016835458,,,96
6h,2020,Antarctic,JJA,"mean over τ∈[2, 4]",u10,weatherbridge_detail,0.09629441420860525,,,96
6h,2020,Antarctic,JJA,"mean over τ∈[2, 4]",v10,weatherbridge_detail,0.1574731468040646,,,96
6h,2020,Antarctic,JJA,"mean over τ∈[2, 4]",mslp,weatherbridge_detail,0.037934229059400325,,,96
6h,2020,Antarctic,SON,"mean over τ∈[2, 4]",T1000,weatherbridge_detail,0.017751574456122424,,,96
6h,2020,Antarctic,SON,"mean over τ∈[2, 4]",T925,weatherbridge_detail,0.018604755448459517,,,96
6h,2020,Antarctic,SON,"mean over τ∈[2, 4]",T850,weatherbridge_detail,0.020082276973864693,,,96
6h,2020,Antarctic,SON,"mean over τ∈[2, 4]",T700,weatherbridge_detail,0.019692841407940045,,,96
6h,2020,Antarctic,SON,"mean over τ∈[2, 4]",U1000,weatherbridge_detail,0.07671251685152794,,,96
6h,2020,Antarctic,SON,"mean over τ∈[2, 4]",U925,weatherbridge_detail,0.07315709041558661,,,96
6h,2020,Antarctic,SON,"mean over τ∈[2, 4]",U850,weatherbridge_detail,0.07227021504953839,,,96
6h,2020,Antarctic,SON,"mean over τ∈[2, 4]",U700,weatherbridge_detail,0.07079513153192518,,,96
6h,2020,Antarctic,SON,"mean over τ∈[2, 4]",V1000,weatherbridge_detail,0.12498858204583312,,,96
6h,2020,Antarctic,SON,"mean over τ∈[2, 4]",V925,weatherbridge_detail,0.1565695466032278,,,96
6h,2020,Antarctic,SON,"mean over τ∈[2, 4]",V850,weatherbridge_detail,0.2020471021531751,,,96
6h,2020,Antarctic,SON,"mean over τ∈[2, 4]",V700,weatherbridge_detail,0.24556449075243197,,,96
6h,2020,Antarctic,SON,"mean over τ∈[2, 4]",Q1000,weatherbridge_detail,0.006060616634891073,,,96
6h,2020,Antarctic,SON,"mean over τ∈[2, 4]",Q925,weatherbridge_detail,0.00785574373337492,,,96
6h,2020,Antarctic,SON,"mean over τ∈[2, 4]",Q850,weatherbridge_detail,0.012836119653638688,,,96
6h,2020,Antarctic,SON,"mean over τ∈[2, 4]",Q700,weatherbridge_detail,0.021551237653421474,,,96
6h,2020,Antarctic,SON,"mean over τ∈[2, 4]",Z1000,weatherbridge_detail,0.027385777858479326,,,96
6h,2020,Antarctic,SON,"mean over τ∈[2, 4]",Z925,weatherbridge_detail,0.021314523566533374,,,96
6h,2020,Antarctic,SON,"mean over τ∈[2, 4]",Z850,weatherbridge_detail,0.016361886464001642,,,96
6h,2020,Antarctic,SON,"mean over τ∈[2, 4]",Z700,weatherbridge_detail,0.010570937152643775,,,96
6h,2020,Antarctic,SON,"mean over τ∈[2, 4]",t2m,weatherbridge_detail,0.022618541122936608,,,96
6h,2020,Antarctic,SON,"mean over τ∈[2, 4]",u10,weatherbridge_detail,0.08449324516457457,,,96
6h,2020,Antarctic,SON,"mean over τ∈[2, 4]",v10,weatherbridge_detail,0.1362818747155562,,,96
6h,2020,Antarctic,SON,"mean over τ∈[2, 4]",mslp,weatherbridge_detail,0.032247428160921444,,,96
6h,2020,North_Atlantic,DJF,"mean over τ∈[2, 4]",T1000,weatherbridge_detail,0.01681072295388657,,,96
6h,2020,North_Atlantic,DJF,"mean over τ∈[2, 4]",T925,weatherbridge_detail,0.01924140381872497,,,96
6h,2020,North_Atlantic,DJF,"mean over τ∈[2, 4]",T850,weatherbridge_detail,0.025739144278314856,,,96
6h,2020,North_Atlantic,DJF,"mean over τ∈[2, 4]",T700,weatherbridge_detail,0.024156044414519417,,,96
6h,2020,North_Atlantic,DJF,"mean over τ∈[2, 4]",U1000,weatherbridge_detail,0.1062135918660819,,,96
6h,2020,North_Atlantic,DJF,"mean over τ∈[2, 4]",U925,weatherbridge_detail,0.09511539278864202,,,96
6h,2020,North_Atlantic,DJF,"mean over τ∈[2, 4]",U850,weatherbridge_detail,0.09850481130987968,,,96
6h,2020,North_Atlantic,DJF,"mean over τ∈[2, 4]",U700,weatherbridge_detail,0.09942149477598101,,,96
6h,2020,North_Atlantic,DJF,"mean over τ∈[2, 4]",V1000,weatherbridge_detail,0.18267146019527483,,,96
6h,2020,North_Atlantic,DJF,"mean over τ∈[2, 4]",V925,weatherbridge_detail,0.21210352748603548,,,96
6h,2020,North_Atlantic,DJF,"mean over τ∈[2, 4]",V850,weatherbridge_detail,0.28332526488976456,,,96
6h,2020,North_Atlantic,DJF,"mean over τ∈[2, 4]",V700,weatherbridge_detail,0.3584895072404002,,,96
6h,2020,North_Atlantic,DJF,"mean over τ∈[2, 4]",Q1000,weatherbridge_detail,0.021383246462978563,,,96
6h,2020,North_Atlantic,DJF,"mean over τ∈[2, 4]",Q925,weatherbridge_detail,0.03770965975804564,,,96
6h,2020,North_Atlantic,DJF,"mean over τ∈[2, 4]",Q850,weatherbridge_detail,0.05774411720326625,,,96
6h,2020,North_Atlantic,DJF,"mean over τ∈[2, 4]",Q700,weatherbridge_detail,0.07713656476213947,,,96
6h,2020,North_Atlantic,DJF,"mean over τ∈[2, 4]",Z1000,weatherbridge_detail,0.02765076494442046,,,96
6h,2020,North_Atlantic,DJF,"mean over τ∈[2, 4]",Z925,weatherbridge_detail,0.02215034314308505,,,96
6h,2020,North_Atlantic,DJF,"mean over τ∈[2, 4]",Z850,weatherbridge_detail,0.01742836562561121,,,96
6h,2020,North_Atlantic,DJF,"mean over τ∈[2, 4]",Z700,weatherbridge_detail,0.011681710053622136,,,96
6h,2020,North_Atlantic,DJF,"mean over τ∈[2, 4]",t2m,weatherbridge_detail,0.021977214680493372,,,96
6h,2020,North_Atlantic,DJF,"mean over τ∈[2, 4]",u10,weatherbridge_detail,0.10458742305362682,,,96
6h,2020,North_Atlantic,DJF,"mean over τ∈[2, 4]",v10,weatherbridge_detail,0.1773997863003654,,,96
6h,2020,North_Atlantic,DJF,"mean over τ∈[2, 4]",mslp,weatherbridge_detail,0.028454284932352664,,,96
6h,2020,North_Atlantic,MAM,"mean over τ∈[2, 4]",T1000,weatherbridge_detail,0.017863490322953913,,,96
6h,2020,North_Atlantic,MAM,"mean over τ∈[2, 4]",T925,weatherbridge_detail,0.019201215985200425,,,96
6h,2020,North_Atlantic,MAM,"mean over τ∈[2, 4]",T850,weatherbridge_detail,0.022630516087869715,,,96
6h,2020,North_Atlantic,MAM,"mean over τ∈[2, 4]",T700,weatherbridge_detail,0.020696751383282964,,,96
6h,2020,North_Atlantic,MAM,"mean over τ∈[2, 4]",U1000,weatherbridge_detail,0.09920792657405929,,,96
6h,2020,North_Atlantic,MAM,"mean over τ∈[2, 4]",U925,weatherbridge_detail,0.08753665776252643,,,96
6h,2020,North_Atlantic,MAM,"mean over τ∈[2, 4]",U850,weatherbridge_detail,0.08852163876570432,,,96
6h,2020,North_Atlantic,MAM,"mean over τ∈[2, 4]",U700,weatherbridge_detail,0.08845225446833592,,,96
6h,2020,North_Atlantic,MAM,"mean over τ∈[2, 4]",V1000,weatherbridge_detail,0.1703397441772154,,,96
6h,2020,North_Atlantic,MAM,"mean over τ∈[2, 4]",V925,weatherbridge_detail,0.1938665035135367,,,96
6h,2020,North_Atlantic,MAM,"mean over τ∈[2, 4]",V850,weatherbridge_detail,0.2539940568356768,,,96
6h,2020,North_Atlantic,MAM,"mean over τ∈[2, 4]",V700,weatherbridge_detail,0.31670897833240624,,,96
6h,2020,North_Atlantic,MAM,"mean over τ∈[2, 4]",Q1000,weatherbridge_detail,0.021801358804254448,,,96
6h,2020,North_Atlantic,MAM,"mean over τ∈[2, 4]",Q925,weatherbridge_detail,0.03984301764989343,,,96
6h,2020,North_Atlantic,MAM,"mean over τ∈[2, 4]",Q850,weatherbridge_detail,0.056669318107392105,,,96
6h,2020,North_Atlantic,MAM,"mean over τ∈[2, 4]",Q700,weatherbridge_detail,0.07576129261518444,,,96
6h,2020,North_Atlantic,MAM,"mean over τ∈[2, 4]",Z1000,weatherbridge_detail,0.023520077540726356,,,96
6h,2020,North_Atlantic,MAM,"mean over τ∈[2, 4]",Z925,weatherbridge_detail,0.01872610024537569,,,96
6h,2020,North_Atlantic,MAM,"mean over τ∈[2, 4]",Z850,weatherbridge_detail,0.014616934631046158,,,96
6h,2020,North_Atlantic,MAM,"mean over τ∈[2, 4]",Z700,weatherbridge_detail,0.009598897792611605,,,96
6h,2020,North_Atlantic,MAM,"mean over τ∈[2, 4]",t2m,weatherbridge_detail,0.022263129929945107,,,96
6h,2020,North_Atlantic,MAM,"mean over τ∈[2, 4]",u10,weatherbridge_detail,0.09524851093240562,,,96
6h,2020,North_Atlantic,MAM,"mean over τ∈[2, 4]",v10,weatherbridge_detail,0.16138963702396145,,,96
6h,2020,North_Atlantic,MAM,"mean over τ∈[2, 4]",mslp,weatherbridge_detail,0.023962879099749222,,,96
6h,2020,North_Atlantic,JJA,"mean over τ∈[2, 4]",T1000,weatherbridge_detail,0.017975058799663258,,,96
6h,2020,North_Atlantic,JJA,"mean over τ∈[2, 4]",T925,weatherbridge_detail,0.019906304586375333,,,96
6h,2020,North_Atlantic,JJA,"mean over τ∈[2, 4]",T850,weatherbridge_detail,0.016605537287842066,,,96
6h,2020,North_Atlantic,JJA,"mean over τ∈[2, 4]",T700,weatherbridge_detail,0.01597139536298575,,,96
6h,2020,North_Atlantic,JJA,"mean over τ∈[2, 4]",U1000,weatherbridge_detail,0.0813126076525393,,,96
6h,2020,North_Atlantic,JJA,"mean over τ∈[2, 4]",U925,weatherbridge_detail,0.0719265799287057,,,96
6h,2020,North_Atlantic,JJA,"mean over τ∈[2, 4]",U850,weatherbridge_detail,0.06764098771976237,,,96
6h,2020,North_Atlantic,JJA,"mean over τ∈[2, 4]",U700,weatherbridge_detail,0.06298407988727728,,,96
6h,2020,North_Atlantic,JJA,"mean over τ∈[2, 4]",V1000,weatherbridge_detail,0.14536350146455293,,,96
6h,2020,North_Atlantic,JJA,"mean over τ∈[2, 4]",V925,weatherbridge_detail,0.16053775815996824,,,96
6h,2020,North_Atlantic,JJA,"mean over τ∈[2, 4]",V850,weatherbridge_detail,0.19350565373811424,,,96
6h,2020,North_Atlantic,JJA,"mean over τ∈[2, 4]",V700,weatherbridge_detail,0.22519237017046537,,,96
6h,2020,North_Atlantic,JJA,"mean over τ∈[2, 4]",Q1000,weatherbridge_detail,0.026827286760817956,,,96
6h,2020,North_Atlantic,JJA,"mean over τ∈[2, 4]",Q925,weatherbridge_detail,0.05003804987525735,,,96
6h,2020,North_Atlantic,JJA,"mean over τ∈[2, 4]",Q850,weatherbridge_detail,0.05568906668585948,,,96
6h,2020,North_Atlantic,JJA,"mean over τ∈[2, 4]",Q700,weatherbridge_detail,0.08425428113325127,,,96
6h,2020,North_Atlantic,JJA,"mean over τ∈[2, 4]",Z1000,weatherbridge_detail,0.019308573145015964,,,96
6h,2020,North_Atlantic,JJA,"mean over τ∈[2, 4]",Z925,weatherbridge_detail,0.015207669822828129,,,96
6h,2020,North_Atlantic,JJA,"mean over τ∈[2, 4]",Z850,weatherbridge_detail,0.011903096228226103,,,96
6h,2020,North_Atlantic,JJA,"mean over τ∈[2, 4]",Z700,weatherbridge_detail,0.00794869408212787,,,96
6h,2020,North_Atlantic,JJA,"mean over τ∈[2, 4]",t2m,weatherbridge_detail,0.022553268915825823,,,96
6h,2020,North_Atlantic,JJA,"mean over τ∈[2, 4]",u10,weatherbridge_detail,0.07827257114889614,,,96
6h,2020,North_Atlantic,JJA,"mean over τ∈[2, 4]",v10,weatherbridge_detail,0.1365351804473293,,,96
6h,2020,North_Atlantic,JJA,"mean over τ∈[2, 4]",mslp,weatherbridge_detail,0.019104334061713035,,,96
6h,2020,North_Atlantic,SON,"mean over τ∈[2, 4]",T1000,weatherbridge_detail,0.016175798863274495,,,96
6h,2020,North_Atlantic,SON,"mean over τ∈[2, 4]",T925,weatherbridge_detail,0.017946669291586552,,,96
6h,2020,North_Atlantic,SON,"mean over τ∈[2, 4]",T850,weatherbridge_detail,0.02168178262969926,,,96
6h,2020,North_Atlantic,SON,"mean over τ∈[2, 4]",T700,weatherbridge_detail,0.021026121717991907,,,96
6h,2020,North_Atlantic,SON,"mean over τ∈[2, 4]",U1000,weatherbridge_detail,0.09216778016398658,,,96
6h,2020,North_Atlantic,SON,"mean over τ∈[2, 4]",U925,weatherbridge_detail,0.08384444152008438,,,96
6h,2020,North_Atlantic,SON,"mean over τ∈[2, 4]",U850,weatherbridge_detail,0.08672288814726514,,,96
6h,2020,North_Atlantic,SON,"mean over τ∈[2, 4]",U700,weatherbridge_detail,0.08252961221028693,,,96
6h,2020,North_Atlantic,SON,"mean over τ∈[2, 4]",V1000,weatherbridge_detail,0.16412915165451716,,,96
6h,2020,North_Atlantic,SON,"mean over τ∈[2, 4]",V925,weatherbridge_detail,0.19050341573730853,,,96
6h,2020,North_Atlantic,SON,"mean over τ∈[2, 4]",V850,weatherbridge_detail,0.24727585344768543,,,96
6h,2020,North_Atlantic,SON,"mean over τ∈[2, 4]",V700,weatherbridge_detail,0.29982267274299146,,,96
6h,2020,North_Atlantic,SON,"mean over τ∈[2, 4]",Q1000,weatherbridge_detail,0.024617136607645307,,,96
6h,2020,North_Atlantic,SON,"mean over τ∈[2, 4]",Q925,weatherbridge_detail,0.045001800552150494,,,96
6h,2020,North_Atlantic,SON,"mean over τ∈[2, 4]",Q850,weatherbridge_detail,0.062278044341998795,,,96
6h,2020,North_Atlantic,SON,"mean over τ∈[2, 4]",Q700,weatherbridge_detail,0.0939096104253655,,,96
6h,2020,North_Atlantic,SON,"mean over τ∈[2, 4]",Z1000,weatherbridge_detail,0.022858600154112233,,,96
6h,2020,North_Atlantic,SON,"mean over τ∈[2, 4]",Z925,weatherbridge_detail,0.0181820617273227,,,96
6h,2020,North_Atlantic,SON,"mean over τ∈[2, 4]",Z850,weatherbridge_detail,0.014174465904371141,,,96
6h,2020,North_Atlantic,SON,"mean over τ∈[2, 4]",Z700,weatherbridge_detail,0.009405657849126075,,,96
6h,2020,North_Atlantic,SON,"mean over τ∈[2, 4]",t2m,weatherbridge_detail,0.020497609847461167,,,96
6h,2020,North_Atlantic,SON,"mean over τ∈[2, 4]",u10,weatherbridge_detail,0.09018073446809383,,,96
6h,2020,North_Atlantic,SON,"mean over τ∈[2, 4]",v10,weatherbridge_detail,0.15736812428162994,,,96
6h,2020,North_Atlantic,SON,"mean over τ∈[2, 4]",mslp,weatherbridge_detail,0.022948172256427226,,,96
6h,2020,West_Pacific,DJF,"mean over τ∈[2, 4]",T1000,weatherbridge_detail,0.01294815834394072,,,96
6h,2020,West_Pacific,DJF,"mean over τ∈[2, 4]",T925,weatherbridge_detail,0.014366830248616649,,,96
6h,2020,West_Pacific,DJF,"mean over τ∈[2, 4]",T850,weatherbridge_detail,0.0218531879082578,,,96
6h,2020,West_Pacific,DJF,"mean over τ∈[2, 4]",T700,weatherbridge_detail,0.0221496953767484,,,96
6h,2020,West_Pacific,DJF,"mean over τ∈[2, 4]",U1000,weatherbridge_detail,0.08945796179591955,,,96
6h,2020,West_Pacific,DJF,"mean over τ∈[2, 4]",U925,weatherbridge_detail,0.0775695007684352,,,96
6h,2020,West_Pacific,DJF,"mean over τ∈[2, 4]",U850,weatherbridge_detail,0.08470844949457351,,,96
6h,2020,West_Pacific,DJF,"mean over τ∈[2, 4]",U700,weatherbridge_detail,0.09076743750881817,,,96
6h,2020,West_Pacific,DJF,"mean over τ∈[2, 4]",V1000,weatherbridge_detail,0.15496847985422438,,,96
6h,2020,West_Pacific,DJF,"mean over τ∈[2, 4]",V925,weatherbridge_detail,0.17152081412902834,,,96
6h,2020,West_Pacific,DJF,"mean over τ∈[2, 4]",V850,weatherbridge_detail,0.2355739240841294,,,96
6h,2020,West_Pacific,DJF,"mean over τ∈[2, 4]",V700,weatherbridge_detail,0.3123475151018359,,,96
6h,2020,West_Pacific,DJF,"mean over τ∈[2, 4]",Q1000,weatherbridge_detail,0.021882342736193345,,,96
6h,2020,West_Pacific,DJF,"mean over τ∈[2, 4]",Q925,weatherbridge_detail,0.04605426993093885,,,96
6h,2020,West_Pacific,DJF,"mean over τ∈[2, 4]",Q850,weatherbridge_detail,0.07476228305610963,,,96
6h,2020,West_Pacific,DJF,"mean over τ∈[2, 4]",Q700,weatherbridge_detail,0.08802605457089174,,,96
6h,2020,West_Pacific,DJF,"mean over τ∈[2, 4]",Z1000,weatherbridge_detail,0.02840553277827375,,,96
6h,2020,West_Pacific,DJF,"mean over τ∈[2, 4]",Z925,weatherbridge_detail,0.022898985909712743,,,96
6h,2020,West_Pacific,DJF,"mean over τ∈[2, 4]",Z850,weatherbridge_detail,0.01794433551513148,,,96
6h,2020,West_Pacific,DJF,"mean over τ∈[2, 4]",Z700,weatherbridge_detail,0.011713571434716566,,,96
6h,2020,West_Pacific,DJF,"mean over τ∈[2, 4]",t2m,weatherbridge_detail,0.014299201914236354,,,96
6h,2020,West_Pacific,DJF,"mean over τ∈[2, 4]",u10,weatherbridge_detail,0.08805703699766179,,,96
6h,2020,West_Pacific,DJF,"mean over τ∈[2, 4]",v10,weatherbridge_detail,0.15111750951168113,,,96
6h,2020,West_Pacific,DJF,"mean over τ∈[2, 4]",mslp,weatherbridge_detail,0.028322503672735814,,,96
6h,2020,West_Pacific,MAM,"mean over τ∈[2, 4]",T1000,weatherbridge_detail,0.013301560113471535,,,96
6h,2020,West_Pacific,MAM,"mean over τ∈[2, 4]",T925,weatherbridge_detail,0.01642867087143958,,,96
6h,2020,West_Pacific,MAM,"mean over τ∈[2, 4]",T850,weatherbridge_detail,0.020065622412607908,,,96
6h,2020,West_Pacific,MAM,"mean over τ∈[2, 4]",T700,weatherbridge_detail,0.01924784456033192,,,96
6h,2020,West_Pacific,MAM,"mean over τ∈[2, 4]",U1000,weatherbridge_detail,0.08489680196004057,,,96
6h,2020,West_Pacific,MAM,"mean over τ∈[2, 4]",U925,weatherbridge_detail,0.07165190368193577,,,96
6h,2020,West_Pacific,MAM,"mean over τ∈[2, 4]",U850,weatherbridge_detail,0.07256532120811408,,,96
6h,2020,West_Pacific,MAM,"mean over τ∈[2, 4]",U700,weatherbridge_detail,0.0743846634996707,,,96
6h,2020,West_Pacific,MAM,"mean over τ∈[2, 4]",V1000,weatherbridge_detail,0.14986349169528976,,,96
6h,2020,West_Pacific,MAM,"mean over τ∈[2, 4]",V925,weatherbridge_detail,0.16067120923933662,,,96
6h,2020,West_Pacific,MAM,"mean over τ∈[2, 4]",V850,weatherbridge_detail,0.20966666830420913,,,96
6h,2020,West_Pacific,MAM,"mean over τ∈[2, 4]",V700,weatherbridge_detail,0.27029954865412914,,,96
6h,2020,West_Pacific,MAM,"mean over τ∈[2, 4]",Q1000,weatherbridge_detail,0.02127366903844354,,,96
6h,2020,West_Pacific,MAM,"mean over τ∈[2, 4]",Q925,weatherbridge_detail,0.049825928045614594,,,96
6h,2020,West_Pacific,MAM,"mean over τ∈[2, 4]",Q850,weatherbridge_detail,0.06664883733824065,,,96
6h,2020,West_Pacific,MAM,"mean over τ∈[2, 4]",Q700,weatherbridge_detail,0.08731421119829362,,,96
6h,2020,West_Pacific,MAM,"mean over τ∈[2, 4]",Z1000,weatherbridge_detail,0.026371672437072644,,,96
6h,2020,West_Pacific,MAM,"mean over τ∈[2, 4]",Z925,weatherbridge_detail,0.021312122290964075,,,96
6h,2020,West_Pacific,MAM,"mean over τ∈[2, 4]",Z850,weatherbridge_detail,0.01675356625401844,,,96
6h,2020,West_Pacific,MAM,"mean over τ∈[2, 4]",Z700,weatherbridge_detail,0.011069170560985034,,,96
6h,2020,West_Pacific,MAM,"mean over τ∈[2, 4]",t2m,weatherbridge_detail,0.014666032794160863,,,96
6h,2020,West_Pacific,MAM,"mean over τ∈[2, 4]",u10,weatherbridge_detail,0.08176825463802809,,,96
6h,2020,West_Pacific,MAM,"mean over τ∈[2, 4]",v10,weatherbridge_detail,0.14322879238739022,,,96
6h,2020,West_Pacific,MAM,"mean over τ∈[2, 4]",mslp,weatherbridge_detail,0.02600110289559022,,,96
6h,2020,West_Pacific,JJA,"mean over τ∈[2, 4]",T1000,weatherbridge_detail,0.014453284594351856,,,96
6h,2020,West_Pacific,JJA,"mean over τ∈[2, 4]",T925,weatherbridge_detail,0.01483680940003624,,,96
6h,2020,West_Pacific,JJA,"mean over τ∈[2, 4]",T850,weatherbridge_detail,0.014411751814189046,,,96
6h,2020,West_Pacific,JJA,"mean over τ∈[2, 4]",T700,weatherbridge_detail,0.015287102844939922,,,96
6h,2020,West_Pacific,JJA,"mean over τ∈[2, 4]",U1000,weatherbridge_detail,0.07565475479701138,,,96
6h,2020,West_Pacific,JJA,"mean over τ∈[2, 4]",U925,weatherbridge_detail,0.06146162426243589,,,96
6h,2020,West_Pacific,JJA,"mean over τ∈[2, 4]",U850,weatherbridge_detail,0.057541170686903995,,,96
6h,2020,West_Pacific,JJA,"mean over τ∈[2, 4]",U700,weatherbridge_detail,0.05727443915614718,,,96
6h,2020,West_Pacific,JJA,"mean over τ∈[2, 4]",V1000,weatherbridge_detail,0.13309600004411268,,,96
6h,2020,West_Pacific,JJA,"mean over τ∈[2, 4]",V925,weatherbridge_detail,0.135079023009246,,,96
6h,2020,West_Pacific,JJA,"mean over τ∈[2, 4]",V850,weatherbridge_detail,0.1649473453794984,,,96
6h,2020,West_Pacific,JJA,"mean over τ∈[2, 4]",V700,weatherbridge_detail,0.20791474285848055,,,96
6h,2020,West_Pacific,JJA,"mean over τ∈[2, 4]",Q1000,weatherbridge_detail,0.024181641581466535,,,96
6h,2020,West_Pacific,JJA,"mean over τ∈[2, 4]",Q925,weatherbridge_detail,0.05344536178268942,,,96
6h,2020,West_Pacific,JJA,"mean over τ∈[2, 4]",Q850,weatherbridge_detail,0.05830051212908288,,,96
6h,2020,West_Pacific,JJA,"mean over τ∈[2, 4]",Q700,weatherbridge_detail,0.09124958587337942,,,96
6h,2020,West_Pacific,JJA,"mean over τ∈[2, 4]",Z1000,weatherbridge_detail,0.022264166788936463,,,96
6h,2020,West_Pacific,JJA,"mean over τ∈[2, 4]",Z925,weatherbridge_detail,0.01795445092442364,,,96
6h,2020,West_Pacific,JJA,"mean over τ∈[2, 4]",Z850,weatherbridge_detail,0.014052627012116108,,,96
6h,2020,West_Pacific,JJA,"mean over τ∈[2, 4]",Z700,weatherbridge_detail,0.00928890886373162,,,96
6h,2020,West_Pacific,JJA,"mean over τ∈[2, 4]",t2m,weatherbridge_detail,0.01590824938076546,,,96
6h,2020,West_Pacific,JJA,"mean over τ∈[2, 4]",u10,weatherbridge_detail,0.07416537689073796,,,96
6h,2020,West_Pacific,JJA,"mean over τ∈[2, 4]",v10,weatherbridge_detail,0.13051997960593203,,,96
6h,2020,West_Pacific,JJA,"mean over τ∈[2, 4]",mslp,weatherbridge_detail,0.02139621922330652,,,96
6h,2020,West_Pacific,SON,"mean over τ∈[2, 4]",T1000,weatherbridge_detail,0.014498705114754044,,,96
6h,2020,West_Pacific,SON,"mean over τ∈[2, 4]",T925,weatherbridge_detail,0.01435840918678621,,,96
6h,2020,West_Pacific,SON,"mean over τ∈[2, 4]",T850,weatherbridge_detail,0.019041952323584098,,,96
6h,2020,West_Pacific,SON,"mean over τ∈[2, 4]",T700,weatherbridge_detail,0.018523140502071964,,,96
6h,2020,West_Pacific,SON,"mean over τ∈[2, 4]",U1000,weatherbridge_detail,0.08265228257634175,,,96
6h,2020,West_Pacific,SON,"mean over τ∈[2, 4]",U925,weatherbridge_detail,0.0679503063015113,,,96
6h,2020,West_Pacific,SON,"mean over τ∈[2, 4]",U850,weatherbridge_detail,0.06877167384746646,,,96
6h,2020,West_Pacific,SON,"mean over τ∈[2, 4]",U700,weatherbridge_detail,0.06965526581324821,,,96
6h,2020,West_Pacific,SON,"mean over τ∈[2, 4]",V1000,weatherbridge_detail,0.14604129189307155,,,96
6h,2020,West_Pacific,SON,"mean over τ∈[2, 4]",V925,weatherbridge_detail,0.15372699387625366,,,96
6h,2020,West_Pacific,SON,"mean over τ∈[2, 4]",V850,weatherbridge_detail,0.1968604311554291,,,96
6h,2020,West_Pacific,SON,"mean over τ∈[2, 4]",V700,weatherbridge_detail,0.251043812615866,,,96
6h,2020,West_Pacific,SON,"mean over τ∈[2, 4]",Q1000,weatherbridge_detail,0.024743981999543693,,,96
6h,2020,West_Pacific,SON,"mean over τ∈[2, 4]",Q925,weatherbridge_detail,0.0530706371082579,,,96
6h,2020,West_Pacific,SON,"mean over τ∈[2, 4]",Q850,weatherbridge_detail,0.06666967621444486,,,96
6h,2020,West_Pacific,SON,"mean over τ∈[2, 4]",Q700,weatherbridge_detail,0.09349232303113326,,,96
6h,2020,West_Pacific,SON,"mean over τ∈[2, 4]",Z1000,weatherbridge_detail,0.025082159888998593,,,96
6h,2020,West_Pacific,SON,"mean over τ∈[2, 4]",Z925,weatherbridge_detail,0.02022447803167229,,,96
6h,2020,West_Pacific,SON,"mean over τ∈[2, 4]",Z850,weatherbridge_detail,0.015855418980888172,,,96
6h,2020,West_Pacific,SON,"mean over τ∈[2, 4]",Z700,weatherbridge_detail,0.01045025200319665,,,96
6h,2020,West_Pacific,SON,"mean over τ∈[2, 4]",t2m,weatherbridge_detail,0.01646609448372993,,,96
6h,2020,West_Pacific,SON,"mean over τ∈[2, 4]",u10,weatherbridge_detail,0.08116958393459495,,,96
6h,2020,West_Pacific,SON,"mean over τ∈[2, 4]",v10,weatherbridge_detail,0.14399297760682084,,,96
6h,2020,West_Pacific,SON,"mean over τ∈[2, 4]",mslp,weatherbridge_detail,0.024375928685757345,,,96
6h,2020,Land,DJF,"mean over τ∈[2, 4]",T1000,weatherbridge_detail,0.01617616515045351,,,96
6h,2020,Land,DJF,"mean over τ∈[2, 4]",T925,weatherbridge_detail,0.018002131428762853,,,96
6h,2020,Land,DJF,"mean over τ∈[2, 4]",T850,weatherbridge_detail,0.020242848921810434,,,96
6h,2020,Land,DJF,"mean over τ∈[2, 4]",T700,weatherbridge_detail,0.016965155374866335,,,96
6h,2020,Land,DJF,"mean over τ∈[2, 4]",U1000,weatherbridge_detail,0.0706463672451367,,,96
6h,2020,Land,DJF,"mean over τ∈[2, 4]",U925,weatherbridge_detail,0.0645339111008743,,,96
6h,2020,Land,DJF,"mean over τ∈[2, 4]",U850,weatherbridge_detail,0.06599896529978315,,,96
6h,2020,Land,DJF,"mean over τ∈[2, 4]",U700,weatherbridge_detail,0.06326426925816489,,,96
6h,2020,Land,DJF,"mean over τ∈[2, 4]",V1000,weatherbridge_detail,0.12108497213683043,,,96
6h,2020,Land,DJF,"mean over τ∈[2, 4]",V925,weatherbridge_detail,0.14313786796733619,,,96
6h,2020,Land,DJF,"mean over τ∈[2, 4]",V850,weatherbridge_detail,0.1887664178205702,,,96
6h,2020,Land,DJF,"mean over τ∈[2, 4]",V700,weatherbridge_detail,0.2267286159949858,,,96
6h,2020,Land,DJF,"mean over τ∈[2, 4]",Q1000,weatherbridge_detail,0.026251395035160933,,,96
6h,2020,Land,DJF,"mean over τ∈[2, 4]",Q925,weatherbridge_detail,0.03997791084910787,,,96
6h,2020,Land,DJF,"mean over τ∈[2, 4]",Q850,weatherbridge_detail,0.054038661827539934,,,96
6h,2020,Land,DJF,"mean over τ∈[2, 4]",Q700,weatherbridge_detail,0.07346887251810295,,,96
6h,2020,Land,DJF,"mean over τ∈[2, 4]",Z1000,weatherbridge_detail,0.022670199843225873,,,96
6h,2020,Land,DJF,"mean over τ∈[2, 4]",Z925,weatherbridge_detail,0.01799836374720235,,,96
6h,2020,Land,DJF,"mean over τ∈[2, 4]",Z850,weatherbridge_detail,0.014081705964727341,,,96
6h,2020,Land,DJF,"mean over τ∈[2, 4]",Z700,weatherbridge_detail,0.009323035640309117,,,96
6h,2020,Land,DJF,"mean over τ∈[2, 4]",t2m,weatherbridge_detail,0.022556995607822157,,,96
6h,2020,Land,DJF,"mean over τ∈[2, 4]",u10,weatherbridge_detail,0.07244849211673152,,,96
6h,2020,Land,DJF,"mean over τ∈[2, 4]",v10,weatherbridge_detail,0.12300530729991324,,,96
6h,2020,Land,DJF,"mean over τ∈[2, 4]",mslp,weatherbridge_detail,0.022832098532690803,,,96
6h,2020,Land,MAM,"mean over τ∈[2, 4]",T1000,weatherbridge_detail,0.016747920008473173,,,96
6h,2020,Land,MAM,"mean over τ∈[2, 4]",T925,weatherbridge_detail,0.01824051331046077,,,96
6h,2020,Land,MAM,"mean over τ∈[2, 4]",T850,weatherbridge_detail,0.020711522659985594,,,96
6h,2020,Land,MAM,"mean over τ∈[2, 4]",T700,weatherbridge_detail,0.018395396696394242,,,96
6h,2020,Land,MAM,"mean over τ∈[2, 4]",U1000,weatherbridge_detail,0.07658956136866624,,,96
6h,2020,Land,MAM,"mean over τ∈[2, 4]",U925,weatherbridge_detail,0.0709392397153299,,,96
6h,2020,Land,MAM,"mean over τ∈[2, 4]",U850,weatherbridge_detail,0.0711158491452054,,,96
6h,2020,Land,MAM,"mean over τ∈[2, 4]",U700,weatherbridge_detail,0.07026093167785993,,,96
6h,2020,Land,MAM,"mean over τ∈[2, 4]",V1000,weatherbridge_detail,0.1319409066960531,,,96
6h,2020,Land,MAM,"mean over τ∈[2, 4]",V925,weatherbridge_detail,0.15995575561580097,,,96
6h,2020,Land,MAM,"mean over τ∈[2, 4]",V850,weatherbridge_detail,0.20654228825077534,,,96
6h,2020,Land,MAM,"mean over τ∈[2, 4]",V700,weatherbridge_detail,0.254065842250309,,,96
6h,2020,Land,MAM,"mean over τ∈[2, 4]",Q1000,weatherbridge_detail,0.027296077268547297,,,96
6h,2020,Land,MAM,"mean over τ∈[2, 4]",Q925,weatherbridge_detail,0.041037924232140796,,,96
6h,2020,Land,MAM,"mean over τ∈[2, 4]",Q850,weatherbridge_detail,0.054506565418668204,,,96
6h,2020,Land,MAM,"mean over τ∈[2, 4]",Q700,weatherbridge_detail,0.07607481867463281,,,96
6h,2020,Land,MAM,"mean over τ∈[2, 4]",Z1000,weatherbridge_detail,0.02359963831496114,,,96
6h,2020,Land,MAM,"mean over τ∈[2, 4]",Z925,weatherbridge_detail,0.018802552618982997,,,96
6h,2020,Land,MAM,"mean over τ∈[2, 4]",Z850,weatherbridge_detail,0.014765393042361666,,,96
6h,2020,Land,MAM,"mean over τ∈[2, 4]",Z700,weatherbridge_detail,0.009838040987724506,,,96
6h,2020,Land,MAM,"mean over τ∈[2, 4]",t2m,weatherbridge_detail,0.02355296560513789,,,96
6h,2020,Land,MAM,"mean over τ∈[2, 4]",u10,weatherbridge_detail,0.07877154624188457,,,96
6h,2020,Land,MAM,"mean over τ∈[2, 4]",v10,weatherbridge_detail,0.1341164470987922,,,96
6h,2020,Land,MAM,"mean over τ∈[2, 4]",mslp,weatherbridge_detail,0.023875995286419406,,,96
6h,2020,Land,JJA,"mean over τ∈[2, 4]",T1000,weatherbridge_detail,0.01735942404808328,,,96
6h,2020,Land,JJA,"mean over τ∈[2, 4]",T925,weatherbridge_detail,0.018000089364384166,,,96
6h,2020,Land,JJA,"mean over τ∈[2, 4]",T850,weatherbridge_detail,0.020223922258589426,,,96
6h,2020,Land,JJA,"mean over τ∈[2, 4]",T700,weatherbridge_detail,0.01850498321381659,,,96
6h,2020,Land,JJA,"mean over τ∈[2, 4]",U1000,weatherbridge_detail,0.07885019874068232,,,96
6h,2020,Land,JJA,"mean over τ∈[2, 4]",U925,weatherbridge_detail,0.07194571456097985,,,96
6h,2020,Land,JJA,"mean over τ∈[2, 4]",U850,weatherbridge_detail,0.07190092642590852,,,96
6h,2020,Land,JJA,"mean over τ∈[2, 4]",U700,weatherbridge_detail,0.07088588547604861,,,96
6h,2020,Land,JJA,"mean over τ∈[2, 4]",V1000,weatherbridge_detail,0.13361020239017046,,,96
6h,2020,Land,JJA,"mean over τ∈[2, 4]",V925,weatherbridge_detail,0.15947979688961111,,,96
6h,2020,Land,JJA,"mean over τ∈[2, 4]",V850,weatherbridge_detail,0.20647039267498798,,,96
6h,2020,Land,JJA,"mean over τ∈[2, 4]",V700,weatherbridge_detail,0.2523497453348655,,,96
6h,2020,Land,JJA,"mean over τ∈[2, 4]",Q1000,weatherbridge_detail,0.025837578290039697,,,96
6h,2020,Land,JJA,"mean over τ∈[2, 4]",Q925,weatherbridge_detail,0.03853883332486852,,,96
6h,2020,Land,JJA,"mean over τ∈[2, 4]",Q850,weatherbridge_detail,0.0501076134034514,,,96
6h,2020,Land,JJA,"mean over τ∈[2, 4]",Q700,weatherbridge_detail,0.06787940826733409,,,96
6h,2020,Land,JJA,"mean over τ∈[2, 4]",Z1000,weatherbridge_detail,0.023558743824013427,,,96
6h,2020,Land,JJA,"mean over τ∈[2, 4]",Z925,weatherbridge_detail,0.018770341913460716,,,96
6h,2020,Land,JJA,"mean over τ∈[2, 4]",Z850,weatherbridge_detail,0.014763066451200171,,,96
6h,2020,Land,JJA,"mean over τ∈[2, 4]",Z700,weatherbridge_detail,0.009843435843633674,,,96
6h,2020,Land,JJA,"mean over τ∈[2, 4]",t2m,weatherbridge_detail,0.02399057992440526,,,96
6h,2020,Land,JJA,"mean over τ∈[2, 4]",u10,weatherbridge_detail,0.08095705125362308,,,96
6h,2020,Land,JJA,"mean over τ∈[2, 4]",v10,weatherbridge_detail,0.13552344516613682,,,96
6h,2020,Land,JJA,"mean over τ∈[2, 4]",mslp,weatherbridge_detail,0.0241828622268319,,,96
6h,2020,Land,SON,"mean over τ∈[2, 4]",T1000,weatherbridge_detail,0.017112505033177586,,,96
6h,2020,Land,SON,"mean over τ∈[2, 4]",T925,weatherbridge_detail,0.019065971698227314,,,96
6h,2020,Land,SON,"mean over τ∈[2, 4]",T850,weatherbridge_detail,0.02119364396037423,,,96
6h,2020,Land,SON,"mean over τ∈[2, 4]",T700,weatherbridge_detail,0.017605002771943674,,,96
6h,2020,Land,SON,"mean over τ∈[2, 4]",U1000,weatherbridge_detail,0.07601653546733977,,,96
6h,2020,Land,SON,"mean over τ∈[2, 4]",U925,weatherbridge_detail,0.06970962735791976,,,96
6h,2020,Land,SON,"mean over τ∈[2, 4]",U850,weatherbridge_detail,0.07090479004702274,,,96
6h,2020,Land,SON,"mean over τ∈[2, 4]",U700,weatherbridge_detail,0.06770769889073701,,,96
6h,2020,Land,SON,"mean over τ∈[2, 4]",V1000,weatherbridge_detail,0.12879183683938747,,,96
6h,2020,Land,SON,"mean over τ∈[2, 4]",V925,weatherbridge_detail,0.15430145543579052,,,96
6h,2020,Land,SON,"mean over τ∈[2, 4]",V850,weatherbridge_detail,0.20309553014731957,,,96
6h,2020,Land,SON,"mean over τ∈[2, 4]",V700,weatherbridge_detail,0.24398241599237838,,,96
6h,2020,Land,SON,"mean over τ∈[2, 4]",Q1000,weatherbridge_detail,0.02653810085396485,,,96
6h,2020,Land,SON,"mean over τ∈[2, 4]",Q925,weatherbridge_detail,0.04138580522893085,,,96
6h,2020,Land,SON,"mean over τ∈[2, 4]",Q850,weatherbridge_detail,0.05185624191712942,,,96
6h,2020,Land,SON,"mean over τ∈[2, 4]",Q700,weatherbridge_detail,0.07125574563536761,,,96
6h,2020,Land,SON,"mean over τ∈[2, 4]",Z1000,weatherbridge_detail,0.02416617931790763,,,96
6h,2020,Land,SON,"mean over τ∈[2, 4]",Z925,weatherbridge_detail,0.019159945091116556,,,96
6h,2020,Land,SON,"mean over τ∈[2, 4]",Z850,weatherbridge_detail,0.014982096176569539,,,96
6h,2020,Land,SON,"mean over τ∈[2, 4]",Z700,weatherbridge_detail,0.009927824441821546,,,96
6h,2020,Land,SON,"mean over τ∈[2, 4]",t2m,weatherbridge_detail,0.024293457754861855,,,96
6h,2020,Land,SON,"mean over τ∈[2, 4]",u10,weatherbridge_detail,0.07860244430459312,,,96
6h,2020,Land,SON,"mean over τ∈[2, 4]",v10,weatherbridge_detail,0.1316661746530022,,,96
6h,2020,Land,SON,"mean over τ∈[2, 4]",mslp,weatherbridge_detail,0.024467215475014223,,,96
6h,2020,Ocean,DJF,"mean over τ∈[2, 4]",T1000,weatherbridge_detail,0.017663203374865804,,,96
6h,2020,Ocean,DJF,"mean over τ∈[2, 4]",T925,weatherbridge_detail,0.019319278510282742,,,96
6h,2020,Ocean,DJF,"mean over τ∈[2, 4]",T850,weatherbridge_detail,0.021334882368331164,,,96
6h,2020,Ocean,DJF,"mean over τ∈[2, 4]",T700,weatherbridge_detail,0.01899344738977292,,,96
6h,2020,Ocean,DJF,"mean over τ∈[2, 4]",U1000,weatherbridge_detail,0.0781969330044667,,,96
6h,2020,Ocean,DJF,"mean over τ∈[2, 4]",U925,weatherbridge_detail,0.07166633802814892,,,96
6h,2020,Ocean,DJF,"mean over τ∈[2, 4]",U850,weatherbridge_detail,0.07247016324444805,,,96
6h,2020,Ocean,DJF,"mean over τ∈[2, 4]",U700,weatherbridge_detail,0.07271715393719487,,,96
6h,2020,Ocean,DJF,"mean over τ∈[2, 4]",V1000,weatherbridge_detail,0.13522557874033994,,,96
6h,2020,Ocean,DJF,"mean over τ∈[2, 4]",V925,weatherbridge_detail,0.15843555953833285,,,96
6h,2020,Ocean,DJF,"mean over τ∈[2, 4]",V850,weatherbridge_detail,0.20861362089980598,,,96
6h,2020,Ocean,DJF,"mean over τ∈[2, 4]",V700,weatherbridge_detail,0.2591420026649497,,,96
6h,2020,Ocean,DJF,"mean over τ∈[2, 4]",Q1000,weatherbridge_detail,0.024651008527544406,,,96
6h,2020,Ocean,DJF,"mean over τ∈[2, 4]",Q925,weatherbridge_detail,0.04466047741108696,,,96
6h,2020,Ocean,DJF,"mean over τ∈[2, 4]",Q850,weatherbridge_detail,0.06090907415797448,,,96
6h,2020,Ocean,DJF,"mean over τ∈[2, 4]",Q700,weatherbridge_detail,0.07930421499554112,,,96
6h,2020,Ocean,DJF,"mean over τ∈[2, 4]",Z1000,weatherbridge_detail,0.0264333893382047,,,96
6h,2020,Ocean,DJF,"mean over τ∈[2, 4]",Z925,weatherbridge_detail,0.020892319477032427,,,96
6h,2020,Ocean,DJF,"mean over τ∈[2, 4]",Z850,weatherbridge_detail,0.016241945495132255,,,96
6h,2020,Ocean,DJF,"mean over τ∈[2, 4]",Z700,weatherbridge_detail,0.01054918652258775,,,96
6h,2020,Ocean,DJF,"mean over τ∈[2, 4]",t2m,weatherbridge_detail,0.02758437880438267,,,96
6h,2020,Ocean,DJF,"mean over τ∈[2, 4]",u10,weatherbridge_detail,0.07868118856635245,,,96
6h,2020,Ocean,DJF,"mean over τ∈[2, 4]",v10,weatherbridge_detail,0.13562653316368364,,,96
6h,2020,Ocean,DJF,"mean over τ∈[2, 4]",mslp,weatherbridge_detail,0.026746553538497548,,,96
6h,2020,Ocean,MAM,"mean over τ∈[2, 4]",T1000,weatherbridge_detail,0.019571578690874974,,,96
6h,2020,Ocean,MAM,"mean over τ∈[2, 4]",T925,weatherbridge_detail,0.020287149446343855,,,96
6h,2020,Ocean,MAM,"mean over τ∈[2, 4]",T850,weatherbridge_detail,0.021497622824380735,,,96
6h,2020,Ocean,MAM,"mean over τ∈[2, 4]",T700,weatherbridge_detail,0.01879629814397983,,,96
6h,2020,Ocean,MAM,"mean over τ∈[2, 4]",U1000,weatherbridge_detail,0.08054680019777409,,,96
6h,2020,Ocean,MAM,"mean over τ∈[2, 4]",U925,weatherbridge_detail,0.07427774590169518,,,96
6h,2020,Ocean,MAM,"mean over τ∈[2, 4]",U850,weatherbridge_detail,0.07409798315531506,,,96
6h,2020,Ocean,MAM,"mean over τ∈[2, 4]",U700,weatherbridge_detail,0.07216789139834669,,,96
6h,2020,Ocean,MAM,"mean over τ∈[2, 4]",V1000,weatherbridge_detail,0.13844158887072106,,,96
6h,2020,Ocean,MAM,"mean over τ∈[2, 4]",V925,weatherbridge_detail,0.16424487157615403,,,96
6h,2020,Ocean,MAM,"mean over τ∈[2, 4]",V850,weatherbridge_detail,0.21255350762826114,,,96
6h,2020,Ocean,MAM,"mean over τ∈[2, 4]",V700,weatherbridge_detail,0.257713790712883,,,96
6h,2020,Ocean,MAM,"mean over τ∈[2, 4]",Q1000,weatherbridge_detail,0.02780005083333973,,,96
6h,2020,Ocean,MAM,"mean over τ∈[2, 4]",Q925,weatherbridge_detail,0.048203951729781265,,,96
6h,2020,Ocean,MAM,"mean over τ∈[2, 4]",Q850,weatherbridge_detail,0.061797268767769906,,,96
6h,2020,Ocean,MAM,"mean over τ∈[2, 4]",Q700,weatherbridge_detail,0.08138188045492518,,,96
6h,2020,Ocean,MAM,"mean over τ∈[2, 4]",Z1000,weatherbridge_detail,0.026302694055928593,,,96
6h,2020,Ocean,MAM,"mean over τ∈[2, 4]",Z925,weatherbridge_detail,0.02071112046150931,,,96
6h,2020,Ocean,MAM,"mean over τ∈[2, 4]",Z850,weatherbridge_detail,0.016023957134400375,,,96
6h,2020,Ocean,MAM,"mean over τ∈[2, 4]",Z700,weatherbridge_detail,0.01038063413145864,,,96
6h,2020,Ocean,MAM,"mean over τ∈[2, 4]",t2m,weatherbridge_detail,0.03162140264537502,,,96
6h,2020,Ocean,MAM,"mean over τ∈[2, 4]",u10,weatherbridge_detail,0.08118102769329864,,,96
6h,2020,Ocean,MAM,"mean over τ∈[2, 4]",v10,weatherbridge_detail,0.1391574897008701,,,96
6h,2020,Ocean,MAM,"mean over τ∈[2, 4]",mslp,weatherbridge_detail,0.026565877521503394,,,96
6h,2020,Ocean,JJA,"mean over τ∈[2, 4]",T1000,weatherbridge_detail,0.019553935849235284,,,96
6h,2020,Ocean,JJA,"mean over τ∈[2, 4]",T925,weatherbridge_detail,0.020090816483569262,,,96
6h,2020,Ocean,JJA,"mean over τ∈[2, 4]",T850,weatherbridge_detail,0.020487363573587273,,,96
6h,2020,Ocean,JJA,"mean over τ∈[2, 4]",T700,weatherbridge_detail,0.017962587783256656,,,96
6h,2020,Ocean,JJA,"mean over τ∈[2, 4]",U1000,weatherbridge_detail,0.07848318243940397,,,96
6h,2020,Ocean,JJA,"mean over τ∈[2, 4]",U925,weatherbridge_detail,0.07275827902602168,,,96
6h,2020,Ocean,JJA,"mean over τ∈[2, 4]",U850,weatherbridge_detail,0.07143405386150462,,,96
6h,2020,Ocean,JJA,"mean over τ∈[2, 4]",U700,weatherbridge_detail,0.06802035000969552,,,96
6h,2020,Ocean,JJA,"mean over τ∈[2, 4]",V1000,weatherbridge_detail,0.13546345730343604,,,96
6h,2020,Ocean,JJA,"mean over τ∈[2, 4]",V925,weatherbridge_detail,0.1597136372399761,,,96
6h,2020,Ocean,JJA,"mean over τ∈[2, 4]",V850,weatherbridge_detail,0.20386430962856192,,,96
6h,2020,Ocean,JJA,"mean over τ∈[2, 4]",V700,weatherbridge_detail,0.24139737337100148,,,96
6h,2020,Ocean,JJA,"mean over τ∈[2, 4]",Q1000,weatherbridge_detail,0.0314273401774701,,,96
6h,2020,Ocean,JJA,"mean over τ∈[2, 4]",Q925,weatherbridge_detail,0.048154080651604377,,,96
6h,2020,Ocean,JJA,"mean over τ∈[2, 4]",Q850,weatherbridge_detail,0.062537960802091,,,96
6h,2020,Ocean,JJA,"mean over τ∈[2, 4]",Q700,weatherbridge_detail,0.08320630871209476,,,96
6h,2020,Ocean,JJA,"mean over τ∈[2, 4]",Z1000,weatherbridge_detail,0.025389357629386135,,,96
6h,2020,Ocean,JJA,"mean over τ∈[2, 4]",Z925,weatherbridge_detail,0.019974331879921117,,,96
6h,2020,Ocean,JJA,"mean over τ∈[2, 4]",Z850,weatherbridge_detail,0.015450190217756263,,,96
6h,2020,Ocean,JJA,"mean over τ∈[2, 4]",Z700,weatherbridge_detail,0.00995260455344829,,,96
6h,2020,Ocean,JJA,"mean over τ∈[2, 4]",t2m,weatherbridge_detail,0.031517752020633706,,,96
6h,2020,Ocean,JJA,"mean over τ∈[2, 4]",u10,weatherbridge_detail,0.07994943984529454,,,96
6h,2020,Ocean,JJA,"mean over τ∈[2, 4]",v10,weatherbridge_detail,0.13728187773401032,,,96
6h,2020,Ocean,JJA,"mean over τ∈[2, 4]",mslp,weatherbridge_detail,0.0255733727791072,,,96
6h,2020,Ocean,SON,"mean over τ∈[2, 4]",T1000,weatherbridge_detail,0.017843507728791057,,,96
6h,2020,Ocean,SON,"mean over τ∈[2, 4]",T925,weatherbridge_detail,0.018907219907264086,,,96
6h,2020,Ocean,SON,"mean over τ∈[2, 4]",T850,weatherbridge_detail,0.020953144838389785,,,96
6h,2020,Ocean,SON,"mean over τ∈[2, 4]",T700,weatherbridge_detail,0.018274538791666663,,,96
6h,2020,Ocean,SON,"mean over τ∈[2, 4]",U1000,weatherbridge_detail,0.0763090835811378,,,96
6h,2020,Ocean,SON,"mean over τ∈[2, 4]",U925,weatherbridge_detail,0.07003810313916395,,,96
6h,2020,Ocean,SON,"mean over τ∈[2, 4]",U850,weatherbridge_detail,0.07053120434678205,,,96
6h,2020,Ocean,SON,"mean over τ∈[2, 4]",U700,weatherbridge_detail,0.06811251803676649,,,96
6h,2020,Ocean,SON,"mean over τ∈[2, 4]",V1000,weatherbridge_detail,0.13295593942346579,,,96
6h,2020,Ocean,SON,"mean over τ∈[2, 4]",V925,weatherbridge_detail,0.15596223169156717,,,96
6h,2020,Ocean,SON,"mean over τ∈[2, 4]",V850,weatherbridge_detail,0.20246935831018698,,,96
6h,2020,Ocean,SON,"mean over τ∈[2, 4]",V700,weatherbridge_detail,0.2441812579991823,,,96
6h,2020,Ocean,SON,"mean over τ∈[2, 4]",Q1000,weatherbridge_detail,0.027155563965594563,,,96
6h,2020,Ocean,SON,"mean over τ∈[2, 4]",Q925,weatherbridge_detail,0.045695872543631916,,,96
6h,2020,Ocean,SON,"mean over τ∈[2, 4]",Q850,weatherbridge_detail,0.06039851506610503,,,96
6h,2020,Ocean,SON,"mean over τ∈[2, 4]",Q700,weatherbridge_detail,0.07925051013179085,,,96
6h,2020,Ocean,SON,"mean over τ∈[2, 4]",Z1000,weatherbridge_detail,0.026028150871674406,,,96
6h,2020,Ocean,SON,"mean over τ∈[2, 4]",Z925,weatherbridge_detail,0.020638566040190404,,,96
6h,2020,Ocean,SON,"mean over τ∈[2, 4]",Z850,weatherbridge_detail,0.016033113957554294,,,96
6h,2020,Ocean,SON,"mean over τ∈[2, 4]",Z700,weatherbridge_detail,0.010427666405733145,,,96
6h,2020,Ocean,SON,"mean over τ∈[2, 4]",t2m,weatherbridge_detail,0.029766438428820315,,,96
6h,2020,Ocean,SON,"mean over τ∈[2, 4]",u10,weatherbridge_detail,0.07702113379747152,,,96
6h,2020,Ocean,SON,"mean over τ∈[2, 4]",v10,weatherbridge_detail,0.13331379742471858,,,96
6h,2020,Ocean,SON,"mean over τ∈[2, 4]",mslp,weatherbridge_detail,0.026223691210574575,,,96
6h,2020,Tropics,DJF,"mean over τ∈[2, 4]",T1000,weatherdcae_14m_6yr,0.0182530885771932,,,96
6h,2020,Tropics,DJF,"mean over τ∈[2, 4]",T925,weatherdcae_14m_6yr,0.01858067542952006,,,96
6h,2020,Tropics,DJF,"mean over τ∈[2, 4]",T850,weatherdcae_14m_6yr,0.021760367070441773,,,96
6h,2020,Tropics,DJF,"mean over τ∈[2, 4]",T700,weatherdcae_14m_6yr,0.016758949731855946,,,96
6h,2020,Tropics,DJF,"mean over τ∈[2, 4]",U1000,weatherdcae_14m_6yr,0.06938699355156958,,,96
6h,2020,Tropics,DJF,"mean over τ∈[2, 4]",U925,weatherdcae_14m_6yr,0.06555337575710056,,,96
6h,2020,Tropics,DJF,"mean over τ∈[2, 4]",U850,weatherdcae_14m_6yr,0.06716147871690348,,,96
6h,2020,Tropics,DJF,"mean over τ∈[2, 4]",U700,weatherdcae_14m_6yr,0.05893483317131219,,,96
6h,2020,Tropics,DJF,"mean over τ∈[2, 4]",V1000,weatherdcae_14m_6yr,0.11860082973911339,,,96
6h,2020,Tropics,DJF,"mean over τ∈[2, 4]",V925,weatherdcae_14m_6yr,0.1371742514260032,,,96
6h,2020,Tropics,DJF,"mean over τ∈[2, 4]",V850,weatherdcae_14m_6yr,0.18124203162586236,,,96
6h,2020,Tropics,DJF,"mean over τ∈[2, 4]",V700,weatherdcae_14m_6yr,0.19936120836540552,,,96
6h,2020,Tropics,DJF,"mean over τ∈[2, 4]",Q1000,weatherdcae_14m_6yr,0.03595877532284245,,,96
6h,2020,Tropics,DJF,"mean over τ∈[2, 4]",Q925,weatherdcae_14m_6yr,0.06937497194450307,,,96
6h,2020,Tropics,DJF,"mean over τ∈[2, 4]",Q850,weatherdcae_14m_6yr,0.10012368289317382,,,96
6h,2020,Tropics,DJF,"mean over τ∈[2, 4]",Q700,weatherdcae_14m_6yr,0.10736678717663682,,,96
6h,2020,Tropics,DJF,"mean over τ∈[2, 4]",Z1000,weatherdcae_14m_6yr,0.022725826403107913,,,96
6h,2020,Tropics,DJF,"mean over τ∈[2, 4]",Z925,weatherdcae_14m_6yr,0.01810511672016725,,,96
6h,2020,Tropics,DJF,"mean over τ∈[2, 4]",Z850,weatherdcae_14m_6yr,0.014111858402591233,,,96
6h,2020,Tropics,DJF,"mean over τ∈[2, 4]",Z700,weatherdcae_14m_6yr,0.009236813916715702,,,96
6h,2020,Tropics,DJF,"mean over τ∈[2, 4]",t2m,weatherdcae_14m_6yr,0.02692740726418895,,,96
6h,2020,Tropics,DJF,"mean over τ∈[2, 4]",u10,weatherdcae_14m_6yr,0.07043765546536422,,,96
6h,2020,Tropics,DJF,"mean over τ∈[2, 4]",v10,weatherdcae_14m_6yr,0.12287882001104335,,,96
6h,2020,Tropics,DJF,"mean over τ∈[2, 4]",mslp,weatherdcae_14m_6yr,0.021851733366157016,,,96
6h,2020,Tropics,MAM,"mean over τ∈[2, 4]",T1000,weatherdcae_14m_6yr,0.018396107625686487,,,96
6h,2020,Tropics,MAM,"mean over τ∈[2, 4]",T925,weatherdcae_14m_6yr,0.01937183651183595,,,96
6h,2020,Tropics,MAM,"mean over τ∈[2, 4]",T850,weatherdcae_14m_6yr,0.0213181304389309,,,96
6h,2020,Tropics,MAM,"mean over τ∈[2, 4]",T700,weatherdcae_14m_6yr,0.016597639296628598,,,96
6h,2020,Tropics,MAM,"mean over τ∈[2, 4]",U1000,weatherdcae_14m_6yr,0.06872726832770404,,,96
6h,2020,Tropics,MAM,"mean over τ∈[2, 4]",U925,weatherdcae_14m_6yr,0.06554905384807422,,,96
6h,2020,Tropics,MAM,"mean over τ∈[2, 4]",U850,weatherdcae_14m_6yr,0.06574036274650377,,,96
6h,2020,Tropics,MAM,"mean over τ∈[2, 4]",U700,weatherdcae_14m_6yr,0.05955463930220883,,,96
6h,2020,Tropics,MAM,"mean over τ∈[2, 4]",V1000,weatherdcae_14m_6yr,0.11833004268516265,,,96
6h,2020,Tropics,MAM,"mean over τ∈[2, 4]",V925,weatherdcae_14m_6yr,0.1400034974038673,,,96
6h,2020,Tropics,MAM,"mean over τ∈[2, 4]",V850,weatherdcae_14m_6yr,0.1787382625663582,,,96
6h,2020,Tropics,MAM,"mean over τ∈[2, 4]",V700,weatherdcae_14m_6yr,0.20057475245103984,,,96
6h,2020,Tropics,MAM,"mean over τ∈[2, 4]",Q1000,weatherdcae_14m_6yr,0.03753546867113485,,,96
6h,2020,Tropics,MAM,"mean over τ∈[2, 4]",Q925,weatherdcae_14m_6yr,0.07283204051906246,,,96
6h,2020,Tropics,MAM,"mean over τ∈[2, 4]",Q850,weatherdcae_14m_6yr,0.09685280153314833,,,96
6h,2020,Tropics,MAM,"mean over τ∈[2, 4]",Q700,weatherdcae_14m_6yr,0.10948048474508082,,,96
6h,2020,Tropics,MAM,"mean over τ∈[2, 4]",Z1000,weatherdcae_14m_6yr,0.023301140055530745,,,96
6h,2020,Tropics,MAM,"mean over τ∈[2, 4]",Z925,weatherdcae_14m_6yr,0.018625059576797068,,,96
6h,2020,Tropics,MAM,"mean over τ∈[2, 4]",Z850,weatherdcae_14m_6yr,0.014509408480112299,,,96
6h,2020,Tropics,MAM,"mean over τ∈[2, 4]",Z700,weatherdcae_14m_6yr,0.009539900376323695,,,96
6h,2020,Tropics,MAM,"mean over τ∈[2, 4]",t2m,weatherdcae_14m_6yr,0.02651344317869381,,,96
6h,2020,Tropics,MAM,"mean over τ∈[2, 4]",u10,weatherdcae_14m_6yr,0.07017609664141591,,,96
6h,2020,Tropics,MAM,"mean over τ∈[2, 4]",v10,weatherdcae_14m_6yr,0.12313979607806225,,,96
6h,2020,Tropics,MAM,"mean over τ∈[2, 4]",mslp,weatherdcae_14m_6yr,0.022268081081321275,,,96
6h,2020,Tropics,JJA,"mean over τ∈[2, 4]",T1000,weatherdcae_14m_6yr,0.018051725955976535,,,96
6h,2020,Tropics,JJA,"mean over τ∈[2, 4]",T925,weatherdcae_14m_6yr,0.01838650402213064,,,96
6h,2020,Tropics,JJA,"mean over τ∈[2, 4]",T850,weatherdcae_14m_6yr,0.021264580829860432,,,96
6h,2020,Tropics,JJA,"mean over τ∈[2, 4]",T700,weatherdcae_14m_6yr,0.017134833451394518,,,96
6h,2020,Tropics,JJA,"mean over τ∈[2, 4]",U1000,weatherdcae_14m_6yr,0.06991058214072941,,,96
6h,2020,Tropics,JJA,"mean over τ∈[2, 4]",U925,weatherdcae_14m_6yr,0.06702360602695244,,,96
6h,2020,Tropics,JJA,"mean over τ∈[2, 4]",U850,weatherdcae_14m_6yr,0.0683598137845705,,,96
6h,2020,Tropics,JJA,"mean over τ∈[2, 4]",U700,weatherdcae_14m_6yr,0.06026156122040655,,,96
6h,2020,Tropics,JJA,"mean over τ∈[2, 4]",V1000,weatherdcae_14m_6yr,0.11905363621422435,,,96
6h,2020,Tropics,JJA,"mean over τ∈[2, 4]",V925,weatherdcae_14m_6yr,0.13900936780170361,,,96
6h,2020,Tropics,JJA,"mean over τ∈[2, 4]",V850,weatherdcae_14m_6yr,0.18331486437940975,,,96
6h,2020,Tropics,JJA,"mean over τ∈[2, 4]",V700,weatherdcae_14m_6yr,0.2006127461272741,,,96
6h,2020,Tropics,JJA,"mean over τ∈[2, 4]",Q1000,weatherdcae_14m_6yr,0.0353294287344978,,,96
6h,2020,Tropics,JJA,"mean over τ∈[2, 4]",Q925,weatherdcae_14m_6yr,0.06748316195786376,,,96
6h,2020,Tropics,JJA,"mean over τ∈[2, 4]",Q850,weatherdcae_14m_6yr,0.09666370548639114,,,96
6h,2020,Tropics,JJA,"mean over τ∈[2, 4]",Q700,weatherdcae_14m_6yr,0.1077822675211,,,96
6h,2020,Tropics,JJA,"mean over τ∈[2, 4]",Z1000,weatherdcae_14m_6yr,0.02234274353483219,,,96
6h,2020,Tropics,JJA,"mean over τ∈[2, 4]",Z925,weatherdcae_14m_6yr,0.017923523980513167,,,96
6h,2020,Tropics,JJA,"mean over τ∈[2, 4]",Z850,weatherdcae_14m_6yr,0.014029521436257405,,,96
6h,2020,Tropics,JJA,"mean over τ∈[2, 4]",Z700,weatherdcae_14m_6yr,0.009199084342475327,,,96
6h,2020,Tropics,JJA,"mean over τ∈[2, 4]",t2m,weatherdcae_14m_6yr,0.024424462884689826,,,96
6h,2020,Tropics,JJA,"mean over τ∈[2, 4]",u10,weatherdcae_14m_6yr,0.07084521428547083,,,96
6h,2020,Tropics,JJA,"mean over τ∈[2, 4]",v10,weatherdcae_14m_6yr,0.12237185173941711,,,96
6h,2020,Tropics,JJA,"mean over τ∈[2, 4]",mslp,weatherdcae_14m_6yr,0.021540396014494034,,,96
6h,2020,Tropics,SON,"mean over τ∈[2, 4]",T1000,weatherdcae_14m_6yr,0.018646796113379036,,,96
6h,2020,Tropics,SON,"mean over τ∈[2, 4]",T925,weatherdcae_14m_6yr,0.019388379203881995,,,96
6h,2020,Tropics,SON,"mean over τ∈[2, 4]",T850,weatherdcae_14m_6yr,0.02189659642300403,,,96
6h,2020,Tropics,SON,"mean over τ∈[2, 4]",T700,weatherdcae_14m_6yr,0.016434941087297247,,,96
6h,2020,Tropics,SON,"mean over τ∈[2, 4]",U1000,weatherdcae_14m_6yr,0.06898009488144978,,,96
6h,2020,Tropics,SON,"mean over τ∈[2, 4]",U925,weatherdcae_14m_6yr,0.06582512730471916,,,96
6h,2020,Tropics,SON,"mean over τ∈[2, 4]",U850,weatherdcae_14m_6yr,0.06785137357571794,,,96
6h,2020,Tropics,SON,"mean over τ∈[2, 4]",U700,weatherdcae_14m_6yr,0.05848395481970218,,,96
6h,2020,Tropics,SON,"mean over τ∈[2, 4]",V1000,weatherdcae_14m_6yr,0.11737725946870142,,,96
6h,2020,Tropics,SON,"mean over τ∈[2, 4]",V925,weatherdcae_14m_6yr,0.13713886103498968,,,96
6h,2020,Tropics,SON,"mean over τ∈[2, 4]",V850,weatherdcae_14m_6yr,0.18056276855059047,,,96
6h,2020,Tropics,SON,"mean over τ∈[2, 4]",V700,weatherdcae_14m_6yr,0.198360764399358,,,96
6h,2020,Tropics,SON,"mean over τ∈[2, 4]",Q1000,weatherdcae_14m_6yr,0.03752905390093786,,,96
6h,2020,Tropics,SON,"mean over τ∈[2, 4]",Q925,weatherdcae_14m_6yr,0.06987146664261383,,,96
6h,2020,Tropics,SON,"mean over τ∈[2, 4]",Q850,weatherdcae_14m_6yr,0.09736967078580015,,,96
6h,2020,Tropics,SON,"mean over τ∈[2, 4]",Q700,weatherdcae_14m_6yr,0.10799702943837791,,,96
6h,2020,Tropics,SON,"mean over τ∈[2, 4]",Z1000,weatherdcae_14m_6yr,0.023191434692531945,,,96
6h,2020,Tropics,SON,"mean over τ∈[2, 4]",Z925,weatherdcae_14m_6yr,0.01857878080065094,,,96
6h,2020,Tropics,SON,"mean over τ∈[2, 4]",Z850,weatherdcae_14m_6yr,0.01455287207230869,,,96
6h,2020,Tropics,SON,"mean over τ∈[2, 4]",Z700,weatherdcae_14m_6yr,0.009579650942750548,,,96
6h,2020,Tropics,SON,"mean over τ∈[2, 4]",t2m,weatherdcae_14m_6yr,0.026587745918782935,,,96
6h,2020,Tropics,SON,"mean over τ∈[2, 4]",u10,weatherdcae_14m_6yr,0.07047887152134036,,,96
6h,2020,Tropics,SON,"mean over τ∈[2, 4]",v10,weatherdcae_14m_6yr,0.12216124445903379,,,96
6h,2020,Tropics,SON,"mean over τ∈[2, 4]",mslp,weatherdcae_14m_6yr,0.022327589563092113,,,96
6h,2020,N-Extra,DJF,"mean over τ∈[2, 4]",T1000,weatherdcae_14m_6yr,0.023051274402609706,,,96
6h,2020,N-Extra,DJF,"mean over τ∈[2, 4]",T925,weatherdcae_14m_6yr,0.025942529147230407,,,96
6h,2020,N-Extra,DJF,"mean over τ∈[2, 4]",T850,weatherdcae_14m_6yr,0.029596425299046374,,,96
6h,2020,N-Extra,DJF,"mean over τ∈[2, 4]",T700,weatherdcae_14m_6yr,0.02935721754871673,,,96
6h,2020,N-Extra,DJF,"mean over τ∈[2, 4]",U1000,weatherdcae_14m_6yr,0.1089500497795138,,,96
6h,2020,N-Extra,DJF,"mean over τ∈[2, 4]",U925,weatherdcae_14m_6yr,0.10333114825152061,,,96
6h,2020,N-Extra,DJF,"mean over τ∈[2, 4]",U850,weatherdcae_14m_6yr,0.11061496431807699,,,96
6h,2020,N-Extra,DJF,"mean over τ∈[2, 4]",U700,weatherdcae_14m_6yr,0.10820203486249463,,,96
6h,2020,N-Extra,DJF,"mean over τ∈[2, 4]",V1000,weatherdcae_14m_6yr,0.1883013172353551,,,96
6h,2020,N-Extra,DJF,"mean over τ∈[2, 4]",V925,weatherdcae_14m_6yr,0.22976419539621878,,,96
6h,2020,N-Extra,DJF,"mean over τ∈[2, 4]",V850,weatherdcae_14m_6yr,0.29829447144241256,,,96
6h,2020,N-Extra,DJF,"mean over τ∈[2, 4]",V700,weatherdcae_14m_6yr,0.34790176804030054,,,96
6h,2020,N-Extra,DJF,"mean over τ∈[2, 4]",Q1000,weatherdcae_14m_6yr,0.0278958467091528,,,96
6h,2020,N-Extra,DJF,"mean over τ∈[2, 4]",Q925,weatherdcae_14m_6yr,0.05108514638986549,,,96
6h,2020,N-Extra,DJF,"mean over τ∈[2, 4]",Q850,weatherdcae_14m_6yr,0.08050147881786054,,,96
6h,2020,N-Extra,DJF,"mean over τ∈[2, 4]",Q700,weatherdcae_14m_6yr,0.10534066508713567,,,96
6h,2020,N-Extra,DJF,"mean over τ∈[2, 4]",Z1000,weatherdcae_14m_6yr,0.028680932917640775,,,96
6h,2020,N-Extra,DJF,"mean over τ∈[2, 4]",Z925,weatherdcae_14m_6yr,0.02195755617826843,,,96
6h,2020,N-Extra,DJF,"mean over τ∈[2, 4]",Z850,weatherdcae_14m_6yr,0.016776551583559923,,,96
6h,2020,N-Extra,DJF,"mean over τ∈[2, 4]",Z700,weatherdcae_14m_6yr,0.010745222501998782,,,96
6h,2020,N-Extra,DJF,"mean over τ∈[2, 4]",t2m,weatherdcae_14m_6yr,0.04320569777466043,,,96
6h,2020,N-Extra,DJF,"mean over τ∈[2, 4]",u10,weatherdcae_14m_6yr,0.1079122072416189,,,96
6h,2020,N-Extra,DJF,"mean over τ∈[2, 4]",v10,weatherdcae_14m_6yr,0.1831423829804006,,,96
6h,2020,N-Extra,DJF,"mean over τ∈[2, 4]",mslp,weatherdcae_14m_6yr,0.03078734519838782,,,96
6h,2020,N-Extra,MAM,"mean over τ∈[2, 4]",T1000,weatherdcae_14m_6yr,0.026678848669323744,,,96
6h,2020,N-Extra,MAM,"mean over τ∈[2, 4]",T925,weatherdcae_14m_6yr,0.027648284585291855,,,96
6h,2020,N-Extra,MAM,"mean over τ∈[2, 4]",T850,weatherdcae_14m_6yr,0.028431631266044224,,,96
6h,2020,N-Extra,MAM,"mean over τ∈[2, 4]",T700,weatherdcae_14m_6yr,0.02647392406233143,,,96
6h,2020,N-Extra,MAM,"mean over τ∈[2, 4]",U1000,weatherdcae_14m_6yr,0.10954175174433546,,,96
6h,2020,N-Extra,MAM,"mean over τ∈[2, 4]",U925,weatherdcae_14m_6yr,0.10540995023006768,,,96
6h,2020,N-Extra,MAM,"mean over τ∈[2, 4]",U850,weatherdcae_14m_6yr,0.11009962854520101,,,96
6h,2020,N-Extra,MAM,"mean over τ∈[2, 4]",U700,weatherdcae_14m_6yr,0.1021023017838287,,,96
6h,2020,N-Extra,MAM,"mean over τ∈[2, 4]",V1000,weatherdcae_14m_6yr,0.18817553142891486,,,96
6h,2020,N-Extra,MAM,"mean over τ∈[2, 4]",V925,weatherdcae_14m_6yr,0.2318754942385904,,,96
6h,2020,N-Extra,MAM,"mean over τ∈[2, 4]",V850,weatherdcae_14m_6yr,0.2960523457136114,,,96
6h,2020,N-Extra,MAM,"mean over τ∈[2, 4]",V700,weatherdcae_14m_6yr,0.3313242050568051,,,96
6h,2020,N-Extra,MAM,"mean over τ∈[2, 4]",Q1000,weatherdcae_14m_6yr,0.0371516896406803,,,96
6h,2020,N-Extra,MAM,"mean over τ∈[2, 4]",Q925,weatherdcae_14m_6yr,0.060078920723552504,,,96
6h,2020,N-Extra,MAM,"mean over τ∈[2, 4]",Q850,weatherdcae_14m_6yr,0.08641586632977387,,,96
6h,2020,N-Extra,MAM,"mean over τ∈[2, 4]",Q700,weatherdcae_14m_6yr,0.11392851349265458,,,96
6h,2020,N-Extra,MAM,"mean over τ∈[2, 4]",Z1000,weatherdcae_14m_6yr,0.026670674401096217,,,96
6h,2020,N-Extra,MAM,"mean over τ∈[2, 4]",Z925,weatherdcae_14m_6yr,0.02030379509007066,,,96
6h,2020,N-Extra,MAM,"mean over τ∈[2, 4]",Z850,weatherdcae_14m_6yr,0.01533597009795111,,,96
6h,2020,N-Extra,MAM,"mean over τ∈[2, 4]",Z700,weatherdcae_14m_6yr,0.009625721156204036,,,96
6h,2020,N-Extra,MAM,"mean over τ∈[2, 4]",t2m,weatherdcae_14m_6yr,0.05441130535932558,,,96
6h,2020,N-Extra,MAM,"mean over τ∈[2, 4]",u10,weatherdcae_14m_6yr,0.10840265180655043,,,96
6h,2020,N-Extra,MAM,"mean over τ∈[2, 4]",v10,weatherdcae_14m_6yr,0.18449686496385487,,,96
6h,2020,N-Extra,MAM,"mean over τ∈[2, 4]",mslp,weatherdcae_14m_6yr,0.02748803467246283,,,96
6h,2020,N-Extra,JJA,"mean over τ∈[2, 4]",T1000,weatherdcae_14m_6yr,0.024472040856930093,,,96
6h,2020,N-Extra,JJA,"mean over τ∈[2, 4]",T925,weatherdcae_14m_6yr,0.026327117679109308,,,96
6h,2020,N-Extra,JJA,"mean over τ∈[2, 4]",T850,weatherdcae_14m_6yr,0.02372605254322417,,,96
6h,2020,N-Extra,JJA,"mean over τ∈[2, 4]",T700,weatherdcae_14m_6yr,0.021467667724018785,,,96
6h,2020,N-Extra,JJA,"mean over τ∈[2, 4]",U1000,weatherdcae_14m_6yr,0.09615614376530476,,,96
6h,2020,N-Extra,JJA,"mean over τ∈[2, 4]",U925,weatherdcae_14m_6yr,0.09340239660982827,,,96
6h,2020,N-Extra,JJA,"mean over τ∈[2, 4]",U850,weatherdcae_14m_6yr,0.09390534352059192,,,96
6h,2020,N-Extra,JJA,"mean over τ∈[2, 4]",U700,weatherdcae_14m_6yr,0.08284694403103726,,,96
6h,2020,N-Extra,JJA,"mean over τ∈[2, 4]",V1000,weatherdcae_14m_6yr,0.16489498591385393,,,96
6h,2020,N-Extra,JJA,"mean over τ∈[2, 4]",V925,weatherdcae_14m_6yr,0.20220546140798018,,,96
6h,2020,N-Extra,JJA,"mean over τ∈[2, 4]",V850,weatherdcae_14m_6yr,0.253449313571781,,,96
6h,2020,N-Extra,JJA,"mean over τ∈[2, 4]",V700,weatherdcae_14m_6yr,0.2765048600876011,,,96
6h,2020,N-Extra,JJA,"mean over τ∈[2, 4]",Q1000,weatherdcae_14m_6yr,0.04653008241907493,,,96
6h,2020,N-Extra,JJA,"mean over τ∈[2, 4]",Q925,weatherdcae_14m_6yr,0.07199298071001697,,,96
6h,2020,N-Extra,JJA,"mean over τ∈[2, 4]",Q850,weatherdcae_14m_6yr,0.09561816285742772,,,96
6h,2020,N-Extra,JJA,"mean over τ∈[2, 4]",Q700,weatherdcae_14m_6yr,0.1340974594074281,,,96
6h,2020,N-Extra,JJA,"mean over τ∈[2, 4]",Z1000,weatherdcae_14m_6yr,0.024127645144962528,,,96
6h,2020,N-Extra,JJA,"mean over τ∈[2, 4]",Z925,weatherdcae_14m_6yr,0.01866601337085972,,,96
6h,2020,N-Extra,JJA,"mean over τ∈[2, 4]",Z850,weatherdcae_14m_6yr,0.014158850288192316,,,96
6h,2020,N-Extra,JJA,"mean over τ∈[2, 4]",Z700,weatherdcae_14m_6yr,0.00873758647928739,,,96
6h,2020,N-Extra,JJA,"mean over τ∈[2, 4]",t2m,weatherdcae_14m_6yr,0.05308354957876026,,,96
6h,2020,N-Extra,JJA,"mean over τ∈[2, 4]",u10,weatherdcae_14m_6yr,0.09803927179139589,,,96
6h,2020,N-Extra,JJA,"mean over τ∈[2, 4]",v10,weatherdcae_14m_6yr,0.1682701544534485,,,96
6h,2020,N-Extra,JJA,"mean over τ∈[2, 4]",mslp,weatherdcae_14m_6yr,0.023659181817761346,,,96
6h,2020,N-Extra,SON,"mean over τ∈[2, 4]",T1000,weatherdcae_14m_6yr,0.022771499606924643,,,96
6h,2020,N-Extra,SON,"mean over τ∈[2, 4]",T925,weatherdcae_14m_6yr,0.023914190382067647,,,96
6h,2020,N-Extra,SON,"mean over τ∈[2, 4]",T850,weatherdcae_14m_6yr,0.026325562156703435,,,96
6h,2020,N-Extra,SON,"mean over τ∈[2, 4]",T700,weatherdcae_14m_6yr,0.02523357266055474,,,96
6h,2020,N-Extra,SON,"mean over τ∈[2, 4]",U1000,weatherdcae_14m_6yr,0.09714662452337043,,,96
6h,2020,N-Extra,SON,"mean over τ∈[2, 4]",U925,weatherdcae_14m_6yr,0.09225300406129781,,,96
6h,2020,N-Extra,SON,"mean over τ∈[2, 4]",U850,weatherdcae_14m_6yr,0.09664286952877835,,,96
6h,2020,N-Extra,SON,"mean over τ∈[2, 4]",U700,weatherdcae_14m_6yr,0.08923351886978581,,,96
6h,2020,N-Extra,SON,"mean over τ∈[2, 4]",V1000,weatherdcae_14m_6yr,0.17080486034688294,,,96
6h,2020,N-Extra,SON,"mean over τ∈[2, 4]",V925,weatherdcae_14m_6yr,0.20904967440597333,,,96
6h,2020,N-Extra,SON,"mean over τ∈[2, 4]",V850,weatherdcae_14m_6yr,0.26469909975138534,,,96
6h,2020,N-Extra,SON,"mean over τ∈[2, 4]",V700,weatherdcae_14m_6yr,0.2924647757561039,,,96
6h,2020,N-Extra,SON,"mean over τ∈[2, 4]",Q1000,weatherdcae_14m_6yr,0.036656115097983305,,,96
6h,2020,N-Extra,SON,"mean over τ∈[2, 4]",Q925,weatherdcae_14m_6yr,0.06063539057118405,,,96
6h,2020,N-Extra,SON,"mean over τ∈[2, 4]",Q850,weatherdcae_14m_6yr,0.08985903011137587,,,96
6h,2020,N-Extra,SON,"mean over τ∈[2, 4]",Q700,weatherdcae_14m_6yr,0.12365039770965959,,,96
6h,2020,N-Extra,SON,"mean over τ∈[2, 4]",Z1000,weatherdcae_14m_6yr,0.025314974925165275,,,96
6h,2020,N-Extra,SON,"mean over τ∈[2, 4]",Z925,weatherdcae_14m_6yr,0.019662618959424588,,,96
6h,2020,N-Extra,SON,"mean over τ∈[2, 4]",Z850,weatherdcae_14m_6yr,0.015094566545857729,,,96
6h,2020,N-Extra,SON,"mean over τ∈[2, 4]",Z700,weatherdcae_14m_6yr,0.009504062708211265,,,96
6h,2020,N-Extra,SON,"mean over τ∈[2, 4]",t2m,weatherdcae_14m_6yr,0.049753680582307856,,,96
6h,2020,N-Extra,SON,"mean over τ∈[2, 4]",u10,weatherdcae_14m_6yr,0.096883742443257,,,96
6h,2020,N-Extra,SON,"mean over τ∈[2, 4]",v10,weatherdcae_14m_6yr,0.16786413697288707,,,96
6h,2020,N-Extra,SON,"mean over τ∈[2, 4]",mslp,weatherdcae_14m_6yr,0.025779910078447696,,,96
6h,2020,S-Extra,DJF,"mean over τ∈[2, 4]",T1000,weatherdcae_14m_6yr,0.016905092340082552,,,96
6h,2020,S-Extra,DJF,"mean over τ∈[2, 4]",T925,weatherdcae_14m_6yr,0.024739439698875352,,,96
6h,2020,S-Extra,DJF,"mean over τ∈[2, 4]",T850,weatherdcae_14m_6yr,0.030452769834676513,,,96
6h,2020,S-Extra,DJF,"mean over τ∈[2, 4]",T700,weatherdcae_14m_6yr,0.026591979987897207,,,96
6h,2020,S-Extra,DJF,"mean over τ∈[2, 4]",U1000,weatherdcae_14m_6yr,0.08457046017852309,,,96
6h,2020,S-Extra,DJF,"mean over τ∈[2, 4]",U925,weatherdcae_14m_6yr,0.08474759631372765,,,96
6h,2020,S-Extra,DJF,"mean over τ∈[2, 4]",U850,weatherdcae_14m_6yr,0.08921010044405807,,,96
6h,2020,S-Extra,DJF,"mean over τ∈[2, 4]",U700,weatherdcae_14m_6yr,0.08033941115156,,,96
6h,2020,S-Extra,DJF,"mean over τ∈[2, 4]",V1000,weatherdcae_14m_6yr,0.1499520179648479,,,96
6h,2020,S-Extra,DJF,"mean over τ∈[2, 4]",V925,weatherdcae_14m_6yr,0.19220781788692312,,,96
6h,2020,S-Extra,DJF,"mean over τ∈[2, 4]",V850,weatherdcae_14m_6yr,0.23929338215127624,,,96
6h,2020,S-Extra,DJF,"mean over τ∈[2, 4]",V700,weatherdcae_14m_6yr,0.26135126192569863,,,96
6h,2020,S-Extra,DJF,"mean over τ∈[2, 4]",Q1000,weatherdcae_14m_6yr,0.03086829953414633,,,96
6h,2020,S-Extra,DJF,"mean over τ∈[2, 4]",Q925,weatherdcae_14m_6yr,0.06654498827657399,,,96
6h,2020,S-Extra,DJF,"mean over τ∈[2, 4]",Q850,weatherdcae_14m_6yr,0.1087779976316031,,,96
6h,2020,S-Extra,DJF,"mean over τ∈[2, 4]",Q700,weatherdcae_14m_6yr,0.1442041859071481,,,96
6h,2020,S-Extra,DJF,"mean over τ∈[2, 4]",Z1000,weatherdcae_14m_6yr,0.020892996258447004,,,96
6h,2020,S-Extra,DJF,"mean over τ∈[2, 4]",Z925,weatherdcae_14m_6yr,0.016605720083605155,,,96
6h,2020,S-Extra,DJF,"mean over τ∈[2, 4]",Z850,weatherdcae_14m_6yr,0.013099406201890621,,,96
6h,2020,S-Extra,DJF,"mean over τ∈[2, 4]",Z700,weatherdcae_14m_6yr,0.00896126007434316,,,96
6h,2020,S-Extra,DJF,"mean over τ∈[2, 4]",t2m,weatherdcae_14m_6yr,0.017868069355500126,,,96
6h,2020,S-Extra,DJF,"mean over τ∈[2, 4]",u10,weatherdcae_14m_6yr,0.08360979750118824,,,96
6h,2020,S-Extra,DJF,"mean over τ∈[2, 4]",v10,weatherdcae_14m_6yr,0.14663739292003652,,,96
6h,2020,S-Extra,DJF,"mean over τ∈[2, 4]",mslp,weatherdcae_14m_6yr,0.020773692225638254,,,96
6h,2020,S-Extra,MAM,"mean over τ∈[2, 4]",T1000,weatherdcae_14m_6yr,0.01667679100324931,,,96
6h,2020,S-Extra,MAM,"mean over τ∈[2, 4]",T925,weatherdcae_14m_6yr,0.022085495409207682,,,96
6h,2020,S-Extra,MAM,"mean over τ∈[2, 4]",T850,weatherdcae_14m_6yr,0.031193280487171356,,,96
6h,2020,S-Extra,MAM,"mean over τ∈[2, 4]",T700,weatherdcae_14m_6yr,0.02831744387048029,,,96
6h,2020,S-Extra,MAM,"mean over τ∈[2, 4]",U1000,weatherdcae_14m_6yr,0.0929634963490907,,,96
6h,2020,S-Extra,MAM,"mean over τ∈[2, 4]",U925,weatherdcae_14m_6yr,0.0902827508635512,,,96
6h,2020,S-Extra,MAM,"mean over τ∈[2, 4]",U850,weatherdcae_14m_6yr,0.09603602053051197,,,96
6h,2020,S-Extra,MAM,"mean over τ∈[2, 4]",U700,weatherdcae_14m_6yr,0.08834136738435944,,,96
6h,2020,S-Extra,MAM,"mean over τ∈[2, 4]",V1000,weatherdcae_14m_6yr,0.1596851088742169,,,96
6h,2020,S-Extra,MAM,"mean over τ∈[2, 4]",V925,weatherdcae_14m_6yr,0.20197418567576214,,,96
6h,2020,S-Extra,MAM,"mean over τ∈[2, 4]",V850,weatherdcae_14m_6yr,0.2548185661250637,,,96
6h,2020,S-Extra,MAM,"mean over τ∈[2, 4]",V700,weatherdcae_14m_6yr,0.2828921258814676,,,96
6h,2020,S-Extra,MAM,"mean over τ∈[2, 4]",Q1000,weatherdcae_14m_6yr,0.02924326248993222,,,96
6h,2020,S-Extra,MAM,"mean over τ∈[2, 4]",Q925,weatherdcae_14m_6yr,0.05739134495030587,,,96
6h,2020,S-Extra,MAM,"mean over τ∈[2, 4]",Q850,weatherdcae_14m_6yr,0.0992886887592061,,,96
6h,2020,S-Extra,MAM,"mean over τ∈[2, 4]",Q700,weatherdcae_14m_6yr,0.13251052729136603,,,96
6h,2020,S-Extra,MAM,"mean over τ∈[2, 4]",Z1000,weatherdcae_14m_6yr,0.02174428878560596,,,96
6h,2020,S-Extra,MAM,"mean over τ∈[2, 4]",Z925,weatherdcae_14m_6yr,0.017422445457435872,,,96
6h,2020,S-Extra,MAM,"mean over τ∈[2, 4]",Z850,weatherdcae_14m_6yr,0.013828418785777449,,,96
6h,2020,S-Extra,MAM,"mean over τ∈[2, 4]",Z700,weatherdcae_14m_6yr,0.009512690882000751,,,96
6h,2020,S-Extra,MAM,"mean over τ∈[2, 4]",t2m,weatherdcae_14m_6yr,0.01896761795001585,,,96
6h,2020,S-Extra,MAM,"mean over τ∈[2, 4]",u10,weatherdcae_14m_6yr,0.09178970660106389,,,96
6h,2020,S-Extra,MAM,"mean over τ∈[2, 4]",v10,weatherdcae_14m_6yr,0.15571846649202534,,,96
6h,2020,S-Extra,MAM,"mean over τ∈[2, 4]",mslp,weatherdcae_14m_6yr,0.02171433261099446,,,96
6h,2020,S-Extra,JJA,"mean over τ∈[2, 4]",T1000,weatherdcae_14m_6yr,0.017264533027614066,,,96
6h,2020,S-Extra,JJA,"mean over τ∈[2, 4]",T925,weatherdcae_14m_6yr,0.021795247261172802,,,96
6h,2020,S-Extra,JJA,"mean over τ∈[2, 4]",T850,weatherdcae_14m_6yr,0.031201232706191233,,,96
6h,2020,S-Extra,JJA,"mean over τ∈[2, 4]",T700,weatherdcae_14m_6yr,0.02893366122028564,,,96
6h,2020,S-Extra,JJA,"mean over τ∈[2, 4]",U1000,weatherdcae_14m_6yr,0.09834311526944525,,,96
6h,2020,S-Extra,JJA,"mean over τ∈[2, 4]",U925,weatherdcae_14m_6yr,0.0943051828896968,,,96
6h,2020,S-Extra,JJA,"mean over τ∈[2, 4]",U850,weatherdcae_14m_6yr,0.10163945769245175,,,96
6h,2020,S-Extra,JJA,"mean over τ∈[2, 4]",U700,weatherdcae_14m_6yr,0.09543051738810987,,,96
6h,2020,S-Extra,JJA,"mean over τ∈[2, 4]",V1000,weatherdcae_14m_6yr,0.1693419758790895,,,96
6h,2020,S-Extra,JJA,"mean over τ∈[2, 4]",V925,weatherdcae_14m_6yr,0.21135119612204964,,,96
6h,2020,S-Extra,JJA,"mean over τ∈[2, 4]",V850,weatherdcae_14m_6yr,0.26719652391240634,,,96
6h,2020,S-Extra,JJA,"mean over τ∈[2, 4]",V700,weatherdcae_14m_6yr,0.29828235136774284,,,96
6h,2020,S-Extra,JJA,"mean over τ∈[2, 4]",Q1000,weatherdcae_14m_6yr,0.027398257471091182,,,96
6h,2020,S-Extra,JJA,"mean over τ∈[2, 4]",Q925,weatherdcae_14m_6yr,0.050283660558238956,,,96
6h,2020,S-Extra,JJA,"mean over τ∈[2, 4]",Q850,weatherdcae_14m_6yr,0.08445915247912333,,,96
6h,2020,S-Extra,JJA,"mean over τ∈[2, 4]",Q700,weatherdcae_14m_6yr,0.10858474904152295,,,96
6h,2020,S-Extra,JJA,"mean over τ∈[2, 4]",Z1000,weatherdcae_14m_6yr,0.02289767594990525,,,96
6h,2020,S-Extra,JJA,"mean over τ∈[2, 4]",Z925,weatherdcae_14m_6yr,0.01828803117312664,,,96
6h,2020,S-Extra,JJA,"mean over τ∈[2, 4]",Z850,weatherdcae_14m_6yr,0.01454978805766892,,,96
6h,2020,S-Extra,JJA,"mean over τ∈[2, 4]",Z700,weatherdcae_14m_6yr,0.009954752417770506,,,96
6h,2020,S-Extra,JJA,"mean over τ∈[2, 4]",t2m,weatherdcae_14m_6yr,0.020449310410194703,,,96
6h,2020,S-Extra,JJA,"mean over τ∈[2, 4]",u10,weatherdcae_14m_6yr,0.09592030951789589,,,96
6h,2020,S-Extra,JJA,"mean over τ∈[2, 4]",v10,weatherdcae_14m_6yr,0.1629855680839851,,,96
6h,2020,S-Extra,JJA,"mean over τ∈[2, 4]",mslp,weatherdcae_14m_6yr,0.023292871152548685,,,96
6h,2020,S-Extra,SON,"mean over τ∈[2, 4]",T1000,weatherdcae_14m_6yr,0.01777107151691903,,,96
6h,2020,S-Extra,SON,"mean over τ∈[2, 4]",T925,weatherdcae_14m_6yr,0.02432330665620111,,,96
6h,2020,S-Extra,SON,"mean over τ∈[2, 4]",T850,weatherdcae_14m_6yr,0.032131072287604395,,,96
6h,2020,S-Extra,SON,"mean over τ∈[2, 4]",T700,weatherdcae_14m_6yr,0.028058612254482543,,,96
6h,2020,S-Extra,SON,"mean over τ∈[2, 4]",U1000,weatherdcae_14m_6yr,0.09256775888269754,,,96
6h,2020,S-Extra,SON,"mean over τ∈[2, 4]",U925,weatherdcae_14m_6yr,0.09112264951758567,,,96
6h,2020,S-Extra,SON,"mean over τ∈[2, 4]",U850,weatherdcae_14m_6yr,0.09721808233501758,,,96
6h,2020,S-Extra,SON,"mean over τ∈[2, 4]",U700,weatherdcae_14m_6yr,0.08966299947212951,,,96
6h,2020,S-Extra,SON,"mean over τ∈[2, 4]",V1000,weatherdcae_14m_6yr,0.16320954174442204,,,96
6h,2020,S-Extra,SON,"mean over τ∈[2, 4]",V925,weatherdcae_14m_6yr,0.20437242139756,,,96
6h,2020,S-Extra,SON,"mean over τ∈[2, 4]",V850,weatherdcae_14m_6yr,0.2583178045567952,,,96
6h,2020,S-Extra,SON,"mean over τ∈[2, 4]",V700,weatherdcae_14m_6yr,0.2850151065160212,,,96
6h,2020,S-Extra,SON,"mean over τ∈[2, 4]",Q1000,weatherdcae_14m_6yr,0.027414233684563742,,,96
6h,2020,S-Extra,SON,"mean over τ∈[2, 4]",Q925,weatherdcae_14m_6yr,0.05510666745512515,,,96
6h,2020,S-Extra,SON,"mean over τ∈[2, 4]",Q850,weatherdcae_14m_6yr,0.09062355834614805,,,96
6h,2020,S-Extra,SON,"mean over τ∈[2, 4]",Q700,weatherdcae_14m_6yr,0.11914285697761487,,,96
6h,2020,S-Extra,SON,"mean over τ∈[2, 4]",Z1000,weatherdcae_14m_6yr,0.022563560390840377,,,96
6h,2020,S-Extra,SON,"mean over τ∈[2, 4]",Z925,weatherdcae_14m_6yr,0.017977279432998133,,,96
6h,2020,S-Extra,SON,"mean over τ∈[2, 4]",Z850,weatherdcae_14m_6yr,0.014213812191188446,,,96
6h,2020,S-Extra,SON,"mean over τ∈[2, 4]",Z700,weatherdcae_14m_6yr,0.009722071419809237,,,96
6h,2020,S-Extra,SON,"mean over τ∈[2, 4]",t2m,weatherdcae_14m_6yr,0.01912643118449973,,,96
6h,2020,S-Extra,SON,"mean over τ∈[2, 4]",u10,weatherdcae_14m_6yr,0.09084321208357997,,,96
6h,2020,S-Extra,SON,"mean over τ∈[2, 4]",v10,weatherdcae_14m_6yr,0.15684680645221727,,,96
6h,2020,S-Extra,SON,"mean over τ∈[2, 4]",mslp,weatherdcae_14m_6yr,0.022833940470660452,,,96
6h,2020,Arctic,DJF,"mean over τ∈[2, 4]",T1000,weatherdcae_14m_6yr,0.02153625640115286,,,96
6h,2020,Arctic,DJF,"mean over τ∈[2, 4]",T925,weatherdcae_14m_6yr,0.023472537652616535,,,96
6h,2020,Arctic,DJF,"mean over τ∈[2, 4]",T850,weatherdcae_14m_6yr,0.022412198192562252,,,96
6h,2020,Arctic,DJF,"mean over τ∈[2, 4]",T700,weatherdcae_14m_6yr,0.021730074093837107,,,96
6h,2020,Arctic,DJF,"mean over τ∈[2, 4]",U1000,weatherdcae_14m_6yr,0.0842232834416386,,,96
6h,2020,Arctic,DJF,"mean over τ∈[2, 4]",U925,weatherdcae_14m_6yr,0.08712884564804864,,,96
6h,2020,Arctic,DJF,"mean over τ∈[2, 4]",U850,weatherdcae_14m_6yr,0.08807973577963428,,,96
6h,2020,Arctic,DJF,"mean over τ∈[2, 4]",U700,weatherdcae_14m_6yr,0.08338900570708715,,,96
6h,2020,Arctic,DJF,"mean over τ∈[2, 4]",V1000,weatherdcae_14m_6yr,0.13949557984300365,,,96
6h,2020,Arctic,DJF,"mean over τ∈[2, 4]",V925,weatherdcae_14m_6yr,0.184267639978368,,,96
6h,2020,Arctic,DJF,"mean over τ∈[2, 4]",V850,weatherdcae_14m_6yr,0.233533283608019,,,96
6h,2020,Arctic,DJF,"mean over τ∈[2, 4]",V700,weatherdcae_14m_6yr,0.27047713158236814,,,96
6h,2020,Arctic,DJF,"mean over τ∈[2, 4]",Q1000,weatherdcae_14m_6yr,0.00902263888969058,,,96
6h,2020,Arctic,DJF,"mean over τ∈[2, 4]",Q925,weatherdcae_14m_6yr,0.013891348855014024,,,96
6h,2020,Arctic,DJF,"mean over τ∈[2, 4]",Q850,weatherdcae_14m_6yr,0.02420997218601798,,,96
6h,2020,Arctic,DJF,"mean over τ∈[2, 4]",Q700,weatherdcae_14m_6yr,0.03707753318987969,,,96
6h,2020,Arctic,DJF,"mean over τ∈[2, 4]",Z1000,weatherdcae_14m_6yr,0.02199823110272687,,,96
6h,2020,Arctic,DJF,"mean over τ∈[2, 4]",Z925,weatherdcae_14m_6yr,0.016987961742623566,,,96
6h,2020,Arctic,DJF,"mean over τ∈[2, 4]",Z850,weatherdcae_14m_6yr,0.013141554844688819,,,96
6h,2020,Arctic,DJF,"mean over τ∈[2, 4]",Z700,weatherdcae_14m_6yr,0.008669028875279962,,,96
6h,2020,Arctic,DJF,"mean over τ∈[2, 4]",t2m,weatherdcae_14m_6yr,0.028607821871861325,,,96
6h,2020,Arctic,DJF,"mean over τ∈[2, 4]",u10,weatherdcae_14m_6yr,0.08629210668425623,,,96
6h,2020,Arctic,DJF,"mean over τ∈[2, 4]",v10,weatherdcae_14m_6yr,0.13969744594021888,,,96
6h,2020,Arctic,DJF,"mean over τ∈[2, 4]",mslp,weatherdcae_14m_6yr,0.024771613315808783,,,96
6h,2020,Arctic,MAM,"mean over τ∈[2, 4]",T1000,weatherdcae_14m_6yr,0.022952392220317072,,,96
6h,2020,Arctic,MAM,"mean over τ∈[2, 4]",T925,weatherdcae_14m_6yr,0.023758347709469566,,,96
6h,2020,Arctic,MAM,"mean over τ∈[2, 4]",T850,weatherdcae_14m_6yr,0.022460961926958158,,,96
6h,2020,Arctic,MAM,"mean over τ∈[2, 4]",T700,weatherdcae_14m_6yr,0.021725880303660412,,,96
6h,2020,Arctic,MAM,"mean over τ∈[2, 4]",U1000,weatherdcae_14m_6yr,0.08574969404942982,,,96
6h,2020,Arctic,MAM,"mean over τ∈[2, 4]",U925,weatherdcae_14m_6yr,0.08882490711893563,,,96
6h,2020,Arctic,MAM,"mean over τ∈[2, 4]",U850,weatherdcae_14m_6yr,0.08765059152027987,,,96
6h,2020,Arctic,MAM,"mean over τ∈[2, 4]",U700,weatherdcae_14m_6yr,0.07865006726610452,,,96
6h,2020,Arctic,MAM,"mean over τ∈[2, 4]",V1000,weatherdcae_14m_6yr,0.15080052989713474,,,96
6h,2020,Arctic,MAM,"mean over τ∈[2, 4]",V925,weatherdcae_14m_6yr,0.19703135525763074,,,96
6h,2020,Arctic,MAM,"mean over τ∈[2, 4]",V850,weatherdcae_14m_6yr,0.23491361348697382,,,96
6h,2020,Arctic,MAM,"mean over τ∈[2, 4]",V700,weatherdcae_14m_6yr,0.261203134003837,,,96
6h,2020,Arctic,MAM,"mean over τ∈[2, 4]",Q1000,weatherdcae_14m_6yr,0.014376628066764659,,,96
6h,2020,Arctic,MAM,"mean over τ∈[2, 4]",Q925,weatherdcae_14m_6yr,0.022553672197517756,,,96
6h,2020,Arctic,MAM,"mean over τ∈[2, 4]",Q850,weatherdcae_14m_6yr,0.034895127169032314,,,96
6h,2020,Arctic,MAM,"mean over τ∈[2, 4]",Q700,weatherdcae_14m_6yr,0.05173287886653748,,,96
6h,2020,Arctic,MAM,"mean over τ∈[2, 4]",Z1000,weatherdcae_14m_6yr,0.020689174558342217,,,96
6h,2020,Arctic,MAM,"mean over τ∈[2, 4]",Z925,weatherdcae_14m_6yr,0.015743437155367888,,,96
6h,2020,Arctic,MAM,"mean over τ∈[2, 4]",Z850,weatherdcae_14m_6yr,0.012159146257367708,,,96
6h,2020,Arctic,MAM,"mean over τ∈[2, 4]",Z700,weatherdcae_14m_6yr,0.008215763394011479,,,96
6h,2020,Arctic,MAM,"mean over τ∈[2, 4]",t2m,weatherdcae_14m_6yr,0.041255793047229726,,,96
6h,2020,Arctic,MAM,"mean over τ∈[2, 4]",u10,weatherdcae_14m_6yr,0.08549316927859561,,,96
6h,2020,Arctic,MAM,"mean over τ∈[2, 4]",v10,weatherdcae_14m_6yr,0.1472897717104462,,,96
6h,2020,Arctic,MAM,"mean over τ∈[2, 4]",mslp,weatherdcae_14m_6yr,0.022921685657654116,,,96
6h,2020,Arctic,JJA,"mean over τ∈[2, 4]",T1000,weatherdcae_14m_6yr,0.02236881937494903,,,96
6h,2020,Arctic,JJA,"mean over τ∈[2, 4]",T925,weatherdcae_14m_6yr,0.02403866829849718,,,96
6h,2020,Arctic,JJA,"mean over τ∈[2, 4]",T850,weatherdcae_14m_6yr,0.020823817835978954,,,96
6h,2020,Arctic,JJA,"mean over τ∈[2, 4]",T700,weatherdcae_14m_6yr,0.019113064405085357,,,96
6h,2020,Arctic,JJA,"mean over τ∈[2, 4]",U1000,weatherdcae_14m_6yr,0.08516889062026331,,,96
6h,2020,Arctic,JJA,"mean over τ∈[2, 4]",U925,weatherdcae_14m_6yr,0.08549823586905807,,,96
6h,2020,Arctic,JJA,"mean over τ∈[2, 4]",U850,weatherdcae_14m_6yr,0.07960794861282981,,,96
6h,2020,Arctic,JJA,"mean over τ∈[2, 4]",U700,weatherdcae_14m_6yr,0.06780525475060874,,,96
6h,2020,Arctic,JJA,"mean over τ∈[2, 4]",V1000,weatherdcae_14m_6yr,0.14597312976955681,,,96
6h,2020,Arctic,JJA,"mean over τ∈[2, 4]",V925,weatherdcae_14m_6yr,0.18957564144487324,,,96
6h,2020,Arctic,JJA,"mean over τ∈[2, 4]",V850,weatherdcae_14m_6yr,0.215319883273488,,,96
6h,2020,Arctic,JJA,"mean over τ∈[2, 4]",V700,weatherdcae_14m_6yr,0.2194147596653929,,,96
6h,2020,Arctic,JJA,"mean over τ∈[2, 4]",Q1000,weatherdcae_14m_6yr,0.028704832041489107,,,96
6h,2020,Arctic,JJA,"mean over τ∈[2, 4]",Q925,weatherdcae_14m_6yr,0.04015035332728464,,,96
6h,2020,Arctic,JJA,"mean over τ∈[2, 4]",Q850,weatherdcae_14m_6yr,0.05789922918052255,,,96
6h,2020,Arctic,JJA,"mean over τ∈[2, 4]",Q700,weatherdcae_14m_6yr,0.08950876016098645,,,96
6h,2020,Arctic,JJA,"mean over τ∈[2, 4]",Z1000,weatherdcae_14m_6yr,0.018992172864957732,,,96
6h,2020,Arctic,JJA,"mean over τ∈[2, 4]",Z925,weatherdcae_14m_6yr,0.014196364049608036,,,96
6h,2020,Arctic,JJA,"mean over τ∈[2, 4]",Z850,weatherdcae_14m_6yr,0.010831149567624553,,,96
6h,2020,Arctic,JJA,"mean over τ∈[2, 4]",Z700,weatherdcae_14m_6yr,0.007121914335138318,,,96
6h,2020,Arctic,JJA,"mean over τ∈[2, 4]",t2m,weatherdcae_14m_6yr,0.042907022361629917,,,96
6h,2020,Arctic,JJA,"mean over τ∈[2, 4]",u10,weatherdcae_14m_6yr,0.0825547852453041,,,96
6h,2020,Arctic,JJA,"mean over τ∈[2, 4]",v10,weatherdcae_14m_6yr,0.1400033325901239,,,96
6h,2020,Arctic,JJA,"mean over τ∈[2, 4]",mslp,weatherdcae_14m_6yr,0.019500641048082506,,,96
6h,2020,Arctic,SON,"mean over τ∈[2, 4]",T1000,weatherdcae_14m_6yr,0.018878602871023643,,,96
6h,2020,Arctic,SON,"mean over τ∈[2, 4]",T925,weatherdcae_14m_6yr,0.02125956218579223,,,96
6h,2020,Arctic,SON,"mean over τ∈[2, 4]",T850,weatherdcae_14m_6yr,0.022316450789211194,,,96
6h,2020,Arctic,SON,"mean over τ∈[2, 4]",T700,weatherdcae_14m_6yr,0.021377027637846453,,,96
6h,2020,Arctic,SON,"mean over τ∈[2, 4]",U1000,weatherdcae_14m_6yr,0.08178225664194459,,,96
6h,2020,Arctic,SON,"mean over τ∈[2, 4]",U925,weatherdcae_14m_6yr,0.08570948527266889,,,96
6h,2020,Arctic,SON,"mean over τ∈[2, 4]",U850,weatherdcae_14m_6yr,0.0845659568816608,,,96
6h,2020,Arctic,SON,"mean over τ∈[2, 4]",U700,weatherdcae_14m_6yr,0.07572751096108324,,,96
6h,2020,Arctic,SON,"mean over τ∈[2, 4]",V1000,weatherdcae_14m_6yr,0.14093597539090008,,,96
6h,2020,Arctic,SON,"mean over τ∈[2, 4]",V925,weatherdcae_14m_6yr,0.1874498582351588,,,96
6h,2020,Arctic,SON,"mean over τ∈[2, 4]",V850,weatherdcae_14m_6yr,0.22406991556609832,,,96
6h,2020,Arctic,SON,"mean over τ∈[2, 4]",V700,weatherdcae_14m_6yr,0.2454560093607401,,,96
6h,2020,Arctic,SON,"mean over τ∈[2, 4]",Q1000,weatherdcae_14m_6yr,0.014141760764321746,,,96
6h,2020,Arctic,SON,"mean over τ∈[2, 4]",Q925,weatherdcae_14m_6yr,0.0236977974102977,,,96
6h,2020,Arctic,SON,"mean over τ∈[2, 4]",Q850,weatherdcae_14m_6yr,0.03885277087347574,,,96
6h,2020,Arctic,SON,"mean over τ∈[2, 4]",Q700,weatherdcae_14m_6yr,0.060816455770052014,,,96
6h,2020,Arctic,SON,"mean over τ∈[2, 4]",Z1000,weatherdcae_14m_6yr,0.020396671508792433,,,96
6h,2020,Arctic,SON,"mean over τ∈[2, 4]",Z925,weatherdcae_14m_6yr,0.015644695052125738,,,96
6h,2020,Arctic,SON,"mean over τ∈[2, 4]",Z850,weatherdcae_14m_6yr,0.011962505561266839,,,96
6h,2020,Arctic,SON,"mean over τ∈[2, 4]",Z700,weatherdcae_14m_6yr,0.007952884091580681,,,96
6h,2020,Arctic,SON,"mean over τ∈[2, 4]",t2m,weatherdcae_14m_6yr,0.03155964931442187,,,96
6h,2020,Arctic,SON,"mean over τ∈[2, 4]",u10,weatherdcae_14m_6yr,0.08307003428092556,,,96
6h,2020,Arctic,SON,"mean over τ∈[2, 4]",v10,weatherdcae_14m_6yr,0.14022689766084623,,,96
6h,2020,Arctic,SON,"mean over τ∈[2, 4]",mslp,weatherdcae_14m_6yr,0.021899216931875444,,,96
6h,2020,Antarctic,DJF,"mean over τ∈[2, 4]",T1000,weatherdcae_14m_6yr,0.012482543468721118,,,96
6h,2020,Antarctic,DJF,"mean over τ∈[2, 4]",T925,weatherdcae_14m_6yr,0.01572387545553567,,,96
6h,2020,Antarctic,DJF,"mean over τ∈[2, 4]",T850,weatherdcae_14m_6yr,0.01983418610962632,,,96
6h,2020,Antarctic,DJF,"mean over τ∈[2, 4]",T700,weatherdcae_14m_6yr,0.01909883681699046,,,96
6h,2020,Antarctic,DJF,"mean over τ∈[2, 4]",U1000,weatherdcae_14m_6yr,0.06363378564309233,,,96
6h,2020,Antarctic,DJF,"mean over τ∈[2, 4]",U925,weatherdcae_14m_6yr,0.06392377314498839,,,96
6h,2020,Antarctic,DJF,"mean over τ∈[2, 4]",U850,weatherdcae_14m_6yr,0.06309675802980037,,,96
6h,2020,Antarctic,DJF,"mean over τ∈[2, 4]",U700,weatherdcae_14m_6yr,0.057905644853680306,,,96
6h,2020,Antarctic,DJF,"mean over τ∈[2, 4]",V1000,weatherdcae_14m_6yr,0.10213919287043037,,,96
6h,2020,Antarctic,DJF,"mean over τ∈[2, 4]",V925,weatherdcae_14m_6yr,0.12981587648992438,,,96
6h,2020,Antarctic,DJF,"mean over τ∈[2, 4]",V850,weatherdcae_14m_6yr,0.15524432246231595,,,96
6h,2020,Antarctic,DJF,"mean over τ∈[2, 4]",V700,weatherdcae_14m_6yr,0.17809631782883814,,,96
6h,2020,Antarctic,DJF,"mean over τ∈[2, 4]",Q1000,weatherdcae_14m_6yr,0.009124050701538515,,,96
6h,2020,Antarctic,DJF,"mean over τ∈[2, 4]",Q925,weatherdcae_14m_6yr,0.017809949152946904,,,96
6h,2020,Antarctic,DJF,"mean over τ∈[2, 4]",Q850,weatherdcae_14m_6yr,0.03084487393272931,,,96
6h,2020,Antarctic,DJF,"mean over τ∈[2, 4]",Q700,weatherdcae_14m_6yr,0.05342453827480943,,,96
6h,2020,Antarctic,DJF,"mean over τ∈[2, 4]",Z1000,weatherdcae_14m_6yr,0.018848921031121953,,,96
6h,2020,Antarctic,DJF,"mean over τ∈[2, 4]",Z925,weatherdcae_14m_6yr,0.014613978269224401,,,96
6h,2020,Antarctic,DJF,"mean over τ∈[2, 4]",Z850,weatherdcae_14m_6yr,0.011271032508512134,,,96
6h,2020,Antarctic,DJF,"mean over τ∈[2, 4]",Z700,weatherdcae_14m_6yr,0.007378148926889878,,,96
6h,2020,Antarctic,DJF,"mean over τ∈[2, 4]",t2m,weatherdcae_14m_6yr,0.018465812716477653,,,96
6h,2020,Antarctic,DJF,"mean over τ∈[2, 4]",u10,weatherdcae_14m_6yr,0.07067050310378827,,,96
6h,2020,Antarctic,DJF,"mean over τ∈[2, 4]",v10,weatherdcae_14m_6yr,0.1119701447908187,,,96
6h,2020,Antarctic,DJF,"mean over τ∈[2, 4]",mslp,weatherdcae_14m_6yr,0.020894506050401933,,,96
6h,2020,Antarctic,MAM,"mean over τ∈[2, 4]",T1000,weatherdcae_14m_6yr,0.021007326069442066,,,96
6h,2020,Antarctic,MAM,"mean over τ∈[2, 4]",T925,weatherdcae_14m_6yr,0.024210433312749906,,,96
6h,2020,Antarctic,MAM,"mean over τ∈[2, 4]",T850,weatherdcae_14m_6yr,0.0274838938179298,,,96
6h,2020,Antarctic,MAM,"mean over τ∈[2, 4]",T700,weatherdcae_14m_6yr,0.027569498532771564,,,96
6h,2020,Antarctic,MAM,"mean over τ∈[2, 4]",U1000,weatherdcae_14m_6yr,0.08271113149129651,,,96
6h,2020,Antarctic,MAM,"mean over τ∈[2, 4]",U925,weatherdcae_14m_6yr,0.0859061530204743,,,96
6h,2020,Antarctic,MAM,"mean over τ∈[2, 4]",U850,weatherdcae_14m_6yr,0.08613864577706974,,,96
6h,2020,Antarctic,MAM,"mean over τ∈[2, 4]",U700,weatherdcae_14m_6yr,0.07887128627127786,,,96
6h,2020,Antarctic,MAM,"mean over τ∈[2, 4]",V1000,weatherdcae_14m_6yr,0.13056691135937917,,,96
6h,2020,Antarctic,MAM,"mean over τ∈[2, 4]",V925,weatherdcae_14m_6yr,0.17220057013767248,,,96
6h,2020,Antarctic,MAM,"mean over τ∈[2, 4]",V850,weatherdcae_14m_6yr,0.21699700621824883,,,96
6h,2020,Antarctic,MAM,"mean over τ∈[2, 4]",V700,weatherdcae_14m_6yr,0.25216227452099,,,96
6h,2020,Antarctic,MAM,"mean over τ∈[2, 4]",Q1000,weatherdcae_14m_6yr,0.0100531496265276,,,96
6h,2020,Antarctic,MAM,"mean over τ∈[2, 4]",Q925,weatherdcae_14m_6yr,0.01714146919140811,,,96
6h,2020,Antarctic,MAM,"mean over τ∈[2, 4]",Q850,weatherdcae_14m_6yr,0.032773260729629244,,,96
6h,2020,Antarctic,MAM,"mean over τ∈[2, 4]",Q700,weatherdcae_14m_6yr,0.053522816317999156,,,96
6h,2020,Antarctic,MAM,"mean over τ∈[2, 4]",Z1000,weatherdcae_14m_6yr,0.02547961871066735,,,96
6h,2020,Antarctic,MAM,"mean over τ∈[2, 4]",Z925,weatherdcae_14m_6yr,0.019205781499557668,,,96
6h,2020,Antarctic,MAM,"mean over τ∈[2, 4]",Z850,weatherdcae_14m_6yr,0.014419066272189654,,,96
6h,2020,Antarctic,MAM,"mean over τ∈[2, 4]",Z700,weatherdcae_14m_6yr,0.009166803508738433,,,96
6h,2020,Antarctic,MAM,"mean over τ∈[2, 4]",t2m,weatherdcae_14m_6yr,0.02219672419198159,,,96
6h,2020,Antarctic,MAM,"mean over τ∈[2, 4]",u10,weatherdcae_14m_6yr,0.09211025234173092,,,96
6h,2020,Antarctic,MAM,"mean over τ∈[2, 4]",v10,weatherdcae_14m_6yr,0.14324665896345412,,,96
6h,2020,Antarctic,MAM,"mean over τ∈[2, 4]",mslp,weatherdcae_14m_6yr,0.031041766651755464,,,96
6h,2020,Antarctic,JJA,"mean over τ∈[2, 4]",T1000,weatherdcae_14m_6yr,0.029091717884916053,,,96
6h,2020,Antarctic,JJA,"mean over τ∈[2, 4]",T925,weatherdcae_14m_6yr,0.031515779149572,,,96
6h,2020,Antarctic,JJA,"mean over τ∈[2, 4]",T850,weatherdcae_14m_6yr,0.03220200704712432,,,96
6h,2020,Antarctic,JJA,"mean over τ∈[2, 4]",T700,weatherdcae_14m_6yr,0.03036376619787232,,,96
6h,2020,Antarctic,JJA,"mean over τ∈[2, 4]",U1000,weatherdcae_14m_6yr,0.0954009941552329,,,96
6h,2020,Antarctic,JJA,"mean over τ∈[2, 4]",U925,weatherdcae_14m_6yr,0.09691256922465359,,,96
6h,2020,Antarctic,JJA,"mean over τ∈[2, 4]",U850,weatherdcae_14m_6yr,0.10079591769828064,,,96
6h,2020,Antarctic,JJA,"mean over τ∈[2, 4]",U700,weatherdcae_14m_6yr,0.09384090340655873,,,96
6h,2020,Antarctic,JJA,"mean over τ∈[2, 4]",V1000,weatherdcae_14m_6yr,0.1543090285874558,,,96
6h,2020,Antarctic,JJA,"mean over τ∈[2, 4]",V925,weatherdcae_14m_6yr,0.2038067879011907,,,96
6h,2020,Antarctic,JJA,"mean over τ∈[2, 4]",V850,weatherdcae_14m_6yr,0.25888113402309,,,96
6h,2020,Antarctic,JJA,"mean over τ∈[2, 4]",V700,weatherdcae_14m_6yr,0.30530263476798275,,,96
6h,2020,Antarctic,JJA,"mean over τ∈[2, 4]",Q1000,weatherdcae_14m_6yr,0.009282020012464394,,,96
6h,2020,Antarctic,JJA,"mean over τ∈[2, 4]",Q925,weatherdcae_14m_6yr,0.01576394566723351,,,96
6h,2020,Antarctic,JJA,"mean over τ∈[2, 4]",Q850,weatherdcae_14m_6yr,0.02830689937579777,,,96
6h,2020,Antarctic,JJA,"mean over τ∈[2, 4]",Q700,weatherdcae_14m_6yr,0.04347143843118952,,,96
6h,2020,Antarctic,JJA,"mean over τ∈[2, 4]",Z1000,weatherdcae_14m_6yr,0.031163346788916614,,,96
6h,2020,Antarctic,JJA,"mean over τ∈[2, 4]",Z925,weatherdcae_14m_6yr,0.023279540477221437,,,96
6h,2020,Antarctic,JJA,"mean over τ∈[2, 4]",Z850,weatherdcae_14m_6yr,0.017543665112229472,,,96
6h,2020,Antarctic,JJA,"mean over τ∈[2, 4]",Z700,weatherdcae_14m_6yr,0.011248369579978526,,,96
6h,2020,Antarctic,JJA,"mean over τ∈[2, 4]",t2m,weatherdcae_14m_6yr,0.025896362935843447,,,96
6h,2020,Antarctic,JJA,"mean over τ∈[2, 4]",u10,weatherdcae_14m_6yr,0.10529597498942364,,,96
6h,2020,Antarctic,JJA,"mean over τ∈[2, 4]",v10,weatherdcae_14m_6yr,0.1672206877149373,,,96
6h,2020,Antarctic,JJA,"mean over τ∈[2, 4]",mslp,weatherdcae_14m_6yr,0.03856145340025849,,,96
6h,2020,Antarctic,SON,"mean over τ∈[2, 4]",T1000,weatherdcae_14m_6yr,0.02200741927468201,,,96
6h,2020,Antarctic,SON,"mean over τ∈[2, 4]",T925,weatherdcae_14m_6yr,0.0246411776838231,,,96
6h,2020,Antarctic,SON,"mean over τ∈[2, 4]",T850,weatherdcae_14m_6yr,0.02703415727825971,,,96
6h,2020,Antarctic,SON,"mean over τ∈[2, 4]",T700,weatherdcae_14m_6yr,0.025135809152364276,,,96
6h,2020,Antarctic,SON,"mean over τ∈[2, 4]",U1000,weatherdcae_14m_6yr,0.08297115760133919,,,96
6h,2020,Antarctic,SON,"mean over τ∈[2, 4]",U925,weatherdcae_14m_6yr,0.08509540490349166,,,96
6h,2020,Antarctic,SON,"mean over τ∈[2, 4]",U850,weatherdcae_14m_6yr,0.08637355682555381,,,96
6h,2020,Antarctic,SON,"mean over τ∈[2, 4]",U700,weatherdcae_14m_6yr,0.07789583410061195,,,96
6h,2020,Antarctic,SON,"mean over τ∈[2, 4]",V1000,weatherdcae_14m_6yr,0.13070597311771842,,,96
6h,2020,Antarctic,SON,"mean over τ∈[2, 4]",V925,weatherdcae_14m_6yr,0.17140765868252572,,,96
6h,2020,Antarctic,SON,"mean over τ∈[2, 4]",V850,weatherdcae_14m_6yr,0.2178502585695555,,,96
6h,2020,Antarctic,SON,"mean over τ∈[2, 4]",V700,weatherdcae_14m_6yr,0.2453026799508761,,,96
6h,2020,Antarctic,SON,"mean over τ∈[2, 4]",Q1000,weatherdcae_14m_6yr,0.009038053117951542,,,96
6h,2020,Antarctic,SON,"mean over τ∈[2, 4]",Q925,weatherdcae_14m_6yr,0.015276057344160163,,,96
6h,2020,Antarctic,SON,"mean over τ∈[2, 4]",Q850,weatherdcae_14m_6yr,0.027295731064477313,,,96
6h,2020,Antarctic,SON,"mean over τ∈[2, 4]",Q700,weatherdcae_14m_6yr,0.04291571542084849,,,96
6h,2020,Antarctic,SON,"mean over τ∈[2, 4]",Z1000,weatherdcae_14m_6yr,0.027287966230949926,,,96
6h,2020,Antarctic,SON,"mean over τ∈[2, 4]",Z925,weatherdcae_14m_6yr,0.020826057805468576,,,96
6h,2020,Antarctic,SON,"mean over τ∈[2, 4]",Z850,weatherdcae_14m_6yr,0.01587578589896935,,,96
6h,2020,Antarctic,SON,"mean over τ∈[2, 4]",Z700,weatherdcae_14m_6yr,0.010213502937831815,,,96
6h,2020,Antarctic,SON,"mean over τ∈[2, 4]",t2m,weatherdcae_14m_6yr,0.024108601815666948,,,96
6h,2020,Antarctic,SON,"mean over τ∈[2, 4]",u10,weatherdcae_14m_6yr,0.09256783530945006,,,96
6h,2020,Antarctic,SON,"mean over τ∈[2, 4]",v10,weatherdcae_14m_6yr,0.1437129296493129,,,96
6h,2020,Antarctic,SON,"mean over τ∈[2, 4]",mslp,weatherdcae_14m_6yr,0.032724892650673514,,,96
6h,2020,North_Atlantic,DJF,"mean over τ∈[2, 4]",T1000,weatherdcae_14m_6yr,0.020441122423646544,,,96
6h,2020,North_Atlantic,DJF,"mean over τ∈[2, 4]",T925,weatherdcae_14m_6yr,0.025201863647488033,,,96
6h,2020,North_Atlantic,DJF,"mean over τ∈[2, 4]",T850,weatherdcae_14m_6yr,0.03331103277033478,,,96
6h,2020,North_Atlantic,DJF,"mean over τ∈[2, 4]",T700,weatherdcae_14m_6yr,0.03308845019791096,,,96
6h,2020,North_Atlantic,DJF,"mean over τ∈[2, 4]",U1000,weatherdcae_14m_6yr,0.12243462879145008,,,96
6h,2020,North_Atlantic,DJF,"mean over τ∈[2, 4]",U925,weatherdcae_14m_6yr,0.11591848239075854,,,96
6h,2020,North_Atlantic,DJF,"mean over τ∈[2, 4]",U850,weatherdcae_14m_6yr,0.123472449402454,,,96
6h,2020,North_Atlantic,DJF,"mean over τ∈[2, 4]",U700,weatherdcae_14m_6yr,0.11483364575979908,,,96
6h,2020,North_Atlantic,DJF,"mean over τ∈[2, 4]",V1000,weatherdcae_14m_6yr,0.21289220711465787,,,96
6h,2020,North_Atlantic,DJF,"mean over τ∈[2, 4]",V925,weatherdcae_14m_6yr,0.2561385136417004,,,96
6h,2020,North_Atlantic,DJF,"mean over τ∈[2, 4]",V850,weatherdcae_14m_6yr,0.32837678883850296,,,96
6h,2020,North_Atlantic,DJF,"mean over τ∈[2, 4]",V700,weatherdcae_14m_6yr,0.3758318377906232,,,96
6h,2020,North_Atlantic,DJF,"mean over τ∈[2, 4]",Q1000,weatherdcae_14m_6yr,0.030328002633620094,,,96
6h,2020,North_Atlantic,DJF,"mean over τ∈[2, 4]",Q925,weatherdcae_14m_6yr,0.060208703550943425,,,96
6h,2020,North_Atlantic,DJF,"mean over τ∈[2, 4]",Q850,weatherdcae_14m_6yr,0.10060012045246994,,,96
6h,2020,North_Atlantic,DJF,"mean over τ∈[2, 4]",Q700,weatherdcae_14m_6yr,0.130788272381071,,,96
6h,2020,North_Atlantic,DJF,"mean over τ∈[2, 4]",Z1000,weatherdcae_14m_6yr,0.026827267611915125,,,96
6h,2020,North_Atlantic,DJF,"mean over τ∈[2, 4]",Z925,weatherdcae_14m_6yr,0.02141818026141752,,,96
6h,2020,North_Atlantic,DJF,"mean over τ∈[2, 4]",Z850,weatherdcae_14m_6yr,0.016928432689097512,,,96
6h,2020,North_Atlantic,DJF,"mean over τ∈[2, 4]",Z700,weatherdcae_14m_6yr,0.011667155759817093,,,96
6h,2020,North_Atlantic,DJF,"mean over τ∈[2, 4]",t2m,weatherdcae_14m_6yr,0.023174943721654667,,,96
6h,2020,North_Atlantic,DJF,"mean over τ∈[2, 4]",u10,weatherdcae_14m_6yr,0.11900663320224286,,,96
6h,2020,North_Atlantic,DJF,"mean over τ∈[2, 4]",v10,weatherdcae_14m_6yr,0.20141092900875754,,,96
6h,2020,North_Atlantic,DJF,"mean over τ∈[2, 4]",mslp,weatherdcae_14m_6yr,0.027798531485881357,,,96
6h,2020,North_Atlantic,MAM,"mean over τ∈[2, 4]",T1000,weatherdcae_14m_6yr,0.02030665947734312,,,96
6h,2020,North_Atlantic,MAM,"mean over τ∈[2, 4]",T925,weatherdcae_14m_6yr,0.023808751129222486,,,96
6h,2020,North_Atlantic,MAM,"mean over τ∈[2, 4]",T850,weatherdcae_14m_6yr,0.028611970636580865,,,96
6h,2020,North_Atlantic,MAM,"mean over τ∈[2, 4]",T700,weatherdcae_14m_6yr,0.027385071866628374,,,96
6h,2020,North_Atlantic,MAM,"mean over τ∈[2, 4]",U1000,weatherdcae_14m_6yr,0.11554421242325821,,,96
6h,2020,North_Atlantic,MAM,"mean over τ∈[2, 4]",U925,weatherdcae_14m_6yr,0.10611794508743055,,,96
6h,2020,North_Atlantic,MAM,"mean over τ∈[2, 4]",U850,weatherdcae_14m_6yr,0.11121329505306128,,,96
6h,2020,North_Atlantic,MAM,"mean over τ∈[2, 4]",U700,weatherdcae_14m_6yr,0.10206157967140966,,,96
6h,2020,North_Atlantic,MAM,"mean over τ∈[2, 4]",V1000,weatherdcae_14m_6yr,0.2006111902919873,,,96
6h,2020,North_Atlantic,MAM,"mean over τ∈[2, 4]",V925,weatherdcae_14m_6yr,0.23243363242837697,,,96
6h,2020,North_Atlantic,MAM,"mean over τ∈[2, 4]",V850,weatherdcae_14m_6yr,0.2891917747779914,,,96
6h,2020,North_Atlantic,MAM,"mean over τ∈[2, 4]",V700,weatherdcae_14m_6yr,0.32505269564029254,,,96
6h,2020,North_Atlantic,MAM,"mean over τ∈[2, 4]",Q1000,weatherdcae_14m_6yr,0.03024208314970134,,,96
6h,2020,North_Atlantic,MAM,"mean over τ∈[2, 4]",Q925,weatherdcae_14m_6yr,0.0633049701607161,,,96
6h,2020,North_Atlantic,MAM,"mean over τ∈[2, 4]",Q850,weatherdcae_14m_6yr,0.09896013105550559,,,96
6h,2020,North_Atlantic,MAM,"mean over τ∈[2, 4]",Q700,weatherdcae_14m_6yr,0.12506193367340673,,,96
6h,2020,North_Atlantic,MAM,"mean over τ∈[2, 4]",Z1000,weatherdcae_14m_6yr,0.022207718841741587,,,96
6h,2020,North_Atlantic,MAM,"mean over τ∈[2, 4]",Z925,weatherdcae_14m_6yr,0.01754516477445938,,,96
6h,2020,North_Atlantic,MAM,"mean over τ∈[2, 4]",Z850,weatherdcae_14m_6yr,0.013758839884592351,,,96
6h,2020,North_Atlantic,MAM,"mean over τ∈[2, 4]",Z700,weatherdcae_14m_6yr,0.009368641116491834,,,96
6h,2020,North_Atlantic,MAM,"mean over τ∈[2, 4]",t2m,weatherdcae_14m_6yr,0.023552375202121077,,,96
6h,2020,North_Atlantic,MAM,"mean over τ∈[2, 4]",u10,weatherdcae_14m_6yr,0.10803024591904017,,,96
6h,2020,North_Atlantic,MAM,"mean over τ∈[2, 4]",v10,weatherdcae_14m_6yr,0.1835001583188042,,,96
6h,2020,North_Atlantic,MAM,"mean over τ∈[2, 4]",mslp,weatherdcae_14m_6yr,0.022724154906576557,,,96
6h,2020,North_Atlantic,JJA,"mean over τ∈[2, 4]",T1000,weatherdcae_14m_6yr,0.019231412713437174,,,96
6h,2020,North_Atlantic,JJA,"mean over τ∈[2, 4]",T925,weatherdcae_14m_6yr,0.0236172291582461,,,96
6h,2020,North_Atlantic,JJA,"mean over τ∈[2, 4]",T850,weatherdcae_14m_6yr,0.02084788806729759,,,96
6h,2020,North_Atlantic,JJA,"mean over τ∈[2, 4]",T700,weatherdcae_14m_6yr,0.019684718013617576,,,96
6h,2020,North_Atlantic,JJA,"mean over τ∈[2, 4]",U1000,weatherdcae_14m_6yr,0.0890366005235372,,,96
6h,2020,North_Atlantic,JJA,"mean over τ∈[2, 4]",U925,weatherdcae_14m_6yr,0.08367381187522226,,,96
6h,2020,North_Atlantic,JJA,"mean over τ∈[2, 4]",U850,weatherdcae_14m_6yr,0.08062869419199814,,,96
6h,2020,North_Atlantic,JJA,"mean over τ∈[2, 4]",U700,weatherdcae_14m_6yr,0.07044884863684758,,,96
6h,2020,North_Atlantic,JJA,"mean over τ∈[2, 4]",V1000,weatherdcae_14m_6yr,0.15683952229119466,,,96
6h,2020,North_Atlantic,JJA,"mean over τ∈[2, 4]",V925,weatherdcae_14m_6yr,0.18470300019693464,,,96
6h,2020,North_Atlantic,JJA,"mean over τ∈[2, 4]",V850,weatherdcae_14m_6yr,0.21421621906741853,,,96
6h,2020,North_Atlantic,JJA,"mean over τ∈[2, 4]",V700,weatherdcae_14m_6yr,0.22734595965907067,,,96
6h,2020,North_Atlantic,JJA,"mean over τ∈[2, 4]",Q1000,weatherdcae_14m_6yr,0.03237655571501554,,,96
6h,2020,North_Atlantic,JJA,"mean over τ∈[2, 4]",Q925,weatherdcae_14m_6yr,0.07412339827397149,,,96
6h,2020,North_Atlantic,JJA,"mean over τ∈[2, 4]",Q850,weatherdcae_14m_6yr,0.09543177562646184,,,96
6h,2020,North_Atlantic,JJA,"mean over τ∈[2, 4]",Q700,weatherdcae_14m_6yr,0.13233573877064603,,,96
6h,2020,North_Atlantic,JJA,"mean over τ∈[2, 4]",Z1000,weatherdcae_14m_6yr,0.018354178555322485,,,96
6h,2020,North_Atlantic,JJA,"mean over τ∈[2, 4]",Z925,weatherdcae_14m_6yr,0.014471266123681768,,,96
6h,2020,North_Atlantic,JJA,"mean over τ∈[2, 4]",Z850,weatherdcae_14m_6yr,0.011344811973250544,,,96
6h,2020,North_Atlantic,JJA,"mean over τ∈[2, 4]",Z700,weatherdcae_14m_6yr,0.007698215759230329,,,96
6h,2020,North_Atlantic,JJA,"mean over τ∈[2, 4]",t2m,weatherdcae_14m_6yr,0.023504265112028015,,,96
6h,2020,North_Atlantic,JJA,"mean over τ∈[2, 4]",u10,weatherdcae_14m_6yr,0.08433233358404132,,,96
6h,2020,North_Atlantic,JJA,"mean over τ∈[2, 4]",v10,weatherdcae_14m_6yr,0.14575916214680731,,,96
6h,2020,North_Atlantic,JJA,"mean over τ∈[2, 4]",mslp,weatherdcae_14m_6yr,0.01819335342210644,,,96
6h,2020,North_Atlantic,SON,"mean over τ∈[2, 4]",T1000,weatherdcae_14m_6yr,0.01914083165207789,,,96
6h,2020,North_Atlantic,SON,"mean over τ∈[2, 4]",T925,weatherdcae_14m_6yr,0.022602896514709286,,,96
6h,2020,North_Atlantic,SON,"mean over τ∈[2, 4]",T850,weatherdcae_14m_6yr,0.027810016491032895,,,96
6h,2020,North_Atlantic,SON,"mean over τ∈[2, 4]",T700,weatherdcae_14m_6yr,0.028055864673713567,,,96
6h,2020,North_Atlantic,SON,"mean over τ∈[2, 4]",U1000,weatherdcae_14m_6yr,0.1051807401085655,,,96
6h,2020,North_Atlantic,SON,"mean over τ∈[2, 4]",U925,weatherdcae_14m_6yr,0.09967185842057906,,,96
6h,2020,North_Atlantic,SON,"mean over τ∈[2, 4]",U850,weatherdcae_14m_6yr,0.10518959137412631,,,96
6h,2020,North_Atlantic,SON,"mean over τ∈[2, 4]",U700,weatherdcae_14m_6yr,0.09454594148745768,,,96
6h,2020,North_Atlantic,SON,"mean over τ∈[2, 4]",V1000,weatherdcae_14m_6yr,0.18735099318253406,,,96
6h,2020,North_Atlantic,SON,"mean over τ∈[2, 4]",V925,weatherdcae_14m_6yr,0.23055702390596775,,,96
6h,2020,North_Atlantic,SON,"mean over τ∈[2, 4]",V850,weatherdcae_14m_6yr,0.28286520183037067,,,96
6h,2020,North_Atlantic,SON,"mean over τ∈[2, 4]",V700,weatherdcae_14m_6yr,0.3088124282930305,,,96
6h,2020,North_Atlantic,SON,"mean over τ∈[2, 4]",Q1000,weatherdcae_14m_6yr,0.03290451635374809,,,96
6h,2020,North_Atlantic,SON,"mean over τ∈[2, 4]",Q925,weatherdcae_14m_6yr,0.06669280544732836,,,96
6h,2020,North_Atlantic,SON,"mean over τ∈[2, 4]",Q850,weatherdcae_14m_6yr,0.10816600969712037,,,96
6h,2020,North_Atlantic,SON,"mean over τ∈[2, 4]",Q700,weatherdcae_14m_6yr,0.14937467084379355,,,96
6h,2020,North_Atlantic,SON,"mean over τ∈[2, 4]",Z1000,weatherdcae_14m_6yr,0.023727866469559034,,,96
6h,2020,North_Atlantic,SON,"mean over τ∈[2, 4]",Z925,weatherdcae_14m_6yr,0.01884812916597075,,,96
6h,2020,North_Atlantic,SON,"mean over τ∈[2, 4]",Z850,weatherdcae_14m_6yr,0.014850744817073512,,,96
6h,2020,North_Atlantic,SON,"mean over τ∈[2, 4]",Z700,weatherdcae_14m_6yr,0.009907425728716,,,96
6h,2020,North_Atlantic,SON,"mean over τ∈[2, 4]",t2m,weatherdcae_14m_6yr,0.022472837854599477,,,96
6h,2020,North_Atlantic,SON,"mean over τ∈[2, 4]",u10,weatherdcae_14m_6yr,0.10205416827288746,,,96
6h,2020,North_Atlantic,SON,"mean over τ∈[2, 4]",v10,weatherdcae_14m_6yr,0.17734639509393135,,,96
6h,2020,North_Atlantic,SON,"mean over τ∈[2, 4]",mslp,weatherdcae_14m_6yr,0.023536161608120797,,,96
6h,2020,West_Pacific,DJF,"mean over τ∈[2, 4]",T1000,weatherdcae_14m_6yr,0.016655387432092446,,,96
6h,2020,West_Pacific,DJF,"mean over τ∈[2, 4]",T925,weatherdcae_14m_6yr,0.01835103911369736,,,96
6h,2020,West_Pacific,DJF,"mean over τ∈[2, 4]",T850,weatherdcae_14m_6yr,0.027588161421506302,,,96
6h,2020,West_Pacific,DJF,"mean over τ∈[2, 4]",T700,weatherdcae_14m_6yr,0.027943585003939703,,,96
6h,2020,West_Pacific,DJF,"mean over τ∈[2, 4]",U1000,weatherdcae_14m_6yr,0.11185520381298993,,,96
6h,2020,West_Pacific,DJF,"mean over τ∈[2, 4]",U925,weatherdcae_14m_6yr,0.10091273974494631,,,96
6h,2020,West_Pacific,DJF,"mean over τ∈[2, 4]",U850,weatherdcae_14m_6yr,0.11163972012663888,,,96
6h,2020,West_Pacific,DJF,"mean over τ∈[2, 4]",U700,weatherdcae_14m_6yr,0.11023148867199153,,,96
6h,2020,West_Pacific,DJF,"mean over τ∈[2, 4]",V1000,weatherdcae_14m_6yr,0.19389102746471396,,,96
6h,2020,West_Pacific,DJF,"mean over τ∈[2, 4]",V925,weatherdcae_14m_6yr,0.22227006734704643,,,96
6h,2020,West_Pacific,DJF,"mean over τ∈[2, 4]",V850,weatherdcae_14m_6yr,0.30172621421122703,,,96
6h,2020,West_Pacific,DJF,"mean over τ∈[2, 4]",V700,weatherdcae_14m_6yr,0.3444163459928591,,,96
6h,2020,West_Pacific,DJF,"mean over τ∈[2, 4]",Q1000,weatherdcae_14m_6yr,0.03090651453327384,,,96
6h,2020,West_Pacific,DJF,"mean over τ∈[2, 4]",Q925,weatherdcae_14m_6yr,0.06813951529043148,,,96
6h,2020,West_Pacific,DJF,"mean over τ∈[2, 4]",Q850,weatherdcae_14m_6yr,0.12026097245609685,,,96
6h,2020,West_Pacific,DJF,"mean over τ∈[2, 4]",Q700,weatherdcae_14m_6yr,0.12734632188550155,,,96
6h,2020,West_Pacific,DJF,"mean over τ∈[2, 4]",Z1000,weatherdcae_14m_6yr,0.025285487734905396,,,96
6h,2020,West_Pacific,DJF,"mean over τ∈[2, 4]",Z925,weatherdcae_14m_6yr,0.020242157592125755,,,96
6h,2020,West_Pacific,DJF,"mean over τ∈[2, 4]",Z850,weatherdcae_14m_6yr,0.01593583323807852,,,96
6h,2020,West_Pacific,DJF,"mean over τ∈[2, 4]",Z700,weatherdcae_14m_6yr,0.010700691796862158,,,96
6h,2020,West_Pacific,DJF,"mean over τ∈[2, 4]",t2m,weatherdcae_14m_6yr,0.020054579422182847,,,96
6h,2020,West_Pacific,DJF,"mean over τ∈[2, 4]",u10,weatherdcae_14m_6yr,0.10893719813022112,,,96
6h,2020,West_Pacific,DJF,"mean over τ∈[2, 4]",v10,weatherdcae_14m_6yr,0.18641989140625864,,,96
6h,2020,West_Pacific,DJF,"mean over τ∈[2, 4]",mslp,weatherdcae_14m_6yr,0.025095563684356264,,,96
6h,2020,West_Pacific,MAM,"mean over τ∈[2, 4]",T1000,weatherdcae_14m_6yr,0.015856136144385052,,,96
6h,2020,West_Pacific,MAM,"mean over τ∈[2, 4]",T925,weatherdcae_14m_6yr,0.020209090531790767,,,96
6h,2020,West_Pacific,MAM,"mean over τ∈[2, 4]",T850,weatherdcae_14m_6yr,0.024936377492808748,,,96
6h,2020,West_Pacific,MAM,"mean over τ∈[2, 4]",T700,weatherdcae_14m_6yr,0.023835971849568174,,,96
6h,2020,West_Pacific,MAM,"mean over τ∈[2, 4]",U1000,weatherdcae_14m_6yr,0.10095907194865693,,,96
6h,2020,West_Pacific,MAM,"mean over τ∈[2, 4]",U925,weatherdcae_14m_6yr,0.08910436886128412,,,96
6h,2020,West_Pacific,MAM,"mean over τ∈[2, 4]",U850,weatherdcae_14m_6yr,0.09402413333513969,,,96
6h,2020,West_Pacific,MAM,"mean over τ∈[2, 4]",U700,weatherdcae_14m_6yr,0.08952470044385163,,,96
6h,2020,West_Pacific,MAM,"mean over τ∈[2, 4]",V1000,weatherdcae_14m_6yr,0.17581596037329153,,,96
6h,2020,West_Pacific,MAM,"mean over τ∈[2, 4]",V925,weatherdcae_14m_6yr,0.19483301309983017,,,96
6h,2020,West_Pacific,MAM,"mean over τ∈[2, 4]",V850,weatherdcae_14m_6yr,0.24834827753980193,,,96
6h,2020,West_Pacific,MAM,"mean over τ∈[2, 4]",V700,weatherdcae_14m_6yr,0.2832640515210596,,,96
6h,2020,West_Pacific,MAM,"mean over τ∈[2, 4]",Q1000,weatherdcae_14m_6yr,0.02828404959522637,,,96
6h,2020,West_Pacific,MAM,"mean over τ∈[2, 4]",Q925,weatherdcae_14m_6yr,0.07640557837060553,,,96
6h,2020,West_Pacific,MAM,"mean over τ∈[2, 4]",Q850,weatherdcae_14m_6yr,0.11351713121442197,,,96
6h,2020,West_Pacific,MAM,"mean over τ∈[2, 4]",Q700,weatherdcae_14m_6yr,0.1286227229610523,,,96
6h,2020,West_Pacific,MAM,"mean over τ∈[2, 4]",Z1000,weatherdcae_14m_6yr,0.022876077993806147,,,96
6h,2020,West_Pacific,MAM,"mean over τ∈[2, 4]",Z925,weatherdcae_14m_6yr,0.01834365112222483,,,96
6h,2020,West_Pacific,MAM,"mean over τ∈[2, 4]",Z850,weatherdcae_14m_6yr,0.014439401578104765,,,96
6h,2020,West_Pacific,MAM,"mean over τ∈[2, 4]",Z700,weatherdcae_14m_6yr,0.009689941760119721,,,96
6h,2020,West_Pacific,MAM,"mean over τ∈[2, 4]",t2m,weatherdcae_14m_6yr,0.017430700353587042,,,96
6h,2020,West_Pacific,MAM,"mean over τ∈[2, 4]",u10,weatherdcae_14m_6yr,0.09404957148836815,,,96
6h,2020,West_Pacific,MAM,"mean over τ∈[2, 4]",v10,weatherdcae_14m_6yr,0.1636374729062479,,,96
6h,2020,West_Pacific,MAM,"mean over τ∈[2, 4]",mslp,weatherdcae_14m_6yr,0.0226500617091506,,,96
6h,2020,West_Pacific,JJA,"mean over τ∈[2, 4]",T1000,weatherdcae_14m_6yr,0.015918767266992095,,,96
6h,2020,West_Pacific,JJA,"mean over τ∈[2, 4]",T925,weatherdcae_14m_6yr,0.017718480430197518,,,96
6h,2020,West_Pacific,JJA,"mean over τ∈[2, 4]",T850,weatherdcae_14m_6yr,0.017146185967193,,,96
6h,2020,West_Pacific,JJA,"mean over τ∈[2, 4]",T700,weatherdcae_14m_6yr,0.01776718717346054,,,96
6h,2020,West_Pacific,JJA,"mean over τ∈[2, 4]",U1000,weatherdcae_14m_6yr,0.0832184271518729,,,96
6h,2020,West_Pacific,JJA,"mean over τ∈[2, 4]",U925,weatherdcae_14m_6yr,0.0719061407745933,,,96
6h,2020,West_Pacific,JJA,"mean over τ∈[2, 4]",U850,weatherdcae_14m_6yr,0.07121688338279536,,,96
6h,2020,West_Pacific,JJA,"mean over τ∈[2, 4]",U700,weatherdcae_14m_6yr,0.06602719582215731,,,96
6h,2020,West_Pacific,JJA,"mean over τ∈[2, 4]",V1000,weatherdcae_14m_6yr,0.14228853073969863,,,96
6h,2020,West_Pacific,JJA,"mean over τ∈[2, 4]",V925,weatherdcae_14m_6yr,0.1539735947536485,,,96
6h,2020,West_Pacific,JJA,"mean over τ∈[2, 4]",V850,weatherdcae_14m_6yr,0.1845912424251552,,,96
6h,2020,West_Pacific,JJA,"mean over τ∈[2, 4]",V700,weatherdcae_14m_6yr,0.2149979762548937,,,96
6h,2020,West_Pacific,JJA,"mean over τ∈[2, 4]",Q1000,weatherdcae_14m_6yr,0.02746629889499534,,,96
6h,2020,West_Pacific,JJA,"mean over τ∈[2, 4]",Q925,weatherdcae_14m_6yr,0.07619902192496858,,,96
6h,2020,West_Pacific,JJA,"mean over τ∈[2, 4]",Q850,weatherdcae_14m_6yr,0.09644904751375433,,,96
6h,2020,West_Pacific,JJA,"mean over τ∈[2, 4]",Q700,weatherdcae_14m_6yr,0.14092829712532076,,,96
6h,2020,West_Pacific,JJA,"mean over τ∈[2, 4]",Z1000,weatherdcae_14m_6yr,0.019838141071452417,,,96
6h,2020,West_Pacific,JJA,"mean over τ∈[2, 4]",Z925,weatherdcae_14m_6yr,0.015870521582563236,,,96
6h,2020,West_Pacific,JJA,"mean over τ∈[2, 4]",Z850,weatherdcae_14m_6yr,0.0124604438264529,,,96
6h,2020,West_Pacific,JJA,"mean over τ∈[2, 4]",Z700,weatherdcae_14m_6yr,0.008377952044758425,,,96
6h,2020,West_Pacific,JJA,"mean over τ∈[2, 4]",t2m,weatherdcae_14m_6yr,0.016965643900684536,,,96
6h,2020,West_Pacific,JJA,"mean over τ∈[2, 4]",u10,weatherdcae_14m_6yr,0.07983550941301683,,,96
6h,2020,West_Pacific,JJA,"mean over τ∈[2, 4]",v10,weatherdcae_14m_6yr,0.13852633793572736,,,96
6h,2020,West_Pacific,JJA,"mean over τ∈[2, 4]",mslp,weatherdcae_14m_6yr,0.019010214167886865,,,96
6h,2020,West_Pacific,SON,"mean over τ∈[2, 4]",T1000,weatherdcae_14m_6yr,0.0171321174245904,,,96
6h,2020,West_Pacific,SON,"mean over τ∈[2, 4]",T925,weatherdcae_14m_6yr,0.01737042800754477,,,96
6h,2020,West_Pacific,SON,"mean over τ∈[2, 4]",T850,weatherdcae_14m_6yr,0.022650396354978026,,,96
6h,2020,West_Pacific,SON,"mean over τ∈[2, 4]",T700,weatherdcae_14m_6yr,0.021460534505309097,,,96
6h,2020,West_Pacific,SON,"mean over τ∈[2, 4]",U1000,weatherdcae_14m_6yr,0.09443587057683576,,,96
6h,2020,West_Pacific,SON,"mean over τ∈[2, 4]",U925,weatherdcae_14m_6yr,0.08017127844458004,,,96
6h,2020,West_Pacific,SON,"mean over τ∈[2, 4]",U850,weatherdcae_14m_6yr,0.08519820556607353,,,96
6h,2020,West_Pacific,SON,"mean over τ∈[2, 4]",U700,weatherdcae_14m_6yr,0.08039991574082687,,,96
6h,2020,West_Pacific,SON,"mean over τ∈[2, 4]",V1000,weatherdcae_14m_6yr,0.16676490477046185,,,96
6h,2020,West_Pacific,SON,"mean over τ∈[2, 4]",V925,weatherdcae_14m_6yr,0.1778263671190472,,,96
6h,2020,West_Pacific,SON,"mean over τ∈[2, 4]",V850,weatherdcae_14m_6yr,0.22831574361974777,,,96
6h,2020,West_Pacific,SON,"mean over τ∈[2, 4]",V700,weatherdcae_14m_6yr,0.2627206879703861,,,96
6h,2020,West_Pacific,SON,"mean over τ∈[2, 4]",Q1000,weatherdcae_14m_6yr,0.031143665358742304,,,96
6h,2020,West_Pacific,SON,"mean over τ∈[2, 4]",Q925,weatherdcae_14m_6yr,0.07520416186599858,,,96
6h,2020,West_Pacific,SON,"mean over τ∈[2, 4]",Q850,weatherdcae_14m_6yr,0.10841106395492112,,,96
6h,2020,West_Pacific,SON,"mean over τ∈[2, 4]",Q700,weatherdcae_14m_6yr,0.14260891822436192,,,96
6h,2020,West_Pacific,SON,"mean over τ∈[2, 4]",Z1000,weatherdcae_14m_6yr,0.02184972707818223,,,96
6h,2020,West_Pacific,SON,"mean over τ∈[2, 4]",Z925,weatherdcae_14m_6yr,0.017452624004947456,,,96
6h,2020,West_Pacific,SON,"mean over τ∈[2, 4]",Z850,weatherdcae_14m_6yr,0.01372207674853189,,,96
6h,2020,West_Pacific,SON,"mean over τ∈[2, 4]",Z700,weatherdcae_14m_6yr,0.009212452837472115,,,96
6h,2020,West_Pacific,SON,"mean over τ∈[2, 4]",t2m,weatherdcae_14m_6yr,0.02034091820541655,,,96
6h,2020,West_Pacific,SON,"mean over τ∈[2, 4]",u10,weatherdcae_14m_6yr,0.09069326793786466,,,96
6h,2020,West_Pacific,SON,"mean over τ∈[2, 4]",v10,weatherdcae_14m_6yr,0.16051802003541107,,,96
6h,2020,West_Pacific,SON,"mean over τ∈[2, 4]",mslp,weatherdcae_14m_6yr,0.021165469800821478,,,96
6h,2020,Land,DJF,"mean over τ∈[2, 4]",T1000,weatherdcae_14m_6yr,0.018326800569763612,,,96
6h,2020,Land,DJF,"mean over τ∈[2, 4]",T925,weatherdcae_14m_6yr,0.022208525149741844,,,96
6h,2020,Land,DJF,"mean over τ∈[2, 4]",T850,weatherdcae_14m_6yr,0.026777648316228166,,,96
6h,2020,Land,DJF,"mean over τ∈[2, 4]",T700,weatherdcae_14m_6yr,0.02278391627074572,,,96
6h,2020,Land,DJF,"mean over τ∈[2, 4]",U1000,weatherdcae_14m_6yr,0.07775498621812527,,,96
6h,2020,Land,DJF,"mean over τ∈[2, 4]",U925,weatherdcae_14m_6yr,0.0761428772017196,,,96
6h,2020,Land,DJF,"mean over τ∈[2, 4]",U850,weatherdcae_14m_6yr,0.08005410829838862,,,96
6h,2020,Land,DJF,"mean over τ∈[2, 4]",U700,weatherdcae_14m_6yr,0.07134379318802524,,,96
6h,2020,Land,DJF,"mean over τ∈[2, 4]",V1000,weatherdcae_14m_6yr,0.13354564679046113,,,96
6h,2020,Land,DJF,"mean over τ∈[2, 4]",V925,weatherdcae_14m_6yr,0.16647207304483908,,,96
6h,2020,Land,DJF,"mean over τ∈[2, 4]",V850,weatherdcae_14m_6yr,0.21224532992339415,,,96
6h,2020,Land,DJF,"mean over τ∈[2, 4]",V700,weatherdcae_14m_6yr,0.23166945692410035,,,96
6h,2020,Land,DJF,"mean over τ∈[2, 4]",Q1000,weatherdcae_14m_6yr,0.031774363654859986,,,96
6h,2020,Land,DJF,"mean over τ∈[2, 4]",Q925,weatherdcae_14m_6yr,0.055646707937079036,,,96
6h,2020,Land,DJF,"mean over τ∈[2, 4]",Q850,weatherdcae_14m_6yr,0.0879947024326853,,,96
6h,2020,Land,DJF,"mean over τ∈[2, 4]",Q700,weatherdcae_14m_6yr,0.11191910183789942,,,96
6h,2020,Land,DJF,"mean over τ∈[2, 4]",Z1000,weatherdcae_14m_6yr,0.02171918220773251,,,96
6h,2020,Land,DJF,"mean over τ∈[2, 4]",Z925,weatherdcae_14m_6yr,0.0172016396263719,,,96
6h,2020,Land,DJF,"mean over τ∈[2, 4]",Z850,weatherdcae_14m_6yr,0.013438998963635884,,,96
6h,2020,Land,DJF,"mean over τ∈[2, 4]",Z700,weatherdcae_14m_6yr,0.008979723823576284,,,96
6h,2020,Land,DJF,"mean over τ∈[2, 4]",t2m,weatherdcae_14m_6yr,0.024915614196484893,,,96
6h,2020,Land,DJF,"mean over τ∈[2, 4]",u10,weatherdcae_14m_6yr,0.07872658438627006,,,96
6h,2020,Land,DJF,"mean over τ∈[2, 4]",v10,weatherdcae_14m_6yr,0.13413918229172717,,,96
6h,2020,Land,DJF,"mean over τ∈[2, 4]",mslp,weatherdcae_14m_6yr,0.021978819892410954,,,96
6h,2020,Land,MAM,"mean over τ∈[2, 4]",T1000,weatherdcae_14m_6yr,0.019331131465439435,,,96
6h,2020,Land,MAM,"mean over τ∈[2, 4]",T925,weatherdcae_14m_6yr,0.0229397317772633,,,96
6h,2020,Land,MAM,"mean over τ∈[2, 4]",T850,weatherdcae_14m_6yr,0.027852444160880098,,,96
6h,2020,Land,MAM,"mean over τ∈[2, 4]",T700,weatherdcae_14m_6yr,0.025287417747906084,,,96
6h,2020,Land,MAM,"mean over τ∈[2, 4]",U1000,weatherdcae_14m_6yr,0.08606836319704987,,,96
6h,2020,Land,MAM,"mean over τ∈[2, 4]",U925,weatherdcae_14m_6yr,0.0853487986058296,,,96
6h,2020,Land,MAM,"mean over τ∈[2, 4]",U850,weatherdcae_14m_6yr,0.08839610594994614,,,96
6h,2020,Land,MAM,"mean over τ∈[2, 4]",U700,weatherdcae_14m_6yr,0.08068223054750491,,,96
6h,2020,Land,MAM,"mean over τ∈[2, 4]",V1000,weatherdcae_14m_6yr,0.14746966050675817,,,96
6h,2020,Land,MAM,"mean over τ∈[2, 4]",V925,weatherdcae_14m_6yr,0.18700630419398476,,,96
6h,2020,Land,MAM,"mean over τ∈[2, 4]",V850,weatherdcae_14m_6yr,0.23465374846161097,,,96
6h,2020,Land,MAM,"mean over τ∈[2, 4]",V700,weatherdcae_14m_6yr,0.2617136712494849,,,96
6h,2020,Land,MAM,"mean over τ∈[2, 4]",Q1000,weatherdcae_14m_6yr,0.03299731065264075,,,96
6h,2020,Land,MAM,"mean over τ∈[2, 4]",Q925,weatherdcae_14m_6yr,0.056122591984239356,,,96
6h,2020,Land,MAM,"mean over τ∈[2, 4]",Q850,weatherdcae_14m_6yr,0.0862553934257993,,,96
6h,2020,Land,MAM,"mean over τ∈[2, 4]",Q700,weatherdcae_14m_6yr,0.11220898022714496,,,96
6h,2020,Land,MAM,"mean over τ∈[2, 4]",Z1000,weatherdcae_14m_6yr,0.022943456785950757,,,96
6h,2020,Land,MAM,"mean over τ∈[2, 4]",Z925,weatherdcae_14m_6yr,0.01822692292399215,,,96
6h,2020,Land,MAM,"mean over τ∈[2, 4]",Z850,weatherdcae_14m_6yr,0.014260456270321594,,,96
6h,2020,Land,MAM,"mean over τ∈[2, 4]",Z700,weatherdcae_14m_6yr,0.009582829385763462,,,96
6h,2020,Land,MAM,"mean over τ∈[2, 4]",t2m,weatherdcae_14m_6yr,0.026136282327598712,,,96
6h,2020,Land,MAM,"mean over τ∈[2, 4]",u10,weatherdcae_14m_6yr,0.08758847699929756,,,96
6h,2020,Land,MAM,"mean over τ∈[2, 4]",v10,weatherdcae_14m_6yr,0.14850893244240868,,,96
6h,2020,Land,MAM,"mean over τ∈[2, 4]",mslp,weatherdcae_14m_6yr,0.02321505958131644,,,96
6h,2020,Land,JJA,"mean over τ∈[2, 4]",T1000,weatherdcae_14m_6yr,0.020478816863851376,,,96
6h,2020,Land,JJA,"mean over τ∈[2, 4]",T925,weatherdcae_14m_6yr,0.023165929861590544,,,96
6h,2020,Land,JJA,"mean over τ∈[2, 4]",T850,weatherdcae_14m_6yr,0.027649124342073485,,,96
6h,2020,Land,JJA,"mean over τ∈[2, 4]",T700,weatherdcae_14m_6yr,0.025409559059457312,,,96
6h,2020,Land,JJA,"mean over τ∈[2, 4]",U1000,weatherdcae_14m_6yr,0.08835170275149942,,,96
6h,2020,Land,JJA,"mean over τ∈[2, 4]",U925,weatherdcae_14m_6yr,0.08616165364103591,,,96
6h,2020,Land,JJA,"mean over τ∈[2, 4]",U850,weatherdcae_14m_6yr,0.09015249787293424,,,96
6h,2020,Land,JJA,"mean over τ∈[2, 4]",U700,weatherdcae_14m_6yr,0.08244721970632081,,,96
6h,2020,Land,JJA,"mean over τ∈[2, 4]",V1000,weatherdcae_14m_6yr,0.1488514254033392,,,96
6h,2020,Land,JJA,"mean over τ∈[2, 4]",V925,weatherdcae_14m_6yr,0.18762212631060946,,,96
6h,2020,Land,JJA,"mean over τ∈[2, 4]",V850,weatherdcae_14m_6yr,0.23672332179603545,,,96
6h,2020,Land,JJA,"mean over τ∈[2, 4]",V700,weatherdcae_14m_6yr,0.262003562536435,,,96
6h,2020,Land,JJA,"mean over τ∈[2, 4]",Q1000,weatherdcae_14m_6yr,0.031085280617040977,,,96
6h,2020,Land,JJA,"mean over τ∈[2, 4]",Q925,weatherdcae_14m_6yr,0.05365238472823188,,,96
6h,2020,Land,JJA,"mean over τ∈[2, 4]",Q850,weatherdcae_14m_6yr,0.07902817135537453,,,96
6h,2020,Land,JJA,"mean over τ∈[2, 4]",Q700,weatherdcae_14m_6yr,0.1015748287924613,,,96
6h,2020,Land,JJA,"mean over τ∈[2, 4]",Z1000,weatherdcae_14m_6yr,0.023166938403191086,,,96
6h,2020,Land,JJA,"mean over τ∈[2, 4]",Z925,weatherdcae_14m_6yr,0.01832276227412868,,,96
6h,2020,Land,JJA,"mean over τ∈[2, 4]",Z850,weatherdcae_14m_6yr,0.014375392850207223,,,96
6h,2020,Land,JJA,"mean over τ∈[2, 4]",Z700,weatherdcae_14m_6yr,0.009671229909885042,,,96
6h,2020,Land,JJA,"mean over τ∈[2, 4]",t2m,weatherdcae_14m_6yr,0.026231057092460403,,,96
6h,2020,Land,JJA,"mean over τ∈[2, 4]",u10,weatherdcae_14m_6yr,0.08960594131918367,,,96
6h,2020,Land,JJA,"mean over τ∈[2, 4]",v10,weatherdcae_14m_6yr,0.14916595045537606,,,96
6h,2020,Land,JJA,"mean over τ∈[2, 4]",mslp,weatherdcae_14m_6yr,0.023904718938256606,,,96
6h,2020,Land,SON,"mean over τ∈[2, 4]",T1000,weatherdcae_14m_6yr,0.01998867035830613,,,96
6h,2020,Land,SON,"mean over τ∈[2, 4]",T925,weatherdcae_14m_6yr,0.02362156551526868,,,96
6h,2020,Land,SON,"mean over τ∈[2, 4]",T850,weatherdcae_14m_6yr,0.027958779213918383,,,96
6h,2020,Land,SON,"mean over τ∈[2, 4]",T700,weatherdcae_14m_6yr,0.023841057700397683,,,96
6h,2020,Land,SON,"mean over τ∈[2, 4]",U1000,weatherdcae_14m_6yr,0.08412717263105293,,,96
6h,2020,Land,SON,"mean over τ∈[2, 4]",U925,weatherdcae_14m_6yr,0.08258423679016211,,,96
6h,2020,Land,SON,"mean over τ∈[2, 4]",U850,weatherdcae_14m_6yr,0.0864740362037074,,,96
6h,2020,Land,SON,"mean over τ∈[2, 4]",U700,weatherdcae_14m_6yr,0.07721391493566426,,,96
6h,2020,Land,SON,"mean over τ∈[2, 4]",V1000,weatherdcae_14m_6yr,0.14222957094897332,,,96
6h,2020,Land,SON,"mean over τ∈[2, 4]",V925,weatherdcae_14m_6yr,0.17737190236516592,,,96
6h,2020,Land,SON,"mean over τ∈[2, 4]",V850,weatherdcae_14m_6yr,0.227816292010899,,,96
6h,2020,Land,SON,"mean over τ∈[2, 4]",V700,weatherdcae_14m_6yr,0.24778105119445726,,,96
6h,2020,Land,SON,"mean over τ∈[2, 4]",Q1000,weatherdcae_14m_6yr,0.03222661617800187,,,96
6h,2020,Land,SON,"mean over τ∈[2, 4]",Q925,weatherdcae_14m_6yr,0.05578384535584307,,,96
6h,2020,Land,SON,"mean over τ∈[2, 4]",Q850,weatherdcae_14m_6yr,0.08009122707646113,,,96
6h,2020,Land,SON,"mean over τ∈[2, 4]",Q700,weatherdcae_14m_6yr,0.10443009192610024,,,96
6h,2020,Land,SON,"mean over τ∈[2, 4]",Z1000,weatherdcae_14m_6yr,0.02335314025635243,,,96
6h,2020,Land,SON,"mean over τ∈[2, 4]",Z925,weatherdcae_14m_6yr,0.018495213781006128,,,96
6h,2020,Land,SON,"mean over τ∈[2, 4]",Z850,weatherdcae_14m_6yr,0.014465286950451585,,,96
6h,2020,Land,SON,"mean over τ∈[2, 4]",Z700,weatherdcae_14m_6yr,0.009667821441868346,,,96
6h,2020,Land,SON,"mean over τ∈[2, 4]",t2m,weatherdcae_14m_6yr,0.026966853302456784,,,96
6h,2020,Land,SON,"mean over τ∈[2, 4]",u10,weatherdcae_14m_6yr,0.08628512366812358,,,96
6h,2020,Land,SON,"mean over τ∈[2, 4]",v10,weatherdcae_14m_6yr,0.14394351157658192,,,96
6h,2020,Land,SON,"mean over τ∈[2, 4]",mslp,weatherdcae_14m_6yr,0.02371923490464015,,,96
6h,2020,Ocean,DJF,"mean over τ∈[2, 4]",T1000,weatherdcae_14m_6yr,0.019419790272037357,,,96
6h,2020,Ocean,DJF,"mean over τ∈[2, 4]",T925,weatherdcae_14m_6yr,0.022150112883843383,,,96
6h,2020,Ocean,DJF,"mean over τ∈[2, 4]",T850,weatherdcae_14m_6yr,0.025519254105563067,,,96
6h,2020,Ocean,DJF,"mean over τ∈[2, 4]",T700,weatherdcae_14m_6yr,0.02325706524481105,,,96
6h,2020,Ocean,DJF,"mean over τ∈[2, 4]",U1000,weatherdcae_14m_6yr,0.08683151646465741,,,96
6h,2020,Ocean,DJF,"mean over τ∈[2, 4]",U925,weatherdcae_14m_6yr,0.08378178486784436,,,96
6h,2020,Ocean,DJF,"mean over τ∈[2, 4]",U850,weatherdcae_14m_6yr,0.08754226268372589,,,96
6h,2020,Ocean,DJF,"mean over τ∈[2, 4]",U700,weatherdcae_14m_6yr,0.08254737032894861,,,96
6h,2020,Ocean,DJF,"mean over τ∈[2, 4]",V1000,weatherdcae_14m_6yr,0.1499495574311912,,,96
6h,2020,Ocean,DJF,"mean over τ∈[2, 4]",V925,weatherdcae_14m_6yr,0.18316294626291216,,,96
6h,2020,Ocean,DJF,"mean over τ∈[2, 4]",V850,weatherdcae_14m_6yr,0.2356922165271518,,,96
6h,2020,Ocean,DJF,"mean over τ∈[2, 4]",V700,weatherdcae_14m_6yr,0.26931009262251726,,,96
6h,2020,Ocean,DJF,"mean over τ∈[2, 4]",Q1000,weatherdcae_14m_6yr,0.029989992236800638,,,96
6h,2020,Ocean,DJF,"mean over τ∈[2, 4]",Q925,weatherdcae_14m_6yr,0.061640958020096746,,,96
6h,2020,Ocean,DJF,"mean over τ∈[2, 4]",Q850,weatherdcae_14m_6yr,0.0929264821822742,,,96
6h,2020,Ocean,DJF,"mean over τ∈[2, 4]",Q700,weatherdcae_14m_6yr,0.11069069778921774,,,96
6h,2020,Ocean,DJF,"mean over τ∈[2, 4]",Z1000,weatherdcae_14m_6yr,0.02429887964726907,,,96
6h,2020,Ocean,DJF,"mean over τ∈[2, 4]",Z925,weatherdcae_14m_6yr,0.018967472257790264,,,96
6h,2020,Ocean,DJF,"mean over τ∈[2, 4]",Z850,weatherdcae_14m_6yr,0.014673245387549607,,,96
6h,2020,Ocean,DJF,"mean over τ∈[2, 4]",Z700,weatherdcae_14m_6yr,0.009570011836948908,,,96
6h,2020,Ocean,DJF,"mean over τ∈[2, 4]",t2m,weatherdcae_14m_6yr,0.031321041676753605,,,96
6h,2020,Ocean,DJF,"mean over τ∈[2, 4]",u10,weatherdcae_14m_6yr,0.08692444698441082,,,96
6h,2020,Ocean,DJF,"mean over τ∈[2, 4]",v10,weatherdcae_14m_6yr,0.14916933603790838,,,96
6h,2020,Ocean,DJF,"mean over τ∈[2, 4]",mslp,weatherdcae_14m_6yr,0.024966547770412635,,,96
6h,2020,Ocean,MAM,"mean over τ∈[2, 4]",T1000,weatherdcae_14m_6yr,0.021311834360831124,,,96
6h,2020,Ocean,MAM,"mean over τ∈[2, 4]",T925,weatherdcae_14m_6yr,0.022725990052251472,,,96
6h,2020,Ocean,MAM,"mean over τ∈[2, 4]",T850,weatherdcae_14m_6yr,0.025375993133186052,,,96
6h,2020,Ocean,MAM,"mean over τ∈[2, 4]",T700,weatherdcae_14m_6yr,0.022467711067523682,,,96
6h,2020,Ocean,MAM,"mean over τ∈[2, 4]",U1000,weatherdcae_14m_6yr,0.08807613301673713,,,96
6h,2020,Ocean,MAM,"mean over τ∈[2, 4]",U925,weatherdcae_14m_6yr,0.08495458268784051,,,96
6h,2020,Ocean,MAM,"mean over τ∈[2, 4]",U850,weatherdcae_14m_6yr,0.08766362171910341,,,96
6h,2020,Ocean,MAM,"mean over τ∈[2, 4]",U700,weatherdcae_14m_6yr,0.08063639745800881,,,96
6h,2020,Ocean,MAM,"mean over τ∈[2, 4]",V1000,weatherdcae_14m_6yr,0.15091201007299607,,,96
6h,2020,Ocean,MAM,"mean over τ∈[2, 4]",V925,weatherdcae_14m_6yr,0.18521283944570155,,,96
6h,2020,Ocean,MAM,"mean over τ∈[2, 4]",V850,weatherdcae_14m_6yr,0.23517912978992475,,,96
6h,2020,Ocean,MAM,"mean over τ∈[2, 4]",V700,weatherdcae_14m_6yr,0.2636443134019539,,,96
6h,2020,Ocean,MAM,"mean over τ∈[2, 4]",Q1000,weatherdcae_14m_6yr,0.033333085507596234,,,96
6h,2020,Ocean,MAM,"mean over τ∈[2, 4]",Q925,weatherdcae_14m_6yr,0.06353378059221529,,,96
6h,2020,Ocean,MAM,"mean over τ∈[2, 4]",Q850,weatherdcae_14m_6yr,0.09024580731320168,,,96
6h,2020,Ocean,MAM,"mean over τ∈[2, 4]",Q700,weatherdcae_14m_6yr,0.11028393688084198,,,96
6h,2020,Ocean,MAM,"mean over τ∈[2, 4]",Z1000,weatherdcae_14m_6yr,0.024104090098519503,,,96
6h,2020,Ocean,MAM,"mean over τ∈[2, 4]",Z925,weatherdcae_14m_6yr,0.01878230963111682,,,96
6h,2020,Ocean,MAM,"mean over τ∈[2, 4]",Z850,weatherdcae_14m_6yr,0.014458008698349933,,,96
6h,2020,Ocean,MAM,"mean over τ∈[2, 4]",Z700,weatherdcae_14m_6yr,0.009390545469726312,,,96
6h,2020,Ocean,MAM,"mean over τ∈[2, 4]",t2m,weatherdcae_14m_6yr,0.0375855985110855,,,96
6h,2020,Ocean,MAM,"mean over τ∈[2, 4]",u10,weatherdcae_14m_6yr,0.08809899615750545,,,96
6h,2020,Ocean,MAM,"mean over τ∈[2, 4]",v10,weatherdcae_14m_6yr,0.1505611257453517,,,96
6h,2020,Ocean,MAM,"mean over τ∈[2, 4]",mslp,weatherdcae_14m_6yr,0.02454383081002253,,,96
6h,2020,Ocean,JJA,"mean over τ∈[2, 4]",T1000,weatherdcae_14m_6yr,0.020829621294120776,,,96
6h,2020,Ocean,JJA,"mean over τ∈[2, 4]",T925,weatherdcae_14m_6yr,0.022437074996094097,,,96
6h,2020,Ocean,JJA,"mean over τ∈[2, 4]",T850,weatherdcae_14m_6yr,0.024222474909213518,,,96
6h,2020,Ocean,JJA,"mean over τ∈[2, 4]",T700,weatherdcae_14m_6yr,0.021225314014213126,,,96
6h,2020,Ocean,JJA,"mean over τ∈[2, 4]",U1000,weatherdcae_14m_6yr,0.08559522127466315,,,96
6h,2020,Ocean,JJA,"mean over τ∈[2, 4]",U925,weatherdcae_14m_6yr,0.08286074464252918,,,96
6h,2020,Ocean,JJA,"mean over τ∈[2, 4]",U850,weatherdcae_14m_6yr,0.0846536070142179,,,96
6h,2020,Ocean,JJA,"mean over τ∈[2, 4]",U700,weatherdcae_14m_6yr,0.076071884827637,,,96
6h,2020,Ocean,JJA,"mean over τ∈[2, 4]",V1000,weatherdcae_14m_6yr,0.14681151464338785,,,96
6h,2020,Ocean,JJA,"mean over τ∈[2, 4]",V925,weatherdcae_14m_6yr,0.17874633991239622,,,96
6h,2020,Ocean,JJA,"mean over τ∈[2, 4]",V850,weatherdcae_14m_6yr,0.2265638932542877,,,96
6h,2020,Ocean,JJA,"mean over τ∈[2, 4]",V700,weatherdcae_14m_6yr,0.249722711321686,,,96
6h,2020,Ocean,JJA,"mean over τ∈[2, 4]",Q1000,weatherdcae_14m_6yr,0.03674471931146916,,,96
6h,2020,Ocean,JJA,"mean over τ∈[2, 4]",Q925,weatherdcae_14m_6yr,0.06395559541319587,,,96
6h,2020,Ocean,JJA,"mean over τ∈[2, 4]",Q850,weatherdcae_14m_6yr,0.0918486929807298,,,96
6h,2020,Ocean,JJA,"mean over τ∈[2, 4]",Q700,weatherdcae_14m_6yr,0.11415435028193764,,,96
6h,2020,Ocean,JJA,"mean over τ∈[2, 4]",Z1000,weatherdcae_14m_6yr,0.023469999387639245,,,96
6h,2020,Ocean,JJA,"mean over τ∈[2, 4]",Z925,weatherdcae_14m_6yr,0.01838864859885183,,,96
6h,2020,Ocean,JJA,"mean over τ∈[2, 4]",Z850,weatherdcae_14m_6yr,0.014208858854778838,,,96
6h,2020,Ocean,JJA,"mean over τ∈[2, 4]",Z700,weatherdcae_14m_6yr,0.009155064036537597,,,96
6h,2020,Ocean,JJA,"mean over τ∈[2, 4]",t2m,weatherdcae_14m_6yr,0.03678704761007672,,,96
6h,2020,Ocean,JJA,"mean over τ∈[2, 4]",u10,weatherdcae_14m_6yr,0.08614644058029898,,,96
6h,2020,Ocean,JJA,"mean over τ∈[2, 4]",v10,weatherdcae_14m_6yr,0.14788479957901943,,,96
6h,2020,Ocean,JJA,"mean over τ∈[2, 4]",mslp,weatherdcae_14m_6yr,0.023793087305690432,,,96
6h,2020,Ocean,SON,"mean over τ∈[2, 4]",T1000,weatherdcae_14m_6yr,0.0196472101642601,,,96
6h,2020,Ocean,SON,"mean over τ∈[2, 4]",T925,weatherdcae_14m_6yr,0.021595514734776916,,,96
6h,2020,Ocean,SON,"mean over τ∈[2, 4]",T850,weatherdcae_14m_6yr,0.02518502081221569,,,96
6h,2020,Ocean,SON,"mean over τ∈[2, 4]",T700,weatherdcae_14m_6yr,0.022162033631493855,,,96
6h,2020,Ocean,SON,"mean over τ∈[2, 4]",U1000,weatherdcae_14m_6yr,0.08359266145148204,,,96
6h,2020,Ocean,SON,"mean over τ∈[2, 4]",U925,weatherdcae_14m_6yr,0.08098144443439319,,,96
6h,2020,Ocean,SON,"mean over τ∈[2, 4]",U850,weatherdcae_14m_6yr,0.08423143248759565,,,96
6h,2020,Ocean,SON,"mean over τ∈[2, 4]",U700,weatherdcae_14m_6yr,0.07658617890588526,,,96
6h,2020,Ocean,SON,"mean over τ∈[2, 4]",V1000,weatherdcae_14m_6yr,0.14602231989673034,,,96
6h,2020,Ocean,SON,"mean over τ∈[2, 4]",V925,weatherdcae_14m_6yr,0.17867005967255076,,,96
6h,2020,Ocean,SON,"mean over τ∈[2, 4]",V850,weatherdcae_14m_6yr,0.226589663702294,,,96
6h,2020,Ocean,SON,"mean over τ∈[2, 4]",V700,weatherdcae_14m_6yr,0.2515032285263624,,,96
6h,2020,Ocean,SON,"mean over τ∈[2, 4]",Q1000,weatherdcae_14m_6yr,0.032904023613477856,,,96
6h,2020,Ocean,SON,"mean over τ∈[2, 4]",Q925,weatherdcae_14m_6yr,0.06125771991521914,,,96
6h,2020,Ocean,SON,"mean over τ∈[2, 4]",Q850,weatherdcae_14m_6yr,0.09093839697455881,,,96
6h,2020,Ocean,SON,"mean over τ∈[2, 4]",Q700,weatherdcae_14m_6yr,0.11097585459737051,,,96
6h,2020,Ocean,SON,"mean over τ∈[2, 4]",Z1000,weatherdcae_14m_6yr,0.023814786972783684,,,96
6h,2020,Ocean,SON,"mean over τ∈[2, 4]",Z925,weatherdcae_14m_6yr,0.018753238831723276,,,96
6h,2020,Ocean,SON,"mean over τ∈[2, 4]",Z850,weatherdcae_14m_6yr,0.014567281756020824,,,96
6h,2020,Ocean,SON,"mean over τ∈[2, 4]",Z700,weatherdcae_14m_6yr,0.009487489921153511,,,96
6h,2020,Ocean,SON,"mean over τ∈[2, 4]",t2m,weatherdcae_14m_6yr,0.03438039698257991,,,96
6h,2020,Ocean,SON,"mean over τ∈[2, 4]",u10,weatherdcae_14m_6yr,0.08375156257498013,,,96
6h,2020,Ocean,SON,"mean over τ∈[2, 4]",v10,weatherdcae_14m_6yr,0.14521929032203454,,,96
6h,2020,Ocean,SON,"mean over τ∈[2, 4]",mslp,weatherdcae_14m_6yr,0.024220855635566328,,,96
6h,2021,Tropics,DJF,"mean over τ∈[2, 4]",T1000,flow_spectral,0.016343648798204984,,,96
6h,2021,Tropics,DJF,"mean over τ∈[2, 4]",T925,flow_spectral,0.016559015524366113,,,96
6h,2021,Tropics,DJF,"mean over τ∈[2, 4]",T850,flow_spectral,0.018802382514198083,,,96
6h,2021,Tropics,DJF,"mean over τ∈[2, 4]",T700,flow_spectral,0.015282296138871585,,,96
6h,2021,Tropics,DJF,"mean over τ∈[2, 4]",U1000,flow_spectral,0.06343155592707542,,,96
6h,2021,Tropics,DJF,"mean over τ∈[2, 4]",U925,flow_spectral,0.05797217254135739,,,96
6h,2021,Tropics,DJF,"mean over τ∈[2, 4]",U850,flow_spectral,0.05707385317410427,,,96
6h,2021,Tropics,DJF,"mean over τ∈[2, 4]",U700,flow_spectral,0.052326992144178394,,,96
6h,2021,Tropics,DJF,"mean over τ∈[2, 4]",V1000,flow_spectral,0.10968786850198406,,,96
6h,2021,Tropics,DJF,"mean over τ∈[2, 4]",V925,flow_spectral,0.12488647284421944,,,96
6h,2021,Tropics,DJF,"mean over τ∈[2, 4]",V850,flow_spectral,0.16025746189942594,,,96
6h,2021,Tropics,DJF,"mean over τ∈[2, 4]",V700,flow_spectral,0.1865808700078116,,,96
6h,2021,Tropics,DJF,"mean over τ∈[2, 4]",Q1000,flow_spectral,0.0317682832141806,,,96
6h,2021,Tropics,DJF,"mean over τ∈[2, 4]",Q925,flow_spectral,0.056154996115645915,,,96
6h,2021,Tropics,DJF,"mean over τ∈[2, 4]",Q850,flow_spectral,0.07127985724067833,,,96
6h,2021,Tropics,DJF,"mean over τ∈[2, 4]",Q700,flow_spectral,0.08762659871248367,,,96
6h,2021,Tropics,DJF,"mean over τ∈[2, 4]",Z1000,flow_spectral,0.026101564650620815,,,96
6h,2021,Tropics,DJF,"mean over τ∈[2, 4]",Z925,flow_spectral,0.020948258721881493,,,96
6h,2021,Tropics,DJF,"mean over τ∈[2, 4]",Z850,flow_spectral,0.01642794556283839,,,96
6h,2021,Tropics,DJF,"mean over τ∈[2, 4]",Z700,flow_spectral,0.010704209681978162,,,96
6h,2021,Tropics,DJF,"mean over τ∈[2, 4]",t2m,flow_spectral,0.024364741918001056,,,96
6h,2021,Tropics,DJF,"mean over τ∈[2, 4]",u10,flow_spectral,0.06502471368391985,,,96
6h,2021,Tropics,DJF,"mean over τ∈[2, 4]",v10,flow_spectral,0.11394727930477921,,,96
6h,2021,Tropics,DJF,"mean over τ∈[2, 4]",mslp,flow_spectral,0.02518519375450566,,,96
6h,2021,Tropics,MAM,"mean over τ∈[2, 4]",T1000,flow_spectral,0.01681005312100034,,,96
6h,2021,Tropics,MAM,"mean over τ∈[2, 4]",T925,flow_spectral,0.017354261255156007,,,96
6h,2021,Tropics,MAM,"mean over τ∈[2, 4]",T850,flow_spectral,0.017875083920673975,,,96
6h,2021,Tropics,MAM,"mean over τ∈[2, 4]",T700,flow_spectral,0.015119432565401712,,,96
6h,2021,Tropics,MAM,"mean over τ∈[2, 4]",U1000,flow_spectral,0.06300414887252137,,,96
6h,2021,Tropics,MAM,"mean over τ∈[2, 4]",U925,flow_spectral,0.05806691174564318,,,96
6h,2021,Tropics,MAM,"mean over τ∈[2, 4]",U850,flow_spectral,0.0557045817866004,,,96
6h,2021,Tropics,MAM,"mean over τ∈[2, 4]",U700,flow_spectral,0.05310518481904102,,,96
6h,2021,Tropics,MAM,"mean over τ∈[2, 4]",V1000,flow_spectral,0.10902884396930083,,,96
6h,2021,Tropics,MAM,"mean over τ∈[2, 4]",V925,flow_spectral,0.12512040191406443,,,96
6h,2021,Tropics,MAM,"mean over τ∈[2, 4]",V850,flow_spectral,0.1562458656181288,,,96
6h,2021,Tropics,MAM,"mean over τ∈[2, 4]",V700,flow_spectral,0.18512844082957533,,,96
6h,2021,Tropics,MAM,"mean over τ∈[2, 4]",Q1000,flow_spectral,0.03309676002748155,,,96
6h,2021,Tropics,MAM,"mean over τ∈[2, 4]",Q925,flow_spectral,0.05848129243799009,,,96
6h,2021,Tropics,MAM,"mean over τ∈[2, 4]",Q850,flow_spectral,0.0682363083372298,,,96
6h,2021,Tropics,MAM,"mean over τ∈[2, 4]",Q700,flow_spectral,0.08890962411676682,,,96
6h,2021,Tropics,MAM,"mean over τ∈[2, 4]",Z1000,flow_spectral,0.026139507831598206,,,96
6h,2021,Tropics,MAM,"mean over τ∈[2, 4]",Z925,flow_spectral,0.020906091142991218,,,96
6h,2021,Tropics,MAM,"mean over τ∈[2, 4]",Z850,flow_spectral,0.01633635048341046,,,96
6h,2021,Tropics,MAM,"mean over τ∈[2, 4]",Z700,flow_spectral,0.01060883756981254,,,96
6h,2021,Tropics,MAM,"mean over τ∈[2, 4]",t2m,flow_spectral,0.024482633863784697,,,96
6h,2021,Tropics,MAM,"mean over τ∈[2, 4]",u10,flow_spectral,0.06485053005987575,,,96
6h,2021,Tropics,MAM,"mean over τ∈[2, 4]",v10,flow_spectral,0.11390549487934795,,,96
6h,2021,Tropics,MAM,"mean over τ∈[2, 4]",mslp,flow_spectral,0.025184800133625382,,,96
6h,2021,Tropics,JJA,"mean over τ∈[2, 4]",T1000,flow_spectral,0.01643536830875084,,,96
6h,2021,Tropics,JJA,"mean over τ∈[2, 4]",T925,flow_spectral,0.016853305064675906,,,96
6h,2021,Tropics,JJA,"mean over τ∈[2, 4]",T850,flow_spectral,0.018329696368980474,,,96
6h,2021,Tropics,JJA,"mean over τ∈[2, 4]",T700,flow_spectral,0.015855385400323625,,,96
6h,2021,Tropics,JJA,"mean over τ∈[2, 4]",U1000,flow_spectral,0.06409205366899894,,,96
6h,2021,Tropics,JJA,"mean over τ∈[2, 4]",U925,flow_spectral,0.05956755429635002,,,96
6h,2021,Tropics,JJA,"mean over τ∈[2, 4]",U850,flow_spectral,0.05812061132371173,,,96
6h,2021,Tropics,JJA,"mean over τ∈[2, 4]",U700,flow_spectral,0.05545992259301232,,,96
6h,2021,Tropics,JJA,"mean over τ∈[2, 4]",V1000,flow_spectral,0.10956892307256759,,,96
6h,2021,Tropics,JJA,"mean over τ∈[2, 4]",V925,flow_spectral,0.12700145337233676,,,96
6h,2021,Tropics,JJA,"mean over τ∈[2, 4]",V850,flow_spectral,0.16220212489177063,,,96
6h,2021,Tropics,JJA,"mean over τ∈[2, 4]",V700,flow_spectral,0.1918283858424197,,,96
6h,2021,Tropics,JJA,"mean over τ∈[2, 4]",Q1000,flow_spectral,0.03096916203834976,,,96
6h,2021,Tropics,JJA,"mean over τ∈[2, 4]",Q925,flow_spectral,0.05344358476335959,,,96
6h,2021,Tropics,JJA,"mean over τ∈[2, 4]",Q850,flow_spectral,0.06882120472511277,,,96
6h,2021,Tropics,JJA,"mean over τ∈[2, 4]",Q700,flow_spectral,0.08613281650067448,,,96
6h,2021,Tropics,JJA,"mean over τ∈[2, 4]",Z1000,flow_spectral,0.024989091462381152,,,96
6h,2021,Tropics,JJA,"mean over τ∈[2, 4]",Z925,flow_spectral,0.01991612446690684,,,96
6h,2021,Tropics,JJA,"mean over τ∈[2, 4]",Z850,flow_spectral,0.01558404858511611,,,96
6h,2021,Tropics,JJA,"mean over τ∈[2, 4]",Z700,flow_spectral,0.010146121170939267,,,96
6h,2021,Tropics,JJA,"mean over τ∈[2, 4]",t2m,flow_spectral,0.023828462652424,,,96
6h,2021,Tropics,JJA,"mean over τ∈[2, 4]",u10,flow_spectral,0.06541412989452709,,,96
6h,2021,Tropics,JJA,"mean over τ∈[2, 4]",v10,flow_spectral,0.11283926268367099,,,96
6h,2021,Tropics,JJA,"mean over τ∈[2, 4]",mslp,flow_spectral,0.024205839729179352,,,96
6h,2021,Tropics,SON,"mean over τ∈[2, 4]",T1000,flow_spectral,0.016822894197826573,,,96
6h,2021,Tropics,SON,"mean over τ∈[2, 4]",T925,flow_spectral,0.017547990610769382,,,96
6h,2021,Tropics,SON,"mean over τ∈[2, 4]",T850,flow_spectral,0.019269277401663613,,,96
6h,2021,Tropics,SON,"mean over τ∈[2, 4]",T700,flow_spectral,0.014770697257177416,,,96
6h,2021,Tropics,SON,"mean over τ∈[2, 4]",U1000,flow_spectral,0.06291147474795189,,,96
6h,2021,Tropics,SON,"mean over τ∈[2, 4]",U925,flow_spectral,0.057707614722120056,,,96
6h,2021,Tropics,SON,"mean over τ∈[2, 4]",U850,flow_spectral,0.0574345725903724,,,96
6h,2021,Tropics,SON,"mean over τ∈[2, 4]",U700,flow_spectral,0.05243809898421666,,,96
6h,2021,Tropics,SON,"mean over τ∈[2, 4]",V1000,flow_spectral,0.1086203061180771,,,96
6h,2021,Tropics,SON,"mean over τ∈[2, 4]",V925,flow_spectral,0.12538186758348957,,,96
6h,2021,Tropics,SON,"mean over τ∈[2, 4]",V850,flow_spectral,0.16050521554886124,,,96
6h,2021,Tropics,SON,"mean over τ∈[2, 4]",V700,flow_spectral,0.18506707329937525,,,96
6h,2021,Tropics,SON,"mean over τ∈[2, 4]",Q1000,flow_spectral,0.03330516010057088,,,96
6h,2021,Tropics,SON,"mean over τ∈[2, 4]",Q925,flow_spectral,0.05617051940442223,,,96
6h,2021,Tropics,SON,"mean over τ∈[2, 4]",Q850,flow_spectral,0.07073161976707978,,,96
6h,2021,Tropics,SON,"mean over τ∈[2, 4]",Q700,flow_spectral,0.08544144078459302,,,96
6h,2021,Tropics,SON,"mean over τ∈[2, 4]",Z1000,flow_spectral,0.026452968495687852,,,96
6h,2021,Tropics,SON,"mean over τ∈[2, 4]",Z925,flow_spectral,0.021137834275302015,,,96
6h,2021,Tropics,SON,"mean over τ∈[2, 4]",Z850,flow_spectral,0.016530756444209052,,,96
6h,2021,Tropics,SON,"mean over τ∈[2, 4]",Z700,flow_spectral,0.010767309281322841,,,96
6h,2021,Tropics,SON,"mean over τ∈[2, 4]",t2m,flow_spectral,0.024575648994559073,,,96
6h,2021,Tropics,SON,"mean over τ∈[2, 4]",u10,flow_spectral,0.06477018713736928,,,96
6h,2021,Tropics,SON,"mean over τ∈[2, 4]",v10,flow_spectral,0.11344526537112587,,,96
6h,2021,Tropics,SON,"mean over τ∈[2, 4]",mslp,flow_spectral,0.025518777570646824,,,96
6h,2021,N-Extra,DJF,"mean over τ∈[2, 4]",T1000,flow_spectral,0.021529557016330542,,,96
6h,2021,N-Extra,DJF,"mean over τ∈[2, 4]",T925,flow_spectral,0.022663385043928144,,,96
6h,2021,N-Extra,DJF,"mean over τ∈[2, 4]",T850,flow_spectral,0.02465548086330835,,,96
6h,2021,N-Extra,DJF,"mean over τ∈[2, 4]",T700,flow_spectral,0.02339231670382202,,,96
6h,2021,N-Extra,DJF,"mean over τ∈[2, 4]",U1000,flow_spectral,0.09753883960506904,,,96
6h,2021,N-Extra,DJF,"mean over τ∈[2, 4]",U925,flow_spectral,0.09011136092135569,,,96
6h,2021,N-Extra,DJF,"mean over τ∈[2, 4]",U850,flow_spectral,0.0937425276494516,,,96
6h,2021,N-Extra,DJF,"mean over τ∈[2, 4]",U700,flow_spectral,0.09722464315310203,,,96
6h,2021,N-Extra,DJF,"mean over τ∈[2, 4]",V1000,flow_spectral,0.16779572528406064,,,96
6h,2021,N-Extra,DJF,"mean over τ∈[2, 4]",V925,flow_spectral,0.20073968297065994,,,96
6h,2021,N-Extra,DJF,"mean over τ∈[2, 4]",V850,flow_spectral,0.26826475488536716,,,96
6h,2021,N-Extra,DJF,"mean over τ∈[2, 4]",V700,flow_spectral,0.34309114502172294,,,96
6h,2021,N-Extra,DJF,"mean over τ∈[2, 4]",Q1000,flow_spectral,0.021707634003448276,,,96
6h,2021,N-Extra,DJF,"mean over τ∈[2, 4]",Q925,flow_spectral,0.03427333025201021,,,96
6h,2021,N-Extra,DJF,"mean over τ∈[2, 4]",Q850,flow_spectral,0.05044306162152417,,,96
6h,2021,N-Extra,DJF,"mean over τ∈[2, 4]",Q700,flow_spectral,0.07008900816500495,,,96
6h,2021,N-Extra,DJF,"mean over τ∈[2, 4]",Z1000,flow_spectral,0.029604147510321387,,,96
6h,2021,N-Extra,DJF,"mean over τ∈[2, 4]",Z925,flow_spectral,0.022725621925065203,,,96
6h,2021,N-Extra,DJF,"mean over τ∈[2, 4]",Z850,flow_spectral,0.01724435170438326,,,96
6h,2021,N-Extra,DJF,"mean over τ∈[2, 4]",Z700,flow_spectral,0.010771182522830873,,,96
6h,2021,N-Extra,DJF,"mean over τ∈[2, 4]",t2m,flow_spectral,0.03773987423861457,,,96
6h,2021,N-Extra,DJF,"mean over τ∈[2, 4]",u10,flow_spectral,0.0978139034413576,,,96
6h,2021,N-Extra,DJF,"mean over τ∈[2, 4]",v10,flow_spectral,0.1660563857164009,,,96
6h,2021,N-Extra,DJF,"mean over τ∈[2, 4]",mslp,flow_spectral,0.031255977335716584,,,96
6h,2021,N-Extra,MAM,"mean over τ∈[2, 4]",T1000,flow_spectral,0.025089001419786473,,,96
6h,2021,N-Extra,MAM,"mean over τ∈[2, 4]",T925,flow_spectral,0.02460080127892703,,,96
6h,2021,N-Extra,MAM,"mean over τ∈[2, 4]",T850,flow_spectral,0.024216179556491132,,,96
6h,2021,N-Extra,MAM,"mean over τ∈[2, 4]",T700,flow_spectral,0.021744806616526616,,,96
6h,2021,N-Extra,MAM,"mean over τ∈[2, 4]",U1000,flow_spectral,0.09881992834607214,,,96
6h,2021,N-Extra,MAM,"mean over τ∈[2, 4]",U925,flow_spectral,0.09233106358773698,,,96
6h,2021,N-Extra,MAM,"mean over τ∈[2, 4]",U850,flow_spectral,0.09452487697518971,,,96
6h,2021,N-Extra,MAM,"mean over τ∈[2, 4]",U700,flow_spectral,0.09209813646223369,,,96
6h,2021,N-Extra,MAM,"mean over τ∈[2, 4]",V1000,flow_spectral,0.17252577680066608,,,96
6h,2021,N-Extra,MAM,"mean over τ∈[2, 4]",V925,flow_spectral,0.20572538412616623,,,96
6h,2021,N-Extra,MAM,"mean over τ∈[2, 4]",V850,flow_spectral,0.26985271993993354,,,96
6h,2021,N-Extra,MAM,"mean over τ∈[2, 4]",V700,flow_spectral,0.3261141125086843,,,96
6h,2021,N-Extra,MAM,"mean over τ∈[2, 4]",Q1000,flow_spectral,0.0308952457292381,,,96
6h,2021,N-Extra,MAM,"mean over τ∈[2, 4]",Q925,flow_spectral,0.041877765382447564,,,96
6h,2021,N-Extra,MAM,"mean over τ∈[2, 4]",Q850,flow_spectral,0.05500182272377227,,,96
6h,2021,N-Extra,MAM,"mean over τ∈[2, 4]",Q700,flow_spectral,0.07753831933449225,,,96
6h,2021,N-Extra,MAM,"mean over τ∈[2, 4]",Z1000,flow_spectral,0.027593439925244965,,,96
6h,2021,N-Extra,MAM,"mean over τ∈[2, 4]",Z925,flow_spectral,0.02101006027899347,,,96
6h,2021,N-Extra,MAM,"mean over τ∈[2, 4]",Z850,flow_spectral,0.015812391364029284,,,96
6h,2021,N-Extra,MAM,"mean over τ∈[2, 4]",Z700,flow_spectral,0.009768140158979019,,,96
6h,2021,N-Extra,MAM,"mean over τ∈[2, 4]",t2m,flow_spectral,0.04397422840335092,,,96
6h,2021,N-Extra,MAM,"mean over τ∈[2, 4]",u10,flow_spectral,0.09866244163982386,,,96
6h,2021,N-Extra,MAM,"mean over τ∈[2, 4]",v10,flow_spectral,0.16997160642833725,,,96
6h,2021,N-Extra,MAM,"mean over τ∈[2, 4]",mslp,flow_spectral,0.028317849082118006,,,96
6h,2021,N-Extra,JJA,"mean over τ∈[2, 4]",T1000,flow_spectral,0.023621753350078305,,,96
6h,2021,N-Extra,JJA,"mean over τ∈[2, 4]",T925,flow_spectral,0.02435099090351125,,,96
6h,2021,N-Extra,JJA,"mean over τ∈[2, 4]",T850,flow_spectral,0.020802304348842483,,,96
6h,2021,N-Extra,JJA,"mean over τ∈[2, 4]",T700,flow_spectral,0.018705890665785378,,,96
6h,2021,N-Extra,JJA,"mean over τ∈[2, 4]",U1000,flow_spectral,0.09202269594008981,,,96
6h,2021,N-Extra,JJA,"mean over τ∈[2, 4]",U925,flow_spectral,0.08611319381282125,,,96
6h,2021,N-Extra,JJA,"mean over τ∈[2, 4]",U850,flow_spectral,0.08480480846046151,,,96
6h,2021,N-Extra,JJA,"mean over τ∈[2, 4]",U700,flow_spectral,0.07859959400521245,,,96
6h,2021,N-Extra,JJA,"mean over τ∈[2, 4]",V1000,flow_spectral,0.15932709113684035,,,96
6h,2021,N-Extra,JJA,"mean over τ∈[2, 4]",V925,flow_spectral,0.18914175413223197,,,96
6h,2021,N-Extra,JJA,"mean over τ∈[2, 4]",V850,flow_spectral,0.24182815155287354,,,96
6h,2021,N-Extra,JJA,"mean over τ∈[2, 4]",V700,flow_spectral,0.2804019683245297,,,96
6h,2021,N-Extra,JJA,"mean over τ∈[2, 4]",Q1000,flow_spectral,0.04351773384227097,,,96
6h,2021,N-Extra,JJA,"mean over τ∈[2, 4]",Q925,flow_spectral,0.05639116056024129,,,96
6h,2021,N-Extra,JJA,"mean over τ∈[2, 4]",Q850,flow_spectral,0.06909747938957259,,,96
6h,2021,N-Extra,JJA,"mean over τ∈[2, 4]",Q700,flow_spectral,0.0999086644701667,,,96
6h,2021,N-Extra,JJA,"mean over τ∈[2, 4]",Z1000,flow_spectral,0.02540059325737348,,,96
6h,2021,N-Extra,JJA,"mean over τ∈[2, 4]",Z925,flow_spectral,0.019629509845243916,,,96
6h,2021,N-Extra,JJA,"mean over τ∈[2, 4]",Z850,flow_spectral,0.014841696780664474,,,96
6h,2021,N-Extra,JJA,"mean over τ∈[2, 4]",Z700,flow_spectral,0.009068638543713025,,,96
6h,2021,N-Extra,JJA,"mean over τ∈[2, 4]",t2m,flow_spectral,0.04410040376964734,,,96
6h,2021,N-Extra,JJA,"mean over τ∈[2, 4]",u10,flow_spectral,0.09359898647240075,,,96
6h,2021,N-Extra,JJA,"mean over τ∈[2, 4]",v10,flow_spectral,0.16140905354108923,,,96
6h,2021,N-Extra,JJA,"mean over τ∈[2, 4]",mslp,flow_spectral,0.024901235567132942,,,96
6h,2021,N-Extra,SON,"mean over τ∈[2, 4]",T1000,flow_spectral,0.02052654471246922,,,96
6h,2021,N-Extra,SON,"mean over τ∈[2, 4]",T925,flow_spectral,0.020790553277585652,,,96
6h,2021,N-Extra,SON,"mean over τ∈[2, 4]",T850,flow_spectral,0.021971708922749036,,,96
6h,2021,N-Extra,SON,"mean over τ∈[2, 4]",T700,flow_spectral,0.020137421767009618,,,96
6h,2021,N-Extra,SON,"mean over τ∈[2, 4]",U1000,flow_spectral,0.08919383610119155,,,96
6h,2021,N-Extra,SON,"mean over τ∈[2, 4]",U925,flow_spectral,0.08197301682071476,,,96
6h,2021,N-Extra,SON,"mean over τ∈[2, 4]",U850,flow_spectral,0.08376890801772657,,,96
6h,2021,N-Extra,SON,"mean over τ∈[2, 4]",U700,flow_spectral,0.08158523227279496,,,96
6h,2021,N-Extra,SON,"mean over τ∈[2, 4]",V1000,flow_spectral,0.15434352857535608,,,96
6h,2021,N-Extra,SON,"mean over τ∈[2, 4]",V925,flow_spectral,0.18232860751455557,,,96
6h,2021,N-Extra,SON,"mean over τ∈[2, 4]",V850,flow_spectral,0.23974108116143644,,,96
6h,2021,N-Extra,SON,"mean over τ∈[2, 4]",V700,flow_spectral,0.28908452858091116,,,96
6h,2021,N-Extra,SON,"mean over τ∈[2, 4]",Q1000,flow_spectral,0.0296201090598796,,,96
6h,2021,N-Extra,SON,"mean over τ∈[2, 4]",Q925,flow_spectral,0.04606067026071827,,,96
6h,2021,N-Extra,SON,"mean over τ∈[2, 4]",Q850,flow_spectral,0.06067016289804891,,,96
6h,2021,N-Extra,SON,"mean over τ∈[2, 4]",Q700,flow_spectral,0.08497673120579745,,,96
6h,2021,N-Extra,SON,"mean over τ∈[2, 4]",Z1000,flow_spectral,0.026006670141536743,,,96
6h,2021,N-Extra,SON,"mean over τ∈[2, 4]",Z925,flow_spectral,0.02013284558833662,,,96
6h,2021,N-Extra,SON,"mean over τ∈[2, 4]",Z850,flow_spectral,0.015306714111477542,,,96
6h,2021,N-Extra,SON,"mean over τ∈[2, 4]",Z700,flow_spectral,0.009432127114151784,,,96
6h,2021,N-Extra,SON,"mean over τ∈[2, 4]",t2m,flow_spectral,0.040083637136038644,,,96
6h,2021,N-Extra,SON,"mean over τ∈[2, 4]",u10,flow_spectral,0.08981818863175793,,,96
6h,2021,N-Extra,SON,"mean over τ∈[2, 4]",v10,flow_spectral,0.15416463321025886,,,96
6h,2021,N-Extra,SON,"mean over τ∈[2, 4]",mslp,flow_spectral,0.02644341480129698,,,96
6h,2021,S-Extra,DJF,"mean over τ∈[2, 4]",T1000,flow_spectral,0.014111600835313333,,,96
6h,2021,S-Extra,DJF,"mean over τ∈[2, 4]",T925,flow_spectral,0.01797217651283772,,,96
6h,2021,S-Extra,DJF,"mean over τ∈[2, 4]",T850,flow_spectral,0.02136357060297585,,,96
6h,2021,S-Extra,DJF,"mean over τ∈[2, 4]",T700,flow_spectral,0.017640285802517367,,,96
6h,2021,S-Extra,DJF,"mean over τ∈[2, 4]",U1000,flow_spectral,0.07658953711216482,,,96
6h,2021,S-Extra,DJF,"mean over τ∈[2, 4]",U925,flow_spectral,0.06876133691996915,,,96
6h,2021,S-Extra,DJF,"mean over τ∈[2, 4]",U850,flow_spectral,0.07029826282738423,,,96
6h,2021,S-Extra,DJF,"mean over τ∈[2, 4]",U700,flow_spectral,0.06782761780149264,,,96
6h,2021,S-Extra,DJF,"mean over τ∈[2, 4]",V1000,flow_spectral,0.13327546321013542,,,96
6h,2021,S-Extra,DJF,"mean over τ∈[2, 4]",V925,flow_spectral,0.15781802543580195,,,96
6h,2021,S-Extra,DJF,"mean over τ∈[2, 4]",V850,flow_spectral,0.20766457920742212,,,96
6h,2021,S-Extra,DJF,"mean over τ∈[2, 4]",V700,flow_spectral,0.24838855092687046,,,96
6h,2021,S-Extra,DJF,"mean over τ∈[2, 4]",Q1000,flow_spectral,0.02221150318675583,,,96
6h,2021,S-Extra,DJF,"mean over τ∈[2, 4]",Q925,flow_spectral,0.04020988331507186,,,96
6h,2021,S-Extra,DJF,"mean over τ∈[2, 4]",Q850,flow_spectral,0.059272570238801656,,,96
6h,2021,S-Extra,DJF,"mean over τ∈[2, 4]",Q700,flow_spectral,0.08320938362192562,,,96
6h,2021,S-Extra,DJF,"mean over τ∈[2, 4]",Z1000,flow_spectral,0.022442513701312488,,,96
6h,2021,S-Extra,DJF,"mean over τ∈[2, 4]",Z925,flow_spectral,0.017932747877698465,,,96
6h,2021,S-Extra,DJF,"mean over τ∈[2, 4]",Z850,flow_spectral,0.014078882787158593,,,96
6h,2021,S-Extra,DJF,"mean over τ∈[2, 4]",Z700,flow_spectral,0.009424954181052075,,,96
6h,2021,S-Extra,DJF,"mean over τ∈[2, 4]",t2m,flow_spectral,0.017093231224316312,,,96
6h,2021,S-Extra,DJF,"mean over τ∈[2, 4]",u10,flow_spectral,0.07724057602657111,,,96
6h,2021,S-Extra,DJF,"mean over τ∈[2, 4]",v10,flow_spectral,0.13168166691046448,,,96
6h,2021,S-Extra,DJF,"mean over τ∈[2, 4]",mslp,flow_spectral,0.02237600999682381,,,96
6h,2021,S-Extra,MAM,"mean over τ∈[2, 4]",T1000,flow_spectral,0.013558449827432564,,,96
6h,2021,S-Extra,MAM,"mean over τ∈[2, 4]",T925,flow_spectral,0.016105785454777668,,,96
6h,2021,S-Extra,MAM,"mean over τ∈[2, 4]",T850,flow_spectral,0.021420464278546908,,,96
6h,2021,S-Extra,MAM,"mean over τ∈[2, 4]",T700,flow_spectral,0.01799705101072234,,,96
6h,2021,S-Extra,MAM,"mean over τ∈[2, 4]",U1000,flow_spectral,0.08365418187470376,,,96
6h,2021,S-Extra,MAM,"mean over τ∈[2, 4]",U925,flow_spectral,0.07360978116001463,,,96
6h,2021,S-Extra,MAM,"mean over τ∈[2, 4]",U850,flow_spectral,0.07500001526592764,,,96
6h,2021,S-Extra,MAM,"mean over τ∈[2, 4]",U700,flow_spectral,0.07262207122219252,,,96
6h,2021,S-Extra,MAM,"mean over τ∈[2, 4]",V1000,flow_spectral,0.14286048895948852,,,96
6h,2021,S-Extra,MAM,"mean over τ∈[2, 4]",V925,flow_spectral,0.16922909632052702,,,96
6h,2021,S-Extra,MAM,"mean over τ∈[2, 4]",V850,flow_spectral,0.22014565184362636,,,96
6h,2021,S-Extra,MAM,"mean over τ∈[2, 4]",V700,flow_spectral,0.26611464322176165,,,96
6h,2021,S-Extra,MAM,"mean over τ∈[2, 4]",Q1000,flow_spectral,0.021633200724421427,,,96
6h,2021,S-Extra,MAM,"mean over τ∈[2, 4]",Q925,flow_spectral,0.0366459648461002,,,96
6h,2021,S-Extra,MAM,"mean over τ∈[2, 4]",Q850,flow_spectral,0.056642729503710104,,,96
6h,2021,S-Extra,MAM,"mean over τ∈[2, 4]",Q700,flow_spectral,0.07441299426550248,,,96
6h,2021,S-Extra,MAM,"mean over τ∈[2, 4]",Z1000,flow_spectral,0.022680529919037896,,,96
6h,2021,S-Extra,MAM,"mean over τ∈[2, 4]",Z925,flow_spectral,0.018182736417822136,,,96
6h,2021,S-Extra,MAM,"mean over τ∈[2, 4]",Z850,flow_spectral,0.01430902367538117,,,96
6h,2021,S-Extra,MAM,"mean over τ∈[2, 4]",Z700,flow_spectral,0.009574914556386035,,,96
6h,2021,S-Extra,MAM,"mean over τ∈[2, 4]",t2m,flow_spectral,0.017182757389966292,,,96
6h,2021,S-Extra,MAM,"mean over τ∈[2, 4]",u10,flow_spectral,0.08434694546141284,,,96
6h,2021,S-Extra,MAM,"mean over τ∈[2, 4]",v10,flow_spectral,0.1412965678068996,,,96
6h,2021,S-Extra,MAM,"mean over τ∈[2, 4]",mslp,flow_spectral,0.022694801856093377,,,96
6h,2021,S-Extra,JJA,"mean over τ∈[2, 4]",T1000,flow_spectral,0.013953914047224193,,,96
6h,2021,S-Extra,JJA,"mean over τ∈[2, 4]",T925,flow_spectral,0.014947825492888573,,,96
6h,2021,S-Extra,JJA,"mean over τ∈[2, 4]",T850,flow_spectral,0.02190431477850866,,,96
6h,2021,S-Extra,JJA,"mean over τ∈[2, 4]",T700,flow_spectral,0.018525917685896294,,,96
6h,2021,S-Extra,JJA,"mean over τ∈[2, 4]",U1000,flow_spectral,0.08866092317038334,,,96
6h,2021,S-Extra,JJA,"mean over τ∈[2, 4]",U925,flow_spectral,0.07907221590331039,,,96
6h,2021,S-Extra,JJA,"mean over τ∈[2, 4]",U850,flow_spectral,0.08117200501709276,,,96
6h,2021,S-Extra,JJA,"mean over τ∈[2, 4]",U700,flow_spectral,0.07942115534062451,,,96
6h,2021,S-Extra,JJA,"mean over τ∈[2, 4]",V1000,flow_spectral,0.15017181728100332,,,96
6h,2021,S-Extra,JJA,"mean over τ∈[2, 4]",V925,flow_spectral,0.1805959095078152,,,96
6h,2021,S-Extra,JJA,"mean over τ∈[2, 4]",V850,flow_spectral,0.23722254871314735,,,96
6h,2021,S-Extra,JJA,"mean over τ∈[2, 4]",V700,flow_spectral,0.2893778982812921,,,96
6h,2021,S-Extra,JJA,"mean over τ∈[2, 4]",Q1000,flow_spectral,0.019375452250747233,,,96
6h,2021,S-Extra,JJA,"mean over τ∈[2, 4]",Q925,flow_spectral,0.03126601199768969,,,96
6h,2021,S-Extra,JJA,"mean over τ∈[2, 4]",Q850,flow_spectral,0.048942738738613406,,,96
6h,2021,S-Extra,JJA,"mean over τ∈[2, 4]",Q700,flow_spectral,0.060187912481733975,,,96
6h,2021,S-Extra,JJA,"mean over τ∈[2, 4]",Z1000,flow_spectral,0.024949229613840034,,,96
6h,2021,S-Extra,JJA,"mean over τ∈[2, 4]",Z925,flow_spectral,0.020021909615717207,,,96
6h,2021,S-Extra,JJA,"mean over τ∈[2, 4]",Z850,flow_spectral,0.01581057030645269,,,96
6h,2021,S-Extra,JJA,"mean over τ∈[2, 4]",Z700,flow_spectral,0.010484560783809587,,,96
6h,2021,S-Extra,JJA,"mean over τ∈[2, 4]",t2m,flow_spectral,0.017734940499207173,,,96
6h,2021,S-Extra,JJA,"mean over τ∈[2, 4]",u10,flow_spectral,0.08969037876152659,,,96
6h,2021,S-Extra,JJA,"mean over τ∈[2, 4]",v10,flow_spectral,0.14782796967664436,,,96
6h,2021,S-Extra,JJA,"mean over τ∈[2, 4]",mslp,flow_spectral,0.025376203571294675,,,96
6h,2021,S-Extra,SON,"mean over τ∈[2, 4]",T1000,flow_spectral,0.014463084201912627,,,96
6h,2021,S-Extra,SON,"mean over τ∈[2, 4]",T925,flow_spectral,0.017266395927127892,,,96
6h,2021,S-Extra,SON,"mean over τ∈[2, 4]",T850,flow_spectral,0.022532791477532902,,,96
6h,2021,S-Extra,SON,"mean over τ∈[2, 4]",T700,flow_spectral,0.018339542380570936,,,96
6h,2021,S-Extra,SON,"mean over τ∈[2, 4]",U1000,flow_spectral,0.08301773973198207,,,96
6h,2021,S-Extra,SON,"mean over τ∈[2, 4]",U925,flow_spectral,0.07455722098655156,,,96
6h,2021,S-Extra,SON,"mean over τ∈[2, 4]",U850,flow_spectral,0.07695727125868665,,,96
6h,2021,S-Extra,SON,"mean over τ∈[2, 4]",U700,flow_spectral,0.07559262042413246,,,96
6h,2021,S-Extra,SON,"mean over τ∈[2, 4]",V1000,flow_spectral,0.14224946559059498,,,96
6h,2021,S-Extra,SON,"mean over τ∈[2, 4]",V925,flow_spectral,0.17077757660221898,,,96
6h,2021,S-Extra,SON,"mean over τ∈[2, 4]",V850,flow_spectral,0.2256602913727562,,,96
6h,2021,S-Extra,SON,"mean over τ∈[2, 4]",V700,flow_spectral,0.27429288912939,,,96
6h,2021,S-Extra,SON,"mean over τ∈[2, 4]",Q1000,flow_spectral,0.020532417362920694,,,96
6h,2021,S-Extra,SON,"mean over τ∈[2, 4]",Q925,flow_spectral,0.03475768527441095,,,96
6h,2021,S-Extra,SON,"mean over τ∈[2, 4]",Q850,flow_spectral,0.051545051295910735,,,96
6h,2021,S-Extra,SON,"mean over τ∈[2, 4]",Q700,flow_spectral,0.0696225654085177,,,96
6h,2021,S-Extra,SON,"mean over τ∈[2, 4]",Z1000,flow_spectral,0.024068574781586187,,,96
6h,2021,S-Extra,SON,"mean over τ∈[2, 4]",Z925,flow_spectral,0.0192593881120041,,,96
6h,2021,S-Extra,SON,"mean over τ∈[2, 4]",Z850,flow_spectral,0.015122260625293328,,,96
6h,2021,S-Extra,SON,"mean over τ∈[2, 4]",Z700,flow_spectral,0.010070504129004005,,,96
6h,2021,S-Extra,SON,"mean over τ∈[2, 4]",t2m,flow_spectral,0.018156491002046006,,,96
6h,2021,S-Extra,SON,"mean over τ∈[2, 4]",u10,flow_spectral,0.08296961355390418,,,96
6h,2021,S-Extra,SON,"mean over τ∈[2, 4]",v10,flow_spectral,0.1390878482888449,,,96
6h,2021,S-Extra,SON,"mean over τ∈[2, 4]",mslp,flow_spectral,0.024306077407734487,,,96
6h,2021,Arctic,DJF,"mean over τ∈[2, 4]",T1000,flow_spectral,0.019986557297711045,,,96
6h,2021,Arctic,DJF,"mean over τ∈[2, 4]",T925,flow_spectral,0.020335374313556427,,,96
6h,2021,Arctic,DJF,"mean over τ∈[2, 4]",T850,flow_spectral,0.018857238364326335,,,96
6h,2021,Arctic,DJF,"mean over τ∈[2, 4]",T700,flow_spectral,0.01786779750627664,,,96
6h,2021,Arctic,DJF,"mean over τ∈[2, 4]",U1000,flow_spectral,0.08242372456292889,,,96
6h,2021,Arctic,DJF,"mean over τ∈[2, 4]",U925,flow_spectral,0.07643692225220415,,,96
6h,2021,Arctic,DJF,"mean over τ∈[2, 4]",U850,flow_spectral,0.07693968607030165,,,96
6h,2021,Arctic,DJF,"mean over τ∈[2, 4]",U700,flow_spectral,0.07864734210604479,,,96
6h,2021,Arctic,DJF,"mean over τ∈[2, 4]",V1000,flow_spectral,0.1419679928589577,,,96
6h,2021,Arctic,DJF,"mean over τ∈[2, 4]",V925,flow_spectral,0.16793899020680794,,,96
6h,2021,Arctic,DJF,"mean over τ∈[2, 4]",V850,flow_spectral,0.21843646304314077,,,96
6h,2021,Arctic,DJF,"mean over τ∈[2, 4]",V700,flow_spectral,0.2736973326265384,,,96
6h,2021,Arctic,DJF,"mean over τ∈[2, 4]",Q1000,flow_spectral,0.00621026971432489,,,96
6h,2021,Arctic,DJF,"mean over τ∈[2, 4]",Q925,flow_spectral,0.009612563364951972,,,96
6h,2021,Arctic,DJF,"mean over τ∈[2, 4]",Q850,flow_spectral,0.015710884079540067,,,96
6h,2021,Arctic,DJF,"mean over τ∈[2, 4]",Q700,flow_spectral,0.02634891398267439,,,96
6h,2021,Arctic,DJF,"mean over τ∈[2, 4]",Z1000,flow_spectral,0.022518923607665938,,,96
6h,2021,Arctic,DJF,"mean over τ∈[2, 4]",Z925,flow_spectral,0.017399886035964793,,,96
6h,2021,Arctic,DJF,"mean over τ∈[2, 4]",Z850,flow_spectral,0.013433576577502411,,,96
6h,2021,Arctic,DJF,"mean over τ∈[2, 4]",Z700,flow_spectral,0.008897458881460487,,,96
6h,2021,Arctic,DJF,"mean over τ∈[2, 4]",t2m,flow_spectral,0.029300517269313032,,,96
6h,2021,Arctic,DJF,"mean over τ∈[2, 4]",u10,flow_spectral,0.07795769948625542,,,96
6h,2021,Arctic,DJF,"mean over τ∈[2, 4]",v10,flow_spectral,0.13233240702380855,,,96
6h,2021,Arctic,DJF,"mean over τ∈[2, 4]",mslp,flow_spectral,0.025596834051312696,,,96
6h,2021,Arctic,MAM,"mean over τ∈[2, 4]",T1000,flow_spectral,0.02082444232352986,,,96
6h,2021,Arctic,MAM,"mean over τ∈[2, 4]",T925,flow_spectral,0.019386315950161583,,,96
6h,2021,Arctic,MAM,"mean over τ∈[2, 4]",T850,flow_spectral,0.017335050361150406,,,96
6h,2021,Arctic,MAM,"mean over τ∈[2, 4]",T700,flow_spectral,0.01663053333174658,,,96
6h,2021,Arctic,MAM,"mean over τ∈[2, 4]",U1000,flow_spectral,0.08276832669396361,,,96
6h,2021,Arctic,MAM,"mean over τ∈[2, 4]",U925,flow_spectral,0.07807663162836437,,,96
6h,2021,Arctic,MAM,"mean over τ∈[2, 4]",U850,flow_spectral,0.0761628635628451,,,96
6h,2021,Arctic,MAM,"mean over τ∈[2, 4]",U700,flow_spectral,0.07164156935429776,,,96
6h,2021,Arctic,MAM,"mean over τ∈[2, 4]",V1000,flow_spectral,0.14514663099115008,,,96
6h,2021,Arctic,MAM,"mean over τ∈[2, 4]",V925,flow_spectral,0.17599517630302963,,,96
6h,2021,Arctic,MAM,"mean over τ∈[2, 4]",V850,flow_spectral,0.21918878340801168,,,96
6h,2021,Arctic,MAM,"mean over τ∈[2, 4]",V700,flow_spectral,0.2509198391781357,,,96
6h,2021,Arctic,MAM,"mean over τ∈[2, 4]",Q1000,flow_spectral,0.011959028504556215,,,96
6h,2021,Arctic,MAM,"mean over τ∈[2, 4]",Q925,flow_spectral,0.013324969737014553,,,96
6h,2021,Arctic,MAM,"mean over τ∈[2, 4]",Q850,flow_spectral,0.01891108696993387,,,96
6h,2021,Arctic,MAM,"mean over τ∈[2, 4]",Q700,flow_spectral,0.029645724591361854,,,96
6h,2021,Arctic,MAM,"mean over τ∈[2, 4]",Z1000,flow_spectral,0.020671597974297306,,,96
6h,2021,Arctic,MAM,"mean over τ∈[2, 4]",Z925,flow_spectral,0.015814843732443386,,,96
6h,2021,Arctic,MAM,"mean over τ∈[2, 4]",Z850,flow_spectral,0.012134990420454243,,,96
6h,2021,Arctic,MAM,"mean over τ∈[2, 4]",Z700,flow_spectral,0.007962527013894785,,,96
6h,2021,Arctic,MAM,"mean over τ∈[2, 4]",t2m,flow_spectral,0.03624473415284393,,,96
6h,2021,Arctic,MAM,"mean over τ∈[2, 4]",u10,flow_spectral,0.07898545061543286,,,96
6h,2021,Arctic,MAM,"mean over τ∈[2, 4]",v10,flow_spectral,0.13713856717847975,,,96
6h,2021,Arctic,MAM,"mean over τ∈[2, 4]",mslp,flow_spectral,0.022941600812560893,,,96
6h,2021,Arctic,JJA,"mean over τ∈[2, 4]",T1000,flow_spectral,0.02231096859462524,,,96
6h,2021,Arctic,JJA,"mean over τ∈[2, 4]",T925,flow_spectral,0.020505912136935006,,,96
6h,2021,Arctic,JJA,"mean over τ∈[2, 4]",T850,flow_spectral,0.01787794223117268,,,96
6h,2021,Arctic,JJA,"mean over τ∈[2, 4]",T700,flow_spectral,0.017125205569853263,,,96
6h,2021,Arctic,JJA,"mean over τ∈[2, 4]",U1000,flow_spectral,0.08491395070897571,,,96
6h,2021,Arctic,JJA,"mean over τ∈[2, 4]",U925,flow_spectral,0.08279421839495016,,,96
6h,2021,Arctic,JJA,"mean over τ∈[2, 4]",U850,flow_spectral,0.07766723957573884,,,96
6h,2021,Arctic,JJA,"mean over τ∈[2, 4]",U700,flow_spectral,0.07150454039833211,,,96
6h,2021,Arctic,JJA,"mean over τ∈[2, 4]",V1000,flow_spectral,0.1470327218935472,,,96
6h,2021,Arctic,JJA,"mean over τ∈[2, 4]",V925,flow_spectral,0.18163539007720486,,,96
6h,2021,Arctic,JJA,"mean over τ∈[2, 4]",V850,flow_spectral,0.22130905575833507,,,96
6h,2021,Arctic,JJA,"mean over τ∈[2, 4]",V700,flow_spectral,0.24941965773108382,,,96
6h,2021,Arctic,JJA,"mean over τ∈[2, 4]",Q1000,flow_spectral,0.026875199715319632,,,96
6h,2021,Arctic,JJA,"mean over τ∈[2, 4]",Q925,flow_spectral,0.028487431990547585,,,96
6h,2021,Arctic,JJA,"mean over τ∈[2, 4]",Q850,flow_spectral,0.039634689307186936,,,96
6h,2021,Arctic,JJA,"mean over τ∈[2, 4]",Q700,flow_spectral,0.0684185202570377,,,96
6h,2021,Arctic,JJA,"mean over τ∈[2, 4]",Z1000,flow_spectral,0.020443443385640424,,,96
6h,2021,Arctic,JJA,"mean over τ∈[2, 4]",Z925,flow_spectral,0.015511737927001458,,,96
6h,2021,Arctic,JJA,"mean over τ∈[2, 4]",Z850,flow_spectral,0.011889139536017826,,,96
6h,2021,Arctic,JJA,"mean over τ∈[2, 4]",Z700,flow_spectral,0.007794861373862039,,,96
6h,2021,Arctic,JJA,"mean over τ∈[2, 4]",t2m,flow_spectral,0.0371933432847754,,,96
6h,2021,Arctic,JJA,"mean over τ∈[2, 4]",u10,flow_spectral,0.08389247887509772,,,96
6h,2021,Arctic,JJA,"mean over τ∈[2, 4]",v10,flow_spectral,0.14359306056539572,,,96
6h,2021,Arctic,JJA,"mean over τ∈[2, 4]",mslp,flow_spectral,0.02086423226920422,,,96
6h,2021,Arctic,SON,"mean over τ∈[2, 4]",T1000,flow_spectral,0.01637335781733622,,,96
6h,2021,Arctic,SON,"mean over τ∈[2, 4]",T925,flow_spectral,0.01721539207541764,,,96
6h,2021,Arctic,SON,"mean over τ∈[2, 4]",T850,flow_spectral,0.017000358107254403,,,96
6h,2021,Arctic,SON,"mean over τ∈[2, 4]",T700,flow_spectral,0.016631746430032512,,,96
6h,2021,Arctic,SON,"mean over τ∈[2, 4]",U1000,flow_spectral,0.07784656853593035,,,96
6h,2021,Arctic,SON,"mean over τ∈[2, 4]",U925,flow_spectral,0.0758531446405509,,,96
6h,2021,Arctic,SON,"mean over τ∈[2, 4]",U850,flow_spectral,0.07376112355595761,,,96
6h,2021,Arctic,SON,"mean over τ∈[2, 4]",U700,flow_spectral,0.07137486693042312,,,96
6h,2021,Arctic,SON,"mean over τ∈[2, 4]",V1000,flow_spectral,0.13457847705920079,,,96
6h,2021,Arctic,SON,"mean over τ∈[2, 4]",V925,flow_spectral,0.16538689178062826,,,96
6h,2021,Arctic,SON,"mean over τ∈[2, 4]",V850,flow_spectral,0.20881440019063194,,,96
6h,2021,Arctic,SON,"mean over τ∈[2, 4]",V700,flow_spectral,0.24778339235333666,,,96
6h,2021,Arctic,SON,"mean over τ∈[2, 4]",Q1000,flow_spectral,0.010902425391979356,,,96
6h,2021,Arctic,SON,"mean over τ∈[2, 4]",Q925,flow_spectral,0.014881927054851108,,,96
6h,2021,Arctic,SON,"mean over τ∈[2, 4]",Q850,flow_spectral,0.02333243410162062,,,96
6h,2021,Arctic,SON,"mean over τ∈[2, 4]",Q700,flow_spectral,0.04261763700977185,,,96
6h,2021,Arctic,SON,"mean over τ∈[2, 4]",Z1000,flow_spectral,0.020351841332696182,,,96
6h,2021,Arctic,SON,"mean over τ∈[2, 4]",Z925,flow_spectral,0.015785210654414208,,,96
6h,2021,Arctic,SON,"mean over τ∈[2, 4]",Z850,flow_spectral,0.012191981066084682,,,96
6h,2021,Arctic,SON,"mean over τ∈[2, 4]",Z700,flow_spectral,0.00800668185524349,,,96
6h,2021,Arctic,SON,"mean over τ∈[2, 4]",t2m,flow_spectral,0.0274047975130379,,,96
6h,2021,Arctic,SON,"mean over τ∈[2, 4]",u10,flow_spectral,0.0766416894147802,,,96
6h,2021,Arctic,SON,"mean over τ∈[2, 4]",v10,flow_spectral,0.1299632744999535,,,96
6h,2021,Arctic,SON,"mean over τ∈[2, 4]",mslp,flow_spectral,0.02212565544995747,,,96
6h,2021,Antarctic,DJF,"mean over τ∈[2, 4]",T1000,flow_spectral,0.010667238777527574,,,96
6h,2021,Antarctic,DJF,"mean over τ∈[2, 4]",T925,flow_spectral,0.012164784048236793,,,96
6h,2021,Antarctic,DJF,"mean over τ∈[2, 4]",T850,flow_spectral,0.01402222968400176,,,96
6h,2021,Antarctic,DJF,"mean over τ∈[2, 4]",T700,flow_spectral,0.014617932785397844,,,96
6h,2021,Antarctic,DJF,"mean over τ∈[2, 4]",U1000,flow_spectral,0.06270691583628851,,,96
6h,2021,Antarctic,DJF,"mean over τ∈[2, 4]",U925,flow_spectral,0.05997055413889159,,,96
6h,2021,Antarctic,DJF,"mean over τ∈[2, 4]",U850,flow_spectral,0.05878329574955018,,,96
6h,2021,Antarctic,DJF,"mean over τ∈[2, 4]",U700,flow_spectral,0.05846105710853079,,,96
6h,2021,Antarctic,DJF,"mean over τ∈[2, 4]",V1000,flow_spectral,0.10420014362992075,,,96
6h,2021,Antarctic,DJF,"mean over τ∈[2, 4]",V925,flow_spectral,0.12746565637241253,,,96
6h,2021,Antarctic,DJF,"mean over τ∈[2, 4]",V850,flow_spectral,0.16279418626775077,,,96
6h,2021,Antarctic,DJF,"mean over τ∈[2, 4]",V700,flow_spectral,0.20364243140919877,,,96
6h,2021,Antarctic,DJF,"mean over τ∈[2, 4]",Q1000,flow_spectral,0.006833127038905715,,,96
6h,2021,Antarctic,DJF,"mean over τ∈[2, 4]",Q925,flow_spectral,0.009444594278164681,,,96
6h,2021,Antarctic,DJF,"mean over τ∈[2, 4]",Q850,flow_spectral,0.014250646880754494,,,96
6h,2021,Antarctic,DJF,"mean over τ∈[2, 4]",Q700,flow_spectral,0.028446156427798727,,,96
6h,2021,Antarctic,DJF,"mean over τ∈[2, 4]",Z1000,flow_spectral,0.020254811246064538,,,96
6h,2021,Antarctic,DJF,"mean over τ∈[2, 4]",Z925,flow_spectral,0.015927591918736595,,,96
6h,2021,Antarctic,DJF,"mean over τ∈[2, 4]",Z850,flow_spectral,0.01230808479351227,,,96
6h,2021,Antarctic,DJF,"mean over τ∈[2, 4]",Z700,flow_spectral,0.00803391576996344,,,96
6h,2021,Antarctic,DJF,"mean over τ∈[2, 4]",t2m,flow_spectral,0.018444368874504086,,,96
6h,2021,Antarctic,DJF,"mean over τ∈[2, 4]",u10,flow_spectral,0.0690435538545069,,,96
6h,2021,Antarctic,DJF,"mean over τ∈[2, 4]",v10,flow_spectral,0.11384138655862514,,,96
6h,2021,Antarctic,DJF,"mean over τ∈[2, 4]",mslp,flow_spectral,0.022046198509585335,,,96
6h,2021,Antarctic,MAM,"mean over τ∈[2, 4]",T1000,flow_spectral,0.0187984503832193,,,96
6h,2021,Antarctic,MAM,"mean over τ∈[2, 4]",T925,flow_spectral,0.0200822556694233,,,96
6h,2021,Antarctic,MAM,"mean over τ∈[2, 4]",T850,flow_spectral,0.02146913511891765,,,96
6h,2021,Antarctic,MAM,"mean over τ∈[2, 4]",T700,flow_spectral,0.02049563656221652,,,96
6h,2021,Antarctic,MAM,"mean over τ∈[2, 4]",U1000,flow_spectral,0.07616699952153168,,,96
6h,2021,Antarctic,MAM,"mean over τ∈[2, 4]",U925,flow_spectral,0.0745294528941548,,,96
6h,2021,Antarctic,MAM,"mean over τ∈[2, 4]",U850,flow_spectral,0.0747399546525603,,,96
6h,2021,Antarctic,MAM,"mean over τ∈[2, 4]",U700,flow_spectral,0.0751641008460157,,,96
6h,2021,Antarctic,MAM,"mean over τ∈[2, 4]",V1000,flow_spectral,0.1248907053643706,,,96
6h,2021,Antarctic,MAM,"mean over τ∈[2, 4]",V925,flow_spectral,0.15854333094617218,,,96
6h,2021,Antarctic,MAM,"mean over τ∈[2, 4]",V850,flow_spectral,0.20694238322223701,,,96
6h,2021,Antarctic,MAM,"mean over τ∈[2, 4]",V700,flow_spectral,0.2630382753264562,,,96
6h,2021,Antarctic,MAM,"mean over τ∈[2, 4]",Q1000,flow_spectral,0.006190270554237442,,,96
6h,2021,Antarctic,MAM,"mean over τ∈[2, 4]",Q925,flow_spectral,0.009008882396102603,,,96
6h,2021,Antarctic,MAM,"mean over τ∈[2, 4]",Q850,flow_spectral,0.01586715822167324,,,96
6h,2021,Antarctic,MAM,"mean over τ∈[2, 4]",Q700,flow_spectral,0.02890079613308403,,,96
6h,2021,Antarctic,MAM,"mean over τ∈[2, 4]",Z1000,flow_spectral,0.026490763628175155,,,96
6h,2021,Antarctic,MAM,"mean over τ∈[2, 4]",Z925,flow_spectral,0.020285062844805586,,,96
6h,2021,Antarctic,MAM,"mean over τ∈[2, 4]",Z850,flow_spectral,0.015339099780440854,,,96
6h,2021,Antarctic,MAM,"mean over τ∈[2, 4]",Z700,flow_spectral,0.009814288258746275,,,96
6h,2021,Antarctic,MAM,"mean over τ∈[2, 4]",t2m,flow_spectral,0.021652894815266985,,,96
6h,2021,Antarctic,MAM,"mean over τ∈[2, 4]",u10,flow_spectral,0.0835713591996109,,,96
6h,2021,Antarctic,MAM,"mean over τ∈[2, 4]",v10,flow_spectral,0.13603160631277933,,,96
6h,2021,Antarctic,MAM,"mean over τ∈[2, 4]",mslp,flow_spectral,0.031704306782143976,,,96
6h,2021,Antarctic,JJA,"mean over τ∈[2, 4]",T1000,flow_spectral,0.021302387302496038,,,96
6h,2021,Antarctic,JJA,"mean over τ∈[2, 4]",T925,flow_spectral,0.02190783948362769,,,96
6h,2021,Antarctic,JJA,"mean over τ∈[2, 4]",T850,flow_spectral,0.022078369179365745,,,96
6h,2021,Antarctic,JJA,"mean over τ∈[2, 4]",T700,flow_spectral,0.021090013019705287,,,96
6h,2021,Antarctic,JJA,"mean over τ∈[2, 4]",U1000,flow_spectral,0.07854472029563195,,,96
6h,2021,Antarctic,JJA,"mean over τ∈[2, 4]",U925,flow_spectral,0.07721048211203024,,,96
6h,2021,Antarctic,JJA,"mean over τ∈[2, 4]",U850,flow_spectral,0.07682949612103074,,,96
6h,2021,Antarctic,JJA,"mean over τ∈[2, 4]",U700,flow_spectral,0.07649307969062853,,,96
6h,2021,Antarctic,JJA,"mean over τ∈[2, 4]",V1000,flow_spectral,0.1298360693417347,,,96
6h,2021,Antarctic,JJA,"mean over τ∈[2, 4]",V925,flow_spectral,0.16645101518690264,,,96
6h,2021,Antarctic,JJA,"mean over τ∈[2, 4]",V850,flow_spectral,0.2152259296115697,,,96
6h,2021,Antarctic,JJA,"mean over τ∈[2, 4]",V700,flow_spectral,0.2705465604186765,,,96
6h,2021,Antarctic,JJA,"mean over τ∈[2, 4]",Q1000,flow_spectral,0.005651980285583364,,,96
6h,2021,Antarctic,JJA,"mean over τ∈[2, 4]",Q925,flow_spectral,0.0075180071094615416,,,96
6h,2021,Antarctic,JJA,"mean over τ∈[2, 4]",Q850,flow_spectral,0.01216144105553567,,,96
6h,2021,Antarctic,JJA,"mean over τ∈[2, 4]",Q700,flow_spectral,0.01995565583058215,,,96
6h,2021,Antarctic,JJA,"mean over τ∈[2, 4]",Z1000,flow_spectral,0.029060747616318373,,,96
6h,2021,Antarctic,JJA,"mean over τ∈[2, 4]",Z925,flow_spectral,0.022299504896787153,,,96
6h,2021,Antarctic,JJA,"mean over τ∈[2, 4]",Z850,flow_spectral,0.01690485413871216,,,96
6h,2021,Antarctic,JJA,"mean over τ∈[2, 4]",Z700,flow_spectral,0.010630875265517889,,,96
6h,2021,Antarctic,JJA,"mean over τ∈[2, 4]",t2m,flow_spectral,0.023116994828566457,,,96
6h,2021,Antarctic,JJA,"mean over τ∈[2, 4]",u10,flow_spectral,0.08644758658718053,,,96
6h,2021,Antarctic,JJA,"mean over τ∈[2, 4]",v10,flow_spectral,0.14189810425802182,,,96
6h,2021,Antarctic,JJA,"mean over τ∈[2, 4]",mslp,flow_spectral,0.03573003290498309,,,96
6h,2021,Antarctic,SON,"mean over τ∈[2, 4]",T1000,flow_spectral,0.017144336643068428,,,96
6h,2021,Antarctic,SON,"mean over τ∈[2, 4]",T925,flow_spectral,0.01845771672329057,,,96
6h,2021,Antarctic,SON,"mean over τ∈[2, 4]",T850,flow_spectral,0.01963668276835092,,,96
6h,2021,Antarctic,SON,"mean over τ∈[2, 4]",T700,flow_spectral,0.019302960333799964,,,96
6h,2021,Antarctic,SON,"mean over τ∈[2, 4]",U1000,flow_spectral,0.07676357410779698,,,96
6h,2021,Antarctic,SON,"mean over τ∈[2, 4]",U925,flow_spectral,0.07473008327975704,,,96
6h,2021,Antarctic,SON,"mean over τ∈[2, 4]",U850,flow_spectral,0.07439120192006894,,,96
6h,2021,Antarctic,SON,"mean over τ∈[2, 4]",U700,flow_spectral,0.07395490094752158,,,96
6h,2021,Antarctic,SON,"mean over τ∈[2, 4]",V1000,flow_spectral,0.12605327323220047,,,96
6h,2021,Antarctic,SON,"mean over τ∈[2, 4]",V925,flow_spectral,0.16113912011333462,,,96
6h,2021,Antarctic,SON,"mean over τ∈[2, 4]",V850,flow_spectral,0.2081097141405219,,,96
6h,2021,Antarctic,SON,"mean over τ∈[2, 4]",V700,flow_spectral,0.25967438376841345,,,96
6h,2021,Antarctic,SON,"mean over τ∈[2, 4]",Q1000,flow_spectral,0.006216098177309518,,,96
6h,2021,Antarctic,SON,"mean over τ∈[2, 4]",Q925,flow_spectral,0.00821160883645256,,,96
6h,2021,Antarctic,SON,"mean over τ∈[2, 4]",Q850,flow_spectral,0.013943967250144585,,,96
6h,2021,Antarctic,SON,"mean over τ∈[2, 4]",Q700,flow_spectral,0.023325795529258755,,,96
6h,2021,Antarctic,SON,"mean over τ∈[2, 4]",Z1000,flow_spectral,0.027184932024584666,,,96
6h,2021,Antarctic,SON,"mean over τ∈[2, 4]",Z925,flow_spectral,0.02110795647860492,,,96
6h,2021,Antarctic,SON,"mean over τ∈[2, 4]",Z850,flow_spectral,0.01615146679059756,,,96
6h,2021,Antarctic,SON,"mean over τ∈[2, 4]",Z700,flow_spectral,0.010357782053706644,,,96
6h,2021,Antarctic,SON,"mean over τ∈[2, 4]",t2m,flow_spectral,0.022871798524861525,,,96
6h,2021,Antarctic,SON,"mean over τ∈[2, 4]",u10,flow_spectral,0.08484359457603546,,,96
6h,2021,Antarctic,SON,"mean over τ∈[2, 4]",v10,flow_spectral,0.137944740043586,,,96
6h,2021,Antarctic,SON,"mean over τ∈[2, 4]",mslp,flow_spectral,0.031748762137706554,,,96
6h,2021,North_Atlantic,DJF,"mean over τ∈[2, 4]",T1000,flow_spectral,0.017165462330495693,,,96
6h,2021,North_Atlantic,DJF,"mean over τ∈[2, 4]",T925,flow_spectral,0.018449390315271062,,,96
6h,2021,North_Atlantic,DJF,"mean over τ∈[2, 4]",T850,flow_spectral,0.024006013767879173,,,96
6h,2021,North_Atlantic,DJF,"mean over τ∈[2, 4]",T700,flow_spectral,0.02268135344272369,,,96
6h,2021,North_Atlantic,DJF,"mean over τ∈[2, 4]",U1000,flow_spectral,0.1056910967551616,,,96
6h,2021,North_Atlantic,DJF,"mean over τ∈[2, 4]",U925,flow_spectral,0.09545035625084976,,,96
6h,2021,North_Atlantic,DJF,"mean over τ∈[2, 4]",U850,flow_spectral,0.0973556807951794,,,96
6h,2021,North_Atlantic,DJF,"mean over τ∈[2, 4]",U700,flow_spectral,0.09726514968072113,,,96
6h,2021,North_Atlantic,DJF,"mean over τ∈[2, 4]",V1000,flow_spectral,0.18015872129148047,,,96
6h,2021,North_Atlantic,DJF,"mean over τ∈[2, 4]",V925,flow_spectral,0.21160372419783596,,,96
6h,2021,North_Atlantic,DJF,"mean over τ∈[2, 4]",V850,flow_spectral,0.2756270762194009,,,96
6h,2021,North_Atlantic,DJF,"mean over τ∈[2, 4]",V700,flow_spectral,0.345147844437872,,,96
6h,2021,North_Atlantic,DJF,"mean over τ∈[2, 4]",Q1000,flow_spectral,0.02216352439748374,,,96
6h,2021,North_Atlantic,DJF,"mean over τ∈[2, 4]",Q925,flow_spectral,0.036851227418527824,,,96
6h,2021,North_Atlantic,DJF,"mean over τ∈[2, 4]",Q850,flow_spectral,0.057040172489468785,,,96
6h,2021,North_Atlantic,DJF,"mean over τ∈[2, 4]",Q700,flow_spectral,0.07570780415245147,,,96
6h,2021,North_Atlantic,DJF,"mean over τ∈[2, 4]",Z1000,flow_spectral,0.02598583356415611,,,96
6h,2021,North_Atlantic,DJF,"mean over τ∈[2, 4]",Z925,flow_spectral,0.02071645020882309,,,96
6h,2021,North_Atlantic,DJF,"mean over τ∈[2, 4]",Z850,flow_spectral,0.016168230259553162,,,96
6h,2021,North_Atlantic,DJF,"mean over τ∈[2, 4]",Z700,flow_spectral,0.010547933170528066,,,96
6h,2021,North_Atlantic,DJF,"mean over τ∈[2, 4]",t2m,flow_spectral,0.021716465483117595,,,96
6h,2021,North_Atlantic,DJF,"mean over τ∈[2, 4]",u10,flow_spectral,0.10535643317120323,,,96
6h,2021,North_Atlantic,DJF,"mean over τ∈[2, 4]",v10,flow_spectral,0.17638778775897965,,,96
6h,2021,North_Atlantic,DJF,"mean over τ∈[2, 4]",mslp,flow_spectral,0.0265944844423599,,,96
6h,2021,North_Atlantic,MAM,"mean over τ∈[2, 4]",T1000,flow_spectral,0.018688315926170432,,,96
6h,2021,North_Atlantic,MAM,"mean over τ∈[2, 4]",T925,flow_spectral,0.01959568619422987,,,96
6h,2021,North_Atlantic,MAM,"mean over τ∈[2, 4]",T850,flow_spectral,0.02205719947150052,,,96
6h,2021,North_Atlantic,MAM,"mean over τ∈[2, 4]",T700,flow_spectral,0.020084678845283196,,,96
6h,2021,North_Atlantic,MAM,"mean over τ∈[2, 4]",U1000,flow_spectral,0.09746284924150263,,,96
6h,2021,North_Atlantic,MAM,"mean over τ∈[2, 4]",U925,flow_spectral,0.08650196618466752,,,96
6h,2021,North_Atlantic,MAM,"mean over τ∈[2, 4]",U850,flow_spectral,0.08632623889020266,,,96
6h,2021,North_Atlantic,MAM,"mean over τ∈[2, 4]",U700,flow_spectral,0.08561870682382086,,,96
6h,2021,North_Atlantic,MAM,"mean over τ∈[2, 4]",V1000,flow_spectral,0.16947062726176595,,,96
6h,2021,North_Atlantic,MAM,"mean over τ∈[2, 4]",V925,flow_spectral,0.19291615608588278,,,96
6h,2021,North_Atlantic,MAM,"mean over τ∈[2, 4]",V850,flow_spectral,0.24793756611165915,,,96
6h,2021,North_Atlantic,MAM,"mean over τ∈[2, 4]",V700,flow_spectral,0.29991323398918607,,,96
6h,2021,North_Atlantic,MAM,"mean over τ∈[2, 4]",Q1000,flow_spectral,0.022666718258505823,,,96
6h,2021,North_Atlantic,MAM,"mean over τ∈[2, 4]",Q925,flow_spectral,0.03990312522809361,,,96
6h,2021,North_Atlantic,MAM,"mean over τ∈[2, 4]",Q850,flow_spectral,0.054664286204093936,,,96
6h,2021,North_Atlantic,MAM,"mean over τ∈[2, 4]",Q700,flow_spectral,0.07222726716833838,,,96
6h,2021,North_Atlantic,MAM,"mean over τ∈[2, 4]",Z1000,flow_spectral,0.022168086610404737,,,96
6h,2021,North_Atlantic,MAM,"mean over τ∈[2, 4]",Z925,flow_spectral,0.017488456944239353,,,96
6h,2021,North_Atlantic,MAM,"mean over τ∈[2, 4]",Z850,flow_spectral,0.01360908249026327,,,96
6h,2021,North_Atlantic,MAM,"mean over τ∈[2, 4]",Z700,flow_spectral,0.008974851845951645,,,96
6h,2021,North_Atlantic,MAM,"mean over τ∈[2, 4]",t2m,flow_spectral,0.022544124271734096,,,96
6h,2021,North_Atlantic,MAM,"mean over τ∈[2, 4]",u10,flow_spectral,0.09439201731476321,,,96
6h,2021,North_Atlantic,MAM,"mean over τ∈[2, 4]",v10,flow_spectral,0.16077417290898505,,,96
6h,2021,North_Atlantic,MAM,"mean over τ∈[2, 4]",mslp,flow_spectral,0.02260973411819723,,,96
6h,2021,North_Atlantic,JJA,"mean over τ∈[2, 4]",T1000,flow_spectral,0.01902381704959583,,,96
6h,2021,North_Atlantic,JJA,"mean over τ∈[2, 4]",T925,flow_spectral,0.021123057435991553,,,96
6h,2021,North_Atlantic,JJA,"mean over τ∈[2, 4]",T850,flow_spectral,0.017597882468529,,,96
6h,2021,North_Atlantic,JJA,"mean over τ∈[2, 4]",T700,flow_spectral,0.016199683289883835,,,96
6h,2021,North_Atlantic,JJA,"mean over τ∈[2, 4]",U1000,flow_spectral,0.08665339492547887,,,96
6h,2021,North_Atlantic,JJA,"mean over τ∈[2, 4]",U925,flow_spectral,0.07734145392275377,,,96
6h,2021,North_Atlantic,JJA,"mean over τ∈[2, 4]",U850,flow_spectral,0.07337981271132066,,,96
6h,2021,North_Atlantic,JJA,"mean over τ∈[2, 4]",U700,flow_spectral,0.06695970344933115,,,96
6h,2021,North_Atlantic,JJA,"mean over τ∈[2, 4]",V1000,flow_spectral,0.1544203779847702,,,96
6h,2021,North_Atlantic,JJA,"mean over τ∈[2, 4]",V925,flow_spectral,0.16998584237985398,,,96
6h,2021,North_Atlantic,JJA,"mean over τ∈[2, 4]",V850,flow_spectral,0.20823681010643738,,,96
6h,2021,North_Atlantic,JJA,"mean over τ∈[2, 4]",V700,flow_spectral,0.2392902808800509,,,96
6h,2021,North_Atlantic,JJA,"mean over τ∈[2, 4]",Q1000,flow_spectral,0.027057308993730877,,,96
6h,2021,North_Atlantic,JJA,"mean over τ∈[2, 4]",Q925,flow_spectral,0.051557706524712706,,,96
6h,2021,North_Atlantic,JJA,"mean over τ∈[2, 4]",Q850,flow_spectral,0.05915769750603025,,,96
6h,2021,North_Atlantic,JJA,"mean over τ∈[2, 4]",Q700,flow_spectral,0.08678167837832959,,,96
6h,2021,North_Atlantic,JJA,"mean over τ∈[2, 4]",Z1000,flow_spectral,0.0201919323656389,,,96
6h,2021,North_Atlantic,JJA,"mean over τ∈[2, 4]",Z925,flow_spectral,0.015899410253687022,,,96
6h,2021,North_Atlantic,JJA,"mean over τ∈[2, 4]",Z850,flow_spectral,0.012387445191669106,,,96
6h,2021,North_Atlantic,JJA,"mean over τ∈[2, 4]",Z700,flow_spectral,0.00814165541918912,,,96
6h,2021,North_Atlantic,JJA,"mean over τ∈[2, 4]",t2m,flow_spectral,0.023048432512818268,,,96
6h,2021,North_Atlantic,JJA,"mean over τ∈[2, 4]",u10,flow_spectral,0.08265662385454733,,,96
6h,2021,North_Atlantic,JJA,"mean over τ∈[2, 4]",v10,flow_spectral,0.1429826495482052,,,96
6h,2021,North_Atlantic,JJA,"mean over τ∈[2, 4]",mslp,flow_spectral,0.020001201419063887,,,96
6h,2021,North_Atlantic,SON,"mean over τ∈[2, 4]",T1000,flow_spectral,0.016254766197092957,,,96
6h,2021,North_Atlantic,SON,"mean over τ∈[2, 4]",T925,flow_spectral,0.0178385667255711,,,96
6h,2021,North_Atlantic,SON,"mean over τ∈[2, 4]",T850,flow_spectral,0.0216370584203784,,,96
6h,2021,North_Atlantic,SON,"mean over τ∈[2, 4]",T700,flow_spectral,0.019822675661091995,,,96
6h,2021,North_Atlantic,SON,"mean over τ∈[2, 4]",U1000,flow_spectral,0.09378651563466439,,,96
6h,2021,North_Atlantic,SON,"mean over τ∈[2, 4]",U925,flow_spectral,0.0826794360405639,,,96
6h,2021,North_Atlantic,SON,"mean over τ∈[2, 4]",U850,flow_spectral,0.0824512721002587,,,96
6h,2021,North_Atlantic,SON,"mean over τ∈[2, 4]",U700,flow_spectral,0.08084001400350176,,,96
6h,2021,North_Atlantic,SON,"mean over τ∈[2, 4]",V1000,flow_spectral,0.16153341104078064,,,96
6h,2021,North_Atlantic,SON,"mean over τ∈[2, 4]",V925,flow_spectral,0.18570052308297394,,,96
6h,2021,North_Atlantic,SON,"mean over τ∈[2, 4]",V850,flow_spectral,0.23855167789554685,,,96
6h,2021,North_Atlantic,SON,"mean over τ∈[2, 4]",V700,flow_spectral,0.29055542863542555,,,96
6h,2021,North_Atlantic,SON,"mean over τ∈[2, 4]",Q1000,flow_spectral,0.02475437139594308,,,96
6h,2021,North_Atlantic,SON,"mean over τ∈[2, 4]",Q925,flow_spectral,0.04759619563401077,,,96
6h,2021,North_Atlantic,SON,"mean over τ∈[2, 4]",Q850,flow_spectral,0.06279288847293611,,,96
6h,2021,North_Atlantic,SON,"mean over τ∈[2, 4]",Q700,flow_spectral,0.08590981976784962,,,96
6h,2021,North_Atlantic,SON,"mean over τ∈[2, 4]",Z1000,flow_spectral,0.02236116901042383,,,96
6h,2021,North_Atlantic,SON,"mean over τ∈[2, 4]",Z925,flow_spectral,0.017813391726254055,,,96
6h,2021,North_Atlantic,SON,"mean over τ∈[2, 4]",Z850,flow_spectral,0.01389892900356139,,,96
6h,2021,North_Atlantic,SON,"mean over τ∈[2, 4]",Z700,flow_spectral,0.009133953106560488,,,96
6h,2021,North_Atlantic,SON,"mean over τ∈[2, 4]",t2m,flow_spectral,0.0204702303455763,,,96
6h,2021,North_Atlantic,SON,"mean over τ∈[2, 4]",u10,flow_spectral,0.09114168945681943,,,96
6h,2021,North_Atlantic,SON,"mean over τ∈[2, 4]",v10,flow_spectral,0.15489759341964995,,,96
6h,2021,North_Atlantic,SON,"mean over τ∈[2, 4]",mslp,flow_spectral,0.02230456773694518,,,96
6h,2021,West_Pacific,DJF,"mean over τ∈[2, 4]",T1000,flow_spectral,0.014233341268130308,,,96
6h,2021,West_Pacific,DJF,"mean over τ∈[2, 4]",T925,flow_spectral,0.014958270489218118,,,96
6h,2021,West_Pacific,DJF,"mean over τ∈[2, 4]",T850,flow_spectral,0.02314464785286447,,,96
6h,2021,West_Pacific,DJF,"mean over τ∈[2, 4]",T700,flow_spectral,0.023109557270961204,,,96
6h,2021,West_Pacific,DJF,"mean over τ∈[2, 4]",U1000,flow_spectral,0.09636577714744311,,,96
6h,2021,West_Pacific,DJF,"mean over τ∈[2, 4]",U925,flow_spectral,0.0820016533790797,,,96
6h,2021,West_Pacific,DJF,"mean over τ∈[2, 4]",U850,flow_spectral,0.09034215482697508,,,96
6h,2021,West_Pacific,DJF,"mean over τ∈[2, 4]",U700,flow_spectral,0.09476733212391236,,,96
6h,2021,West_Pacific,DJF,"mean over τ∈[2, 4]",V1000,flow_spectral,0.1667417058558199,,,96
6h,2021,West_Pacific,DJF,"mean over τ∈[2, 4]",V925,flow_spectral,0.1847052801297168,,,96
6h,2021,West_Pacific,DJF,"mean over τ∈[2, 4]",V850,flow_spectral,0.2530860679416205,,,96
6h,2021,West_Pacific,DJF,"mean over τ∈[2, 4]",V700,flow_spectral,0.3248134913558876,,,96
6h,2021,West_Pacific,DJF,"mean over τ∈[2, 4]",Q1000,flow_spectral,0.023241975855850864,,,96
6h,2021,West_Pacific,DJF,"mean over τ∈[2, 4]",Q925,flow_spectral,0.04564815799399186,,,96
6h,2021,West_Pacific,DJF,"mean over τ∈[2, 4]",Q850,flow_spectral,0.0762054212868633,,,96
6h,2021,West_Pacific,DJF,"mean over τ∈[2, 4]",Q700,flow_spectral,0.09533945568464296,,,96
6h,2021,West_Pacific,DJF,"mean over τ∈[2, 4]",Z1000,flow_spectral,0.030226506989141207,,,96
6h,2021,West_Pacific,DJF,"mean over τ∈[2, 4]",Z925,flow_spectral,0.024281373338342332,,,96
6h,2021,West_Pacific,DJF,"mean over τ∈[2, 4]",Z850,flow_spectral,0.019107133691152706,,,96
6h,2021,West_Pacific,DJF,"mean over τ∈[2, 4]",Z700,flow_spectral,0.012457006710762423,,,96
6h,2021,West_Pacific,DJF,"mean over τ∈[2, 4]",t2m,flow_spectral,0.015646902527800387,,,96
6h,2021,West_Pacific,DJF,"mean over τ∈[2, 4]",u10,flow_spectral,0.09432799849312852,,,96
6h,2021,West_Pacific,DJF,"mean over τ∈[2, 4]",v10,flow_spectral,0.16117407969928688,,,96
6h,2021,West_Pacific,DJF,"mean over τ∈[2, 4]",mslp,flow_spectral,0.030208180494615933,,,96
6h,2021,West_Pacific,MAM,"mean over τ∈[2, 4]",T1000,flow_spectral,0.014975284391073646,,,96
6h,2021,West_Pacific,MAM,"mean over τ∈[2, 4]",T925,flow_spectral,0.01646311380303148,,,96
6h,2021,West_Pacific,MAM,"mean over τ∈[2, 4]",T850,flow_spectral,0.020703496663048937,,,96
6h,2021,West_Pacific,MAM,"mean over τ∈[2, 4]",T700,flow_spectral,0.01909060109701648,,,96
6h,2021,West_Pacific,MAM,"mean over τ∈[2, 4]",U1000,flow_spectral,0.08757871375951568,,,96
6h,2021,West_Pacific,MAM,"mean over τ∈[2, 4]",U925,flow_spectral,0.07372929536467863,,,96
6h,2021,West_Pacific,MAM,"mean over τ∈[2, 4]",U850,flow_spectral,0.07516921197300945,,,96
6h,2021,West_Pacific,MAM,"mean over τ∈[2, 4]",U700,flow_spectral,0.07547550861421368,,,96
6h,2021,West_Pacific,MAM,"mean over τ∈[2, 4]",V1000,flow_spectral,0.15815305116675557,,,96
6h,2021,West_Pacific,MAM,"mean over τ∈[2, 4]",V925,flow_spectral,0.1673602040151929,,,96
6h,2021,West_Pacific,MAM,"mean over τ∈[2, 4]",V850,flow_spectral,0.21582282657870697,,,96
6h,2021,West_Pacific,MAM,"mean over τ∈[2, 4]",V700,flow_spectral,0.26674421712560925,,,96
6h,2021,West_Pacific,MAM,"mean over τ∈[2, 4]",Q1000,flow_spectral,0.02310107793544763,,,96
6h,2021,West_Pacific,MAM,"mean over τ∈[2, 4]",Q925,flow_spectral,0.05070926839202206,,,96
6h,2021,West_Pacific,MAM,"mean over τ∈[2, 4]",Q850,flow_spectral,0.06527929668673375,,,96
6h,2021,West_Pacific,MAM,"mean over τ∈[2, 4]",Q700,flow_spectral,0.0920987862005667,,,96
6h,2021,West_Pacific,MAM,"mean over τ∈[2, 4]",Z1000,flow_spectral,0.025996983712477564,,,96
6h,2021,West_Pacific,MAM,"mean over τ∈[2, 4]",Z925,flow_spectral,0.020899961242097538,,,96
6h,2021,West_Pacific,MAM,"mean over τ∈[2, 4]",Z850,flow_spectral,0.016427079557344675,,,96
6h,2021,West_Pacific,MAM,"mean over τ∈[2, 4]",Z700,flow_spectral,0.010743560118280314,,,96
6h,2021,West_Pacific,MAM,"mean over τ∈[2, 4]",t2m,flow_spectral,0.01621661352117471,,,96
6h,2021,West_Pacific,MAM,"mean over τ∈[2, 4]",u10,flow_spectral,0.08279938970901987,,,96
6h,2021,West_Pacific,MAM,"mean over τ∈[2, 4]",v10,flow_spectral,0.1480831452112577,,,96
6h,2021,West_Pacific,MAM,"mean over τ∈[2, 4]",mslp,flow_spectral,0.025589649242493396,,,96
6h,2021,West_Pacific,JJA,"mean over τ∈[2, 4]",T1000,flow_spectral,0.014864571272254799,,,96
6h,2021,West_Pacific,JJA,"mean over τ∈[2, 4]",T925,flow_spectral,0.015614863762531196,,,96
6h,2021,West_Pacific,JJA,"mean over τ∈[2, 4]",T850,flow_spectral,0.015653649752834137,,,96
6h,2021,West_Pacific,JJA,"mean over τ∈[2, 4]",T700,flow_spectral,0.01589885938357448,,,96
6h,2021,West_Pacific,JJA,"mean over τ∈[2, 4]",U1000,flow_spectral,0.0805658385589135,,,96
6h,2021,West_Pacific,JJA,"mean over τ∈[2, 4]",U925,flow_spectral,0.06575991208792377,,,96
6h,2021,West_Pacific,JJA,"mean over τ∈[2, 4]",U850,flow_spectral,0.06124572540582067,,,96
6h,2021,West_Pacific,JJA,"mean over τ∈[2, 4]",U700,flow_spectral,0.06079983343083933,,,96
6h,2021,West_Pacific,JJA,"mean over τ∈[2, 4]",V1000,flow_spectral,0.1383949153418585,,,96
6h,2021,West_Pacific,JJA,"mean over τ∈[2, 4]",V925,flow_spectral,0.14361940798129275,,,96
6h,2021,West_Pacific,JJA,"mean over τ∈[2, 4]",V850,flow_spectral,0.17267423839538365,,,96
6h,2021,West_Pacific,JJA,"mean over τ∈[2, 4]",V700,flow_spectral,0.21731161481518896,,,96
6h,2021,West_Pacific,JJA,"mean over τ∈[2, 4]",Q1000,flow_spectral,0.025187834964276002,,,96
6h,2021,West_Pacific,JJA,"mean over τ∈[2, 4]",Q925,flow_spectral,0.05648806976150484,,,96
6h,2021,West_Pacific,JJA,"mean over τ∈[2, 4]",Q850,flow_spectral,0.06195561365107298,,,96
6h,2021,West_Pacific,JJA,"mean over τ∈[2, 4]",Q700,flow_spectral,0.09070056962676103,,,96
6h,2021,West_Pacific,JJA,"mean over τ∈[2, 4]",Z1000,flow_spectral,0.023216401182544557,,,96
6h,2021,West_Pacific,JJA,"mean over τ∈[2, 4]",Z925,flow_spectral,0.018688280882210712,,,96
6h,2021,West_Pacific,JJA,"mean over τ∈[2, 4]",Z850,flow_spectral,0.014635709436459978,,,96
6h,2021,West_Pacific,JJA,"mean over τ∈[2, 4]",Z700,flow_spectral,0.009585212925171473,,,96
6h,2021,West_Pacific,JJA,"mean over τ∈[2, 4]",t2m,flow_spectral,0.01564444200564153,,,96
6h,2021,West_Pacific,JJA,"mean over τ∈[2, 4]",u10,flow_spectral,0.07932728270836434,,,96
6h,2021,West_Pacific,JJA,"mean over τ∈[2, 4]",v10,flow_spectral,0.1368333844000146,,,96
6h,2021,West_Pacific,JJA,"mean over τ∈[2, 4]",mslp,flow_spectral,0.022258484086058263,,,96
6h,2021,West_Pacific,SON,"mean over τ∈[2, 4]",T1000,flow_spectral,0.014623419541584236,,,96
6h,2021,West_Pacific,SON,"mean over τ∈[2, 4]",T925,flow_spectral,0.014518471360163262,,,96
6h,2021,West_Pacific,SON,"mean over τ∈[2, 4]",T850,flow_spectral,0.018902040930064836,,,96
6h,2021,West_Pacific,SON,"mean over τ∈[2, 4]",T700,flow_spectral,0.018342888432332095,,,96
6h,2021,West_Pacific,SON,"mean over τ∈[2, 4]",U1000,flow_spectral,0.08457029238285643,,,96
6h,2021,West_Pacific,SON,"mean over τ∈[2, 4]",U925,flow_spectral,0.06963594179861284,,,96
6h,2021,West_Pacific,SON,"mean over τ∈[2, 4]",U850,flow_spectral,0.06901472459028503,,,96
6h,2021,West_Pacific,SON,"mean over τ∈[2, 4]",U700,flow_spectral,0.0716943513114887,,,96
6h,2021,West_Pacific,SON,"mean over τ∈[2, 4]",V1000,flow_spectral,0.14988390416816808,,,96
6h,2021,West_Pacific,SON,"mean over τ∈[2, 4]",V925,flow_spectral,0.15639795705871293,,,96
6h,2021,West_Pacific,SON,"mean over τ∈[2, 4]",V850,flow_spectral,0.19858866659806496,,,96
6h,2021,West_Pacific,SON,"mean over τ∈[2, 4]",V700,flow_spectral,0.2521643323989204,,,96
6h,2021,West_Pacific,SON,"mean over τ∈[2, 4]",Q1000,flow_spectral,0.02494324748112803,,,96
6h,2021,West_Pacific,SON,"mean over τ∈[2, 4]",Q925,flow_spectral,0.055406737669574484,,,96
6h,2021,West_Pacific,SON,"mean over τ∈[2, 4]",Q850,flow_spectral,0.0704263715624924,,,96
6h,2021,West_Pacific,SON,"mean over τ∈[2, 4]",Q700,flow_spectral,0.09778447901712684,,,96
6h,2021,West_Pacific,SON,"mean over τ∈[2, 4]",Z1000,flow_spectral,0.02552591231440255,,,96
6h,2021,West_Pacific,SON,"mean over τ∈[2, 4]",Z925,flow_spectral,0.020555784608025436,,,96
6h,2021,West_Pacific,SON,"mean over τ∈[2, 4]",Z850,flow_spectral,0.01616810961270387,,,96
6h,2021,West_Pacific,SON,"mean over τ∈[2, 4]",Z700,flow_spectral,0.010515946383010956,,,96
6h,2021,West_Pacific,SON,"mean over τ∈[2, 4]",t2m,flow_spectral,0.01621418106105185,,,96
6h,2021,West_Pacific,SON,"mean over τ∈[2, 4]",u10,flow_spectral,0.0831360128498028,,,96
6h,2021,West_Pacific,SON,"mean over τ∈[2, 4]",v10,flow_spectral,0.1476263120643046,,,96
6h,2021,West_Pacific,SON,"mean over τ∈[2, 4]",mslp,flow_spectral,0.02474789462027055,,,96
6h,2021,Land,DJF,"mean over τ∈[2, 4]",T1000,flow_spectral,0.016083368406366212,,,96
6h,2021,Land,DJF,"mean over τ∈[2, 4]",T925,flow_spectral,0.01760164679772477,,,96
6h,2021,Land,DJF,"mean over τ∈[2, 4]",T850,flow_spectral,0.020403882481546235,,,96
6h,2021,Land,DJF,"mean over τ∈[2, 4]",T700,flow_spectral,0.01681118602505378,,,96
6h,2021,Land,DJF,"mean over τ∈[2, 4]",U1000,flow_spectral,0.0724842310079309,,,96
6h,2021,Land,DJF,"mean over τ∈[2, 4]",U925,flow_spectral,0.0660734913998662,,,96
6h,2021,Land,DJF,"mean over τ∈[2, 4]",U850,flow_spectral,0.068102412864348,,,96
6h,2021,Land,DJF,"mean over τ∈[2, 4]",U700,flow_spectral,0.0648022209150437,,,96
6h,2021,Land,DJF,"mean over τ∈[2, 4]",V1000,flow_spectral,0.12421437644156814,,,96
6h,2021,Land,DJF,"mean over τ∈[2, 4]",V925,flow_spectral,0.14782550496112606,,,96
6h,2021,Land,DJF,"mean over τ∈[2, 4]",V850,flow_spectral,0.1956124565392332,,,96
6h,2021,Land,DJF,"mean over τ∈[2, 4]",V700,flow_spectral,0.2328624698184051,,,96
6h,2021,Land,DJF,"mean over τ∈[2, 4]",Q1000,flow_spectral,0.027010252443724573,,,96
6h,2021,Land,DJF,"mean over τ∈[2, 4]",Q925,flow_spectral,0.040336678724166554,,,96
6h,2021,Land,DJF,"mean over τ∈[2, 4]",Q850,flow_spectral,0.05677186808935902,,,96
6h,2021,Land,DJF,"mean over τ∈[2, 4]",Q700,flow_spectral,0.07566560065412711,,,96
6h,2021,Land,DJF,"mean over τ∈[2, 4]",Z1000,flow_spectral,0.02353712883426969,,,96
6h,2021,Land,DJF,"mean over τ∈[2, 4]",Z925,flow_spectral,0.018689856635557875,,,96
6h,2021,Land,DJF,"mean over τ∈[2, 4]",Z850,flow_spectral,0.014622691944968324,,,96
6h,2021,Land,DJF,"mean over τ∈[2, 4]",Z700,flow_spectral,0.00961133859750323,,,96
6h,2021,Land,DJF,"mean over τ∈[2, 4]",t2m,flow_spectral,0.0231656804217566,,,96
6h,2021,Land,DJF,"mean over τ∈[2, 4]",u10,flow_spectral,0.07380441244974782,,,96
6h,2021,Land,DJF,"mean over τ∈[2, 4]",v10,flow_spectral,0.1248981541256411,,,96
6h,2021,Land,DJF,"mean over τ∈[2, 4]",mslp,flow_spectral,0.023727214948830427,,,96
6h,2021,Land,MAM,"mean over τ∈[2, 4]",T1000,flow_spectral,0.016678193338123346,,,96
6h,2021,Land,MAM,"mean over τ∈[2, 4]",T925,flow_spectral,0.017577744102186887,,,96
6h,2021,Land,MAM,"mean over τ∈[2, 4]",T850,flow_spectral,0.02007375196201498,,,96
6h,2021,Land,MAM,"mean over τ∈[2, 4]",T700,flow_spectral,0.01738485096083113,,,96
6h,2021,Land,MAM,"mean over τ∈[2, 4]",U1000,flow_spectral,0.0774209202400764,,,96
6h,2021,Land,MAM,"mean over τ∈[2, 4]",U925,flow_spectral,0.07092000994047995,,,96
6h,2021,Land,MAM,"mean over τ∈[2, 4]",U850,flow_spectral,0.07127528756318258,,,96
6h,2021,Land,MAM,"mean over τ∈[2, 4]",U700,flow_spectral,0.0686133041057674,,,96
6h,2021,Land,MAM,"mean over τ∈[2, 4]",V1000,flow_spectral,0.13187533558149148,,,96
6h,2021,Land,MAM,"mean over τ∈[2, 4]",V925,flow_spectral,0.1583727417422528,,,96
6h,2021,Land,MAM,"mean over τ∈[2, 4]",V850,flow_spectral,0.20450634398034354,,,96
6h,2021,Land,MAM,"mean over τ∈[2, 4]",V700,flow_spectral,0.24634404871010546,,,96
6h,2021,Land,MAM,"mean over τ∈[2, 4]",Q1000,flow_spectral,0.027724006771204797,,,96
6h,2021,Land,MAM,"mean over τ∈[2, 4]",Q925,flow_spectral,0.040230111169076474,,,96
6h,2021,Land,MAM,"mean over τ∈[2, 4]",Q850,flow_spectral,0.053353131382850964,,,96
6h,2021,Land,MAM,"mean over τ∈[2, 4]",Q700,flow_spectral,0.07444259068499089,,,96
6h,2021,Land,MAM,"mean over τ∈[2, 4]",Z1000,flow_spectral,0.023526004898401925,,,96
6h,2021,Land,MAM,"mean over τ∈[2, 4]",Z925,flow_spectral,0.018720401674141875,,,96
6h,2021,Land,MAM,"mean over τ∈[2, 4]",Z850,flow_spectral,0.014621441063707061,,,96
6h,2021,Land,MAM,"mean over τ∈[2, 4]",Z700,flow_spectral,0.009638415547491546,,,96
6h,2021,Land,MAM,"mean over τ∈[2, 4]",t2m,flow_spectral,0.02403385886888943,,,96
6h,2021,Land,MAM,"mean over τ∈[2, 4]",u10,flow_spectral,0.07939098722632877,,,96
6h,2021,Land,MAM,"mean over τ∈[2, 4]",v10,flow_spectral,0.13343131915245496,,,96
6h,2021,Land,MAM,"mean over τ∈[2, 4]",mslp,flow_spectral,0.023843520583351513,,,96
6h,2021,Land,JJA,"mean over τ∈[2, 4]",T1000,flow_spectral,0.016813530517043672,,,96
6h,2021,Land,JJA,"mean over τ∈[2, 4]",T925,flow_spectral,0.017255323363045187,,,96
6h,2021,Land,JJA,"mean over τ∈[2, 4]",T850,flow_spectral,0.019726765652373638,,,96
6h,2021,Land,JJA,"mean over τ∈[2, 4]",T700,flow_spectral,0.017784174280701497,,,96
6h,2021,Land,JJA,"mean over τ∈[2, 4]",U1000,flow_spectral,0.07901555904174601,,,96
6h,2021,Land,JJA,"mean over τ∈[2, 4]",U925,flow_spectral,0.07313302610890718,,,96
6h,2021,Land,JJA,"mean over τ∈[2, 4]",U850,flow_spectral,0.07316253513190125,,,96
6h,2021,Land,JJA,"mean over τ∈[2, 4]",U700,flow_spectral,0.07128271554754592,,,96
6h,2021,Land,JJA,"mean over τ∈[2, 4]",V1000,flow_spectral,0.13278206330114772,,,96
6h,2021,Land,JJA,"mean over τ∈[2, 4]",V925,flow_spectral,0.1611060853668665,,,96
6h,2021,Land,JJA,"mean over τ∈[2, 4]",V850,flow_spectral,0.20855532035009977,,,96
6h,2021,Land,JJA,"mean over τ∈[2, 4]",V700,flow_spectral,0.2545006522891958,,,96
6h,2021,Land,JJA,"mean over τ∈[2, 4]",Q1000,flow_spectral,0.026409606126302148,,,96
6h,2021,Land,JJA,"mean over τ∈[2, 4]",Q925,flow_spectral,0.039169477156043825,,,96
6h,2021,Land,JJA,"mean over τ∈[2, 4]",Q850,flow_spectral,0.05041503088429949,,,96
6h,2021,Land,JJA,"mean over τ∈[2, 4]",Q700,flow_spectral,0.0692753142360032,,,96
6h,2021,Land,JJA,"mean over τ∈[2, 4]",Z1000,flow_spectral,0.02397155550516201,,,96
6h,2021,Land,JJA,"mean over τ∈[2, 4]",Z925,flow_spectral,0.019082867254599362,,,96
6h,2021,Land,JJA,"mean over τ∈[2, 4]",Z850,flow_spectral,0.01495204119199583,,,96
6h,2021,Land,JJA,"mean over τ∈[2, 4]",Z700,flow_spectral,0.009827966720745608,,,96
6h,2021,Land,JJA,"mean over τ∈[2, 4]",t2m,flow_spectral,0.024212923687959235,,,96
6h,2021,Land,JJA,"mean over τ∈[2, 4]",u10,flow_spectral,0.08157863221930495,,,96
6h,2021,Land,JJA,"mean over τ∈[2, 4]",v10,flow_spectral,0.13513073110229296,,,96
6h,2021,Land,JJA,"mean over τ∈[2, 4]",mslp,flow_spectral,0.024468460221250786,,,96
6h,2021,Land,SON,"mean over τ∈[2, 4]",T1000,flow_spectral,0.01662072980945603,,,96
6h,2021,Land,SON,"mean over τ∈[2, 4]",T925,flow_spectral,0.01829713622955512,,,96
6h,2021,Land,SON,"mean over τ∈[2, 4]",T850,flow_spectral,0.020477230823833906,,,96
6h,2021,Land,SON,"mean over τ∈[2, 4]",T700,flow_spectral,0.016705384415202085,,,96
6h,2021,Land,SON,"mean over τ∈[2, 4]",U1000,flow_spectral,0.07525135272116026,,,96
6h,2021,Land,SON,"mean over τ∈[2, 4]",U925,flow_spectral,0.06909590053994602,,,96
6h,2021,Land,SON,"mean over τ∈[2, 4]",U850,flow_spectral,0.07070734878772333,,,96
6h,2021,Land,SON,"mean over τ∈[2, 4]",U700,flow_spectral,0.06714187493414227,,,96
6h,2021,Land,SON,"mean over τ∈[2, 4]",V1000,flow_spectral,0.12755821196630085,,,96
6h,2021,Land,SON,"mean over τ∈[2, 4]",V925,flow_spectral,0.15420314400500434,,,96
6h,2021,Land,SON,"mean over τ∈[2, 4]",V850,flow_spectral,0.2017310561395342,,,96
6h,2021,Land,SON,"mean over τ∈[2, 4]",V700,flow_spectral,0.24049104756331613,,,96
6h,2021,Land,SON,"mean over τ∈[2, 4]",Q1000,flow_spectral,0.027733085986371628,,,96
6h,2021,Land,SON,"mean over τ∈[2, 4]",Q925,flow_spectral,0.041698971366725485,,,96
6h,2021,Land,SON,"mean over τ∈[2, 4]",Q850,flow_spectral,0.05230448342246811,,,96
6h,2021,Land,SON,"mean over τ∈[2, 4]",Q700,flow_spectral,0.06968175469812145,,,96
6h,2021,Land,SON,"mean over τ∈[2, 4]",Z1000,flow_spectral,0.02411204401776781,,,96
6h,2021,Land,SON,"mean over τ∈[2, 4]",Z925,flow_spectral,0.01909906610398597,,,96
6h,2021,Land,SON,"mean over τ∈[2, 4]",Z850,flow_spectral,0.014936404626376857,,,96
6h,2021,Land,SON,"mean over τ∈[2, 4]",Z700,flow_spectral,0.009800307911402578,,,96
6h,2021,Land,SON,"mean over τ∈[2, 4]",t2m,flow_spectral,0.024405488933981593,,,96
6h,2021,Land,SON,"mean over τ∈[2, 4]",u10,flow_spectral,0.07764602951183967,,,96
6h,2021,Land,SON,"mean over τ∈[2, 4]",v10,flow_spectral,0.1302665121393976,,,96
6h,2021,Land,SON,"mean over τ∈[2, 4]",mslp,flow_spectral,0.024323069839668157,,,96
6h,2021,Ocean,DJF,"mean over τ∈[2, 4]",T1000,flow_spectral,0.01762514493165226,,,96
6h,2021,Ocean,DJF,"mean over τ∈[2, 4]",T925,flow_spectral,0.018856309967974164,,,96
6h,2021,Ocean,DJF,"mean over τ∈[2, 4]",T850,flow_spectral,0.020755092291965052,,,96
6h,2021,Ocean,DJF,"mean over τ∈[2, 4]",T700,flow_spectral,0.018660824109253547,,,96
6h,2021,Ocean,DJF,"mean over τ∈[2, 4]",U1000,flow_spectral,0.07863277751091095,,,96
6h,2021,Ocean,DJF,"mean over τ∈[2, 4]",U925,flow_spectral,0.07224613836607974,,,96
6h,2021,Ocean,DJF,"mean over τ∈[2, 4]",U850,flow_spectral,0.07304012901384012,,,96
6h,2021,Ocean,DJF,"mean over τ∈[2, 4]",U700,flow_spectral,0.07313444441540248,,,96
6h,2021,Ocean,DJF,"mean over τ∈[2, 4]",V1000,flow_spectral,0.1359387468403809,,,96
6h,2021,Ocean,DJF,"mean over τ∈[2, 4]",V925,flow_spectral,0.15959302070863005,,,96
6h,2021,Ocean,DJF,"mean over τ∈[2, 4]",V850,flow_spectral,0.2089230304031837,,,96
6h,2021,Ocean,DJF,"mean over τ∈[2, 4]",V700,flow_spectral,0.25955829377260164,,,96
6h,2021,Ocean,DJF,"mean over τ∈[2, 4]",Q1000,flow_spectral,0.024388166572933884,,,96
6h,2021,Ocean,DJF,"mean over τ∈[2, 4]",Q925,flow_spectral,0.045172656946726654,,,96
6h,2021,Ocean,DJF,"mean over τ∈[2, 4]",Q850,flow_spectral,0.05976240850186076,,,96
6h,2021,Ocean,DJF,"mean over τ∈[2, 4]",Q700,flow_spectral,0.07752122691541867,,,96
6h,2021,Ocean,DJF,"mean over τ∈[2, 4]",Z1000,flow_spectral,0.026391056043178793,,,96
6h,2021,Ocean,DJF,"mean over τ∈[2, 4]",Z925,flow_spectral,0.020778189055614998,,,96
6h,2021,Ocean,DJF,"mean over τ∈[2, 4]",Z850,flow_spectral,0.016076689264780255,,,96
6h,2021,Ocean,DJF,"mean over τ∈[2, 4]",Z700,flow_spectral,0.010369570858646258,,,96
6h,2021,Ocean,DJF,"mean over τ∈[2, 4]",t2m,flow_spectral,0.028127616731292583,,,96
6h,2021,Ocean,DJF,"mean over τ∈[2, 4]",u10,flow_spectral,0.07925501311171328,,,96
6h,2021,Ocean,DJF,"mean over τ∈[2, 4]",v10,flow_spectral,0.13624975322629407,,,96
6h,2021,Ocean,DJF,"mean over τ∈[2, 4]",mslp,flow_spectral,0.026825210559321053,,,96
6h,2021,Ocean,MAM,"mean over τ∈[2, 4]",T1000,flow_spectral,0.019660950231299237,,,96
6h,2021,Ocean,MAM,"mean over τ∈[2, 4]",T925,flow_spectral,0.0200152290087473,,,96
6h,2021,Ocean,MAM,"mean over τ∈[2, 4]",T850,flow_spectral,0.020749819351629062,,,96
6h,2021,Ocean,MAM,"mean over τ∈[2, 4]",T700,flow_spectral,0.018240776135499487,,,96
6h,2021,Ocean,MAM,"mean over τ∈[2, 4]",U1000,flow_spectral,0.0805555502183366,,,96
6h,2021,Ocean,MAM,"mean over τ∈[2, 4]",U925,flow_spectral,0.07432987838469769,,,96
6h,2021,Ocean,MAM,"mean over τ∈[2, 4]",U850,flow_spectral,0.07437416223785999,,,96
6h,2021,Ocean,MAM,"mean over τ∈[2, 4]",U700,flow_spectral,0.07213184325639234,,,96
6h,2021,Ocean,MAM,"mean over τ∈[2, 4]",V1000,flow_spectral,0.13976598667067686,,,96
6h,2021,Ocean,MAM,"mean over τ∈[2, 4]",V925,flow_spectral,0.164877049032379,,,96
6h,2021,Ocean,MAM,"mean over τ∈[2, 4]",V850,flow_spectral,0.2123669263206227,,,96
6h,2021,Ocean,MAM,"mean over τ∈[2, 4]",V700,flow_spectral,0.25536632746131915,,,96
6h,2021,Ocean,MAM,"mean over τ∈[2, 4]",Q1000,flow_spectral,0.028042722900964812,,,96
6h,2021,Ocean,MAM,"mean over τ∈[2, 4]",Q925,flow_spectral,0.04796370435095051,,,96
6h,2021,Ocean,MAM,"mean over τ∈[2, 4]",Q850,flow_spectral,0.05965206345403489,,,96
6h,2021,Ocean,MAM,"mean over τ∈[2, 4]",Q700,flow_spectral,0.07833293057712788,,,96
6h,2021,Ocean,MAM,"mean over τ∈[2, 4]",Z1000,flow_spectral,0.02614434107130236,,,96
6h,2021,Ocean,MAM,"mean over τ∈[2, 4]",Z925,flow_spectral,0.02045804100927983,,,96
6h,2021,Ocean,MAM,"mean over τ∈[2, 4]",Z850,flow_spectral,0.015753587841527736,,,96
6h,2021,Ocean,MAM,"mean over τ∈[2, 4]",Z700,flow_spectral,0.010092882685585445,,,96
6h,2021,Ocean,MAM,"mean over τ∈[2, 4]",t2m,flow_spectral,0.03163452504785012,,,96
6h,2021,Ocean,MAM,"mean over τ∈[2, 4]",u10,flow_spectral,0.08110710103725792,,,96
6h,2021,Ocean,MAM,"mean over τ∈[2, 4]",v10,flow_spectral,0.1400167314839526,,,96
6h,2021,Ocean,MAM,"mean over τ∈[2, 4]",mslp,flow_spectral,0.026483217426804907,,,96
6h,2021,Ocean,JJA,"mean over τ∈[2, 4]",T1000,flow_spectral,0.01932249060090282,,,96
6h,2021,Ocean,JJA,"mean over τ∈[2, 4]",T925,flow_spectral,0.019777639522332427,,,96
6h,2021,Ocean,JJA,"mean over τ∈[2, 4]",T850,flow_spectral,0.020152212112227792,,,96
6h,2021,Ocean,JJA,"mean over τ∈[2, 4]",T700,flow_spectral,0.017599630053460377,,,96
6h,2021,Ocean,JJA,"mean over τ∈[2, 4]",U1000,flow_spectral,0.07994981121360938,,,96
6h,2021,Ocean,JJA,"mean over τ∈[2, 4]",U925,flow_spectral,0.07425929214297321,,,96
6h,2021,Ocean,JJA,"mean over τ∈[2, 4]",U850,flow_spectral,0.07329111216910643,,,96
6h,2021,Ocean,JJA,"mean over τ∈[2, 4]",U700,flow_spectral,0.0692542380512084,,,96
6h,2021,Ocean,JJA,"mean over τ∈[2, 4]",V1000,flow_spectral,0.13762467795628688,,,96
6h,2021,Ocean,JJA,"mean over τ∈[2, 4]",V925,flow_spectral,0.16335793847015007,,,96
6h,2021,Ocean,JJA,"mean over τ∈[2, 4]",V850,flow_spectral,0.2091958226471771,,,96
6h,2021,Ocean,JJA,"mean over τ∈[2, 4]",V700,flow_spectral,0.2458290022326906,,,96
6h,2021,Ocean,JJA,"mean over τ∈[2, 4]",Q1000,flow_spectral,0.03271409635741325,,,96
6h,2021,Ocean,JJA,"mean over τ∈[2, 4]",Q925,flow_spectral,0.04923448283182199,,,96
6h,2021,Ocean,JJA,"mean over τ∈[2, 4]",Q850,flow_spectral,0.06432178455480743,,,96
6h,2021,Ocean,JJA,"mean over τ∈[2, 4]",Q700,flow_spectral,0.08457735281978304,,,96
6h,2021,Ocean,JJA,"mean over τ∈[2, 4]",Z1000,flow_spectral,0.025533386286859392,,,96
6h,2021,Ocean,JJA,"mean over τ∈[2, 4]",Z925,flow_spectral,0.020055191080332234,,,96
6h,2021,Ocean,JJA,"mean over τ∈[2, 4]",Z850,flow_spectral,0.015493899637902094,,,96
6h,2021,Ocean,JJA,"mean over τ∈[2, 4]",Z700,flow_spectral,0.009898943204687207,,,96
6h,2021,Ocean,JJA,"mean over τ∈[2, 4]",t2m,flow_spectral,0.03165835094443809,,,96
6h,2021,Ocean,JJA,"mean over τ∈[2, 4]",u10,flow_spectral,0.08114371628175784,,,96
6h,2021,Ocean,JJA,"mean over τ∈[2, 4]",v10,flow_spectral,0.13891687334261818,,,96
6h,2021,Ocean,JJA,"mean over τ∈[2, 4]",mslp,flow_spectral,0.02572451417734985,,,96
6h,2021,Ocean,SON,"mean over τ∈[2, 4]",T1000,flow_spectral,0.017507212932835407,,,96
6h,2021,Ocean,SON,"mean over τ∈[2, 4]",T925,flow_spectral,0.01834770534222653,,,96
6h,2021,Ocean,SON,"mean over τ∈[2, 4]",T850,flow_spectral,0.02065955360433196,,,96
6h,2021,Ocean,SON,"mean over τ∈[2, 4]",T700,flow_spectral,0.01771395131796492,,,96
6h,2021,Ocean,SON,"mean over τ∈[2, 4]",U1000,flow_spectral,0.07695711557373586,,,96
6h,2021,Ocean,SON,"mean over τ∈[2, 4]",U925,flow_spectral,0.07091842023079273,,,96
6h,2021,Ocean,SON,"mean over τ∈[2, 4]",U850,flow_spectral,0.07143976606800566,,,96
6h,2021,Ocean,SON,"mean over τ∈[2, 4]",U700,flow_spectral,0.06906061229055,,,96
6h,2021,Ocean,SON,"mean over τ∈[2, 4]",V1000,flow_spectral,0.1329678235018119,,,96
6h,2021,Ocean,SON,"mean over τ∈[2, 4]",V925,flow_spectral,0.15709983934390495,,,96
6h,2021,Ocean,SON,"mean over τ∈[2, 4]",V850,flow_spectral,0.2042374011519603,,,96
6h,2021,Ocean,SON,"mean over τ∈[2, 4]",V700,flow_spectral,0.2449828208000533,,,96
6h,2021,Ocean,SON,"mean over τ∈[2, 4]",Q1000,flow_spectral,0.027407703703563064,,,96
6h,2021,Ocean,SON,"mean over τ∈[2, 4]",Q925,flow_spectral,0.0467226591182602,,,96
6h,2021,Ocean,SON,"mean over τ∈[2, 4]",Q850,flow_spectral,0.061994727749182944,,,96
6h,2021,Ocean,SON,"mean over τ∈[2, 4]",Q700,flow_spectral,0.07940490106861142,,,96
6h,2021,Ocean,SON,"mean over τ∈[2, 4]",Z1000,flow_spectral,0.026022242578980587,,,96
6h,2021,Ocean,SON,"mean over τ∈[2, 4]",Z925,flow_spectral,0.02055984865839542,,,96
6h,2021,Ocean,SON,"mean over τ∈[2, 4]",Z850,flow_spectral,0.01591289071006579,,,96
6h,2021,Ocean,SON,"mean over τ∈[2, 4]",Z700,flow_spectral,0.010230662310276485,,,96
6h,2021,Ocean,SON,"mean over τ∈[2, 4]",t2m,flow_spectral,0.029194742403722142,,,96
6h,2021,Ocean,SON,"mean over τ∈[2, 4]",u10,flow_spectral,0.07776147534223268,,,96
6h,2021,Ocean,SON,"mean over τ∈[2, 4]",v10,flow_spectral,0.13367526741482164,,,96
6h,2021,Ocean,SON,"mean over τ∈[2, 4]",mslp,flow_spectral,0.02625853329948855,,,96
6h,2021,Tropics,DJF,"mean over τ∈[2, 4]",T1000,refine,0.016816657127652342,,,96
6h,2021,Tropics,DJF,"mean over τ∈[2, 4]",T925,refine,0.017160853627879457,,,96
6h,2021,Tropics,DJF,"mean over τ∈[2, 4]",T850,refine,0.0195182502003137,,,96
6h,2021,Tropics,DJF,"mean over τ∈[2, 4]",T700,refine,0.016179833941508934,,,96
6h,2021,Tropics,DJF,"mean over τ∈[2, 4]",U1000,refine,0.06200704971971859,,,96
6h,2021,Tropics,DJF,"mean over τ∈[2, 4]",U925,refine,0.05625563456085447,,,96
6h,2021,Tropics,DJF,"mean over τ∈[2, 4]",U850,refine,0.056002679842906966,,,96
6h,2021,Tropics,DJF,"mean over τ∈[2, 4]",U700,refine,0.051649883836679254,,,96
6h,2021,Tropics,DJF,"mean over τ∈[2, 4]",V1000,refine,0.10694906520727117,,,96
6h,2021,Tropics,DJF,"mean over τ∈[2, 4]",V925,refine,0.12090860048485838,,,96
6h,2021,Tropics,DJF,"mean over τ∈[2, 4]",V850,refine,0.15710804218212665,,,96
6h,2021,Tropics,DJF,"mean over τ∈[2, 4]",V700,refine,0.18404984545901773,,,96
6h,2021,Tropics,DJF,"mean over τ∈[2, 4]",Q1000,refine,0.030674065572115786,,,96
6h,2021,Tropics,DJF,"mean over τ∈[2, 4]",Q925,refine,0.055552786827853376,,,96
6h,2021,Tropics,DJF,"mean over τ∈[2, 4]",Q850,refine,0.07121931506687143,,,96
6h,2021,Tropics,DJF,"mean over τ∈[2, 4]",Q700,refine,0.08809129208219284,,,96
6h,2021,Tropics,DJF,"mean over τ∈[2, 4]",Z1000,refine,0.022870818047301983,,,96
6h,2021,Tropics,DJF,"mean over τ∈[2, 4]",Z925,refine,0.01829706140802667,,,96
6h,2021,Tropics,DJF,"mean over τ∈[2, 4]",Z850,refine,0.01434616460449397,,,96
6h,2021,Tropics,DJF,"mean over τ∈[2, 4]",Z700,refine,0.009366661237703454,,,96
6h,2021,Tropics,DJF,"mean over τ∈[2, 4]",t2m,refine,0.025683791207804688,,,96
6h,2021,Tropics,DJF,"mean over τ∈[2, 4]",u10,refine,0.06366199753623536,,,96
6h,2021,Tropics,DJF,"mean over τ∈[2, 4]",v10,refine,0.11128063994776236,,,96
6h,2021,Tropics,DJF,"mean over τ∈[2, 4]",mslp,refine,0.0221477495959905,,,96
6h,2021,Tropics,MAM,"mean over τ∈[2, 4]",T1000,refine,0.0171315848463666,,,96
6h,2021,Tropics,MAM,"mean over τ∈[2, 4]",T925,refine,0.017732746081524427,,,96
6h,2021,Tropics,MAM,"mean over τ∈[2, 4]",T850,refine,0.018618633675836636,,,96
6h,2021,Tropics,MAM,"mean over τ∈[2, 4]",T700,refine,0.01597992337649464,,,96
6h,2021,Tropics,MAM,"mean over τ∈[2, 4]",U1000,refine,0.06163142900406923,,,96
6h,2021,Tropics,MAM,"mean over τ∈[2, 4]",U925,refine,0.056503301199489465,,,96
6h,2021,Tropics,MAM,"mean over τ∈[2, 4]",U850,refine,0.05456494189175209,,,96
6h,2021,Tropics,MAM,"mean over τ∈[2, 4]",U700,refine,0.052501594183806885,,,96
6h,2021,Tropics,MAM,"mean over τ∈[2, 4]",V1000,refine,0.10632569067158064,,,96
6h,2021,Tropics,MAM,"mean over τ∈[2, 4]",V925,refine,0.12125809306300235,,,96
6h,2021,Tropics,MAM,"mean over τ∈[2, 4]",V850,refine,0.1531989549085799,,,96
6h,2021,Tropics,MAM,"mean over τ∈[2, 4]",V700,refine,0.18276137068702197,,,96
6h,2021,Tropics,MAM,"mean over τ∈[2, 4]",Q1000,refine,0.031948652082207846,,,96
6h,2021,Tropics,MAM,"mean over τ∈[2, 4]",Q925,refine,0.05779435227699802,,,96
6h,2021,Tropics,MAM,"mean over τ∈[2, 4]",Q850,refine,0.068009007153773,,,96
6h,2021,Tropics,MAM,"mean over τ∈[2, 4]",Q700,refine,0.09017175828877289,,,96
6h,2021,Tropics,MAM,"mean over τ∈[2, 4]",Z1000,refine,0.022150203059360423,,,96
6h,2021,Tropics,MAM,"mean over τ∈[2, 4]",Z925,refine,0.017649375051065997,,,96
6h,2021,Tropics,MAM,"mean over τ∈[2, 4]",Z850,refine,0.013783990887878872,,,96
6h,2021,Tropics,MAM,"mean over τ∈[2, 4]",Z700,refine,0.009007533106986744,,,96
6h,2021,Tropics,MAM,"mean over τ∈[2, 4]",t2m,refine,0.025705514077745524,,,96
6h,2021,Tropics,MAM,"mean over τ∈[2, 4]",u10,refine,0.0635047196788699,,,96
6h,2021,Tropics,MAM,"mean over τ∈[2, 4]",v10,refine,0.11114441063043956,,,96
6h,2021,Tropics,MAM,"mean over τ∈[2, 4]",mslp,refine,0.02142626752376241,,,96
6h,2021,Tropics,JJA,"mean over τ∈[2, 4]",T1000,refine,0.016355617734177486,,,96
6h,2021,Tropics,JJA,"mean over τ∈[2, 4]",T925,refine,0.01692631205679224,,,96
6h,2021,Tropics,JJA,"mean over τ∈[2, 4]",T850,refine,0.018788397732607768,,,96
6h,2021,Tropics,JJA,"mean over τ∈[2, 4]",T700,refine,0.016587452335469863,,,96
6h,2021,Tropics,JJA,"mean over τ∈[2, 4]",U1000,refine,0.06293343698321453,,,96
6h,2021,Tropics,JJA,"mean over τ∈[2, 4]",U925,refine,0.05791951751350761,,,96
6h,2021,Tropics,JJA,"mean over τ∈[2, 4]",U850,refine,0.05708240179120828,,,96
6h,2021,Tropics,JJA,"mean over τ∈[2, 4]",U700,refine,0.055163788314068186,,,96
6h,2021,Tropics,JJA,"mean over τ∈[2, 4]",V1000,refine,0.10716644026114004,,,96
6h,2021,Tropics,JJA,"mean over τ∈[2, 4]",V925,refine,0.123127421108168,,,96
6h,2021,Tropics,JJA,"mean over τ∈[2, 4]",V850,refine,0.15899602599483015,,,96
6h,2021,Tropics,JJA,"mean over τ∈[2, 4]",V700,refine,0.18987824439731119,,,96
6h,2021,Tropics,JJA,"mean over τ∈[2, 4]",Q1000,refine,0.029920163618528575,,,96
6h,2021,Tropics,JJA,"mean over τ∈[2, 4]",Q925,refine,0.05257768807805625,,,96
6h,2021,Tropics,JJA,"mean over τ∈[2, 4]",Q850,refine,0.06836563181768421,,,96
6h,2021,Tropics,JJA,"mean over τ∈[2, 4]",Q700,refine,0.08743854282886554,,,96
6h,2021,Tropics,JJA,"mean over τ∈[2, 4]",Z1000,refine,0.022114822163808313,,,96
6h,2021,Tropics,JJA,"mean over τ∈[2, 4]",Z925,refine,0.017698088334180705,,,96
6h,2021,Tropics,JJA,"mean over τ∈[2, 4]",Z850,refine,0.013866446620533573,,,96
6h,2021,Tropics,JJA,"mean over τ∈[2, 4]",Z700,refine,0.009093075116229367,,,96
6h,2021,Tropics,JJA,"mean over τ∈[2, 4]",t2m,refine,0.024037205944633544,,,96
6h,2021,Tropics,JJA,"mean over τ∈[2, 4]",u10,refine,0.06428419453377145,,,96
6h,2021,Tropics,JJA,"mean over τ∈[2, 4]",v10,refine,0.11045670695811555,,,96
6h,2021,Tropics,JJA,"mean over τ∈[2, 4]",mslp,refine,0.021425772585523147,,,96
6h,2021,Tropics,SON,"mean over τ∈[2, 4]",T1000,refine,0.017122148988991077,,,96
6h,2021,Tropics,SON,"mean over τ∈[2, 4]",T925,refine,0.017758087974524557,,,96
6h,2021,Tropics,SON,"mean over τ∈[2, 4]",T850,refine,0.01980733815020244,,,96
6h,2021,Tropics,SON,"mean over τ∈[2, 4]",T700,refine,0.015652115507689007,,,96
6h,2021,Tropics,SON,"mean over τ∈[2, 4]",U1000,refine,0.061380044811658555,,,96
6h,2021,Tropics,SON,"mean over τ∈[2, 4]",U925,refine,0.055947418901496314,,,96
6h,2021,Tropics,SON,"mean over τ∈[2, 4]",U850,refine,0.05631063528471611,,,96
6h,2021,Tropics,SON,"mean over τ∈[2, 4]",U700,refine,0.05203062191248849,,,96
6h,2021,Tropics,SON,"mean over τ∈[2, 4]",V1000,refine,0.10567268379856413,,,96
6h,2021,Tropics,SON,"mean over τ∈[2, 4]",V925,refine,0.12108322131110334,,,96
6h,2021,Tropics,SON,"mean over τ∈[2, 4]",V850,refine,0.15689201660023552,,,96
6h,2021,Tropics,SON,"mean over τ∈[2, 4]",V700,refine,0.1829400342005414,,,96
6h,2021,Tropics,SON,"mean over τ∈[2, 4]",Q1000,refine,0.032391303740212464,,,96
6h,2021,Tropics,SON,"mean over τ∈[2, 4]",Q925,refine,0.05545317820306249,,,96
6h,2021,Tropics,SON,"mean over τ∈[2, 4]",Q850,refine,0.07062899422726679,,,96
6h,2021,Tropics,SON,"mean over τ∈[2, 4]",Q700,refine,0.08654484605749276,,,96
6h,2021,Tropics,SON,"mean over τ∈[2, 4]",Z1000,refine,0.02285454072938108,,,96
6h,2021,Tropics,SON,"mean over τ∈[2, 4]",Z925,refine,0.018220352612454395,,,96
6h,2021,Tropics,SON,"mean over τ∈[2, 4]",Z850,refine,0.014262652849619884,,,96
6h,2021,Tropics,SON,"mean over τ∈[2, 4]",Z700,refine,0.009319172758182778,,,96
6h,2021,Tropics,SON,"mean over τ∈[2, 4]",t2m,refine,0.02547590926728817,,,96
6h,2021,Tropics,SON,"mean over τ∈[2, 4]",u10,refine,0.06328425285690172,,,96
6h,2021,Tropics,SON,"mean over τ∈[2, 4]",v10,refine,0.11045844472450846,,,96
6h,2021,Tropics,SON,"mean over τ∈[2, 4]",mslp,refine,0.022106375794806968,,,96
6h,2021,N-Extra,DJF,"mean over τ∈[2, 4]",T1000,refine,0.02208864690985642,,,96
6h,2021,N-Extra,DJF,"mean over τ∈[2, 4]",T925,refine,0.023359274520907185,,,96
6h,2021,N-Extra,DJF,"mean over τ∈[2, 4]",T850,refine,0.025699949127880713,,,96
6h,2021,N-Extra,DJF,"mean over τ∈[2, 4]",T700,refine,0.024540611357979927,,,96
6h,2021,N-Extra,DJF,"mean over τ∈[2, 4]",U1000,refine,0.09591252934354688,,,96
6h,2021,N-Extra,DJF,"mean over τ∈[2, 4]",U925,refine,0.08792957986831502,,,96
6h,2021,N-Extra,DJF,"mean over τ∈[2, 4]",U850,refine,0.09212971218846154,,,96
6h,2021,N-Extra,DJF,"mean over τ∈[2, 4]",U700,refine,0.09663919640403468,,,96
6h,2021,N-Extra,DJF,"mean over τ∈[2, 4]",V1000,refine,0.16467757014439258,,,96
6h,2021,N-Extra,DJF,"mean over τ∈[2, 4]",V925,refine,0.19579009166038874,,,96
6h,2021,N-Extra,DJF,"mean over τ∈[2, 4]",V850,refine,0.26240601920057277,,,96
6h,2021,N-Extra,DJF,"mean over τ∈[2, 4]",V700,refine,0.3398988710339769,,,96
6h,2021,N-Extra,DJF,"mean over τ∈[2, 4]",Q1000,refine,0.021173195704900914,,,96
6h,2021,N-Extra,DJF,"mean over τ∈[2, 4]",Q925,refine,0.033735221088393455,,,96
6h,2021,N-Extra,DJF,"mean over τ∈[2, 4]",Q850,refine,0.049566753590737894,,,96
6h,2021,N-Extra,DJF,"mean over τ∈[2, 4]",Q700,refine,0.07040141924667517,,,96
6h,2021,N-Extra,DJF,"mean over τ∈[2, 4]",Z1000,refine,0.028399054843692432,,,96
6h,2021,N-Extra,DJF,"mean over τ∈[2, 4]",Z925,refine,0.021834098172429057,,,96
6h,2021,N-Extra,DJF,"mean over τ∈[2, 4]",Z850,refine,0.01653699345737084,,,96
6h,2021,N-Extra,DJF,"mean over τ∈[2, 4]",Z700,refine,0.010247041009854787,,,96
6h,2021,N-Extra,DJF,"mean over τ∈[2, 4]",t2m,refine,0.041238945992338814,,,96
6h,2021,N-Extra,DJF,"mean over τ∈[2, 4]",u10,refine,0.09610459693644977,,,96
6h,2021,N-Extra,DJF,"mean over τ∈[2, 4]",v10,refine,0.16323496376716834,,,96
6h,2021,N-Extra,DJF,"mean over τ∈[2, 4]",mslp,refine,0.02964856829619176,,,96
6h,2021,N-Extra,MAM,"mean over τ∈[2, 4]",T1000,refine,0.025293313045266795,,,96
6h,2021,N-Extra,MAM,"mean over τ∈[2, 4]",T925,refine,0.025119578725893876,,,96
6h,2021,N-Extra,MAM,"mean over τ∈[2, 4]",T850,refine,0.025361962760766202,,,96
6h,2021,N-Extra,MAM,"mean over τ∈[2, 4]",T700,refine,0.023263571288308957,,,96
6h,2021,N-Extra,MAM,"mean over τ∈[2, 4]",U1000,refine,0.09713747841186174,,,96
6h,2021,N-Extra,MAM,"mean over τ∈[2, 4]",U925,refine,0.09016260454079533,,,96
6h,2021,N-Extra,MAM,"mean over τ∈[2, 4]",U850,refine,0.09287703127650968,,,96
6h,2021,N-Extra,MAM,"mean over τ∈[2, 4]",U700,refine,0.092007481534527,,,96
6h,2021,N-Extra,MAM,"mean over τ∈[2, 4]",V1000,refine,0.16860579484886196,,,96
6h,2021,N-Extra,MAM,"mean over τ∈[2, 4]",V925,refine,0.20085377112094147,,,96
6h,2021,N-Extra,MAM,"mean over τ∈[2, 4]",V850,refine,0.2645708697857984,,,96
6h,2021,N-Extra,MAM,"mean over τ∈[2, 4]",V700,refine,0.3245180527779411,,,96
6h,2021,N-Extra,MAM,"mean over τ∈[2, 4]",Q1000,refine,0.030144542688816837,,,96
6h,2021,N-Extra,MAM,"mean over τ∈[2, 4]",Q925,refine,0.041652632534038996,,,96
6h,2021,N-Extra,MAM,"mean over τ∈[2, 4]",Q850,refine,0.05478088817248821,,,96
6h,2021,N-Extra,MAM,"mean over τ∈[2, 4]",Q700,refine,0.0781178765631849,,,96
6h,2021,N-Extra,MAM,"mean over τ∈[2, 4]",Z1000,refine,0.025889400771836032,,,96
6h,2021,N-Extra,MAM,"mean over τ∈[2, 4]",Z925,refine,0.019688170767676677,,,96
6h,2021,N-Extra,MAM,"mean over τ∈[2, 4]",Z850,refine,0.014809335857224881,,,96
6h,2021,N-Extra,MAM,"mean over τ∈[2, 4]",Z700,refine,0.009149124119742757,,,96
6h,2021,N-Extra,MAM,"mean over τ∈[2, 4]",t2m,refine,0.04841580067962215,,,96
6h,2021,N-Extra,MAM,"mean over τ∈[2, 4]",u10,refine,0.09709105395767502,,,96
6h,2021,N-Extra,MAM,"mean over τ∈[2, 4]",v10,refine,0.1665516199525537,,,96
6h,2021,N-Extra,MAM,"mean over τ∈[2, 4]",mslp,refine,0.026439967317945363,,,96
6h,2021,N-Extra,JJA,"mean over τ∈[2, 4]",T1000,refine,0.024176495234230728,,,96
6h,2021,N-Extra,JJA,"mean over τ∈[2, 4]",T925,refine,0.025031390764642315,,,96
6h,2021,N-Extra,JJA,"mean over τ∈[2, 4]",T850,refine,0.022536959267956944,,,96
6h,2021,N-Extra,JJA,"mean over τ∈[2, 4]",T700,refine,0.020413132108654752,,,96
6h,2021,N-Extra,JJA,"mean over τ∈[2, 4]",U1000,refine,0.09087823385733153,,,96
6h,2021,N-Extra,JJA,"mean over τ∈[2, 4]",U925,refine,0.08458911651575471,,,96
6h,2021,N-Extra,JJA,"mean over τ∈[2, 4]",U850,refine,0.08368598170029715,,,96
6h,2021,N-Extra,JJA,"mean over τ∈[2, 4]",U700,refine,0.07886716281907763,,,96
6h,2021,N-Extra,JJA,"mean over τ∈[2, 4]",V1000,refine,0.1569090561638502,,,96
6h,2021,N-Extra,JJA,"mean over τ∈[2, 4]",V925,refine,0.186081513397032,,,96
6h,2021,N-Extra,JJA,"mean over τ∈[2, 4]",V850,refine,0.23828977290464262,,,96
6h,2021,N-Extra,JJA,"mean over τ∈[2, 4]",V700,refine,0.2801066084451192,,,96
6h,2021,N-Extra,JJA,"mean over τ∈[2, 4]",Q1000,refine,0.04238784705213235,,,96
6h,2021,N-Extra,JJA,"mean over τ∈[2, 4]",Q925,refine,0.05559893407909998,,,96
6h,2021,N-Extra,JJA,"mean over τ∈[2, 4]",Q850,refine,0.06978694587775373,,,96
6h,2021,N-Extra,JJA,"mean over τ∈[2, 4]",Q700,refine,0.10133144943290044,,,96
6h,2021,N-Extra,JJA,"mean over τ∈[2, 4]",Z1000,refine,0.02463554826415082,,,96
6h,2021,N-Extra,JJA,"mean over τ∈[2, 4]",Z925,refine,0.01895666706363545,,,96
6h,2021,N-Extra,JJA,"mean over τ∈[2, 4]",Z850,refine,0.01432633454255526,,,96
6h,2021,N-Extra,JJA,"mean over τ∈[2, 4]",Z700,refine,0.008799655067978491,,,96
6h,2021,N-Extra,JJA,"mean over τ∈[2, 4]",t2m,refine,0.04810265271611242,,,96
6h,2021,N-Extra,JJA,"mean over τ∈[2, 4]",u10,refine,0.09244081346322079,,,96
6h,2021,N-Extra,JJA,"mean over τ∈[2, 4]",v10,refine,0.1592692311526831,,,96
6h,2021,N-Extra,JJA,"mean over τ∈[2, 4]",mslp,refine,0.02424895840412615,,,96
6h,2021,N-Extra,SON,"mean over τ∈[2, 4]",T1000,refine,0.021519136355521776,,,96
6h,2021,N-Extra,SON,"mean over τ∈[2, 4]",T925,refine,0.021862145057326355,,,96
6h,2021,N-Extra,SON,"mean over τ∈[2, 4]",T850,refine,0.023362258034164866,,,96
6h,2021,N-Extra,SON,"mean over τ∈[2, 4]",T700,refine,0.02151476692891236,,,96
6h,2021,N-Extra,SON,"mean over τ∈[2, 4]",U1000,refine,0.08773767883117059,,,96
6h,2021,N-Extra,SON,"mean over τ∈[2, 4]",U925,refine,0.08008905743560189,,,96
6h,2021,N-Extra,SON,"mean over τ∈[2, 4]",U850,refine,0.0823734266349727,,,96
6h,2021,N-Extra,SON,"mean over τ∈[2, 4]",U700,refine,0.08139888654380138,,,96
6h,2021,N-Extra,SON,"mean over τ∈[2, 4]",V1000,refine,0.15115068305714663,,,96
6h,2021,N-Extra,SON,"mean over τ∈[2, 4]",V925,refine,0.1785124672692856,,,96
6h,2021,N-Extra,SON,"mean over τ∈[2, 4]",V850,refine,0.23550219080028442,,,96
6h,2021,N-Extra,SON,"mean over τ∈[2, 4]",V700,refine,0.28831507358168,,,96
6h,2021,N-Extra,SON,"mean over τ∈[2, 4]",Q1000,refine,0.02890582463793819,,,96
6h,2021,N-Extra,SON,"mean over τ∈[2, 4]",Q925,refine,0.04552404470371149,,,96
6h,2021,N-Extra,SON,"mean over τ∈[2, 4]",Q850,refine,0.06027320313753197,,,96
6h,2021,N-Extra,SON,"mean over τ∈[2, 4]",Q700,refine,0.0853960621775437,,,96
6h,2021,N-Extra,SON,"mean over τ∈[2, 4]",Z1000,refine,0.024705596238283074,,,96
6h,2021,N-Extra,SON,"mean over τ∈[2, 4]",Z925,refine,0.0191069522678279,,,96
6h,2021,N-Extra,SON,"mean over τ∈[2, 4]",Z850,refine,0.014502400807464667,,,96
6h,2021,N-Extra,SON,"mean over τ∈[2, 4]",Z700,refine,0.008884705282150155,,,96
6h,2021,N-Extra,SON,"mean over τ∈[2, 4]",t2m,refine,0.044433648892449655,,,96
6h,2021,N-Extra,SON,"mean over τ∈[2, 4]",u10,refine,0.08822779971444601,,,96
6h,2021,N-Extra,SON,"mean over τ∈[2, 4]",v10,refine,0.15112329447319772,,,96
6h,2021,N-Extra,SON,"mean over τ∈[2, 4]",mslp,refine,0.025020374746468378,,,96
6h,2021,S-Extra,DJF,"mean over τ∈[2, 4]",T1000,refine,0.013093922994273725,,,96
6h,2021,S-Extra,DJF,"mean over τ∈[2, 4]",T925,refine,0.016984166765489674,,,96
6h,2021,S-Extra,DJF,"mean over τ∈[2, 4]",T850,refine,0.020938181920740782,,,96
6h,2021,S-Extra,DJF,"mean over τ∈[2, 4]",T700,refine,0.01762759487695456,,,96
6h,2021,S-Extra,DJF,"mean over τ∈[2, 4]",U1000,refine,0.07411188650911534,,,96
6h,2021,S-Extra,DJF,"mean over τ∈[2, 4]",U925,refine,0.06570477687796392,,,96
6h,2021,S-Extra,DJF,"mean over τ∈[2, 4]",U850,refine,0.0675467029777658,,,96
6h,2021,S-Extra,DJF,"mean over τ∈[2, 4]",U700,refine,0.06665904303486803,,,96
6h,2021,S-Extra,DJF,"mean over τ∈[2, 4]",V1000,refine,0.12811795008182617,,,96
6h,2021,S-Extra,DJF,"mean over τ∈[2, 4]",V925,refine,0.14991374831871043,,,96
6h,2021,S-Extra,DJF,"mean over τ∈[2, 4]",V850,refine,0.19963767165444266,,,96
6h,2021,S-Extra,DJF,"mean over τ∈[2, 4]",V700,refine,0.2450917213789243,,,96
6h,2021,S-Extra,DJF,"mean over τ∈[2, 4]",Q1000,refine,0.021316193523328694,,,96
6h,2021,S-Extra,DJF,"mean over τ∈[2, 4]",Q925,refine,0.039181972178737506,,,96
6h,2021,S-Extra,DJF,"mean over τ∈[2, 4]",Q850,refine,0.058919264871496436,,,96
6h,2021,S-Extra,DJF,"mean over τ∈[2, 4]",Q700,refine,0.08498300716413386,,,96
6h,2021,S-Extra,DJF,"mean over τ∈[2, 4]",Z1000,refine,0.01995462218296301,,,96
6h,2021,S-Extra,DJF,"mean over τ∈[2, 4]",Z925,refine,0.015886186541530154,,,96
6h,2021,S-Extra,DJF,"mean over τ∈[2, 4]",Z850,refine,0.012406152077607877,,,96
6h,2021,S-Extra,DJF,"mean over τ∈[2, 4]",Z700,refine,0.008223613851670527,,,96
6h,2021,S-Extra,DJF,"mean over τ∈[2, 4]",t2m,refine,0.016653113410966574,,,96
6h,2021,S-Extra,DJF,"mean over τ∈[2, 4]",u10,refine,0.07515432300587166,,,96
6h,2021,S-Extra,DJF,"mean over τ∈[2, 4]",v10,refine,0.12713528259016782,,,96
6h,2021,S-Extra,DJF,"mean over τ∈[2, 4]",mslp,refine,0.01983929015838683,,,96
6h,2021,S-Extra,MAM,"mean over τ∈[2, 4]",T1000,refine,0.0127345811202915,,,96
6h,2021,S-Extra,MAM,"mean over τ∈[2, 4]",T925,refine,0.015358278203088459,,,96
6h,2021,S-Extra,MAM,"mean over τ∈[2, 4]",T850,refine,0.02114308408391675,,,96
6h,2021,S-Extra,MAM,"mean over τ∈[2, 4]",T700,refine,0.017973226790949894,,,96
6h,2021,S-Extra,MAM,"mean over τ∈[2, 4]",U1000,refine,0.08103812606981797,,,96
6h,2021,S-Extra,MAM,"mean over τ∈[2, 4]",U925,refine,0.07033094840797786,,,96
6h,2021,S-Extra,MAM,"mean over τ∈[2, 4]",U850,refine,0.0720667288795115,,,96
6h,2021,S-Extra,MAM,"mean over τ∈[2, 4]",U700,refine,0.07121507149345604,,,96
6h,2021,S-Extra,MAM,"mean over τ∈[2, 4]",V1000,refine,0.13704573309783488,,,96
6h,2021,S-Extra,MAM,"mean over τ∈[2, 4]",V925,refine,0.16029725062241496,,,96
6h,2021,S-Extra,MAM,"mean over τ∈[2, 4]",V850,refine,0.21088413817103224,,,96
6h,2021,S-Extra,MAM,"mean over τ∈[2, 4]",V700,refine,0.2617911121932659,,,96
6h,2021,S-Extra,MAM,"mean over τ∈[2, 4]",Q1000,refine,0.020687424047427405,,,96
6h,2021,S-Extra,MAM,"mean over τ∈[2, 4]",Q925,refine,0.03569959896470912,,,96
6h,2021,S-Extra,MAM,"mean over τ∈[2, 4]",Q850,refine,0.0558991662936358,,,96
6h,2021,S-Extra,MAM,"mean over τ∈[2, 4]",Q700,refine,0.07555743081141272,,,96
6h,2021,S-Extra,MAM,"mean over τ∈[2, 4]",Z1000,refine,0.020761856703174316,,,96
6h,2021,S-Extra,MAM,"mean over τ∈[2, 4]",Z925,refine,0.01666098561013394,,,96
6h,2021,S-Extra,MAM,"mean over τ∈[2, 4]",Z850,refine,0.013043260577042822,,,96
6h,2021,S-Extra,MAM,"mean over τ∈[2, 4]",Z700,refine,0.008630399150093346,,,96
6h,2021,S-Extra,MAM,"mean over τ∈[2, 4]",t2m,refine,0.01681365859080458,,,96
6h,2021,S-Extra,MAM,"mean over τ∈[2, 4]",u10,refine,0.08205297366701735,,,96
6h,2021,S-Extra,MAM,"mean over τ∈[2, 4]",v10,refine,0.13577618876348194,,,96
6h,2021,S-Extra,MAM,"mean over τ∈[2, 4]",mslp,refine,0.020726754681131276,,,96
6h,2021,S-Extra,JJA,"mean over τ∈[2, 4]",T1000,refine,0.013112089881145608,,,96
6h,2021,S-Extra,JJA,"mean over τ∈[2, 4]",T925,refine,0.014379084470536685,,,96
6h,2021,S-Extra,JJA,"mean over τ∈[2, 4]",T850,refine,0.02159949817088608,,,96
6h,2021,S-Extra,JJA,"mean over τ∈[2, 4]",T700,refine,0.018455138294164394,,,96
6h,2021,S-Extra,JJA,"mean over τ∈[2, 4]",U1000,refine,0.08626231501211053,,,96
6h,2021,S-Extra,JJA,"mean over τ∈[2, 4]",U925,refine,0.0758199158474528,,,96
6h,2021,S-Extra,JJA,"mean over τ∈[2, 4]",U850,refine,0.07806578427879533,,,96
6h,2021,S-Extra,JJA,"mean over τ∈[2, 4]",U700,refine,0.07800852144124854,,,96
6h,2021,S-Extra,JJA,"mean over τ∈[2, 4]",V1000,refine,0.1444162750355182,,,96
6h,2021,S-Extra,JJA,"mean over τ∈[2, 4]",V925,refine,0.17186931471786912,,,96
6h,2021,S-Extra,JJA,"mean over τ∈[2, 4]",V850,refine,0.22824563153722974,,,96
6h,2021,S-Extra,JJA,"mean over τ∈[2, 4]",V700,refine,0.2856001254286262,,,96
6h,2021,S-Extra,JJA,"mean over τ∈[2, 4]",Q1000,refine,0.018508165109712815,,,96
6h,2021,S-Extra,JJA,"mean over τ∈[2, 4]",Q925,refine,0.030574001455356905,,,96
6h,2021,S-Extra,JJA,"mean over τ∈[2, 4]",Q850,refine,0.048330252885345946,,,96
6h,2021,S-Extra,JJA,"mean over τ∈[2, 4]",Q700,refine,0.06063927673215221,,,96
6h,2021,S-Extra,JJA,"mean over τ∈[2, 4]",Z1000,refine,0.023084538927421846,,,96
6h,2021,S-Extra,JJA,"mean over τ∈[2, 4]",Z925,refine,0.018568692761564195,,,96
6h,2021,S-Extra,JJA,"mean over τ∈[2, 4]",Z850,refine,0.01457319314636062,,,96
6h,2021,S-Extra,JJA,"mean over τ∈[2, 4]",Z700,refine,0.009584462322340384,,,96
6h,2021,S-Extra,JJA,"mean over τ∈[2, 4]",t2m,refine,0.017471011325251577,,,96
6h,2021,S-Extra,JJA,"mean over τ∈[2, 4]",u10,refine,0.08752631413043556,,,96
6h,2021,S-Extra,JJA,"mean over τ∈[2, 4]",v10,refine,0.14253027532983736,,,96
6h,2021,S-Extra,JJA,"mean over τ∈[2, 4]",mslp,refine,0.023282954246235155,,,96
6h,2021,S-Extra,SON,"mean over τ∈[2, 4]",T1000,refine,0.013531874295026718,,,96
6h,2021,S-Extra,SON,"mean over τ∈[2, 4]",T925,refine,0.0163349914984028,,,96
6h,2021,S-Extra,SON,"mean over τ∈[2, 4]",T850,refine,0.022134120554116083,,,96
6h,2021,S-Extra,SON,"mean over τ∈[2, 4]",T700,refine,0.01835217344589595,,,96
6h,2021,S-Extra,SON,"mean over τ∈[2, 4]",U1000,refine,0.08040051501025788,,,96
6h,2021,S-Extra,SON,"mean over τ∈[2, 4]",U925,refine,0.07148308711957879,,,96
6h,2021,S-Extra,SON,"mean over τ∈[2, 4]",U850,refine,0.07418279200929141,,,96
6h,2021,S-Extra,SON,"mean over τ∈[2, 4]",U700,refine,0.07456924469429374,,,96
6h,2021,S-Extra,SON,"mean over τ∈[2, 4]",V1000,refine,0.13649151404639218,,,96
6h,2021,S-Extra,SON,"mean over τ∈[2, 4]",V925,refine,0.16289279622646108,,,96
6h,2021,S-Extra,SON,"mean over τ∈[2, 4]",V850,refine,0.21713838406403552,,,96
6h,2021,S-Extra,SON,"mean over τ∈[2, 4]",V700,refine,0.27104398151086373,,,96
6h,2021,S-Extra,SON,"mean over τ∈[2, 4]",Q1000,refine,0.019707577427683753,,,96
6h,2021,S-Extra,SON,"mean over τ∈[2, 4]",Q925,refine,0.03384906178633218,,,96
6h,2021,S-Extra,SON,"mean over τ∈[2, 4]",Q850,refine,0.05129227228506235,,,96
6h,2021,S-Extra,SON,"mean over τ∈[2, 4]",Q700,refine,0.0710647785927814,,,96
6h,2021,S-Extra,SON,"mean over τ∈[2, 4]",Z1000,refine,0.021900048995041197,,,96
6h,2021,S-Extra,SON,"mean over τ∈[2, 4]",Z925,refine,0.017496187749382115,,,96
6h,2021,S-Extra,SON,"mean over τ∈[2, 4]",Z850,refine,0.013674246277022482,,,96
6h,2021,S-Extra,SON,"mean over τ∈[2, 4]",Z700,refine,0.009006871726235977,,,96
6h,2021,S-Extra,SON,"mean over τ∈[2, 4]",t2m,refine,0.017937608445135908,,,96
6h,2021,S-Extra,SON,"mean over τ∈[2, 4]",u10,refine,0.08078547097787432,,,96
6h,2021,S-Extra,SON,"mean over τ∈[2, 4]",v10,refine,0.13416332613224097,,,96
6h,2021,S-Extra,SON,"mean over τ∈[2, 4]",mslp,refine,0.022011028314262614,,,96
6h,2021,Arctic,DJF,"mean over τ∈[2, 4]",T1000,refine,0.01917112138566697,,,96
6h,2021,Arctic,DJF,"mean over τ∈[2, 4]",T925,refine,0.020086283139367066,,,96
6h,2021,Arctic,DJF,"mean over τ∈[2, 4]",T850,refine,0.018732922293231827,,,96
6h,2021,Arctic,DJF,"mean over τ∈[2, 4]",T700,refine,0.01784319274455225,,,96
6h,2021,Arctic,DJF,"mean over τ∈[2, 4]",U1000,refine,0.08115357800624635,,,96
6h,2021,Arctic,DJF,"mean over τ∈[2, 4]",U925,refine,0.07512450322480516,,,96
6h,2021,Arctic,DJF,"mean over τ∈[2, 4]",U850,refine,0.076109031161456,,,96
6h,2021,Arctic,DJF,"mean over τ∈[2, 4]",U700,refine,0.07762843438699338,,,96
6h,2021,Arctic,DJF,"mean over τ∈[2, 4]",V1000,refine,0.1392016458079532,,,96
6h,2021,Arctic,DJF,"mean over τ∈[2, 4]",V925,refine,0.16351414984322288,,,96
6h,2021,Arctic,DJF,"mean over τ∈[2, 4]",V850,refine,0.2137603138913956,,,96
6h,2021,Arctic,DJF,"mean over τ∈[2, 4]",V700,refine,0.26872792003088447,,,96
6h,2021,Arctic,DJF,"mean over τ∈[2, 4]",Q1000,refine,0.0060394666659858145,,,96
6h,2021,Arctic,DJF,"mean over τ∈[2, 4]",Q925,refine,0.009684524554840116,,,96
6h,2021,Arctic,DJF,"mean over τ∈[2, 4]",Q850,refine,0.01582681069924857,,,96
6h,2021,Arctic,DJF,"mean over τ∈[2, 4]",Q700,refine,0.026629293089288474,,,96
6h,2021,Arctic,DJF,"mean over τ∈[2, 4]",Z1000,refine,0.02140678492951502,,,96
6h,2021,Arctic,DJF,"mean over τ∈[2, 4]",Z925,refine,0.01645779879371405,,,96
6h,2021,Arctic,DJF,"mean over τ∈[2, 4]",Z850,refine,0.01261153673157101,,,96
6h,2021,Arctic,DJF,"mean over τ∈[2, 4]",Z700,refine,0.008266741053754802,,,96
6h,2021,Arctic,DJF,"mean over τ∈[2, 4]",t2m,refine,0.029283478980609283,,,96
6h,2021,Arctic,DJF,"mean over τ∈[2, 4]",u10,refine,0.07674902327612027,,,96
6h,2021,Arctic,DJF,"mean over τ∈[2, 4]",v10,refine,0.13016651091610298,,,96
6h,2021,Arctic,DJF,"mean over τ∈[2, 4]",mslp,refine,0.024260127438274246,,,96
6h,2021,Arctic,MAM,"mean over τ∈[2, 4]",T1000,refine,0.019740477828306676,,,96
6h,2021,Arctic,MAM,"mean over τ∈[2, 4]",T925,refine,0.01892397349887835,,,96
6h,2021,Arctic,MAM,"mean over τ∈[2, 4]",T850,refine,0.01721545254401717,,,96
6h,2021,Arctic,MAM,"mean over τ∈[2, 4]",T700,refine,0.016645000071955497,,,96
6h,2021,Arctic,MAM,"mean over τ∈[2, 4]",U1000,refine,0.08151203187782059,,,96
6h,2021,Arctic,MAM,"mean over τ∈[2, 4]",U925,refine,0.07633031567868867,,,96
6h,2021,Arctic,MAM,"mean over τ∈[2, 4]",U850,refine,0.07504401568480779,,,96
6h,2021,Arctic,MAM,"mean over τ∈[2, 4]",U700,refine,0.07097878734028576,,,96
6h,2021,Arctic,MAM,"mean over τ∈[2, 4]",V1000,refine,0.14161278845283318,,,96
6h,2021,Arctic,MAM,"mean over τ∈[2, 4]",V925,refine,0.17151930961719128,,,96
6h,2021,Arctic,MAM,"mean over τ∈[2, 4]",V850,refine,0.2146635103707789,,,96
6h,2021,Arctic,MAM,"mean over τ∈[2, 4]",V700,refine,0.24653005429858094,,,96
6h,2021,Arctic,MAM,"mean over τ∈[2, 4]",Q1000,refine,0.011782563830748776,,,96
6h,2021,Arctic,MAM,"mean over τ∈[2, 4]",Q925,refine,0.01341056762834431,,,96
6h,2021,Arctic,MAM,"mean over τ∈[2, 4]",Q850,refine,0.019073710948893024,,,96
6h,2021,Arctic,MAM,"mean over τ∈[2, 4]",Q700,refine,0.030191450573680296,,,96
6h,2021,Arctic,MAM,"mean over τ∈[2, 4]",Z1000,refine,0.019326399916663333,,,96
6h,2021,Arctic,MAM,"mean over τ∈[2, 4]",Z925,refine,0.014740473645209551,,,96
6h,2021,Arctic,MAM,"mean over τ∈[2, 4]",Z850,refine,0.011275158963800044,,,96
6h,2021,Arctic,MAM,"mean over τ∈[2, 4]",Z700,refine,0.007420022971999601,,,96
6h,2021,Arctic,MAM,"mean over τ∈[2, 4]",t2m,refine,0.03795214833860421,,,96
6h,2021,Arctic,MAM,"mean over τ∈[2, 4]",u10,refine,0.07783341504141805,,,96
6h,2021,Arctic,MAM,"mean over τ∈[2, 4]",v10,refine,0.13431079762045964,,,96
6h,2021,Arctic,MAM,"mean over τ∈[2, 4]",mslp,refine,0.021390984419314224,,,96
6h,2021,Arctic,JJA,"mean over τ∈[2, 4]",T1000,refine,0.021108056711283952,,,96
6h,2021,Arctic,JJA,"mean over τ∈[2, 4]",T925,refine,0.020035235071541726,,,96
6h,2021,Arctic,JJA,"mean over τ∈[2, 4]",T850,refine,0.017932672917854726,,,96
6h,2021,Arctic,JJA,"mean over τ∈[2, 4]",T700,refine,0.01734344702461878,,,96
6h,2021,Arctic,JJA,"mean over τ∈[2, 4]",U1000,refine,0.0837741464901046,,,96
6h,2021,Arctic,JJA,"mean over τ∈[2, 4]",U925,refine,0.0809151585753646,,,96
6h,2021,Arctic,JJA,"mean over τ∈[2, 4]",U850,refine,0.07644399675538252,,,96
6h,2021,Arctic,JJA,"mean over τ∈[2, 4]",U700,refine,0.07086208022005805,,,96
6h,2021,Arctic,JJA,"mean over τ∈[2, 4]",V1000,refine,0.14464589775936257,,,96
6h,2021,Arctic,JJA,"mean over τ∈[2, 4]",V925,refine,0.17726976276682974,,,96
6h,2021,Arctic,JJA,"mean over τ∈[2, 4]",V850,refine,0.21712366962940918,,,96
6h,2021,Arctic,JJA,"mean over τ∈[2, 4]",V700,refine,0.24770556135648703,,,96
6h,2021,Arctic,JJA,"mean over τ∈[2, 4]",Q1000,refine,0.0262262593347181,,,96
6h,2021,Arctic,JJA,"mean over τ∈[2, 4]",Q925,refine,0.0289160008629159,,,96
6h,2021,Arctic,JJA,"mean over τ∈[2, 4]",Q850,refine,0.04039290529896303,,,96
6h,2021,Arctic,JJA,"mean over τ∈[2, 4]",Q700,refine,0.06997589226352817,,,96
6h,2021,Arctic,JJA,"mean over τ∈[2, 4]",Z1000,refine,0.019554229257015315,,,96
6h,2021,Arctic,JJA,"mean over τ∈[2, 4]",Z925,refine,0.014836146815223642,,,96
6h,2021,Arctic,JJA,"mean over τ∈[2, 4]",Z850,refine,0.011357661596299525,,,96
6h,2021,Arctic,JJA,"mean over τ∈[2, 4]",Z700,refine,0.0074388510066064825,,,96
6h,2021,Arctic,JJA,"mean over τ∈[2, 4]",t2m,refine,0.03938450237296965,,,96
6h,2021,Arctic,JJA,"mean over τ∈[2, 4]",u10,refine,0.08270275179302472,,,96
6h,2021,Arctic,JJA,"mean over τ∈[2, 4]",v10,refine,0.14096948884996213,,,96
6h,2021,Arctic,JJA,"mean over τ∈[2, 4]",mslp,refine,0.019960692246108528,,,96
6h,2021,Arctic,SON,"mean over τ∈[2, 4]",T1000,refine,0.015787996041119967,,,96
6h,2021,Arctic,SON,"mean over τ∈[2, 4]",T925,refine,0.016973773613802298,,,96
6h,2021,Arctic,SON,"mean over τ∈[2, 4]",T850,refine,0.016915533681140738,,,96
6h,2021,Arctic,SON,"mean over τ∈[2, 4]",T700,refine,0.01665328260001927,,,96
6h,2021,Arctic,SON,"mean over τ∈[2, 4]",U1000,refine,0.07646786627821117,,,96
6h,2021,Arctic,SON,"mean over τ∈[2, 4]",U925,refine,0.07416963025311052,,,96
6h,2021,Arctic,SON,"mean over τ∈[2, 4]",U850,refine,0.07248216099490419,,,96
6h,2021,Arctic,SON,"mean over τ∈[2, 4]",U700,refine,0.07066216697943754,,,96
6h,2021,Arctic,SON,"mean over τ∈[2, 4]",V1000,refine,0.13130987738887095,,,96
6h,2021,Arctic,SON,"mean over τ∈[2, 4]",V925,refine,0.16125716001571344,,,96
6h,2021,Arctic,SON,"mean over τ∈[2, 4]",V850,refine,0.20376638294623864,,,96
6h,2021,Arctic,SON,"mean over τ∈[2, 4]",V700,refine,0.24406314796700795,,,96
6h,2021,Arctic,SON,"mean over τ∈[2, 4]",Q1000,refine,0.010725984821451918,,,96
6h,2021,Arctic,SON,"mean over τ∈[2, 4]",Q925,refine,0.014910298107175715,,,96
6h,2021,Arctic,SON,"mean over τ∈[2, 4]",Q850,refine,0.023476249294046236,,,96
6h,2021,Arctic,SON,"mean over τ∈[2, 4]",Q700,refine,0.04302220308391203,,,96
6h,2021,Arctic,SON,"mean over τ∈[2, 4]",Z1000,refine,0.019070692294832745,,,96
6h,2021,Arctic,SON,"mean over τ∈[2, 4]",Z925,refine,0.014747849612236155,,,96
6h,2021,Arctic,SON,"mean over τ∈[2, 4]",Z850,refine,0.011321136925996511,,,96
6h,2021,Arctic,SON,"mean over τ∈[2, 4]",Z700,refine,0.007395716392887383,,,96
6h,2021,Arctic,SON,"mean over τ∈[2, 4]",t2m,refine,0.028455731136660133,,,96
6h,2021,Arctic,SON,"mean over τ∈[2, 4]",u10,refine,0.07526125244787657,,,96
6h,2021,Arctic,SON,"mean over τ∈[2, 4]",v10,refine,0.12682784043235903,,,96
6h,2021,Arctic,SON,"mean over τ∈[2, 4]",mslp,refine,0.020713297629568708,,,96
6h,2021,Antarctic,DJF,"mean over τ∈[2, 4]",T1000,refine,0.010287944512862643,,,96
6h,2021,Antarctic,DJF,"mean over τ∈[2, 4]",T925,refine,0.011764663878396675,,,96
6h,2021,Antarctic,DJF,"mean over τ∈[2, 4]",T850,refine,0.013743598049491174,,,96
6h,2021,Antarctic,DJF,"mean over τ∈[2, 4]",T700,refine,0.014293314366154414,,,96
6h,2021,Antarctic,DJF,"mean over τ∈[2, 4]",U1000,refine,0.06089532554392986,,,96
6h,2021,Antarctic,DJF,"mean over τ∈[2, 4]",U925,refine,0.056619350774629304,,,96
6h,2021,Antarctic,DJF,"mean over τ∈[2, 4]",U850,refine,0.055715689153420185,,,96
6h,2021,Antarctic,DJF,"mean over τ∈[2, 4]",U700,refine,0.0565038464540242,,,96
6h,2021,Antarctic,DJF,"mean over τ∈[2, 4]",V1000,refine,0.10110912599887655,,,96
6h,2021,Antarctic,DJF,"mean over τ∈[2, 4]",V925,refine,0.12134718363665928,,,96
6h,2021,Antarctic,DJF,"mean over τ∈[2, 4]",V850,refine,0.15562587649056564,,,96
6h,2021,Antarctic,DJF,"mean over τ∈[2, 4]",V700,refine,0.19798097343813714,,,96
6h,2021,Antarctic,DJF,"mean over τ∈[2, 4]",Q1000,refine,0.006648100792405774,,,96
6h,2021,Antarctic,DJF,"mean over τ∈[2, 4]",Q925,refine,0.009270368176558637,,,96
6h,2021,Antarctic,DJF,"mean over τ∈[2, 4]",Q850,refine,0.014181025261342949,,,96
6h,2021,Antarctic,DJF,"mean over τ∈[2, 4]",Q700,refine,0.028791854469742105,,,96
6h,2021,Antarctic,DJF,"mean over τ∈[2, 4]",Z1000,refine,0.018738553478813973,,,96
6h,2021,Antarctic,DJF,"mean over τ∈[2, 4]",Z925,refine,0.014565466270824674,,,96
6h,2021,Antarctic,DJF,"mean over τ∈[2, 4]",Z850,refine,0.011106868189578161,,,96
6h,2021,Antarctic,DJF,"mean over τ∈[2, 4]",Z700,refine,0.007119630371622846,,,96
6h,2021,Antarctic,DJF,"mean over τ∈[2, 4]",t2m,refine,0.017354718789067546,,,96
6h,2021,Antarctic,DJF,"mean over τ∈[2, 4]",u10,refine,0.0666966104096342,,,96
6h,2021,Antarctic,DJF,"mean over τ∈[2, 4]",v10,refine,0.10998408497304397,,,96
6h,2021,Antarctic,DJF,"mean over τ∈[2, 4]",mslp,refine,0.020373014503858464,,,96
6h,2021,Antarctic,MAM,"mean over τ∈[2, 4]",T1000,refine,0.01790689147488928,,,96
6h,2021,Antarctic,MAM,"mean over τ∈[2, 4]",T925,refine,0.01950625516293505,,,96
6h,2021,Antarctic,MAM,"mean over τ∈[2, 4]",T850,refine,0.021139576339690148,,,96
6h,2021,Antarctic,MAM,"mean over τ∈[2, 4]",T700,refine,0.020303750277036545,,,96
6h,2021,Antarctic,MAM,"mean over τ∈[2, 4]",U1000,refine,0.07388195110283328,,,96
6h,2021,Antarctic,MAM,"mean over τ∈[2, 4]",U925,refine,0.07107126134074125,,,96
6h,2021,Antarctic,MAM,"mean over τ∈[2, 4]",U850,refine,0.07186089178864083,,,96
6h,2021,Antarctic,MAM,"mean over τ∈[2, 4]",U700,refine,0.07330638788736243,,,96
6h,2021,Antarctic,MAM,"mean over τ∈[2, 4]",V1000,refine,0.12054883908619463,,,96
6h,2021,Antarctic,MAM,"mean over τ∈[2, 4]",V925,refine,0.15106287387640402,,,96
6h,2021,Antarctic,MAM,"mean over τ∈[2, 4]",V850,refine,0.19921393375013358,,,96
6h,2021,Antarctic,MAM,"mean over τ∈[2, 4]",V700,refine,0.2573135525020747,,,96
6h,2021,Antarctic,MAM,"mean over τ∈[2, 4]",Q1000,refine,0.005915680422342312,,,96
6h,2021,Antarctic,MAM,"mean over τ∈[2, 4]",Q925,refine,0.008812503299373905,,,96
6h,2021,Antarctic,MAM,"mean over τ∈[2, 4]",Q850,refine,0.015872027311984498,,,96
6h,2021,Antarctic,MAM,"mean over τ∈[2, 4]",Q700,refine,0.02908940334523065,,,96
6h,2021,Antarctic,MAM,"mean over τ∈[2, 4]",Z1000,refine,0.02472836694798754,,,96
6h,2021,Antarctic,MAM,"mean over τ∈[2, 4]",Z925,refine,0.018803094017603945,,,96
6h,2021,Antarctic,MAM,"mean over τ∈[2, 4]",Z850,refine,0.014078890520305226,,,96
6h,2021,Antarctic,MAM,"mean over τ∈[2, 4]",Z700,refine,0.00889799327587792,,,96
6h,2021,Antarctic,MAM,"mean over τ∈[2, 4]",t2m,refine,0.021262343652558323,,,96
6h,2021,Antarctic,MAM,"mean over τ∈[2, 4]",u10,refine,0.08080300797637577,,,96
6h,2021,Antarctic,MAM,"mean over τ∈[2, 4]",v10,refine,0.13092531140955835,,,96
6h,2021,Antarctic,MAM,"mean over τ∈[2, 4]",mslp,refine,0.029790281604903806,,,96
6h,2021,Antarctic,JJA,"mean over τ∈[2, 4]",T1000,refine,0.020526424540834448,,,96
6h,2021,Antarctic,JJA,"mean over τ∈[2, 4]",T925,refine,0.021459344360747184,,,96
6h,2021,Antarctic,JJA,"mean over τ∈[2, 4]",T850,refine,0.02188557700901661,,,96
6h,2021,Antarctic,JJA,"mean over τ∈[2, 4]",T700,refine,0.021034144263945138,,,96
6h,2021,Antarctic,JJA,"mean over τ∈[2, 4]",U1000,refine,0.07644935635691955,,,96
6h,2021,Antarctic,JJA,"mean over τ∈[2, 4]",U925,refine,0.07390876350962264,,,96
6h,2021,Antarctic,JJA,"mean over τ∈[2, 4]",U850,refine,0.07422359347094067,,,96
6h,2021,Antarctic,JJA,"mean over τ∈[2, 4]",U700,refine,0.07503769455858085,,,96
6h,2021,Antarctic,JJA,"mean over τ∈[2, 4]",V1000,refine,0.12559297523015747,,,96
6h,2021,Antarctic,JJA,"mean over τ∈[2, 4]",V925,refine,0.1586834117514048,,,96
6h,2021,Antarctic,JJA,"mean over τ∈[2, 4]",V850,refine,0.20711076663165012,,,96
6h,2021,Antarctic,JJA,"mean over τ∈[2, 4]",V700,refine,0.2658728091953345,,,96
6h,2021,Antarctic,JJA,"mean over τ∈[2, 4]",Q1000,refine,0.005371130736431491,,,96
6h,2021,Antarctic,JJA,"mean over τ∈[2, 4]",Q925,refine,0.007396575853370241,,,96
6h,2021,Antarctic,JJA,"mean over τ∈[2, 4]",Q850,refine,0.012053888151014477,,,96
6h,2021,Antarctic,JJA,"mean over τ∈[2, 4]",Q700,refine,0.020285840163008342,,,96
6h,2021,Antarctic,JJA,"mean over τ∈[2, 4]",Z1000,refine,0.027962352074441983,,,96
6h,2021,Antarctic,JJA,"mean over τ∈[2, 4]",Z925,refine,0.021416378890615623,,,96
6h,2021,Antarctic,JJA,"mean over τ∈[2, 4]",Z850,refine,0.01614610440457283,,,96
6h,2021,Antarctic,JJA,"mean over τ∈[2, 4]",Z700,refine,0.010070125173429607,,,96
6h,2021,Antarctic,JJA,"mean over τ∈[2, 4]",t2m,refine,0.02262201796054006,,,96
6h,2021,Antarctic,JJA,"mean over τ∈[2, 4]",u10,refine,0.08385924102220611,,,96
6h,2021,Antarctic,JJA,"mean over τ∈[2, 4]",v10,refine,0.13687982664006312,,,96
6h,2021,Antarctic,JJA,"mean over τ∈[2, 4]",mslp,refine,0.03438514423466064,,,96
6h,2021,Antarctic,SON,"mean over τ∈[2, 4]",T1000,refine,0.016457294255614093,,,96
6h,2021,Antarctic,SON,"mean over τ∈[2, 4]",T925,refine,0.017997173378444746,,,96
6h,2021,Antarctic,SON,"mean over τ∈[2, 4]",T850,refine,0.01939408321997991,,,96
6h,2021,Antarctic,SON,"mean over τ∈[2, 4]",T700,refine,0.01912072678240082,,,96
6h,2021,Antarctic,SON,"mean over τ∈[2, 4]",U1000,refine,0.07443004416891127,,,96
6h,2021,Antarctic,SON,"mean over τ∈[2, 4]",U925,refine,0.07131469304394973,,,96
6h,2021,Antarctic,SON,"mean over τ∈[2, 4]",U850,refine,0.07146883876904743,,,96
6h,2021,Antarctic,SON,"mean over τ∈[2, 4]",U700,refine,0.07199840847790069,,,96
6h,2021,Antarctic,SON,"mean over τ∈[2, 4]",V1000,refine,0.12180432666555437,,,96
6h,2021,Antarctic,SON,"mean over τ∈[2, 4]",V925,refine,0.15236301098493626,,,96
6h,2021,Antarctic,SON,"mean over τ∈[2, 4]",V850,refine,0.19865587923657937,,,96
6h,2021,Antarctic,SON,"mean over τ∈[2, 4]",V700,refine,0.2528956933080064,,,96
6h,2021,Antarctic,SON,"mean over τ∈[2, 4]",Q1000,refine,0.006012188947201775,,,96
6h,2021,Antarctic,SON,"mean over τ∈[2, 4]",Q925,refine,0.008056662301738945,,,96
6h,2021,Antarctic,SON,"mean over τ∈[2, 4]",Q850,refine,0.013950510281491454,,,96
6h,2021,Antarctic,SON,"mean over τ∈[2, 4]",Q700,refine,0.023618417373816893,,,96
6h,2021,Antarctic,SON,"mean over τ∈[2, 4]",Z1000,refine,0.025235048237543977,,,96
6h,2021,Antarctic,SON,"mean over τ∈[2, 4]",Z925,refine,0.019410279472156136,,,96
6h,2021,Antarctic,SON,"mean over τ∈[2, 4]",Z850,refine,0.014682013225481346,,,96
6h,2021,Antarctic,SON,"mean over τ∈[2, 4]",Z700,refine,0.009305396233602018,,,96
6h,2021,Antarctic,SON,"mean over τ∈[2, 4]",t2m,refine,0.021990047745762138,,,96
6h,2021,Antarctic,SON,"mean over τ∈[2, 4]",u10,refine,0.08192553371152775,,,96
6h,2021,Antarctic,SON,"mean over τ∈[2, 4]",v10,refine,0.1328413798392434,,,96
6h,2021,Antarctic,SON,"mean over τ∈[2, 4]",mslp,refine,0.029626560807400122,,,96
6h,2021,North_Atlantic,DJF,"mean over τ∈[2, 4]",T1000,refine,0.016314746673426427,,,96
6h,2021,North_Atlantic,DJF,"mean over τ∈[2, 4]",T925,refine,0.018007078492238017,,,96
6h,2021,North_Atlantic,DJF,"mean over τ∈[2, 4]",T850,refine,0.02371155206140003,,,96
6h,2021,North_Atlantic,DJF,"mean over τ∈[2, 4]",T700,refine,0.02261952384410781,,,96
6h,2021,North_Atlantic,DJF,"mean over τ∈[2, 4]",U1000,refine,0.10378773695587183,,,96
6h,2021,North_Atlantic,DJF,"mean over τ∈[2, 4]",U925,refine,0.09289990464100972,,,96
6h,2021,North_Atlantic,DJF,"mean over τ∈[2, 4]",U850,refine,0.09542848374871149,,,96
6h,2021,North_Atlantic,DJF,"mean over τ∈[2, 4]",U700,refine,0.09645954459214848,,,96
6h,2021,North_Atlantic,DJF,"mean over τ∈[2, 4]",V1000,refine,0.175279785223223,,,96
6h,2021,North_Atlantic,DJF,"mean over τ∈[2, 4]",V925,refine,0.20398215215673351,,,96
6h,2021,North_Atlantic,DJF,"mean over τ∈[2, 4]",V850,refine,0.2685531843027758,,,96
6h,2021,North_Atlantic,DJF,"mean over τ∈[2, 4]",V700,refine,0.34018849443268656,,,96
6h,2021,North_Atlantic,DJF,"mean over τ∈[2, 4]",Q1000,refine,0.021404409170141726,,,96
6h,2021,North_Atlantic,DJF,"mean over τ∈[2, 4]",Q925,refine,0.03585935120580276,,,96
6h,2021,North_Atlantic,DJF,"mean over τ∈[2, 4]",Q850,refine,0.05581281685582783,,,96
6h,2021,North_Atlantic,DJF,"mean over τ∈[2, 4]",Q700,refine,0.07567849446494485,,,96
6h,2021,North_Atlantic,DJF,"mean over τ∈[2, 4]",Z1000,refine,0.023983609380451833,,,96
6h,2021,North_Atlantic,DJF,"mean over τ∈[2, 4]",Z925,refine,0.01907376337247551,,,96
6h,2021,North_Atlantic,DJF,"mean over τ∈[2, 4]",Z850,refine,0.014835131614176206,,,96
6h,2021,North_Atlantic,DJF,"mean over τ∈[2, 4]",Z700,refine,0.00960174187016405,,,96
6h,2021,North_Atlantic,DJF,"mean over τ∈[2, 4]",t2m,refine,0.02144377421896626,,,96
6h,2021,North_Atlantic,DJF,"mean over τ∈[2, 4]",u10,refine,0.10346213379364053,,,96
6h,2021,North_Atlantic,DJF,"mean over τ∈[2, 4]",v10,refine,0.17216347727576067,,,96
6h,2021,North_Atlantic,DJF,"mean over τ∈[2, 4]",mslp,refine,0.024525350293359983,,,96
6h,2021,North_Atlantic,MAM,"mean over τ∈[2, 4]",T1000,refine,0.017656621333506043,,,96
6h,2021,North_Atlantic,MAM,"mean over τ∈[2, 4]",T925,refine,0.018761370338084622,,,96
6h,2021,North_Atlantic,MAM,"mean over τ∈[2, 4]",T850,refine,0.021756091550589746,,,96
6h,2021,North_Atlantic,MAM,"mean over τ∈[2, 4]",T700,refine,0.020012592584044323,,,96
6h,2021,North_Atlantic,MAM,"mean over τ∈[2, 4]",U1000,refine,0.09500024080511478,,,96
6h,2021,North_Atlantic,MAM,"mean over τ∈[2, 4]",U925,refine,0.08426386504899426,,,96
6h,2021,North_Atlantic,MAM,"mean over τ∈[2, 4]",U850,refine,0.08459495342682019,,,96
6h,2021,North_Atlantic,MAM,"mean over τ∈[2, 4]",U700,refine,0.0849678142788638,,,96
6h,2021,North_Atlantic,MAM,"mean over τ∈[2, 4]",V1000,refine,0.1637533928864541,,,96
6h,2021,North_Atlantic,MAM,"mean over τ∈[2, 4]",V925,refine,0.187023985855066,,,96
6h,2021,North_Atlantic,MAM,"mean over τ∈[2, 4]",V850,refine,0.24175161988159202,,,96
6h,2021,North_Atlantic,MAM,"mean over τ∈[2, 4]",V700,refine,0.29537022146000613,,,96
6h,2021,North_Atlantic,MAM,"mean over τ∈[2, 4]",Q1000,refine,0.02195818130256288,,,96
6h,2021,North_Atlantic,MAM,"mean over τ∈[2, 4]",Q925,refine,0.03884858357979736,,,96
6h,2021,North_Atlantic,MAM,"mean over τ∈[2, 4]",Q850,refine,0.05397893372332651,,,96
6h,2021,North_Atlantic,MAM,"mean over τ∈[2, 4]",Q700,refine,0.07230412721387312,,,96
6h,2021,North_Atlantic,MAM,"mean over τ∈[2, 4]",Z1000,refine,0.020528145749789235,,,96
6h,2021,North_Atlantic,MAM,"mean over τ∈[2, 4]",Z925,refine,0.016129020365272702,,,96
6h,2021,North_Atlantic,MAM,"mean over τ∈[2, 4]",Z850,refine,0.012464801461254673,,,96
6h,2021,North_Atlantic,MAM,"mean over τ∈[2, 4]",Z700,refine,0.008182389462259737,,,96
6h,2021,North_Atlantic,MAM,"mean over τ∈[2, 4]",t2m,refine,0.023587123523491366,,,96
6h,2021,North_Atlantic,MAM,"mean over τ∈[2, 4]",u10,refine,0.09228027503137258,,,96
6h,2021,North_Atlantic,MAM,"mean over τ∈[2, 4]",v10,refine,0.15623869808494278,,,96
6h,2021,North_Atlantic,MAM,"mean over τ∈[2, 4]",mslp,refine,0.020946879744037902,,,96
6h,2021,North_Atlantic,JJA,"mean over τ∈[2, 4]",T1000,refine,0.01804354427730923,,,96
6h,2021,North_Atlantic,JJA,"mean over τ∈[2, 4]",T925,refine,0.020656731778341843,,,96
6h,2021,North_Atlantic,JJA,"mean over τ∈[2, 4]",T850,refine,0.01763378593499958,,,96
6h,2021,North_Atlantic,JJA,"mean over τ∈[2, 4]",T700,refine,0.016238864686679438,,,96
6h,2021,North_Atlantic,JJA,"mean over τ∈[2, 4]",U1000,refine,0.08537059038713182,,,96
6h,2021,North_Atlantic,JJA,"mean over τ∈[2, 4]",U925,refine,0.07614560717417378,,,96
6h,2021,North_Atlantic,JJA,"mean over τ∈[2, 4]",U850,refine,0.07237212223381781,,,96
6h,2021,North_Atlantic,JJA,"mean over τ∈[2, 4]",U700,refine,0.06705172560480938,,,96
6h,2021,North_Atlantic,JJA,"mean over τ∈[2, 4]",V1000,refine,0.1512748517386907,,,96
6h,2021,North_Atlantic,JJA,"mean over τ∈[2, 4]",V925,refine,0.16636433821898275,,,96
6h,2021,North_Atlantic,JJA,"mean over τ∈[2, 4]",V850,refine,0.20375257382703454,,,96
6h,2021,North_Atlantic,JJA,"mean over τ∈[2, 4]",V700,refine,0.23687768774946183,,,96
6h,2021,North_Atlantic,JJA,"mean over τ∈[2, 4]",Q1000,refine,0.026217186628615708,,,96
6h,2021,North_Atlantic,JJA,"mean over τ∈[2, 4]",Q925,refine,0.05031480588048965,,,96
6h,2021,North_Atlantic,JJA,"mean over τ∈[2, 4]",Q850,refine,0.05858332199485988,,,96
6h,2021,North_Atlantic,JJA,"mean over τ∈[2, 4]",Q700,refine,0.08691248318580297,,,96
6h,2021,North_Atlantic,JJA,"mean over τ∈[2, 4]",Z1000,refine,0.019210690834745026,,,96
6h,2021,North_Atlantic,JJA,"mean over τ∈[2, 4]",Z925,refine,0.015040182016115535,,,96
6h,2021,North_Atlantic,JJA,"mean over τ∈[2, 4]",Z850,refine,0.01164106655404003,,,96
6h,2021,North_Atlantic,JJA,"mean over τ∈[2, 4]",Z700,refine,0.007626954197515454,,,96
6h,2021,North_Atlantic,JJA,"mean over τ∈[2, 4]",t2m,refine,0.024187910609549473,,,96
6h,2021,North_Atlantic,JJA,"mean over τ∈[2, 4]",u10,refine,0.0816625167699978,,,96
6h,2021,North_Atlantic,JJA,"mean over τ∈[2, 4]",v10,refine,0.14043157252361665,,,96
6h,2021,North_Atlantic,JJA,"mean over τ∈[2, 4]",mslp,refine,0.019073657269506564,,,96
6h,2021,North_Atlantic,SON,"mean over τ∈[2, 4]",T1000,refine,0.015413019153096522,,,96
6h,2021,North_Atlantic,SON,"mean over τ∈[2, 4]",T925,refine,0.017573637629816737,,,96
6h,2021,North_Atlantic,SON,"mean over τ∈[2, 4]",T850,refine,0.021506269654751907,,,96
6h,2021,North_Atlantic,SON,"mean over τ∈[2, 4]",T700,refine,0.019868349245253155,,,96
6h,2021,North_Atlantic,SON,"mean over τ∈[2, 4]",U1000,refine,0.09225557564766353,,,96
6h,2021,North_Atlantic,SON,"mean over τ∈[2, 4]",U925,refine,0.08090457489177422,,,96
6h,2021,North_Atlantic,SON,"mean over τ∈[2, 4]",U850,refine,0.08101956359786906,,,96
6h,2021,North_Atlantic,SON,"mean over τ∈[2, 4]",U700,refine,0.080417644290885,,,96
6h,2021,North_Atlantic,SON,"mean over τ∈[2, 4]",V1000,refine,0.15764938161947703,,,96
6h,2021,North_Atlantic,SON,"mean over τ∈[2, 4]",V925,refine,0.1819394737145106,,,96
6h,2021,North_Atlantic,SON,"mean over τ∈[2, 4]",V850,refine,0.23380275760965058,,,96
6h,2021,North_Atlantic,SON,"mean over τ∈[2, 4]",V700,refine,0.28773981809700444,,,96
6h,2021,North_Atlantic,SON,"mean over τ∈[2, 4]",Q1000,refine,0.023935960911034913,,,96
6h,2021,North_Atlantic,SON,"mean over τ∈[2, 4]",Q925,refine,0.04664506877644895,,,96
6h,2021,North_Atlantic,SON,"mean over τ∈[2, 4]",Q850,refine,0.06202777607487053,,,96
6h,2021,North_Atlantic,SON,"mean over τ∈[2, 4]",Q700,refine,0.08626924602333323,,,96
6h,2021,North_Atlantic,SON,"mean over τ∈[2, 4]",Z1000,refine,0.02049712652207405,,,96
6h,2021,North_Atlantic,SON,"mean over τ∈[2, 4]",Z925,refine,0.01625045698780798,,,96
6h,2021,North_Atlantic,SON,"mean over τ∈[2, 4]",Z850,refine,0.012605596488553347,,,96
6h,2021,North_Atlantic,SON,"mean over τ∈[2, 4]",Z700,refine,0.008238794426033364,,,96
6h,2021,North_Atlantic,SON,"mean over τ∈[2, 4]",t2m,refine,0.021439229905997836,,,96
6h,2021,North_Atlantic,SON,"mean over τ∈[2, 4]",u10,refine,0.0896966505172334,,,96
6h,2021,North_Atlantic,SON,"mean over τ∈[2, 4]",v10,refine,0.15205128542074955,,,96
6h,2021,North_Atlantic,SON,"mean over τ∈[2, 4]",mslp,refine,0.02047662129021964,,,96
6h,2021,West_Pacific,DJF,"mean over τ∈[2, 4]",T1000,refine,0.013542495318558027,,,96
6h,2021,West_Pacific,DJF,"mean over τ∈[2, 4]",T925,refine,0.014413575552534525,,,96
6h,2021,West_Pacific,DJF,"mean over τ∈[2, 4]",T850,refine,0.02278753781152117,,,96
6h,2021,West_Pacific,DJF,"mean over τ∈[2, 4]",T700,refine,0.022923569809241966,,,96
6h,2021,West_Pacific,DJF,"mean over τ∈[2, 4]",U1000,refine,0.09467022198020651,,,96
6h,2021,West_Pacific,DJF,"mean over τ∈[2, 4]",U925,refine,0.08067760414417498,,,96
6h,2021,West_Pacific,DJF,"mean over τ∈[2, 4]",U850,refine,0.0888658624057262,,,96
6h,2021,West_Pacific,DJF,"mean over τ∈[2, 4]",U700,refine,0.09350847294249118,,,96
6h,2021,West_Pacific,DJF,"mean over τ∈[2, 4]",V1000,refine,0.16363796956707852,,,96
6h,2021,West_Pacific,DJF,"mean over τ∈[2, 4]",V925,refine,0.1808623606477526,,,96
6h,2021,West_Pacific,DJF,"mean over τ∈[2, 4]",V850,refine,0.24738664305446317,,,96
6h,2021,West_Pacific,DJF,"mean over τ∈[2, 4]",V700,refine,0.3212397704483736,,,96
6h,2021,West_Pacific,DJF,"mean over τ∈[2, 4]",Q1000,refine,0.022453459104744646,,,96
6h,2021,West_Pacific,DJF,"mean over τ∈[2, 4]",Q925,refine,0.04463448338007172,,,96
6h,2021,West_Pacific,DJF,"mean over τ∈[2, 4]",Q850,refine,0.0748598011698624,,,96
6h,2021,West_Pacific,DJF,"mean over τ∈[2, 4]",Q700,refine,0.09353403795853535,,,96
6h,2021,West_Pacific,DJF,"mean over τ∈[2, 4]",Z1000,refine,0.026156741963153124,,,96
6h,2021,West_Pacific,DJF,"mean over τ∈[2, 4]",Z925,refine,0.02105665271878273,,,96
6h,2021,West_Pacific,DJF,"mean over τ∈[2, 4]",Z850,refine,0.01658800201593892,,,96
6h,2021,West_Pacific,DJF,"mean over τ∈[2, 4]",Z700,refine,0.010856480752705178,,,96
6h,2021,West_Pacific,DJF,"mean over τ∈[2, 4]",t2m,refine,0.017861265947230337,,,96
6h,2021,West_Pacific,DJF,"mean over τ∈[2, 4]",u10,refine,0.09289774795935762,,,96
6h,2021,West_Pacific,DJF,"mean over τ∈[2, 4]",v10,refine,0.158466755634962,,,96
6h,2021,West_Pacific,DJF,"mean over τ∈[2, 4]",mslp,refine,0.02615049269191465,,,96
6h,2021,West_Pacific,MAM,"mean over τ∈[2, 4]",T1000,refine,0.0142629729432832,,,96
6h,2021,West_Pacific,MAM,"mean over τ∈[2, 4]",T925,refine,0.016040932989889737,,,96
6h,2021,West_Pacific,MAM,"mean over τ∈[2, 4]",T850,refine,0.02047813502515172,,,96
6h,2021,West_Pacific,MAM,"mean over τ∈[2, 4]",T700,refine,0.019054911489679374,,,96
6h,2021,West_Pacific,MAM,"mean over τ∈[2, 4]",U1000,refine,0.08549838459654234,,,96
6h,2021,West_Pacific,MAM,"mean over τ∈[2, 4]",U925,refine,0.07200838699971644,,,96
6h,2021,West_Pacific,MAM,"mean over τ∈[2, 4]",U850,refine,0.07348594972034098,,,96
6h,2021,West_Pacific,MAM,"mean over τ∈[2, 4]",U700,refine,0.07471565482367154,,,96
6h,2021,West_Pacific,MAM,"mean over τ∈[2, 4]",V1000,refine,0.1538009149663053,,,96
6h,2021,West_Pacific,MAM,"mean over τ∈[2, 4]",V925,refine,0.16255577623682171,,,96
6h,2021,West_Pacific,MAM,"mean over τ∈[2, 4]",V850,refine,0.21043374517492208,,,96
6h,2021,West_Pacific,MAM,"mean over τ∈[2, 4]",V700,refine,0.26380866543783993,,,96
6h,2021,West_Pacific,MAM,"mean over τ∈[2, 4]",Q1000,refine,0.022249404230908258,,,96
6h,2021,West_Pacific,MAM,"mean over τ∈[2, 4]",Q925,refine,0.04958820730928631,,,96
6h,2021,West_Pacific,MAM,"mean over τ∈[2, 4]",Q850,refine,0.06380223868028387,,,96
6h,2021,West_Pacific,MAM,"mean over τ∈[2, 4]",Q700,refine,0.09106721287411416,,,96
6h,2021,West_Pacific,MAM,"mean over τ∈[2, 4]",Z1000,refine,0.02220045545348194,,,96
6h,2021,West_Pacific,MAM,"mean over τ∈[2, 4]",Z925,refine,0.01776881579741974,,,96
6h,2021,West_Pacific,MAM,"mean over τ∈[2, 4]",Z850,refine,0.013911635336746707,,,96
6h,2021,West_Pacific,MAM,"mean over τ∈[2, 4]",Z700,refine,0.009133804308088262,,,96
6h,2021,West_Pacific,MAM,"mean over τ∈[2, 4]",t2m,refine,0.016940191939113093,,,96
6h,2021,West_Pacific,MAM,"mean over τ∈[2, 4]",u10,refine,0.08132475937847457,,,96
6h,2021,West_Pacific,MAM,"mean over τ∈[2, 4]",v10,refine,0.14456962076644544,,,96
6h,2021,West_Pacific,MAM,"mean over τ∈[2, 4]",mslp,refine,0.021893918246317833,,,96
6h,2021,West_Pacific,JJA,"mean over τ∈[2, 4]",T1000,refine,0.014269788616407432,,,96
6h,2021,West_Pacific,JJA,"mean over τ∈[2, 4]",T925,refine,0.01538809030668184,,,96
6h,2021,West_Pacific,JJA,"mean over τ∈[2, 4]",T850,refine,0.015664602278404837,,,96
6h,2021,West_Pacific,JJA,"mean over τ∈[2, 4]",T700,refine,0.01600292553311204,,,96
6h,2021,West_Pacific,JJA,"mean over τ∈[2, 4]",U1000,refine,0.07899565449353246,,,96
6h,2021,West_Pacific,JJA,"mean over τ∈[2, 4]",U925,refine,0.06494960525509673,,,96
6h,2021,West_Pacific,JJA,"mean over τ∈[2, 4]",U850,refine,0.059900879468518686,,,96
6h,2021,West_Pacific,JJA,"mean over τ∈[2, 4]",U700,refine,0.060488282843049745,,,96
6h,2021,West_Pacific,JJA,"mean over τ∈[2, 4]",V1000,refine,0.13630038318760257,,,96
6h,2021,West_Pacific,JJA,"mean over τ∈[2, 4]",V925,refine,0.140735669286357,,,96
6h,2021,West_Pacific,JJA,"mean over τ∈[2, 4]",V850,refine,0.16882101618571965,,,96
6h,2021,West_Pacific,JJA,"mean over τ∈[2, 4]",V700,refine,0.21559299997874556,,,96
6h,2021,West_Pacific,JJA,"mean over τ∈[2, 4]",Q1000,refine,0.024404775112140818,,,96
6h,2021,West_Pacific,JJA,"mean over τ∈[2, 4]",Q925,refine,0.05524163045155505,,,96
6h,2021,West_Pacific,JJA,"mean over τ∈[2, 4]",Q850,refine,0.06111119550460593,,,96
6h,2021,West_Pacific,JJA,"mean over τ∈[2, 4]",Q700,refine,0.08997922774358455,,,96
6h,2021,West_Pacific,JJA,"mean over τ∈[2, 4]",Z1000,refine,0.02107422302266701,,,96
6h,2021,West_Pacific,JJA,"mean over τ∈[2, 4]",Z925,refine,0.016848418377350974,,,96
6h,2021,West_Pacific,JJA,"mean over τ∈[2, 4]",Z850,refine,0.013109706832437933,,,96
6h,2021,West_Pacific,JJA,"mean over τ∈[2, 4]",Z700,refine,0.008595897848806398,,,96
6h,2021,West_Pacific,JJA,"mean over τ∈[2, 4]",t2m,refine,0.016212682208286037,,,96
6h,2021,West_Pacific,JJA,"mean over τ∈[2, 4]",u10,refine,0.07805494982361089,,,96
6h,2021,West_Pacific,JJA,"mean over τ∈[2, 4]",v10,refine,0.1351757319632108,,,96
6h,2021,West_Pacific,JJA,"mean over τ∈[2, 4]",mslp,refine,0.020273256082001,,,96
6h,2021,West_Pacific,SON,"mean over τ∈[2, 4]",T1000,refine,0.014110227059283284,,,96
6h,2021,West_Pacific,SON,"mean over τ∈[2, 4]",T925,refine,0.014411395526517544,,,96
6h,2021,West_Pacific,SON,"mean over τ∈[2, 4]",T850,refine,0.018825466288107825,,,96
6h,2021,West_Pacific,SON,"mean over τ∈[2, 4]",T700,refine,0.018311872781987645,,,96
6h,2021,West_Pacific,SON,"mean over τ∈[2, 4]",U1000,refine,0.08301576454743333,,,96
6h,2021,West_Pacific,SON,"mean over τ∈[2, 4]",U925,refine,0.06829703628820445,,,96
6h,2021,West_Pacific,SON,"mean over τ∈[2, 4]",U850,refine,0.06739918524932978,,,96
6h,2021,West_Pacific,SON,"mean over τ∈[2, 4]",U700,refine,0.07076025735199618,,,96
6h,2021,West_Pacific,SON,"mean over τ∈[2, 4]",V1000,refine,0.14664800693630156,,,96
6h,2021,West_Pacific,SON,"mean over τ∈[2, 4]",V925,refine,0.15262468514275845,,,96
6h,2021,West_Pacific,SON,"mean over τ∈[2, 4]",V850,refine,0.19455560218555387,,,96
6h,2021,West_Pacific,SON,"mean over τ∈[2, 4]",V700,refine,0.24916839105139696,,,96
6h,2021,West_Pacific,SON,"mean over τ∈[2, 4]",Q1000,refine,0.024147370645191943,,,96
6h,2021,West_Pacific,SON,"mean over τ∈[2, 4]",Q925,refine,0.054486905037345136,,,96
6h,2021,West_Pacific,SON,"mean over τ∈[2, 4]",Q850,refine,0.06922098698332621,,,96
6h,2021,West_Pacific,SON,"mean over τ∈[2, 4]",Q700,refine,0.09658499158171333,,,96
6h,2021,West_Pacific,SON,"mean over τ∈[2, 4]",Z1000,refine,0.022172199490250278,,,96
6h,2021,West_Pacific,SON,"mean over τ∈[2, 4]",Z925,refine,0.01774888634065092,,,96
6h,2021,West_Pacific,SON,"mean over τ∈[2, 4]",Z850,refine,0.01383591326279222,,,96
6h,2021,West_Pacific,SON,"mean over τ∈[2, 4]",Z700,refine,0.009008002493773284,,,96
6h,2021,West_Pacific,SON,"mean over τ∈[2, 4]",t2m,refine,0.017937449325015956,,,96
6h,2021,West_Pacific,SON,"mean over τ∈[2, 4]",u10,refine,0.08178516846460411,,,96
6h,2021,West_Pacific,SON,"mean over τ∈[2, 4]",v10,refine,0.14442054916601985,,,96
6h,2021,West_Pacific,SON,"mean over τ∈[2, 4]",mslp,refine,0.021607792594342777,,,96
6h,2021,Land,DJF,"mean over τ∈[2, 4]",T1000,refine,0.017123842046691175,,,96
6h,2021,Land,DJF,"mean over τ∈[2, 4]",T925,refine,0.018453884015754464,,,96
6h,2021,Land,DJF,"mean over τ∈[2, 4]",T850,refine,0.021284337032081945,,,96
6h,2021,Land,DJF,"mean over τ∈[2, 4]",T700,refine,0.01779251296096669,,,96
6h,2021,Land,DJF,"mean over τ∈[2, 4]",U1000,refine,0.07068092221120961,,,96
6h,2021,Land,DJF,"mean over τ∈[2, 4]",U925,refine,0.06358073339844779,,,96
6h,2021,Land,DJF,"mean over τ∈[2, 4]",U850,refine,0.06621316127341756,,,96
6h,2021,Land,DJF,"mean over τ∈[2, 4]",U700,refine,0.06366777558906132,,,96
6h,2021,Land,DJF,"mean over τ∈[2, 4]",V1000,refine,0.12039518480622047,,,96
6h,2021,Land,DJF,"mean over τ∈[2, 4]",V925,refine,0.14107383643672472,,,96
6h,2021,Land,DJF,"mean over τ∈[2, 4]",V850,refine,0.18958829728862708,,,96
6h,2021,Land,DJF,"mean over τ∈[2, 4]",V700,refine,0.22973622247083386,,,96
6h,2021,Land,DJF,"mean over τ∈[2, 4]",Q1000,refine,0.026255093952006103,,,96
6h,2021,Land,DJF,"mean over τ∈[2, 4]",Q925,refine,0.03949413231902511,,,96
6h,2021,Land,DJF,"mean over τ∈[2, 4]",Q850,refine,0.05613208233302947,,,96
6h,2021,Land,DJF,"mean over τ∈[2, 4]",Q700,refine,0.07666508245990286,,,96
6h,2021,Land,DJF,"mean over τ∈[2, 4]",Z1000,refine,0.021611264094105995,,,96
6h,2021,Land,DJF,"mean over τ∈[2, 4]",Z925,refine,0.017101989304365732,,,96
6h,2021,Land,DJF,"mean over τ∈[2, 4]",Z850,refine,0.013332215841744122,,,96
6h,2021,Land,DJF,"mean over τ∈[2, 4]",Z700,refine,0.008718014715380659,,,96
6h,2021,Land,DJF,"mean over τ∈[2, 4]",t2m,refine,0.025165240594323946,,,96
6h,2021,Land,DJF,"mean over τ∈[2, 4]",u10,refine,0.07213763021992413,,,96
6h,2021,Land,DJF,"mean over τ∈[2, 4]",v10,refine,0.1214059810400712,,,96
6h,2021,Land,DJF,"mean over τ∈[2, 4]",mslp,refine,0.021755941197996242,,,96
6h,2021,Land,MAM,"mean over τ∈[2, 4]",T1000,refine,0.017408469217515748,,,96
6h,2021,Land,MAM,"mean over τ∈[2, 4]",T925,refine,0.01826840361474833,,,96
6h,2021,Land,MAM,"mean over τ∈[2, 4]",T850,refine,0.020863377691903953,,,96
6h,2021,Land,MAM,"mean over τ∈[2, 4]",T700,refine,0.018288001607612882,,,96
6h,2021,Land,MAM,"mean over τ∈[2, 4]",U1000,refine,0.07544675729811169,,,96
6h,2021,Land,MAM,"mean over τ∈[2, 4]",U925,refine,0.06825845331087593,,,96
6h,2021,Land,MAM,"mean over τ∈[2, 4]",U850,refine,0.06907905178413279,,,96
6h,2021,Land,MAM,"mean over τ∈[2, 4]",U700,refine,0.06756003345438269,,,96
6h,2021,Land,MAM,"mean over τ∈[2, 4]",V1000,refine,0.12736883204102611,,,96
6h,2021,Land,MAM,"mean over τ∈[2, 4]",V925,refine,0.15138464770571505,,,96
6h,2021,Land,MAM,"mean over τ∈[2, 4]",V850,refine,0.1974691606925321,,,96
6h,2021,Land,MAM,"mean over τ∈[2, 4]",V700,refine,0.24223341998398898,,,96
6h,2021,Land,MAM,"mean over τ∈[2, 4]",Q1000,refine,0.026910821543240766,,,96
6h,2021,Land,MAM,"mean over τ∈[2, 4]",Q925,refine,0.03946728722718412,,,96
6h,2021,Land,MAM,"mean over τ∈[2, 4]",Q850,refine,0.052826197326195555,,,96
6h,2021,Land,MAM,"mean over τ∈[2, 4]",Q700,refine,0.07649279769350076,,,96
6h,2021,Land,MAM,"mean over τ∈[2, 4]",Z1000,refine,0.021566278019545634,,,96
6h,2021,Land,MAM,"mean over τ∈[2, 4]",Z925,refine,0.017062285626103544,,,96
6h,2021,Land,MAM,"mean over τ∈[2, 4]",Z850,refine,0.013285310397938243,,,96
6h,2021,Land,MAM,"mean over τ∈[2, 4]",Z700,refine,0.008711457673645402,,,96
6h,2021,Land,MAM,"mean over τ∈[2, 4]",t2m,refine,0.026094590536947834,,,96
6h,2021,Land,MAM,"mean over τ∈[2, 4]",u10,refine,0.07754204058313054,,,96
6h,2021,Land,MAM,"mean over τ∈[2, 4]",v10,refine,0.12913481266697927,,,96
6h,2021,Land,MAM,"mean over τ∈[2, 4]",mslp,refine,0.021896231118694227,,,96
6h,2021,Land,JJA,"mean over τ∈[2, 4]",T1000,refine,0.01700108682229024,,,96
6h,2021,Land,JJA,"mean over τ∈[2, 4]",T925,refine,0.017565022608435392,,,96
6h,2021,Land,JJA,"mean over τ∈[2, 4]",T850,refine,0.02016350737687867,,,96
6h,2021,Land,JJA,"mean over τ∈[2, 4]",T700,refine,0.018532196488318192,,,96
6h,2021,Land,JJA,"mean over τ∈[2, 4]",U1000,refine,0.07720543416710807,,,96
6h,2021,Land,JJA,"mean over τ∈[2, 4]",U925,refine,0.07044922409310095,,,96
6h,2021,Land,JJA,"mean over τ∈[2, 4]",U850,refine,0.07086573247550984,,,96
6h,2021,Land,JJA,"mean over τ∈[2, 4]",U700,refine,0.07027474458388171,,,96
6h,2021,Land,JJA,"mean over τ∈[2, 4]",V1000,refine,0.12869441940510318,,,96
6h,2021,Land,JJA,"mean over τ∈[2, 4]",V925,refine,0.1545097157167634,,,96
6h,2021,Land,JJA,"mean over τ∈[2, 4]",V850,refine,0.20188970601484538,,,96
6h,2021,Land,JJA,"mean over τ∈[2, 4]",V700,refine,0.2509783808602738,,,96
6h,2021,Land,JJA,"mean over τ∈[2, 4]",Q1000,refine,0.025543961053263318,,,96
6h,2021,Land,JJA,"mean over τ∈[2, 4]",Q925,refine,0.038478784711425955,,,96
6h,2021,Land,JJA,"mean over τ∈[2, 4]",Q850,refine,0.05007449988831666,,,96
6h,2021,Land,JJA,"mean over τ∈[2, 4]",Q700,refine,0.07132316029670212,,,96
6h,2021,Land,JJA,"mean over τ∈[2, 4]",Z1000,refine,0.022471427033811598,,,96
6h,2021,Land,JJA,"mean over τ∈[2, 4]",Z925,refine,0.01787955140692713,,,96
6h,2021,Land,JJA,"mean over τ∈[2, 4]",Z850,refine,0.013970017415025732,,,96
6h,2021,Land,JJA,"mean over τ∈[2, 4]",Z700,refine,0.00915327567334546,,,96
6h,2021,Land,JJA,"mean over τ∈[2, 4]",t2m,refine,0.025171514542871063,,,96
6h,2021,Land,JJA,"mean over τ∈[2, 4]",u10,refine,0.07984903516450123,,,96
6h,2021,Land,JJA,"mean over τ∈[2, 4]",v10,refine,0.13121036101150535,,,96
6h,2021,Land,JJA,"mean over τ∈[2, 4]",mslp,refine,0.022863234770612532,,,96
6h,2021,Land,SON,"mean over τ∈[2, 4]",T1000,refine,0.017383398878707546,,,96
6h,2021,Land,SON,"mean over τ∈[2, 4]",T925,refine,0.01886846509660521,,,96
6h,2021,Land,SON,"mean over τ∈[2, 4]",T850,refine,0.021204370608448157,,,96
6h,2021,Land,SON,"mean over τ∈[2, 4]",T700,refine,0.01761753511216398,,,96
6h,2021,Land,SON,"mean over τ∈[2, 4]",U1000,refine,0.07332469174232328,,,96
6h,2021,Land,SON,"mean over τ∈[2, 4]",U925,refine,0.0665399536663445,,,96
6h,2021,Land,SON,"mean over τ∈[2, 4]",U850,refine,0.06852438535478342,,,96
6h,2021,Land,SON,"mean over τ∈[2, 4]",U700,refine,0.06603968102968602,,,96
6h,2021,Land,SON,"mean over τ∈[2, 4]",V1000,refine,0.12314183846137972,,,96
6h,2021,Land,SON,"mean over τ∈[2, 4]",V925,refine,0.1467806644221636,,,96
6h,2021,Land,SON,"mean over τ∈[2, 4]",V850,refine,0.19460136726085248,,,96
6h,2021,Land,SON,"mean over τ∈[2, 4]",V700,refine,0.23665147983271664,,,96
6h,2021,Land,SON,"mean over τ∈[2, 4]",Q1000,refine,0.02720176549326619,,,96
6h,2021,Land,SON,"mean over τ∈[2, 4]",Q925,refine,0.04117448969288637,,,96
6h,2021,Land,SON,"mean over τ∈[2, 4]",Q850,refine,0.051863598698844306,,,96
6h,2021,Land,SON,"mean over τ∈[2, 4]",Q700,refine,0.07055860112308834,,,96
6h,2021,Land,SON,"mean over τ∈[2, 4]",Z1000,refine,0.022096498762268154,,,96
6h,2021,Land,SON,"mean over τ∈[2, 4]",Z925,refine,0.01745947847532285,,,96
6h,2021,Land,SON,"mean over τ∈[2, 4]",Z850,refine,0.013602544340697312,,,96
6h,2021,Land,SON,"mean over τ∈[2, 4]",Z700,refine,0.008894578077545547,,,96
6h,2021,Land,SON,"mean over τ∈[2, 4]",t2m,refine,0.025988528652991325,,,96
6h,2021,Land,SON,"mean over τ∈[2, 4]",u10,refine,0.07585492350239084,,,96
6h,2021,Land,SON,"mean over τ∈[2, 4]",v10,refine,0.12604859117896253,,,96
6h,2021,Land,SON,"mean over τ∈[2, 4]",mslp,refine,0.022289236019343704,,,96
6h,2021,Ocean,DJF,"mean over τ∈[2, 4]",T1000,refine,0.017339685676292908,,,96
6h,2021,Ocean,DJF,"mean over τ∈[2, 4]",T925,refine,0.018757921982381888,,,96
6h,2021,Ocean,DJF,"mean over τ∈[2, 4]",T850,refine,0.021011972563949093,,,96
6h,2021,Ocean,DJF,"mean over τ∈[2, 4]",T700,refine,0.019164274698363168,,,96
6h,2021,Ocean,DJF,"mean over τ∈[2, 4]",U1000,refine,0.0769486679638699,,,96
6h,2021,Ocean,DJF,"mean over τ∈[2, 4]",U925,refine,0.07016116914512148,,,96
6h,2021,Ocean,DJF,"mean over τ∈[2, 4]",U850,refine,0.07142695488721561,,,96
6h,2021,Ocean,DJF,"mean over τ∈[2, 4]",U700,refine,0.0724097016945061,,,96
6h,2021,Ocean,DJF,"mean over τ∈[2, 4]",V1000,refine,0.13270047966261916,,,96
6h,2021,Ocean,DJF,"mean over τ∈[2, 4]",V925,refine,0.15487881162622374,,,96
6h,2021,Ocean,DJF,"mean over τ∈[2, 4]",V850,refine,0.20378801873792687,,,96
6h,2021,Ocean,DJF,"mean over τ∈[2, 4]",V700,refine,0.2563464446266242,,,96
6h,2021,Ocean,DJF,"mean over τ∈[2, 4]",Q1000,refine,0.023495760680075903,,,96
6h,2021,Ocean,DJF,"mean over τ∈[2, 4]",Q925,refine,0.04462195549249158,,,96
6h,2021,Ocean,DJF,"mean over τ∈[2, 4]",Q850,refine,0.05961186180672715,,,96
6h,2021,Ocean,DJF,"mean over τ∈[2, 4]",Q700,refine,0.07816194201673668,,,96
6h,2021,Ocean,DJF,"mean over τ∈[2, 4]",Z1000,refine,0.023987016199782774,,,96
6h,2021,Ocean,DJF,"mean over τ∈[2, 4]",Z925,refine,0.01881000296449583,,,96
6h,2021,Ocean,DJF,"mean over τ∈[2, 4]",Z850,refine,0.014496424568426997,,,96
6h,2021,Ocean,DJF,"mean over τ∈[2, 4]",Z700,refine,0.00928586009062552,,,96
6h,2021,Ocean,DJF,"mean over τ∈[2, 4]",t2m,refine,0.0295145182409089,,,96
6h,2021,Ocean,DJF,"mean over τ∈[2, 4]",u10,refine,0.07759443804713125,,,96
6h,2021,Ocean,DJF,"mean over τ∈[2, 4]",v10,refine,0.13322837636622886,,,96
6h,2021,Ocean,DJF,"mean over τ∈[2, 4]",mslp,refine,0.024395974587710336,,,96
6h,2021,Ocean,MAM,"mean over τ∈[2, 4]",T1000,refine,0.019279265116359908,,,96
6h,2021,Ocean,MAM,"mean over τ∈[2, 4]",T925,refine,0.019874548995930632,,,96
6h,2021,Ocean,MAM,"mean over τ∈[2, 4]",T850,refine,0.021112796514704765,,,96
6h,2021,Ocean,MAM,"mean over τ∈[2, 4]",T700,refine,0.018871895161035334,,,96
6h,2021,Ocean,MAM,"mean over τ∈[2, 4]",U1000,refine,0.07883009145409846,,,96
6h,2021,Ocean,MAM,"mean over τ∈[2, 4]",U925,refine,0.07222817941998484,,,96
6h,2021,Ocean,MAM,"mean over τ∈[2, 4]",U850,refine,0.07271340935757381,,,96
6h,2021,Ocean,MAM,"mean over τ∈[2, 4]",U700,refine,0.07154390681660053,,,96
6h,2021,Ocean,MAM,"mean over τ∈[2, 4]",V1000,refine,0.1360604286480501,,,96
6h,2021,Ocean,MAM,"mean over τ∈[2, 4]",V925,refine,0.15983286397389426,,,96
6h,2021,Ocean,MAM,"mean over τ∈[2, 4]",V850,refine,0.20736179256521636,,,96
6h,2021,Ocean,MAM,"mean over τ∈[2, 4]",V700,refine,0.2529040055694749,,,96
6h,2021,Ocean,MAM,"mean over τ∈[2, 4]",Q1000,refine,0.02708639400233014,,,96
6h,2021,Ocean,MAM,"mean over τ∈[2, 4]",Q925,refine,0.04745115248494309,,,96
6h,2021,Ocean,MAM,"mean over τ∈[2, 4]",Q850,refine,0.059403757133072055,,,96
6h,2021,Ocean,MAM,"mean over τ∈[2, 4]",Q700,refine,0.07891581204041775,,,96
6h,2021,Ocean,MAM,"mean over τ∈[2, 4]",Z1000,refine,0.023251381061769185,,,96
6h,2021,Ocean,MAM,"mean over τ∈[2, 4]",Z925,refine,0.018128686747670573,,,96
6h,2021,Ocean,MAM,"mean over τ∈[2, 4]",Z850,refine,0.013906809364449935,,,96
6h,2021,Ocean,MAM,"mean over τ∈[2, 4]",Z700,refine,0.008903761620149924,,,96
6h,2021,Ocean,MAM,"mean over τ∈[2, 4]",t2m,refine,0.03367759263325943,,,96
6h,2021,Ocean,MAM,"mean over τ∈[2, 4]",u10,refine,0.07945411840585465,,,96
6h,2021,Ocean,MAM,"mean over τ∈[2, 4]",v10,refine,0.1365020250422414,,,96
6h,2021,Ocean,MAM,"mean over τ∈[2, 4]",mslp,refine,0.023664379480951722,,,96
6h,2021,Ocean,JJA,"mean over τ∈[2, 4]",T1000,refine,0.019042130318344824,,,96
6h,2021,Ocean,JJA,"mean over τ∈[2, 4]",T925,refine,0.01975128567721026,,,96
6h,2021,Ocean,JJA,"mean over τ∈[2, 4]",T850,refine,0.020695411953713314,,,96
6h,2021,Ocean,JJA,"mean over τ∈[2, 4]",T700,refine,0.01826488130970593,,,96
6h,2021,Ocean,JJA,"mean over τ∈[2, 4]",U1000,refine,0.078542079578866,,,96
6h,2021,Ocean,JJA,"mean over τ∈[2, 4]",U925,refine,0.07235473803398987,,,96
6h,2021,Ocean,JJA,"mean over τ∈[2, 4]",U850,refine,0.0718286409640882,,,96
6h,2021,Ocean,JJA,"mean over τ∈[2, 4]",U700,refine,0.06889788928988748,,,96
6h,2021,Ocean,JJA,"mean over τ∈[2, 4]",V1000,refine,0.13455954050605096,,,96
6h,2021,Ocean,JJA,"mean over τ∈[2, 4]",V925,refine,0.15878760998021663,,,96
6h,2021,Ocean,JJA,"mean over τ∈[2, 4]",V850,refine,0.20461733913252156,,,96
6h,2021,Ocean,JJA,"mean over τ∈[2, 4]",V700,refine,0.24423560702923952,,,96
6h,2021,Ocean,JJA,"mean over τ∈[2, 4]",Q1000,refine,0.03172515773001375,,,96
6h,2021,Ocean,JJA,"mean over τ∈[2, 4]",Q925,refine,0.04851102648762368,,,96
6h,2021,Ocean,JJA,"mean over τ∈[2, 4]",Q850,refine,0.06429180693039595,,,96
6h,2021,Ocean,JJA,"mean over τ∈[2, 4]",Q700,refine,0.08542432663726451,,,96
6h,2021,Ocean,JJA,"mean over τ∈[2, 4]",Z1000,refine,0.023519133369879375,,,96
6h,2021,Ocean,JJA,"mean over τ∈[2, 4]",Z925,refine,0.018466495701926006,,,96
6h,2021,Ocean,JJA,"mean over τ∈[2, 4]",Z850,refine,0.014228076474303741,,,96
6h,2021,Ocean,JJA,"mean over τ∈[2, 4]",Z700,refine,0.009094959825522289,,,96
6h,2021,Ocean,JJA,"mean over τ∈[2, 4]",t2m,refine,0.03347126279620759,,,96
6h,2021,Ocean,JJA,"mean over τ∈[2, 4]",u10,refine,0.07973983019266666,,,96
6h,2021,Ocean,JJA,"mean over τ∈[2, 4]",v10,refine,0.13597893594936838,,,96
6h,2021,Ocean,JJA,"mean over τ∈[2, 4]",mslp,refine,0.023773354427820772,,,96
6h,2021,Ocean,SON,"mean over τ∈[2, 4]",T1000,refine,0.017404842822881874,,,96
6h,2021,Ocean,SON,"mean over τ∈[2, 4]",T925,refine,0.018292045509730816,,,96
6h,2021,Ocean,SON,"mean over τ∈[2, 4]",T850,refine,0.020976918664188937,,,96
6h,2021,Ocean,SON,"mean over τ∈[2, 4]",T700,refine,0.01829029215511293,,,96
6h,2021,Ocean,SON,"mean over τ∈[2, 4]",U1000,refine,0.0751895433038054,,,96
6h,2021,Ocean,SON,"mean over τ∈[2, 4]",U925,refine,0.06884298596904107,,,96
6h,2021,Ocean,SON,"mean over τ∈[2, 4]",U850,refine,0.06988216258656674,,,96
6h,2021,Ocean,SON,"mean over τ∈[2, 4]",U700,refine,0.06861512167563977,,,96
6h,2021,Ocean,SON,"mean over τ∈[2, 4]",V1000,refine,0.1294093602983011,,,96
6h,2021,Ocean,SON,"mean over τ∈[2, 4]",V925,refine,0.15260691848370872,,,96
6h,2021,Ocean,SON,"mean over τ∈[2, 4]",V850,refine,0.19938836647105165,,,96
6h,2021,Ocean,SON,"mean over τ∈[2, 4]",V700,refine,0.24308865915193226,,,96
6h,2021,Ocean,SON,"mean over τ∈[2, 4]",Q1000,refine,0.026536399076096808,,,96
6h,2021,Ocean,SON,"mean over τ∈[2, 4]",Q925,refine,0.04603286921493737,,,96
6h,2021,Ocean,SON,"mean over τ∈[2, 4]",Q850,refine,0.06188805715721,,,96
6h,2021,Ocean,SON,"mean over τ∈[2, 4]",Q700,refine,0.08035063722615653,,,96
6h,2021,Ocean,SON,"mean over τ∈[2, 4]",Z1000,refine,0.02338311078957951,,,96
6h,2021,Ocean,SON,"mean over τ∈[2, 4]",Z925,refine,0.018404954545951556,,,96
6h,2021,Ocean,SON,"mean over τ∈[2, 4]",Z850,refine,0.014204830550073575,,,96
6h,2021,Ocean,SON,"mean over τ∈[2, 4]",Z700,refine,0.009080168577070766,,,96
6h,2021,Ocean,SON,"mean over τ∈[2, 4]",t2m,refine,0.031066335727800376,,,96
6h,2021,Ocean,SON,"mean over τ∈[2, 4]",u10,refine,0.0759979729524026,,,96
6h,2021,Ocean,SON,"mean over τ∈[2, 4]",v10,refine,0.1303059940612507,,,96
6h,2021,Ocean,SON,"mean over τ∈[2, 4]",mslp,refine,0.02366467352412136,,,96
6h,2021,Tropics,DJF,"mean over τ∈[2, 4]",T1000,weatherbridge_detail,0.016701646189493158,,,96
6h,2021,Tropics,DJF,"mean over τ∈[2, 4]",T925,weatherbridge_detail,0.017005068689528134,,,96
6h,2021,Tropics,DJF,"mean over τ∈[2, 4]",T850,weatherbridge_detail,0.01889196412766368,,,96
6h,2021,Tropics,DJF,"mean over τ∈[2, 4]",T700,weatherbridge_detail,0.015384947076752984,,,96
6h,2021,Tropics,DJF,"mean over τ∈[2, 4]",U1000,weatherbridge_detail,0.06302851239544825,,,96
6h,2021,Tropics,DJF,"mean over τ∈[2, 4]",U925,weatherbridge_detail,0.05735430385949821,,,96
6h,2021,Tropics,DJF,"mean over τ∈[2, 4]",U850,weatherbridge_detail,0.05610255998771292,,,96
6h,2021,Tropics,DJF,"mean over τ∈[2, 4]",U700,weatherbridge_detail,0.05167034062734406,,,96
6h,2021,Tropics,DJF,"mean over τ∈[2, 4]",V1000,weatherbridge_detail,0.10937909007053029,,,96
6h,2021,Tropics,DJF,"mean over τ∈[2, 4]",V925,weatherbridge_detail,0.123191793294544,,,96
6h,2021,Tropics,DJF,"mean over τ∈[2, 4]",V850,weatherbridge_detail,0.15900696539334574,,,96
6h,2021,Tropics,DJF,"mean over τ∈[2, 4]",V700,weatherbridge_detail,0.18629321493796955,,,96
6h,2021,Tropics,DJF,"mean over τ∈[2, 4]",Q1000,weatherbridge_detail,0.031271766314579126,,,96
6h,2021,Tropics,DJF,"mean over τ∈[2, 4]",Q925,weatherbridge_detail,0.05513734662596881,,,96
6h,2021,Tropics,DJF,"mean over τ∈[2, 4]",Q850,weatherbridge_detail,0.0695664475081629,,,96
6h,2021,Tropics,DJF,"mean over τ∈[2, 4]",Q700,weatherbridge_detail,0.08611225455592368,,,96
6h,2021,Tropics,DJF,"mean over τ∈[2, 4]",Z1000,weatherbridge_detail,0.02615486715658234,,,96
6h,2021,Tropics,DJF,"mean over τ∈[2, 4]",Z925,weatherbridge_detail,0.021017295065274742,,,96
6h,2021,Tropics,DJF,"mean over τ∈[2, 4]",Z850,weatherbridge_detail,0.016539704107421897,,,96
6h,2021,Tropics,DJF,"mean over τ∈[2, 4]",Z700,weatherbridge_detail,0.01084656561376373,,,96
6h,2021,Tropics,DJF,"mean over τ∈[2, 4]",t2m,weatherbridge_detail,0.0246955971563283,,,96
6h,2021,Tropics,DJF,"mean over τ∈[2, 4]",u10,weatherbridge_detail,0.06472109376062225,,,96
6h,2021,Tropics,DJF,"mean over τ∈[2, 4]",v10,weatherbridge_detail,0.1137216430796242,,,96
6h,2021,Tropics,DJF,"mean over τ∈[2, 4]",mslp,weatherbridge_detail,0.02524908567681583,,,96
6h,2021,Tropics,MAM,"mean over τ∈[2, 4]",T1000,weatherbridge_detail,0.017249507769872514,,,96
6h,2021,Tropics,MAM,"mean over τ∈[2, 4]",T925,weatherbridge_detail,0.01775644353399876,,,96
6h,2021,Tropics,MAM,"mean over τ∈[2, 4]",T850,weatherbridge_detail,0.018086788128922,,,96
6h,2021,Tropics,MAM,"mean over τ∈[2, 4]",T700,weatherbridge_detail,0.01526124715874066,,,96
6h,2021,Tropics,MAM,"mean over τ∈[2, 4]",U1000,weatherbridge_detail,0.06269970547610978,,,96
6h,2021,Tropics,MAM,"mean over τ∈[2, 4]",U925,weatherbridge_detail,0.05753608574107433,,,96
6h,2021,Tropics,MAM,"mean over τ∈[2, 4]",U850,weatherbridge_detail,0.05490768007184726,,,96
6h,2021,Tropics,MAM,"mean over τ∈[2, 4]",U700,weatherbridge_detail,0.05253847528941058,,,96
6h,2021,Tropics,MAM,"mean over τ∈[2, 4]",V1000,weatherbridge_detail,0.10891478081398293,,,96
6h,2021,Tropics,MAM,"mean over τ∈[2, 4]",V925,weatherbridge_detail,0.12397887979544275,,,96
6h,2021,Tropics,MAM,"mean over τ∈[2, 4]",V850,weatherbridge_detail,0.15509709830488602,,,96
6h,2021,Tropics,MAM,"mean over τ∈[2, 4]",V700,weatherbridge_detail,0.18523754783474133,,,96
6h,2021,Tropics,MAM,"mean over τ∈[2, 4]",Q1000,weatherbridge_detail,0.03248240941550934,,,96
6h,2021,Tropics,MAM,"mean over τ∈[2, 4]",Q925,weatherbridge_detail,0.05746446134415907,,,96
6h,2021,Tropics,MAM,"mean over τ∈[2, 4]",Q850,weatherbridge_detail,0.06674591884625283,,,96
6h,2021,Tropics,MAM,"mean over τ∈[2, 4]",Q700,weatherbridge_detail,0.08769919771416408,,,96
6h,2021,Tropics,MAM,"mean over τ∈[2, 4]",Z1000,weatherbridge_detail,0.02598752189172429,,,96
6h,2021,Tropics,MAM,"mean over τ∈[2, 4]",Z925,weatherbridge_detail,0.02082263405270971,,,96
6h,2021,Tropics,MAM,"mean over τ∈[2, 4]",Z850,weatherbridge_detail,0.016330741354569023,,,96
6h,2021,Tropics,MAM,"mean over τ∈[2, 4]",Z700,weatherbridge_detail,0.010688100854425153,,,96
6h,2021,Tropics,MAM,"mean over τ∈[2, 4]",t2m,weatherbridge_detail,0.02476333899611061,,,96
6h,2021,Tropics,MAM,"mean over τ∈[2, 4]",u10,weatherbridge_detail,0.06457763447478565,,,96
6h,2021,Tropics,MAM,"mean over τ∈[2, 4]",v10,weatherbridge_detail,0.11372825291719761,,,96
6h,2021,Tropics,MAM,"mean over τ∈[2, 4]",mslp,weatherbridge_detail,0.025062709752991057,,,96
6h,2021,Tropics,JJA,"mean over τ∈[2, 4]",T1000,weatherbridge_detail,0.01685408516539138,,,96
6h,2021,Tropics,JJA,"mean over τ∈[2, 4]",T925,weatherbridge_detail,0.017152672537530587,,,96
6h,2021,Tropics,JJA,"mean over τ∈[2, 4]",T850,weatherbridge_detail,0.018334939177029722,,,96
6h,2021,Tropics,JJA,"mean over τ∈[2, 4]",T700,weatherbridge_detail,0.015907259224676538,,,96
6h,2021,Tropics,JJA,"mean over τ∈[2, 4]",U1000,weatherbridge_detail,0.06376228142220948,,,96
6h,2021,Tropics,JJA,"mean over τ∈[2, 4]",U925,weatherbridge_detail,0.058983694749022965,,,96
6h,2021,Tropics,JJA,"mean over τ∈[2, 4]",U850,weatherbridge_detail,0.057333383034619295,,,96
6h,2021,Tropics,JJA,"mean over τ∈[2, 4]",U700,weatherbridge_detail,0.055024607433577406,,,96
6h,2021,Tropics,JJA,"mean over τ∈[2, 4]",V1000,weatherbridge_detail,0.10961449738235776,,,96
6h,2021,Tropics,JJA,"mean over τ∈[2, 4]",V925,weatherbridge_detail,0.12582003995701938,,,96
6h,2021,Tropics,JJA,"mean over τ∈[2, 4]",V850,weatherbridge_detail,0.16066932994087574,,,96
6h,2021,Tropics,JJA,"mean over τ∈[2, 4]",V700,weatherbridge_detail,0.19183675877710155,,,96
6h,2021,Tropics,JJA,"mean over τ∈[2, 4]",Q1000,weatherbridge_detail,0.03049460946434243,,,96
6h,2021,Tropics,JJA,"mean over τ∈[2, 4]",Q925,weatherbridge_detail,0.05255115950599108,,,96
6h,2021,Tropics,JJA,"mean over τ∈[2, 4]",Q850,weatherbridge_detail,0.06726896227631739,,,96
6h,2021,Tropics,JJA,"mean over τ∈[2, 4]",Q700,weatherbridge_detail,0.08485022941610217,,,96
6h,2021,Tropics,JJA,"mean over τ∈[2, 4]",Z1000,weatherbridge_detail,0.024918176277350802,,,96
6h,2021,Tropics,JJA,"mean over τ∈[2, 4]",Z925,weatherbridge_detail,0.019938586049459615,,,96
6h,2021,Tropics,JJA,"mean over τ∈[2, 4]",Z850,weatherbridge_detail,0.015650768872564568,,,96
6h,2021,Tropics,JJA,"mean over τ∈[2, 4]",Z700,weatherbridge_detail,0.010262766111234733,,,96
6h,2021,Tropics,JJA,"mean over τ∈[2, 4]",t2m,weatherbridge_detail,0.023787435515143188,,,96
6h,2021,Tropics,JJA,"mean over τ∈[2, 4]",u10,weatherbridge_detail,0.06511909080355222,,,96
6h,2021,Tropics,JJA,"mean over τ∈[2, 4]",v10,weatherbridge_detail,0.11290909420722438,,,96
6h,2021,Tropics,JJA,"mean over τ∈[2, 4]",mslp,weatherbridge_detail,0.024133801400302968,,,96
6h,2021,Tropics,SON,"mean over τ∈[2, 4]",T1000,weatherbridge_detail,0.017251850883051412,,,96
6h,2021,Tropics,SON,"mean over τ∈[2, 4]",T925,weatherbridge_detail,0.017992607408410036,,,96
6h,2021,Tropics,SON,"mean over τ∈[2, 4]",T850,weatherbridge_detail,0.01930899812462425,,,96
6h,2021,Tropics,SON,"mean over τ∈[2, 4]",T700,weatherbridge_detail,0.014951835750904037,,,96
6h,2021,Tropics,SON,"mean over τ∈[2, 4]",U1000,weatherbridge_detail,0.06260493947669567,,,96
6h,2021,Tropics,SON,"mean over τ∈[2, 4]",U925,weatherbridge_detail,0.057038202112769276,,,96
6h,2021,Tropics,SON,"mean over τ∈[2, 4]",U850,weatherbridge_detail,0.05665459106145826,,,96
6h,2021,Tropics,SON,"mean over τ∈[2, 4]",U700,weatherbridge_detail,0.0519304446592472,,,96
6h,2021,Tropics,SON,"mean over τ∈[2, 4]",V1000,weatherbridge_detail,0.10838897708722739,,,96
6h,2021,Tropics,SON,"mean over τ∈[2, 4]",V925,weatherbridge_detail,0.123943284849052,,,96
6h,2021,Tropics,SON,"mean over τ∈[2, 4]",V850,weatherbridge_detail,0.1591837708533566,,,96
6h,2021,Tropics,SON,"mean over τ∈[2, 4]",V700,weatherbridge_detail,0.18470161966000467,,,96
6h,2021,Tropics,SON,"mean over τ∈[2, 4]",Q1000,weatherbridge_detail,0.03262878320403805,,,96
6h,2021,Tropics,SON,"mean over τ∈[2, 4]",Q925,weatherbridge_detail,0.05512634175076744,,,96
6h,2021,Tropics,SON,"mean over τ∈[2, 4]",Q850,weatherbridge_detail,0.06911176791584471,,,96
6h,2021,Tropics,SON,"mean over τ∈[2, 4]",Q700,weatherbridge_detail,0.08415651927198657,,,96
6h,2021,Tropics,SON,"mean over τ∈[2, 4]",Z1000,weatherbridge_detail,0.026549250923229913,,,96
6h,2021,Tropics,SON,"mean over τ∈[2, 4]",Z925,weatherbridge_detail,0.021244165284415528,,,96
6h,2021,Tropics,SON,"mean over τ∈[2, 4]",Z850,weatherbridge_detail,0.01667873346851805,,,96
6h,2021,Tropics,SON,"mean over τ∈[2, 4]",Z700,weatherbridge_detail,0.01094299479748031,,,96
6h,2021,Tropics,SON,"mean over τ∈[2, 4]",t2m,weatherbridge_detail,0.024788200731161492,,,96
6h,2021,Tropics,SON,"mean over τ∈[2, 4]",u10,weatherbridge_detail,0.06450728410927233,,,96
6h,2021,Tropics,SON,"mean over τ∈[2, 4]",v10,weatherbridge_detail,0.113212622853246,,,96
6h,2021,Tropics,SON,"mean over τ∈[2, 4]",mslp,weatherbridge_detail,0.02565099221780265,,,96
6h,2021,N-Extra,DJF,"mean over τ∈[2, 4]",T1000,weatherbridge_detail,0.021883906347753456,,,96
6h,2021,N-Extra,DJF,"mean over τ∈[2, 4]",T925,weatherbridge_detail,0.023253079906610175,,,96
6h,2021,N-Extra,DJF,"mean over τ∈[2, 4]",T850,weatherbridge_detail,0.0255523195145338,,,96
6h,2021,N-Extra,DJF,"mean over τ∈[2, 4]",T700,weatherbridge_detail,0.02397460695394054,,,96
6h,2021,N-Extra,DJF,"mean over τ∈[2, 4]",U1000,weatherbridge_detail,0.09702465981573054,,,96
6h,2021,N-Extra,DJF,"mean over τ∈[2, 4]",U925,weatherbridge_detail,0.08925732267651071,,,96
6h,2021,N-Extra,DJF,"mean over τ∈[2, 4]",U850,weatherbridge_detail,0.09275369332110471,,,96
6h,2021,N-Extra,DJF,"mean over τ∈[2, 4]",U700,weatherbridge_detail,0.09617924472171736,,,96
6h,2021,N-Extra,DJF,"mean over τ∈[2, 4]",V1000,weatherbridge_detail,0.16716808686794682,,,96
6h,2021,N-Extra,DJF,"mean over τ∈[2, 4]",V925,weatherbridge_detail,0.19890604807702858,,,96
6h,2021,N-Extra,DJF,"mean over τ∈[2, 4]",V850,weatherbridge_detail,0.2656206014914135,,,96
6h,2021,N-Extra,DJF,"mean over τ∈[2, 4]",V700,weatherbridge_detail,0.34161970246877743,,,96
6h,2021,N-Extra,DJF,"mean over τ∈[2, 4]",Q1000,weatherbridge_detail,0.02153735721197345,,,96
6h,2021,N-Extra,DJF,"mean over τ∈[2, 4]",Q925,weatherbridge_detail,0.03371535596135297,,,96
6h,2021,N-Extra,DJF,"mean over τ∈[2, 4]",Q850,weatherbridge_detail,0.04929576577725713,,,96
6h,2021,N-Extra,DJF,"mean over τ∈[2, 4]",Q700,weatherbridge_detail,0.0696182293304024,,,96
6h,2021,N-Extra,DJF,"mean over τ∈[2, 4]",Z1000,weatherbridge_detail,0.02942746404990716,,,96
6h,2021,N-Extra,DJF,"mean over τ∈[2, 4]",Z925,weatherbridge_detail,0.02269814420083369,,,96
6h,2021,N-Extra,DJF,"mean over τ∈[2, 4]",Z850,weatherbridge_detail,0.017302169436150545,,,96
6h,2021,N-Extra,DJF,"mean over τ∈[2, 4]",Z700,weatherbridge_detail,0.010925069043209583,,,96
6h,2021,N-Extra,DJF,"mean over τ∈[2, 4]",t2m,weatherbridge_detail,0.03871354610228649,,,96
6h,2021,N-Extra,DJF,"mean over τ∈[2, 4]",u10,weatherbridge_detail,0.09729065220813916,,,96
6h,2021,N-Extra,DJF,"mean over τ∈[2, 4]",v10,weatherbridge_detail,0.16569610261957304,,,96
6h,2021,N-Extra,DJF,"mean over τ∈[2, 4]",mslp,weatherbridge_detail,0.03086198993257604,,,96
6h,2021,N-Extra,MAM,"mean over τ∈[2, 4]",T1000,weatherbridge_detail,0.025450952406765585,,,96
6h,2021,N-Extra,MAM,"mean over τ∈[2, 4]",T925,weatherbridge_detail,0.02548733371050922,,,96
6h,2021,N-Extra,MAM,"mean over τ∈[2, 4]",T850,weatherbridge_detail,0.0253589413986314,,,96
6h,2021,N-Extra,MAM,"mean over τ∈[2, 4]",T700,weatherbridge_detail,0.02235443365375705,,,96
6h,2021,N-Extra,MAM,"mean over τ∈[2, 4]",U1000,weatherbridge_detail,0.09832639210471912,,,96
6h,2021,N-Extra,MAM,"mean over τ∈[2, 4]",U925,weatherbridge_detail,0.09161466114780221,,,96
6h,2021,N-Extra,MAM,"mean over τ∈[2, 4]",U850,weatherbridge_detail,0.0934104528933472,,,96
6h,2021,N-Extra,MAM,"mean over τ∈[2, 4]",U700,weatherbridge_detail,0.09114719192771002,,,96
6h,2021,N-Extra,MAM,"mean over τ∈[2, 4]",V1000,weatherbridge_detail,0.1711558396021466,,,96
6h,2021,N-Extra,MAM,"mean over τ∈[2, 4]",V925,weatherbridge_detail,0.20390859045467385,,,96
6h,2021,N-Extra,MAM,"mean over τ∈[2, 4]",V850,weatherbridge_detail,0.2676390891834427,,,96
6h,2021,N-Extra,MAM,"mean over τ∈[2, 4]",V700,weatherbridge_detail,0.3253559972332047,,,96
6h,2021,N-Extra,MAM,"mean over τ∈[2, 4]",Q1000,weatherbridge_detail,0.03054714450993177,,,96
6h,2021,N-Extra,MAM,"mean over τ∈[2, 4]",Q925,weatherbridge_detail,0.04128025268463597,,,96
6h,2021,N-Extra,MAM,"mean over τ∈[2, 4]",Q850,weatherbridge_detail,0.05408700684902887,,,96
6h,2021,N-Extra,MAM,"mean over τ∈[2, 4]",Q700,weatherbridge_detail,0.07728629890313815,,,96
6h,2021,N-Extra,MAM,"mean over τ∈[2, 4]",Z1000,weatherbridge_detail,0.027255429669204998,,,96
6h,2021,N-Extra,MAM,"mean over τ∈[2, 4]",Z925,weatherbridge_detail,0.02084079957026927,,,96
6h,2021,N-Extra,MAM,"mean over τ∈[2, 4]",Z850,weatherbridge_detail,0.015750850523049167,,,96
6h,2021,N-Extra,MAM,"mean over τ∈[2, 4]",Z700,weatherbridge_detail,0.009860500882826449,,,96
6h,2021,N-Extra,MAM,"mean over τ∈[2, 4]",t2m,weatherbridge_detail,0.045149509156574674,,,96
6h,2021,N-Extra,MAM,"mean over τ∈[2, 4]",u10,weatherbridge_detail,0.09830170768442968,,,96
6h,2021,N-Extra,MAM,"mean over τ∈[2, 4]",v10,weatherbridge_detail,0.16927384068571608,,,96
6h,2021,N-Extra,MAM,"mean over τ∈[2, 4]",mslp,weatherbridge_detail,0.02790023729598508,,,96
6h,2021,N-Extra,JJA,"mean over τ∈[2, 4]",T1000,weatherbridge_detail,0.02438278375097207,,,96
6h,2021,N-Extra,JJA,"mean over τ∈[2, 4]",T925,weatherbridge_detail,0.025439091806694878,,,96
6h,2021,N-Extra,JJA,"mean over τ∈[2, 4]",T850,weatherbridge_detail,0.02232538017091645,,,96
6h,2021,N-Extra,JJA,"mean over τ∈[2, 4]",T700,weatherbridge_detail,0.019327855646005802,,,96
6h,2021,N-Extra,JJA,"mean over τ∈[2, 4]",U1000,weatherbridge_detail,0.09203952496980128,,,96
6h,2021,N-Extra,JJA,"mean over τ∈[2, 4]",U925,weatherbridge_detail,0.08562666667448936,,,96
6h,2021,N-Extra,JJA,"mean over τ∈[2, 4]",U850,weatherbridge_detail,0.08378262589128765,,,96
6h,2021,N-Extra,JJA,"mean over τ∈[2, 4]",U700,weatherbridge_detail,0.07799173987734241,,,96
6h,2021,N-Extra,JJA,"mean over τ∈[2, 4]",V1000,weatherbridge_detail,0.1588626359596392,,,96
6h,2021,N-Extra,JJA,"mean over τ∈[2, 4]",V925,weatherbridge_detail,0.18854056511706135,,,96
6h,2021,N-Extra,JJA,"mean over τ∈[2, 4]",V850,weatherbridge_detail,0.2403741483399214,,,96
6h,2021,N-Extra,JJA,"mean over τ∈[2, 4]",V700,weatherbridge_detail,0.28040369599238346,,,96
6h,2021,N-Extra,JJA,"mean over τ∈[2, 4]",Q1000,weatherbridge_detail,0.04289421796374724,,,96
6h,2021,N-Extra,JJA,"mean over τ∈[2, 4]",Q925,weatherbridge_detail,0.05545308119576957,,,96
6h,2021,N-Extra,JJA,"mean over τ∈[2, 4]",Q850,weatherbridge_detail,0.06798594779002262,,,96
6h,2021,N-Extra,JJA,"mean over τ∈[2, 4]",Q700,weatherbridge_detail,0.09932225320562901,,,96
6h,2021,N-Extra,JJA,"mean over τ∈[2, 4]",Z1000,weatherbridge_detail,0.0253323805937211,,,96
6h,2021,N-Extra,JJA,"mean over τ∈[2, 4]",Z925,weatherbridge_detail,0.019589895826765444,,,96
6h,2021,N-Extra,JJA,"mean over τ∈[2, 4]",Z850,weatherbridge_detail,0.014858179134085266,,,96
6h,2021,N-Extra,JJA,"mean over τ∈[2, 4]",Z700,weatherbridge_detail,0.009232028311839247,,,96
6h,2021,N-Extra,JJA,"mean over τ∈[2, 4]",t2m,weatherbridge_detail,0.04540296827424455,,,96
6h,2021,N-Extra,JJA,"mean over τ∈[2, 4]",u10,weatherbridge_detail,0.09365384658297829,,,96
6h,2021,N-Extra,JJA,"mean over τ∈[2, 4]",v10,weatherbridge_detail,0.16156080576300322,,,96
6h,2021,N-Extra,JJA,"mean over τ∈[2, 4]",mslp,weatherbridge_detail,0.024896577020745953,,,96
6h,2021,N-Extra,SON,"mean over τ∈[2, 4]",T1000,weatherbridge_detail,0.021048949805259315,,,96
6h,2021,N-Extra,SON,"mean over τ∈[2, 4]",T925,weatherbridge_detail,0.0214853631034739,,,96
6h,2021,N-Extra,SON,"mean over τ∈[2, 4]",T850,weatherbridge_detail,0.022936386458085597,,,96
6h,2021,N-Extra,SON,"mean over τ∈[2, 4]",T700,weatherbridge_detail,0.020688045859969504,,,96
6h,2021,N-Extra,SON,"mean over τ∈[2, 4]",U1000,weatherbridge_detail,0.08866060702813014,,,96
6h,2021,N-Extra,SON,"mean over τ∈[2, 4]",U925,weatherbridge_detail,0.08128877051677147,,,96
6h,2021,N-Extra,SON,"mean over τ∈[2, 4]",U850,weatherbridge_detail,0.08279960713961788,,,96
6h,2021,N-Extra,SON,"mean over τ∈[2, 4]",U700,weatherbridge_detail,0.08073593801911076,,,96
6h,2021,N-Extra,SON,"mean over τ∈[2, 4]",V1000,weatherbridge_detail,0.15328208122461856,,,96
6h,2021,N-Extra,SON,"mean over τ∈[2, 4]",V925,weatherbridge_detail,0.18097742565004635,,,96
6h,2021,N-Extra,SON,"mean over τ∈[2, 4]",V850,weatherbridge_detail,0.23760546150967707,,,96
6h,2021,N-Extra,SON,"mean over τ∈[2, 4]",V700,weatherbridge_detail,0.2884703268693542,,,96
6h,2021,N-Extra,SON,"mean over τ∈[2, 4]",Q1000,weatherbridge_detail,0.029239052189633918,,,96
6h,2021,N-Extra,SON,"mean over τ∈[2, 4]",Q925,weatherbridge_detail,0.04522943818858524,,,96
6h,2021,N-Extra,SON,"mean over τ∈[2, 4]",Q850,weatherbridge_detail,0.05935400723458297,,,96
6h,2021,N-Extra,SON,"mean over τ∈[2, 4]",Q700,weatherbridge_detail,0.08437831559614174,,,96
6h,2021,N-Extra,SON,"mean over τ∈[2, 4]",Z1000,weatherbridge_detail,0.025730059963892604,,,96
6h,2021,N-Extra,SON,"mean over τ∈[2, 4]",Z925,weatherbridge_detail,0.019990512862053143,,,96
6h,2021,N-Extra,SON,"mean over τ∈[2, 4]",Z850,weatherbridge_detail,0.015243383995737884,,,96
6h,2021,N-Extra,SON,"mean over τ∈[2, 4]",Z700,weatherbridge_detail,0.009506237373713405,,,96
6h,2021,N-Extra,SON,"mean over τ∈[2, 4]",t2m,weatherbridge_detail,0.04114861504363966,,,96
6h,2021,N-Extra,SON,"mean over τ∈[2, 4]",u10,weatherbridge_detail,0.08925061246304501,,,96
6h,2021,N-Extra,SON,"mean over τ∈[2, 4]",v10,weatherbridge_detail,0.1535197086929578,,,96
6h,2021,N-Extra,SON,"mean over τ∈[2, 4]",mslp,weatherbridge_detail,0.026119020605198405,,,96
6h,2021,S-Extra,DJF,"mean over τ∈[2, 4]",T1000,weatherbridge_detail,0.014365188335082327,,,96
6h,2021,S-Extra,DJF,"mean over τ∈[2, 4]",T925,weatherbridge_detail,0.018290688670579203,,,96
6h,2021,S-Extra,DJF,"mean over τ∈[2, 4]",T850,weatherbridge_detail,0.021275690070847963,,,96
6h,2021,S-Extra,DJF,"mean over τ∈[2, 4]",T700,weatherbridge_detail,0.018193691937910324,,,96
6h,2021,S-Extra,DJF,"mean over τ∈[2, 4]",U1000,weatherbridge_detail,0.07571101672434152,,,96
6h,2021,S-Extra,DJF,"mean over τ∈[2, 4]",U925,weatherbridge_detail,0.0681646134344071,,,96
6h,2021,S-Extra,DJF,"mean over τ∈[2, 4]",U850,weatherbridge_detail,0.06900678731844742,,,96
6h,2021,S-Extra,DJF,"mean over τ∈[2, 4]",U700,weatherbridge_detail,0.06693681026711133,,,96
6h,2021,S-Extra,DJF,"mean over τ∈[2, 4]",V1000,weatherbridge_detail,0.1324510098127297,,,96
6h,2021,S-Extra,DJF,"mean over τ∈[2, 4]",V925,weatherbridge_detail,0.15572437654163662,,,96
6h,2021,S-Extra,DJF,"mean over τ∈[2, 4]",V850,weatherbridge_detail,0.20451736550994642,,,96
6h,2021,S-Extra,DJF,"mean over τ∈[2, 4]",V700,weatherbridge_detail,0.2476204849471585,,,96
6h,2021,S-Extra,DJF,"mean over τ∈[2, 4]",Q1000,weatherbridge_detail,0.022049837159210054,,,96
6h,2021,S-Extra,DJF,"mean over τ∈[2, 4]",Q925,weatherbridge_detail,0.03927132711964837,,,96
6h,2021,S-Extra,DJF,"mean over τ∈[2, 4]",Q850,weatherbridge_detail,0.05773576283311236,,,96
6h,2021,S-Extra,DJF,"mean over τ∈[2, 4]",Q700,weatherbridge_detail,0.08212525153103242,,,96
6h,2021,S-Extra,DJF,"mean over τ∈[2, 4]",Z1000,weatherbridge_detail,0.021917752029264933,,,96
6h,2021,S-Extra,DJF,"mean over τ∈[2, 4]",Z925,weatherbridge_detail,0.01752892319690149,,,96
6h,2021,S-Extra,DJF,"mean over τ∈[2, 4]",Z850,weatherbridge_detail,0.013775386805518255,,,96
6h,2021,S-Extra,DJF,"mean over τ∈[2, 4]",Z700,weatherbridge_detail,0.009277925732786933,,,96
6h,2021,S-Extra,DJF,"mean over τ∈[2, 4]",t2m,weatherbridge_detail,0.01673758210457529,,,96
6h,2021,S-Extra,DJF,"mean over τ∈[2, 4]",u10,weatherbridge_detail,0.07645670004044924,,,96
6h,2021,S-Extra,DJF,"mean over τ∈[2, 4]",v10,weatherbridge_detail,0.13108901076673019,,,96
6h,2021,S-Extra,DJF,"mean over τ∈[2, 4]",mslp,weatherbridge_detail,0.021797707515081668,,,96
6h,2021,S-Extra,MAM,"mean over τ∈[2, 4]",T1000,weatherbridge_detail,0.0137418581258255,,,96
6h,2021,S-Extra,MAM,"mean over τ∈[2, 4]",T925,weatherbridge_detail,0.01617427895180996,,,96
6h,2021,S-Extra,MAM,"mean over τ∈[2, 4]",T850,weatherbridge_detail,0.02127233041283151,,,96
6h,2021,S-Extra,MAM,"mean over τ∈[2, 4]",T700,weatherbridge_detail,0.018608943860920945,,,96
6h,2021,S-Extra,MAM,"mean over τ∈[2, 4]",U1000,weatherbridge_detail,0.08238122618237792,,,96
6h,2021,S-Extra,MAM,"mean over τ∈[2, 4]",U925,weatherbridge_detail,0.07264969897261234,,,96
6h,2021,S-Extra,MAM,"mean over τ∈[2, 4]",U850,weatherbridge_detail,0.0735104245830716,,,96
6h,2021,S-Extra,MAM,"mean over τ∈[2, 4]",U700,weatherbridge_detail,0.0719478436955358,,,96
6h,2021,S-Extra,MAM,"mean over τ∈[2, 4]",V1000,weatherbridge_detail,0.14142154779542943,,,96
6h,2021,S-Extra,MAM,"mean over τ∈[2, 4]",V925,weatherbridge_detail,0.16598809635767386,,,96
6h,2021,S-Extra,MAM,"mean over τ∈[2, 4]",V850,weatherbridge_detail,0.21635612406191107,,,96
6h,2021,S-Extra,MAM,"mean over τ∈[2, 4]",V700,weatherbridge_detail,0.26566481350332327,,,96
6h,2021,S-Extra,MAM,"mean over τ∈[2, 4]",Q1000,weatherbridge_detail,0.02122555704106536,,,96
6h,2021,S-Extra,MAM,"mean over τ∈[2, 4]",Q925,weatherbridge_detail,0.035679016803251924,,,96
6h,2021,S-Extra,MAM,"mean over τ∈[2, 4]",Q850,weatherbridge_detail,0.05532860580529784,,,96
6h,2021,S-Extra,MAM,"mean over τ∈[2, 4]",Q700,weatherbridge_detail,0.0740439402337207,,,96
6h,2021,S-Extra,MAM,"mean over τ∈[2, 4]",Z1000,weatherbridge_detail,0.022445859941822348,,,96
6h,2021,S-Extra,MAM,"mean over τ∈[2, 4]",Z925,weatherbridge_detail,0.018036156197421948,,,96
6h,2021,S-Extra,MAM,"mean over τ∈[2, 4]",Z850,weatherbridge_detail,0.0142493299978415,,,96
6h,2021,S-Extra,MAM,"mean over τ∈[2, 4]",Z700,weatherbridge_detail,0.00965633459080698,,,96
6h,2021,S-Extra,MAM,"mean over τ∈[2, 4]",t2m,weatherbridge_detail,0.016727805219897578,,,96
6h,2021,S-Extra,MAM,"mean over τ∈[2, 4]",u10,weatherbridge_detail,0.08320475835994415,,,96
6h,2021,S-Extra,MAM,"mean over τ∈[2, 4]",v10,weatherbridge_detail,0.1399846335801852,,,96
6h,2021,S-Extra,MAM,"mean over τ∈[2, 4]",mslp,weatherbridge_detail,0.022422877625534948,,,96
6h,2021,S-Extra,JJA,"mean over τ∈[2, 4]",T1000,weatherbridge_detail,0.01409925644531449,,,96
6h,2021,S-Extra,JJA,"mean over τ∈[2, 4]",T925,weatherbridge_detail,0.01496256797190105,,,96
6h,2021,S-Extra,JJA,"mean over τ∈[2, 4]",T850,weatherbridge_detail,0.02175371998741825,,,96
6h,2021,S-Extra,JJA,"mean over τ∈[2, 4]",T700,weatherbridge_detail,0.019225192365151567,,,96
6h,2021,S-Extra,JJA,"mean over τ∈[2, 4]",U1000,weatherbridge_detail,0.08734699899280202,,,96
6h,2021,S-Extra,JJA,"mean over τ∈[2, 4]",U925,weatherbridge_detail,0.0780107163953866,,,96
6h,2021,S-Extra,JJA,"mean over τ∈[2, 4]",U850,weatherbridge_detail,0.07964436226101637,,,96
6h,2021,S-Extra,JJA,"mean over τ∈[2, 4]",U700,weatherbridge_detail,0.07872986586506976,,,96
6h,2021,S-Extra,JJA,"mean over τ∈[2, 4]",V1000,weatherbridge_detail,0.14861440136471446,,,96
6h,2021,S-Extra,JJA,"mean over τ∈[2, 4]",V925,weatherbridge_detail,0.17784939908845482,,,96
6h,2021,S-Extra,JJA,"mean over τ∈[2, 4]",V850,weatherbridge_detail,0.23410098379497396,,,96
6h,2021,S-Extra,JJA,"mean over τ∈[2, 4]",V700,weatherbridge_detail,0.2894395321164244,,,96
6h,2021,S-Extra,JJA,"mean over τ∈[2, 4]",Q1000,weatherbridge_detail,0.01902579996719278,,,96
6h,2021,S-Extra,JJA,"mean over τ∈[2, 4]",Q925,weatherbridge_detail,0.030549513280270182,,,96
6h,2021,S-Extra,JJA,"mean over τ∈[2, 4]",Q850,weatherbridge_detail,0.048019680603863545,,,96
6h,2021,S-Extra,JJA,"mean over τ∈[2, 4]",Q700,weatherbridge_detail,0.0600805496466426,,,96
6h,2021,S-Extra,JJA,"mean over τ∈[2, 4]",Z1000,weatherbridge_detail,0.02463391827521503,,,96
6h,2021,S-Extra,JJA,"mean over τ∈[2, 4]",Z925,weatherbridge_detail,0.019782961824654926,,,96
6h,2021,S-Extra,JJA,"mean over τ∈[2, 4]",Z850,weatherbridge_detail,0.015643623840991022,,,96
6h,2021,S-Extra,JJA,"mean over τ∈[2, 4]",Z700,weatherbridge_detail,0.010459881726027031,,,96
6h,2021,S-Extra,JJA,"mean over τ∈[2, 4]",t2m,weatherbridge_detail,0.017348406647487956,,,96
6h,2021,S-Extra,JJA,"mean over τ∈[2, 4]",u10,weatherbridge_detail,0.08847393329742222,,,96
6h,2021,S-Extra,JJA,"mean over τ∈[2, 4]",v10,weatherbridge_detail,0.14658828023824497,,,96
6h,2021,S-Extra,JJA,"mean over τ∈[2, 4]",mslp,weatherbridge_detail,0.024919983064548748,,,96
6h,2021,S-Extra,SON,"mean over τ∈[2, 4]",T1000,weatherbridge_detail,0.014670661865626392,,,96
6h,2021,S-Extra,SON,"mean over τ∈[2, 4]",T925,weatherbridge_detail,0.017556892815751787,,,96
6h,2021,S-Extra,SON,"mean over τ∈[2, 4]",T850,weatherbridge_detail,0.02240397905769942,,,96
6h,2021,S-Extra,SON,"mean over τ∈[2, 4]",T700,weatherbridge_detail,0.01891428887442825,,,96
6h,2021,S-Extra,SON,"mean over τ∈[2, 4]",U1000,weatherbridge_detail,0.08180307794656842,,,96
6h,2021,S-Extra,SON,"mean over τ∈[2, 4]",U925,weatherbridge_detail,0.07367691222259011,,,96
6h,2021,S-Extra,SON,"mean over τ∈[2, 4]",U850,weatherbridge_detail,0.07555402222023204,,,96
6h,2021,S-Extra,SON,"mean over τ∈[2, 4]",U700,weatherbridge_detail,0.07488248484671578,,,96
6h,2021,S-Extra,SON,"mean over τ∈[2, 4]",V1000,weatherbridge_detail,0.14056601769934177,,,96
6h,2021,S-Extra,SON,"mean over τ∈[2, 4]",V925,weatherbridge_detail,0.16830476551595724,,,96
6h,2021,S-Extra,SON,"mean over τ∈[2, 4]",V850,weatherbridge_detail,0.22194974674149476,,,96
6h,2021,S-Extra,SON,"mean over τ∈[2, 4]",V700,weatherbridge_detail,0.27389800535227127,,,96
6h,2021,S-Extra,SON,"mean over τ∈[2, 4]",Q1000,weatherbridge_detail,0.020278203016879263,,,96
6h,2021,S-Extra,SON,"mean over τ∈[2, 4]",Q925,weatherbridge_detail,0.03393717788760731,,,96
6h,2021,S-Extra,SON,"mean over τ∈[2, 4]",Q850,weatherbridge_detail,0.050480631738259035,,,96
6h,2021,S-Extra,SON,"mean over τ∈[2, 4]",Q700,weatherbridge_detail,0.06942585141479975,,,96
6h,2021,S-Extra,SON,"mean over τ∈[2, 4]",Z1000,weatherbridge_detail,0.023799943810533773,,,96
6h,2021,S-Extra,SON,"mean over τ∈[2, 4]",Z925,weatherbridge_detail,0.019072932914811533,,,96
6h,2021,S-Extra,SON,"mean over τ∈[2, 4]",Z850,weatherbridge_detail,0.015004918839832569,,,96
6h,2021,S-Extra,SON,"mean over τ∈[2, 4]",Z700,weatherbridge_detail,0.010083361934061032,,,96
6h,2021,S-Extra,SON,"mean over τ∈[2, 4]",t2m,weatherbridge_detail,0.017524050816227592,,,96
6h,2021,S-Extra,SON,"mean over τ∈[2, 4]",u10,weatherbridge_detail,0.08195841851830853,,,96
6h,2021,S-Extra,SON,"mean over τ∈[2, 4]",v10,weatherbridge_detail,0.13791522397710795,,,96
6h,2021,S-Extra,SON,"mean over τ∈[2, 4]",mslp,weatherbridge_detail,0.023979519983747692,,,96
6h,2021,Arctic,DJF,"mean over τ∈[2, 4]",T1000,weatherbridge_detail,0.01980677715825046,,,96
6h,2021,Arctic,DJF,"mean over τ∈[2, 4]",T925,weatherbridge_detail,0.02039007754058101,,,96
6h,2021,Arctic,DJF,"mean over τ∈[2, 4]",T850,weatherbridge_detail,0.019090386882175445,,,96
6h,2021,Arctic,DJF,"mean over τ∈[2, 4]",T700,weatherbridge_detail,0.01803271932488138,,,96
6h,2021,Arctic,DJF,"mean over τ∈[2, 4]",U1000,weatherbridge_detail,0.08165482990388741,,,96
6h,2021,Arctic,DJF,"mean over τ∈[2, 4]",U925,weatherbridge_detail,0.07558718813859357,,,96
6h,2021,Arctic,DJF,"mean over τ∈[2, 4]",U850,weatherbridge_detail,0.07616886681644446,,,96
6h,2021,Arctic,DJF,"mean over τ∈[2, 4]",U700,weatherbridge_detail,0.07740134620173594,,,96
6h,2021,Arctic,DJF,"mean over τ∈[2, 4]",V1000,weatherbridge_detail,0.14147912389648618,,,96
6h,2021,Arctic,DJF,"mean over τ∈[2, 4]",V925,weatherbridge_detail,0.16641703070387,,,96
6h,2021,Arctic,DJF,"mean over τ∈[2, 4]",V850,weatherbridge_detail,0.21692110828730224,,,96
6h,2021,Arctic,DJF,"mean over τ∈[2, 4]",V700,weatherbridge_detail,0.27054666483734885,,,96
6h,2021,Arctic,DJF,"mean over τ∈[2, 4]",Q1000,weatherbridge_detail,0.006131846701263495,,,96
6h,2021,Arctic,DJF,"mean over τ∈[2, 4]",Q925,weatherbridge_detail,0.009630750239026497,,,96
6h,2021,Arctic,DJF,"mean over τ∈[2, 4]",Q850,weatherbridge_detail,0.015656740340575005,,,96
6h,2021,Arctic,DJF,"mean over τ∈[2, 4]",Q700,weatherbridge_detail,0.026384680759585485,,,96
6h,2021,Arctic,DJF,"mean over τ∈[2, 4]",Z1000,weatherbridge_detail,0.02233322695594063,,,96
6h,2021,Arctic,DJF,"mean over τ∈[2, 4]",Z925,weatherbridge_detail,0.017261549802936604,,,96
6h,2021,Arctic,DJF,"mean over τ∈[2, 4]",Z850,weatherbridge_detail,0.013314153079687627,,,96
6h,2021,Arctic,DJF,"mean over τ∈[2, 4]",Z700,weatherbridge_detail,0.008811301194805436,,,96
6h,2021,Arctic,DJF,"mean over τ∈[2, 4]",t2m,weatherbridge_detail,0.029307142113694947,,,96
6h,2021,Arctic,DJF,"mean over τ∈[2, 4]",u10,weatherbridge_detail,0.07744658302724498,,,96
6h,2021,Arctic,DJF,"mean over τ∈[2, 4]",v10,weatherbridge_detail,0.1323121896486775,,,96
6h,2021,Arctic,DJF,"mean over τ∈[2, 4]",mslp,weatherbridge_detail,0.025299583207921503,,,96
6h,2021,Arctic,MAM,"mean over τ∈[2, 4]",T1000,weatherbridge_detail,0.020511846208340213,,,96
6h,2021,Arctic,MAM,"mean over τ∈[2, 4]",T925,weatherbridge_detail,0.019354442870157647,,,96
6h,2021,Arctic,MAM,"mean over τ∈[2, 4]",T850,weatherbridge_detail,0.017557818026702126,,,96
6h,2021,Arctic,MAM,"mean over τ∈[2, 4]",T700,weatherbridge_detail,0.01684118496123032,,,96
6h,2021,Arctic,MAM,"mean over τ∈[2, 4]",U1000,weatherbridge_detail,0.08235767334008798,,,96
6h,2021,Arctic,MAM,"mean over τ∈[2, 4]",U925,weatherbridge_detail,0.07762379174429243,,,96
6h,2021,Arctic,MAM,"mean over τ∈[2, 4]",U850,weatherbridge_detail,0.07563820496632286,,,96
6h,2021,Arctic,MAM,"mean over τ∈[2, 4]",U700,weatherbridge_detail,0.07109157352996284,,,96
6h,2021,Arctic,MAM,"mean over τ∈[2, 4]",V1000,weatherbridge_detail,0.14381944884162604,,,96
6h,2021,Arctic,MAM,"mean over τ∈[2, 4]",V925,weatherbridge_detail,0.17457729294843038,,,96
6h,2021,Arctic,MAM,"mean over τ∈[2, 4]",V850,weatherbridge_detail,0.21742837397145137,,,96
6h,2021,Arctic,MAM,"mean over τ∈[2, 4]",V700,weatherbridge_detail,0.2474551457330983,,,96
6h,2021,Arctic,MAM,"mean over τ∈[2, 4]",Q1000,weatherbridge_detail,0.011985620863306788,,,96
6h,2021,Arctic,MAM,"mean over τ∈[2, 4]",Q925,weatherbridge_detail,0.013274902143047556,,,96
6h,2021,Arctic,MAM,"mean over τ∈[2, 4]",Q850,weatherbridge_detail,0.018719013160839338,,,96
6h,2021,Arctic,MAM,"mean over τ∈[2, 4]",Q700,weatherbridge_detail,0.02963665475559986,,,96
6h,2021,Arctic,MAM,"mean over τ∈[2, 4]",Z1000,weatherbridge_detail,0.02055443353659006,,,96
6h,2021,Arctic,MAM,"mean over τ∈[2, 4]",Z925,weatherbridge_detail,0.015741632610857335,,,96
6h,2021,Arctic,MAM,"mean over τ∈[2, 4]",Z850,weatherbridge_detail,0.012125252856183485,,,96
6h,2021,Arctic,MAM,"mean over τ∈[2, 4]",Z700,weatherbridge_detail,0.008069756082903397,,,96
6h,2021,Arctic,MAM,"mean over τ∈[2, 4]",t2m,weatherbridge_detail,0.036546438285953914,,,96
6h,2021,Arctic,MAM,"mean over τ∈[2, 4]",u10,weatherbridge_detail,0.0788133775047446,,,96
6h,2021,Arctic,MAM,"mean over τ∈[2, 4]",v10,weatherbridge_detail,0.13628736185879883,,,96
6h,2021,Arctic,MAM,"mean over τ∈[2, 4]",mslp,weatherbridge_detail,0.022752385768995697,,,96
6h,2021,Arctic,JJA,"mean over τ∈[2, 4]",T1000,weatherbridge_detail,0.02210426242103216,,,96
6h,2021,Arctic,JJA,"mean over τ∈[2, 4]",T925,weatherbridge_detail,0.020502525398704348,,,96
6h,2021,Arctic,JJA,"mean over τ∈[2, 4]",T850,weatherbridge_detail,0.018070324234844774,,,96
6h,2021,Arctic,JJA,"mean over τ∈[2, 4]",T700,weatherbridge_detail,0.01728707636808946,,,96
6h,2021,Arctic,JJA,"mean over τ∈[2, 4]",U1000,weatherbridge_detail,0.0846879543963575,,,96
6h,2021,Arctic,JJA,"mean over τ∈[2, 4]",U925,weatherbridge_detail,0.08195462721306072,,,96
6h,2021,Arctic,JJA,"mean over τ∈[2, 4]",U850,weatherbridge_detail,0.07665119168081312,,,96
6h,2021,Arctic,JJA,"mean over τ∈[2, 4]",U700,weatherbridge_detail,0.07059809911531446,,,96
6h,2021,Arctic,JJA,"mean over τ∈[2, 4]",V1000,weatherbridge_detail,0.14601100418358087,,,96
6h,2021,Arctic,JJA,"mean over τ∈[2, 4]",V925,weatherbridge_detail,0.1796718470521182,,,96
6h,2021,Arctic,JJA,"mean over τ∈[2, 4]",V850,weatherbridge_detail,0.21940949310057362,,,96
6h,2021,Arctic,JJA,"mean over τ∈[2, 4]",V700,weatherbridge_detail,0.24735501265256982,,,96
6h,2021,Arctic,JJA,"mean over τ∈[2, 4]",Q1000,weatherbridge_detail,0.026472475554163457,,,96
6h,2021,Arctic,JJA,"mean over τ∈[2, 4]",Q925,weatherbridge_detail,0.0281352428215631,,,96
6h,2021,Arctic,JJA,"mean over τ∈[2, 4]",Q850,weatherbridge_detail,0.03909974233619794,,,96
6h,2021,Arctic,JJA,"mean over τ∈[2, 4]",Q700,weatherbridge_detail,0.06814840198158315,,,96
6h,2021,Arctic,JJA,"mean over τ∈[2, 4]",Z1000,weatherbridge_detail,0.020377479507023063,,,96
6h,2021,Arctic,JJA,"mean over τ∈[2, 4]",Z925,weatherbridge_detail,0.015480166568379373,,,96
6h,2021,Arctic,JJA,"mean over τ∈[2, 4]",Z850,weatherbridge_detail,0.01186218753146447,,,96
6h,2021,Arctic,JJA,"mean over τ∈[2, 4]",Z700,weatherbridge_detail,0.007829379817205051,,,96
6h,2021,Arctic,JJA,"mean over τ∈[2, 4]",t2m,weatherbridge_detail,0.03748903637619617,,,96
6h,2021,Arctic,JJA,"mean over τ∈[2, 4]",u10,weatherbridge_detail,0.08363103628276833,,,96
6h,2021,Arctic,JJA,"mean over τ∈[2, 4]",v10,weatherbridge_detail,0.14279329703737462,,,96
6h,2021,Arctic,JJA,"mean over τ∈[2, 4]",mslp,weatherbridge_detail,0.02081565339377581,,,96
6h,2021,Arctic,SON,"mean over τ∈[2, 4]",T1000,weatherbridge_detail,0.016281400002786627,,,96
6h,2021,Arctic,SON,"mean over τ∈[2, 4]",T925,weatherbridge_detail,0.017221068809744913,,,96
6h,2021,Arctic,SON,"mean over τ∈[2, 4]",T850,weatherbridge_detail,0.017198591451559744,,,96
6h,2021,Arctic,SON,"mean over τ∈[2, 4]",T700,weatherbridge_detail,0.016755246087754364,,,96
6h,2021,Arctic,SON,"mean over τ∈[2, 4]",U1000,weatherbridge_detail,0.07734611700884589,,,96
6h,2021,Arctic,SON,"mean over τ∈[2, 4]",U925,weatherbridge_detail,0.07504080897874175,,,96
6h,2021,Arctic,SON,"mean over τ∈[2, 4]",U850,weatherbridge_detail,0.07299552785419397,,,96
6h,2021,Arctic,SON,"mean over τ∈[2, 4]",U700,weatherbridge_detail,0.07029881027782954,,,96
6h,2021,Arctic,SON,"mean over τ∈[2, 4]",V1000,weatherbridge_detail,0.13344575915653523,,,96
6h,2021,Arctic,SON,"mean over τ∈[2, 4]",V925,weatherbridge_detail,0.16407565707950147,,,96
6h,2021,Arctic,SON,"mean over τ∈[2, 4]",V850,weatherbridge_detail,0.20647698314812787,,,96
6h,2021,Arctic,SON,"mean over τ∈[2, 4]",V700,weatherbridge_detail,0.24551182199315758,,,96
6h,2021,Arctic,SON,"mean over τ∈[2, 4]",Q1000,weatherbridge_detail,0.01083738872026502,,,96
6h,2021,Arctic,SON,"mean over τ∈[2, 4]",Q925,weatherbridge_detail,0.014763374840331479,,,96
6h,2021,Arctic,SON,"mean over τ∈[2, 4]",Q850,weatherbridge_detail,0.023041457187452236,,,96
6h,2021,Arctic,SON,"mean over τ∈[2, 4]",Q700,weatherbridge_detail,0.042385396102205423,,,96
6h,2021,Arctic,SON,"mean over τ∈[2, 4]",Z1000,weatherbridge_detail,0.02016731835151619,,,96
6h,2021,Arctic,SON,"mean over τ∈[2, 4]",Z925,weatherbridge_detail,0.01566806047380757,,,96
6h,2021,Arctic,SON,"mean over τ∈[2, 4]",Z850,weatherbridge_detail,0.012086332497132094,,,96
6h,2021,Arctic,SON,"mean over τ∈[2, 4]",Z700,weatherbridge_detail,0.007982173778843804,,,96
6h,2021,Arctic,SON,"mean over τ∈[2, 4]",t2m,weatherbridge_detail,0.027737062343851985,,,96
6h,2021,Arctic,SON,"mean over τ∈[2, 4]",u10,weatherbridge_detail,0.07617118705995168,,,96
6h,2021,Arctic,SON,"mean over τ∈[2, 4]",v10,weatherbridge_detail,0.12891307665829752,,,96
6h,2021,Arctic,SON,"mean over τ∈[2, 4]",mslp,weatherbridge_detail,0.02189318951549013,,,96
6h,2021,Antarctic,DJF,"mean over τ∈[2, 4]",T1000,weatherbridge_detail,0.010613683589312799,,,96
6h,2021,Antarctic,DJF,"mean over τ∈[2, 4]",T925,weatherbridge_detail,0.012101288497876094,,,96
6h,2021,Antarctic,DJF,"mean over τ∈[2, 4]",T850,weatherbridge_detail,0.014032547460068023,,,96
6h,2021,Antarctic,DJF,"mean over τ∈[2, 4]",T700,weatherbridge_detail,0.01536422091619178,,,96
6h,2021,Antarctic,DJF,"mean over τ∈[2, 4]",U1000,weatherbridge_detail,0.06218721689838418,,,96
6h,2021,Antarctic,DJF,"mean over τ∈[2, 4]",U925,weatherbridge_detail,0.05862535346271756,,,96
6h,2021,Antarctic,DJF,"mean over τ∈[2, 4]",U850,weatherbridge_detail,0.057041629273728994,,,96
6h,2021,Antarctic,DJF,"mean over τ∈[2, 4]",U700,weatherbridge_detail,0.05740591145290143,,,96
6h,2021,Antarctic,DJF,"mean over τ∈[2, 4]",V1000,weatherbridge_detail,0.1041033871894407,,,96
6h,2021,Antarctic,DJF,"mean over τ∈[2, 4]",V925,weatherbridge_detail,0.1261126863391636,,,96
6h,2021,Antarctic,DJF,"mean over τ∈[2, 4]",V850,weatherbridge_detail,0.16011499048743333,,,96
6h,2021,Antarctic,DJF,"mean over τ∈[2, 4]",V700,weatherbridge_detail,0.2017108013787975,,,96
6h,2021,Antarctic,DJF,"mean over τ∈[2, 4]",Q1000,weatherbridge_detail,0.006793169955207691,,,96
6h,2021,Antarctic,DJF,"mean over τ∈[2, 4]",Q925,weatherbridge_detail,0.009308667401257175,,,96
6h,2021,Antarctic,DJF,"mean over τ∈[2, 4]",Q850,weatherbridge_detail,0.014091870362729766,,,96
6h,2021,Antarctic,DJF,"mean over τ∈[2, 4]",Q700,weatherbridge_detail,0.028286455053544168,,,96
6h,2021,Antarctic,DJF,"mean over τ∈[2, 4]",Z1000,weatherbridge_detail,0.020063205162830975,,,96
6h,2021,Antarctic,DJF,"mean over τ∈[2, 4]",Z925,weatherbridge_detail,0.015785398642793543,,,96
6h,2021,Antarctic,DJF,"mean over τ∈[2, 4]",Z850,weatherbridge_detail,0.01220251357405006,,,96
6h,2021,Antarctic,DJF,"mean over τ∈[2, 4]",Z700,weatherbridge_detail,0.008001629321112837,,,96
6h,2021,Antarctic,DJF,"mean over τ∈[2, 4]",t2m,weatherbridge_detail,0.018150599892431382,,,96
6h,2021,Antarctic,DJF,"mean over τ∈[2, 4]",u10,weatherbridge_detail,0.06832524782471283,,,96
6h,2021,Antarctic,DJF,"mean over τ∈[2, 4]",v10,weatherbridge_detail,0.11328105440068074,,,96
6h,2021,Antarctic,DJF,"mean over τ∈[2, 4]",mslp,weatherbridge_detail,0.021755472892773596,,,96
6h,2021,Antarctic,MAM,"mean over τ∈[2, 4]",T1000,weatherbridge_detail,0.018478310833164893,,,96
6h,2021,Antarctic,MAM,"mean over τ∈[2, 4]",T925,weatherbridge_detail,0.019889109803820377,,,96
6h,2021,Antarctic,MAM,"mean over τ∈[2, 4]",T850,weatherbridge_detail,0.021526239874211654,,,96
6h,2021,Antarctic,MAM,"mean over τ∈[2, 4]",T700,weatherbridge_detail,0.021271460049364695,,,96
6h,2021,Antarctic,MAM,"mean over τ∈[2, 4]",U1000,weatherbridge_detail,0.07516418914457886,,,96
6h,2021,Antarctic,MAM,"mean over τ∈[2, 4]",U925,weatherbridge_detail,0.0731887362896996,,,96
6h,2021,Antarctic,MAM,"mean over τ∈[2, 4]",U850,weatherbridge_detail,0.07338478584802578,,,96
6h,2021,Antarctic,MAM,"mean over τ∈[2, 4]",U700,weatherbridge_detail,0.0740616094713094,,,96
6h,2021,Antarctic,MAM,"mean over τ∈[2, 4]",V1000,weatherbridge_detail,0.12437761773931116,,,96
6h,2021,Antarctic,MAM,"mean over τ∈[2, 4]",V925,weatherbridge_detail,0.15696847534446978,,,96
6h,2021,Antarctic,MAM,"mean over τ∈[2, 4]",V850,weatherbridge_detail,0.20436336850399614,,,96
6h,2021,Antarctic,MAM,"mean over τ∈[2, 4]",V700,weatherbridge_detail,0.26061330610691563,,,96
6h,2021,Antarctic,MAM,"mean over τ∈[2, 4]",Q1000,weatherbridge_detail,0.006056701659962739,,,96
6h,2021,Antarctic,MAM,"mean over τ∈[2, 4]",Q925,weatherbridge_detail,0.008924123498897284,,,96
6h,2021,Antarctic,MAM,"mean over τ∈[2, 4]",Q850,weatherbridge_detail,0.015772992663116735,,,96
6h,2021,Antarctic,MAM,"mean over τ∈[2, 4]",Q700,weatherbridge_detail,0.028770703745818693,,,96
6h,2021,Antarctic,MAM,"mean over τ∈[2, 4]",Z1000,weatherbridge_detail,0.02621006862874004,,,96
6h,2021,Antarctic,MAM,"mean over τ∈[2, 4]",Z925,weatherbridge_detail,0.020118614256085063,,,96
6h,2021,Antarctic,MAM,"mean over τ∈[2, 4]",Z850,weatherbridge_detail,0.01526753311156551,,,96
6h,2021,Antarctic,MAM,"mean over τ∈[2, 4]",Z700,weatherbridge_detail,0.00985424685228097,,,96
6h,2021,Antarctic,MAM,"mean over τ∈[2, 4]",t2m,weatherbridge_detail,0.021692521426984513,,,96
6h,2021,Antarctic,MAM,"mean over τ∈[2, 4]",u10,weatherbridge_detail,0.08231401241513342,,,96
6h,2021,Antarctic,MAM,"mean over τ∈[2, 4]",v10,weatherbridge_detail,0.1350481103615092,,,96
6h,2021,Antarctic,MAM,"mean over τ∈[2, 4]",mslp,weatherbridge_detail,0.03127821374953573,,,96
6h,2021,Antarctic,JJA,"mean over τ∈[2, 4]",T1000,weatherbridge_detail,0.021083203054957447,,,96
6h,2021,Antarctic,JJA,"mean over τ∈[2, 4]",T925,weatherbridge_detail,0.02176272313251888,,,96
6h,2021,Antarctic,JJA,"mean over τ∈[2, 4]",T850,weatherbridge_detail,0.022223639336513383,,,96
6h,2021,Antarctic,JJA,"mean over τ∈[2, 4]",T700,weatherbridge_detail,0.021688614238279988,,,96
6h,2021,Antarctic,JJA,"mean over τ∈[2, 4]",U1000,weatherbridge_detail,0.07811163984245299,,,96
6h,2021,Antarctic,JJA,"mean over τ∈[2, 4]",U925,weatherbridge_detail,0.07639523997907186,,,96
6h,2021,Antarctic,JJA,"mean over τ∈[2, 4]",U850,weatherbridge_detail,0.07559204250754585,,,96
6h,2021,Antarctic,JJA,"mean over τ∈[2, 4]",U700,weatherbridge_detail,0.07576614242337133,,,96
6h,2021,Antarctic,JJA,"mean over τ∈[2, 4]",V1000,weatherbridge_detail,0.12900617465679873,,,96
6h,2021,Antarctic,JJA,"mean over τ∈[2, 4]",V925,weatherbridge_detail,0.164525749197882,,,96
6h,2021,Antarctic,JJA,"mean over τ∈[2, 4]",V850,weatherbridge_detail,0.21216599543754505,,,96
6h,2021,Antarctic,JJA,"mean over τ∈[2, 4]",V700,weatherbridge_detail,0.26779103633137574,,,96
6h,2021,Antarctic,JJA,"mean over τ∈[2, 4]",Q1000,weatherbridge_detail,0.005533425056278465,,,96
6h,2021,Antarctic,JJA,"mean over τ∈[2, 4]",Q925,weatherbridge_detail,0.007466341853326193,,,96
6h,2021,Antarctic,JJA,"mean over τ∈[2, 4]",Q850,weatherbridge_detail,0.011978118051980909,,,96
6h,2021,Antarctic,JJA,"mean over τ∈[2, 4]",Q700,weatherbridge_detail,0.020122364557273786,,,96
6h,2021,Antarctic,JJA,"mean over τ∈[2, 4]",Z1000,weatherbridge_detail,0.028775205545701215,,,96
6h,2021,Antarctic,JJA,"mean over τ∈[2, 4]",Z925,weatherbridge_detail,0.022108120807569735,,,96
6h,2021,Antarctic,JJA,"mean over τ∈[2, 4]",Z850,weatherbridge_detail,0.016773864414706643,,,96
6h,2021,Antarctic,JJA,"mean over τ∈[2, 4]",Z700,weatherbridge_detail,0.010602975180062006,,,96
6h,2021,Antarctic,JJA,"mean over τ∈[2, 4]",t2m,weatherbridge_detail,0.022964701877176252,,,96
6h,2021,Antarctic,JJA,"mean over τ∈[2, 4]",u10,weatherbridge_detail,0.08581101880216555,,,96
6h,2021,Antarctic,JJA,"mean over τ∈[2, 4]",v10,weatherbridge_detail,0.1406974568905798,,,96
6h,2021,Antarctic,JJA,"mean over τ∈[2, 4]",mslp,weatherbridge_detail,0.03529191812953163,,,96
6h,2021,Antarctic,SON,"mean over τ∈[2, 4]",T1000,weatherbridge_detail,0.01702012586625903,,,96
6h,2021,Antarctic,SON,"mean over τ∈[2, 4]",T925,weatherbridge_detail,0.0183486402405731,,,96
6h,2021,Antarctic,SON,"mean over τ∈[2, 4]",T850,weatherbridge_detail,0.0196933970516653,,,96
6h,2021,Antarctic,SON,"mean over τ∈[2, 4]",T700,weatherbridge_detail,0.020246425148744696,,,96
6h,2021,Antarctic,SON,"mean over τ∈[2, 4]",U1000,weatherbridge_detail,0.07598863760299669,,,96
6h,2021,Antarctic,SON,"mean over τ∈[2, 4]",U925,weatherbridge_detail,0.07360092535233319,,,96
6h,2021,Antarctic,SON,"mean over τ∈[2, 4]",U850,weatherbridge_detail,0.07259487541018989,,,96
6h,2021,Antarctic,SON,"mean over τ∈[2, 4]",U700,weatherbridge_detail,0.07277850087642612,,,96
6h,2021,Antarctic,SON,"mean over τ∈[2, 4]",V1000,weatherbridge_detail,0.12582919079675325,,,96
6h,2021,Antarctic,SON,"mean over τ∈[2, 4]",V925,weatherbridge_detail,0.15966192453626515,,,96
6h,2021,Antarctic,SON,"mean over τ∈[2, 4]",V850,weatherbridge_detail,0.2053385662222418,,,96
6h,2021,Antarctic,SON,"mean over τ∈[2, 4]",V700,weatherbridge_detail,0.25640737871026076,,,96
6h,2021,Antarctic,SON,"mean over τ∈[2, 4]",Q1000,weatherbridge_detail,0.006176345414679898,,,96
6h,2021,Antarctic,SON,"mean over τ∈[2, 4]",Q925,weatherbridge_detail,0.00813266918506166,,,96
6h,2021,Antarctic,SON,"mean over τ∈[2, 4]",Q850,weatherbridge_detail,0.01377300328117296,,,96
6h,2021,Antarctic,SON,"mean over τ∈[2, 4]",Q700,weatherbridge_detail,0.023261837004812106,,,96
6h,2021,Antarctic,SON,"mean over τ∈[2, 4]",Z1000,weatherbridge_detail,0.026644075794155432,,,96
6h,2021,Antarctic,SON,"mean over τ∈[2, 4]",Z925,weatherbridge_detail,0.020694725703898957,,,96
6h,2021,Antarctic,SON,"mean over τ∈[2, 4]",Z850,weatherbridge_detail,0.015831382894614044,,,96
6h,2021,Antarctic,SON,"mean over τ∈[2, 4]",Z700,weatherbridge_detail,0.010237894780282988,,,96
6h,2021,Antarctic,SON,"mean over τ∈[2, 4]",t2m,weatherbridge_detail,0.02272810716639802,,,96
6h,2021,Antarctic,SON,"mean over τ∈[2, 4]",u10,weatherbridge_detail,0.0838296930442481,,,96
6h,2021,Antarctic,SON,"mean over τ∈[2, 4]",v10,weatherbridge_detail,0.13734246164255537,,,96
6h,2021,Antarctic,SON,"mean over τ∈[2, 4]",mslp,weatherbridge_detail,0.031135903913658385,,,96
6h,2021,North_Atlantic,DJF,"mean over τ∈[2, 4]",T1000,weatherbridge_detail,0.01689195062434877,,,96
6h,2021,North_Atlantic,DJF,"mean over τ∈[2, 4]",T925,weatherbridge_detail,0.018346388172000676,,,96
6h,2021,North_Atlantic,DJF,"mean over τ∈[2, 4]",T850,weatherbridge_detail,0.023961804645887336,,,96
6h,2021,North_Atlantic,DJF,"mean over τ∈[2, 4]",T700,weatherbridge_detail,0.02281120678959819,,,96
6h,2021,North_Atlantic,DJF,"mean over τ∈[2, 4]",U1000,weatherbridge_detail,0.10472852446551156,,,96
6h,2021,North_Atlantic,DJF,"mean over τ∈[2, 4]",U925,weatherbridge_detail,0.09436654528165382,,,96
6h,2021,North_Atlantic,DJF,"mean over τ∈[2, 4]",U850,weatherbridge_detail,0.09629718211473459,,,96
6h,2021,North_Atlantic,DJF,"mean over τ∈[2, 4]",U700,weatherbridge_detail,0.09630377859747685,,,96
6h,2021,North_Atlantic,DJF,"mean over τ∈[2, 4]",V1000,weatherbridge_detail,0.17902951288478489,,,96
6h,2021,North_Atlantic,DJF,"mean over τ∈[2, 4]",V925,weatherbridge_detail,0.20899659851533436,,,96
6h,2021,North_Atlantic,DJF,"mean over τ∈[2, 4]",V850,weatherbridge_detail,0.2722700977744793,,,96
6h,2021,North_Atlantic,DJF,"mean over τ∈[2, 4]",V700,weatherbridge_detail,0.344495083398002,,,96
6h,2021,North_Atlantic,DJF,"mean over τ∈[2, 4]",Q1000,weatherbridge_detail,0.02175781839367152,,,96
6h,2021,North_Atlantic,DJF,"mean over τ∈[2, 4]",Q925,weatherbridge_detail,0.03609928292264143,,,96
6h,2021,North_Atlantic,DJF,"mean over τ∈[2, 4]",Q850,weatherbridge_detail,0.05571099026487187,,,96
6h,2021,North_Atlantic,DJF,"mean over τ∈[2, 4]",Q700,weatherbridge_detail,0.07549844688692293,,,96
6h,2021,North_Atlantic,DJF,"mean over τ∈[2, 4]",Z1000,weatherbridge_detail,0.02553447202722191,,,96
6h,2021,North_Atlantic,DJF,"mean over τ∈[2, 4]",Z925,weatherbridge_detail,0.02035096806577155,,,96
6h,2021,North_Atlantic,DJF,"mean over τ∈[2, 4]",Z850,weatherbridge_detail,0.01590438149856353,,,96
6h,2021,North_Atlantic,DJF,"mean over τ∈[2, 4]",Z700,weatherbridge_detail,0.01046699538290712,,,96
6h,2021,North_Atlantic,DJF,"mean over τ∈[2, 4]",t2m,weatherbridge_detail,0.021803961518900603,,,96
6h,2021,North_Atlantic,DJF,"mean over τ∈[2, 4]",u10,weatherbridge_detail,0.10426823609813428,,,96
6h,2021,North_Atlantic,DJF,"mean over τ∈[2, 4]",v10,weatherbridge_detail,0.17582064585601864,,,96
6h,2021,North_Atlantic,DJF,"mean over τ∈[2, 4]",mslp,weatherbridge_detail,0.026116519014224248,,,96
6h,2021,North_Atlantic,MAM,"mean over τ∈[2, 4]",T1000,weatherbridge_detail,0.018601202908538873,,,96
6h,2021,North_Atlantic,MAM,"mean over τ∈[2, 4]",T925,weatherbridge_detail,0.01960263372450517,,,96
6h,2021,North_Atlantic,MAM,"mean over τ∈[2, 4]",T850,weatherbridge_detail,0.022016355037760903,,,96
6h,2021,North_Atlantic,MAM,"mean over τ∈[2, 4]",T700,weatherbridge_detail,0.02008996043276348,,,96
6h,2021,North_Atlantic,MAM,"mean over τ∈[2, 4]",U1000,weatherbridge_detail,0.09614103538155462,,,96
6h,2021,North_Atlantic,MAM,"mean over τ∈[2, 4]",U925,weatherbridge_detail,0.08551806835202524,,,96
6h,2021,North_Atlantic,MAM,"mean over τ∈[2, 4]",U850,weatherbridge_detail,0.08508805545784953,,,96
6h,2021,North_Atlantic,MAM,"mean over τ∈[2, 4]",U700,weatherbridge_detail,0.08460393837594336,,,96
6h,2021,North_Atlantic,MAM,"mean over τ∈[2, 4]",V1000,weatherbridge_detail,0.16661167322094417,,,96
6h,2021,North_Atlantic,MAM,"mean over τ∈[2, 4]",V925,weatherbridge_detail,0.18959268175910507,,,96
6h,2021,North_Atlantic,MAM,"mean over τ∈[2, 4]",V850,weatherbridge_detail,0.24419090857844686,,,96
6h,2021,North_Atlantic,MAM,"mean over τ∈[2, 4]",V700,weatherbridge_detail,0.2985751183733065,,,96
6h,2021,North_Atlantic,MAM,"mean over τ∈[2, 4]",Q1000,weatherbridge_detail,0.022331985994872818,,,96
6h,2021,North_Atlantic,MAM,"mean over τ∈[2, 4]",Q925,weatherbridge_detail,0.03907271957142203,,,96
6h,2021,North_Atlantic,MAM,"mean over τ∈[2, 4]",Q850,weatherbridge_detail,0.05347245374375901,,,96
6h,2021,North_Atlantic,MAM,"mean over τ∈[2, 4]",Q700,weatherbridge_detail,0.07176987769410179,,,96
6h,2021,North_Atlantic,MAM,"mean over τ∈[2, 4]",Z1000,weatherbridge_detail,0.02179820418191778,,,96
6h,2021,North_Atlantic,MAM,"mean over τ∈[2, 4]",Z925,weatherbridge_detail,0.01722025499203387,,,96
6h,2021,North_Atlantic,MAM,"mean over τ∈[2, 4]",Z850,weatherbridge_detail,0.013408942943702155,,,96
6h,2021,North_Atlantic,MAM,"mean over τ∈[2, 4]",Z700,weatherbridge_detail,0.00894220576372777,,,96
6h,2021,North_Atlantic,MAM,"mean over τ∈[2, 4]",t2m,weatherbridge_detail,0.0226906759711896,,,96
6h,2021,North_Atlantic,MAM,"mean over τ∈[2, 4]",u10,weatherbridge_detail,0.0931623036757043,,,96
6h,2021,North_Atlantic,MAM,"mean over τ∈[2, 4]",v10,weatherbridge_detail,0.15871200764030674,,,96
6h,2021,North_Atlantic,MAM,"mean over τ∈[2, 4]",mslp,weatherbridge_detail,0.02224828177773294,,,96
6h,2021,North_Atlantic,JJA,"mean over τ∈[2, 4]",T1000,weatherbridge_detail,0.018902473461838456,,,96
6h,2021,North_Atlantic,JJA,"mean over τ∈[2, 4]",T925,weatherbridge_detail,0.021191585025126195,,,96
6h,2021,North_Atlantic,JJA,"mean over τ∈[2, 4]",T850,weatherbridge_detail,0.017691584821617458,,,96
6h,2021,North_Atlantic,JJA,"mean over τ∈[2, 4]",T700,weatherbridge_detail,0.016264836673588592,,,96
6h,2021,North_Atlantic,JJA,"mean over τ∈[2, 4]",U1000,weatherbridge_detail,0.08624433603373745,,,96
6h,2021,North_Atlantic,JJA,"mean over τ∈[2, 4]",U925,weatherbridge_detail,0.07680370675231259,,,96
6h,2021,North_Atlantic,JJA,"mean over τ∈[2, 4]",U850,weatherbridge_detail,0.07228838800639216,,,96
6h,2021,North_Atlantic,JJA,"mean over τ∈[2, 4]",U700,weatherbridge_detail,0.06636352534603891,,,96
6h,2021,North_Atlantic,JJA,"mean over τ∈[2, 4]",V1000,weatherbridge_detail,0.15293962809616593,,,96
6h,2021,North_Atlantic,JJA,"mean over τ∈[2, 4]",V925,weatherbridge_detail,0.16895542776002045,,,96
6h,2021,North_Atlantic,JJA,"mean over τ∈[2, 4]",V850,weatherbridge_detail,0.20639851858816521,,,96
6h,2021,North_Atlantic,JJA,"mean over τ∈[2, 4]",V700,weatherbridge_detail,0.238158350822014,,,96
6h,2021,North_Atlantic,JJA,"mean over τ∈[2, 4]",Q1000,weatherbridge_detail,0.02681471442077183,,,96
6h,2021,North_Atlantic,JJA,"mean over τ∈[2, 4]",Q925,weatherbridge_detail,0.05047911822818631,,,96
6h,2021,North_Atlantic,JJA,"mean over τ∈[2, 4]",Q850,weatherbridge_detail,0.05780831610763823,,,96
6h,2021,North_Atlantic,JJA,"mean over τ∈[2, 4]",Q700,weatherbridge_detail,0.08608665626246706,,,96
6h,2021,North_Atlantic,JJA,"mean over τ∈[2, 4]",Z1000,weatherbridge_detail,0.020041597298435444,,,96
6h,2021,North_Atlantic,JJA,"mean over τ∈[2, 4]",Z925,weatherbridge_detail,0.015752510577969222,,,96
6h,2021,North_Atlantic,JJA,"mean over τ∈[2, 4]",Z850,weatherbridge_detail,0.012288508496417128,,,96
6h,2021,North_Atlantic,JJA,"mean over τ∈[2, 4]",Z700,weatherbridge_detail,0.008179641729864495,,,96
6h,2021,North_Atlantic,JJA,"mean over τ∈[2, 4]",t2m,weatherbridge_detail,0.02313936065443293,,,96
6h,2021,North_Atlantic,JJA,"mean over τ∈[2, 4]",u10,weatherbridge_detail,0.08239841307572682,,,96
6h,2021,North_Atlantic,JJA,"mean over τ∈[2, 4]",v10,weatherbridge_detail,0.14266332102195198,,,96
6h,2021,North_Atlantic,JJA,"mean over τ∈[2, 4]",mslp,weatherbridge_detail,0.019893872828029804,,,96
6h,2021,North_Atlantic,SON,"mean over τ∈[2, 4]",T1000,weatherbridge_detail,0.016242554414732106,,,96
6h,2021,North_Atlantic,SON,"mean over τ∈[2, 4]",T925,weatherbridge_detail,0.01785514517810031,,,96
6h,2021,North_Atlantic,SON,"mean over τ∈[2, 4]",T850,weatherbridge_detail,0.021588879774176974,,,96
6h,2021,North_Atlantic,SON,"mean over τ∈[2, 4]",T700,weatherbridge_detail,0.019839702742059834,,,96
6h,2021,North_Atlantic,SON,"mean over τ∈[2, 4]",U1000,weatherbridge_detail,0.09302312588480333,,,96
6h,2021,North_Atlantic,SON,"mean over τ∈[2, 4]",U925,weatherbridge_detail,0.08180243872751129,,,96
6h,2021,North_Atlantic,SON,"mean over τ∈[2, 4]",U850,weatherbridge_detail,0.08158422504182604,,,96
6h,2021,North_Atlantic,SON,"mean over τ∈[2, 4]",U700,weatherbridge_detail,0.07968259279913156,,,96
6h,2021,North_Atlantic,SON,"mean over τ∈[2, 4]",V1000,weatherbridge_detail,0.15971802236560534,,,96
6h,2021,North_Atlantic,SON,"mean over τ∈[2, 4]",V925,weatherbridge_detail,0.18384818428851843,,,96
6h,2021,North_Atlantic,SON,"mean over τ∈[2, 4]",V850,weatherbridge_detail,0.23565203103679033,,,96
6h,2021,North_Atlantic,SON,"mean over τ∈[2, 4]",V700,weatherbridge_detail,0.2894623436673868,,,96
6h,2021,North_Atlantic,SON,"mean over τ∈[2, 4]",Q1000,weatherbridge_detail,0.02426975313808737,,,96
6h,2021,North_Atlantic,SON,"mean over τ∈[2, 4]",Q925,weatherbridge_detail,0.04657992976165377,,,96
6h,2021,North_Atlantic,SON,"mean over τ∈[2, 4]",Q850,weatherbridge_detail,0.06124352713131226,,,96
6h,2021,North_Atlantic,SON,"mean over τ∈[2, 4]",Q700,weatherbridge_detail,0.0852957413273868,,,96
6h,2021,North_Atlantic,SON,"mean over τ∈[2, 4]",Z1000,weatherbridge_detail,0.021916511795304325,,,96
6h,2021,North_Atlantic,SON,"mean over τ∈[2, 4]",Z925,weatherbridge_detail,0.01749075048461306,,,96
6h,2021,North_Atlantic,SON,"mean over τ∈[2, 4]",Z850,weatherbridge_detail,0.013665741178103753,,,96
6h,2021,North_Atlantic,SON,"mean over τ∈[2, 4]",Z700,weatherbridge_detail,0.009065401071385858,,,96
6h,2021,North_Atlantic,SON,"mean over τ∈[2, 4]",t2m,weatherbridge_detail,0.020838025413206663,,,96
6h,2021,North_Atlantic,SON,"mean over τ∈[2, 4]",u10,weatherbridge_detail,0.09035763713233949,,,96
6h,2021,North_Atlantic,SON,"mean over τ∈[2, 4]",v10,weatherbridge_detail,0.15411196953128348,,,96
6h,2021,North_Atlantic,SON,"mean over τ∈[2, 4]",mslp,weatherbridge_detail,0.021880792667297096,,,96
6h,2021,West_Pacific,DJF,"mean over τ∈[2, 4]",T1000,weatherbridge_detail,0.014052690707846425,,,96
6h,2021,West_Pacific,DJF,"mean over τ∈[2, 4]",T925,weatherbridge_detail,0.014826167274472373,,,96
6h,2021,West_Pacific,DJF,"mean over τ∈[2, 4]",T850,weatherbridge_detail,0.0229832995138481,,,96
6h,2021,West_Pacific,DJF,"mean over τ∈[2, 4]",T700,weatherbridge_detail,0.023000521824702642,,,96
6h,2021,West_Pacific,DJF,"mean over τ∈[2, 4]",U1000,weatherbridge_detail,0.09556184646109456,,,96
6h,2021,West_Pacific,DJF,"mean over τ∈[2, 4]",U925,weatherbridge_detail,0.08112360195677618,,,96
6h,2021,West_Pacific,DJF,"mean over τ∈[2, 4]",U850,weatherbridge_detail,0.08924137773749853,,,96
6h,2021,West_Pacific,DJF,"mean over τ∈[2, 4]",U700,weatherbridge_detail,0.09395280266765306,,,96
6h,2021,West_Pacific,DJF,"mean over τ∈[2, 4]",V1000,weatherbridge_detail,0.16590906754393012,,,96
6h,2021,West_Pacific,DJF,"mean over τ∈[2, 4]",V925,weatherbridge_detail,0.1829017333554294,,,96
6h,2021,West_Pacific,DJF,"mean over τ∈[2, 4]",V850,weatherbridge_detail,0.250665195189854,,,96
6h,2021,West_Pacific,DJF,"mean over τ∈[2, 4]",V700,weatherbridge_detail,0.3256362268641318,,,96
6h,2021,West_Pacific,DJF,"mean over τ∈[2, 4]",Q1000,weatherbridge_detail,0.02282176703637078,,,96
6h,2021,West_Pacific,DJF,"mean over τ∈[2, 4]",Q925,weatherbridge_detail,0.04452150285328586,,,96
6h,2021,West_Pacific,DJF,"mean over τ∈[2, 4]",Q850,weatherbridge_detail,0.07392688534759147,,,96
6h,2021,West_Pacific,DJF,"mean over τ∈[2, 4]",Q700,weatherbridge_detail,0.0938659649137935,,,96
6h,2021,West_Pacific,DJF,"mean over τ∈[2, 4]",Z1000,weatherbridge_detail,0.02953034277741082,,,96
6h,2021,West_Pacific,DJF,"mean over τ∈[2, 4]",Z925,weatherbridge_detail,0.02376253300772781,,,96
6h,2021,West_Pacific,DJF,"mean over τ∈[2, 4]",Z850,weatherbridge_detail,0.018694605017601666,,,96
6h,2021,West_Pacific,DJF,"mean over τ∈[2, 4]",Z700,weatherbridge_detail,0.01226122065299121,,,96
6h,2021,West_Pacific,DJF,"mean over τ∈[2, 4]",t2m,weatherbridge_detail,0.015465050899113623,,,96
6h,2021,West_Pacific,DJF,"mean over τ∈[2, 4]",u10,weatherbridge_detail,0.09353915296503985,,,96
6h,2021,West_Pacific,DJF,"mean over τ∈[2, 4]",v10,weatherbridge_detail,0.16030959176903492,,,96
6h,2021,West_Pacific,DJF,"mean over τ∈[2, 4]",mslp,weatherbridge_detail,0.029497696343845203,,,96
6h,2021,West_Pacific,MAM,"mean over τ∈[2, 4]",T1000,weatherbridge_detail,0.014547407522784661,,,96
6h,2021,West_Pacific,MAM,"mean over τ∈[2, 4]",T925,weatherbridge_detail,0.01641060964834756,,,96
6h,2021,West_Pacific,MAM,"mean over τ∈[2, 4]",T850,weatherbridge_detail,0.02060491619920694,,,96
6h,2021,West_Pacific,MAM,"mean over τ∈[2, 4]",T700,weatherbridge_detail,0.0191481186882369,,,96
6h,2021,West_Pacific,MAM,"mean over τ∈[2, 4]",U1000,weatherbridge_detail,0.08689969729108382,,,96
6h,2021,West_Pacific,MAM,"mean over τ∈[2, 4]",U925,weatherbridge_detail,0.07310977574688052,,,96
6h,2021,West_Pacific,MAM,"mean over τ∈[2, 4]",U850,weatherbridge_detail,0.07439528429211585,,,96
6h,2021,West_Pacific,MAM,"mean over τ∈[2, 4]",U700,weatherbridge_detail,0.07490937352957931,,,96
6h,2021,West_Pacific,MAM,"mean over τ∈[2, 4]",V1000,weatherbridge_detail,0.15638442413180856,,,96
6h,2021,West_Pacific,MAM,"mean over τ∈[2, 4]",V925,weatherbridge_detail,0.16524127173464404,,,96
6h,2021,West_Pacific,MAM,"mean over τ∈[2, 4]",V850,weatherbridge_detail,0.21385431037707994,,,96
6h,2021,West_Pacific,MAM,"mean over τ∈[2, 4]",V700,weatherbridge_detail,0.26842163250524975,,,96
6h,2021,West_Pacific,MAM,"mean over τ∈[2, 4]",Q1000,weatherbridge_detail,0.02272235118689562,,,96
6h,2021,West_Pacific,MAM,"mean over τ∈[2, 4]",Q925,weatherbridge_detail,0.04955522398735726,,,96
6h,2021,West_Pacific,MAM,"mean over τ∈[2, 4]",Q850,weatherbridge_detail,0.063486244039517,,,96
6h,2021,West_Pacific,MAM,"mean over τ∈[2, 4]",Q700,weatherbridge_detail,0.09159981761989078,,,96
6h,2021,West_Pacific,MAM,"mean over τ∈[2, 4]",Z1000,weatherbridge_detail,0.025544136763714285,,,96
6h,2021,West_Pacific,MAM,"mean over τ∈[2, 4]",Z925,weatherbridge_detail,0.02057346935267381,,,96
6h,2021,West_Pacific,MAM,"mean over τ∈[2, 4]",Z850,weatherbridge_detail,0.01614780911793445,,,96
6h,2021,West_Pacific,MAM,"mean over τ∈[2, 4]",Z700,weatherbridge_detail,0.010649978003737329,,,96
6h,2021,West_Pacific,MAM,"mean over τ∈[2, 4]",t2m,weatherbridge_detail,0.0158385956036401,,,96
6h,2021,West_Pacific,MAM,"mean over τ∈[2, 4]",u10,weatherbridge_detail,0.08245114533543287,,,96
6h,2021,West_Pacific,MAM,"mean over τ∈[2, 4]",v10,weatherbridge_detail,0.147038997814618,,,96
6h,2021,West_Pacific,MAM,"mean over τ∈[2, 4]",mslp,weatherbridge_detail,0.02516007524503241,,,96
6h,2021,West_Pacific,JJA,"mean over τ∈[2, 4]",T1000,weatherbridge_detail,0.014531534352248143,,,96
6h,2021,West_Pacific,JJA,"mean over τ∈[2, 4]",T925,weatherbridge_detail,0.01555816531235112,,,96
6h,2021,West_Pacific,JJA,"mean over τ∈[2, 4]",T850,weatherbridge_detail,0.015722232705783105,,,96
6h,2021,West_Pacific,JJA,"mean over τ∈[2, 4]",T700,weatherbridge_detail,0.015999167775243083,,,96
6h,2021,West_Pacific,JJA,"mean over τ∈[2, 4]",U1000,weatherbridge_detail,0.08009101676798408,,,96
6h,2021,West_Pacific,JJA,"mean over τ∈[2, 4]",U925,weatherbridge_detail,0.06500132739615379,,,96
6h,2021,West_Pacific,JJA,"mean over τ∈[2, 4]",U850,weatherbridge_detail,0.060244746678240466,,,96
6h,2021,West_Pacific,JJA,"mean over τ∈[2, 4]",U700,weatherbridge_detail,0.06066466299138759,,,96
6h,2021,West_Pacific,JJA,"mean over τ∈[2, 4]",V1000,weatherbridge_detail,0.13799424201599914,,,96
6h,2021,West_Pacific,JJA,"mean over τ∈[2, 4]",V925,weatherbridge_detail,0.1423066025571908,,,96
6h,2021,West_Pacific,JJA,"mean over τ∈[2, 4]",V850,weatherbridge_detail,0.17138078784371266,,,96
6h,2021,West_Pacific,JJA,"mean over τ∈[2, 4]",V700,weatherbridge_detail,0.2184758190109498,,,96
6h,2021,West_Pacific,JJA,"mean over τ∈[2, 4]",Q1000,weatherbridge_detail,0.024716534277798696,,,96
6h,2021,West_Pacific,JJA,"mean over τ∈[2, 4]",Q925,weatherbridge_detail,0.05514545219419421,,,96
6h,2021,West_Pacific,JJA,"mean over τ∈[2, 4]",Q850,weatherbridge_detail,0.06043320414415285,,,96
6h,2021,West_Pacific,JJA,"mean over τ∈[2, 4]",Q700,weatherbridge_detail,0.08951590844780256,,,96
6h,2021,West_Pacific,JJA,"mean over τ∈[2, 4]",Z1000,weatherbridge_detail,0.02297539897507695,,,96
6h,2021,West_Pacific,JJA,"mean over τ∈[2, 4]",Z925,weatherbridge_detail,0.018527199163727172,,,96
6h,2021,West_Pacific,JJA,"mean over τ∈[2, 4]",Z850,weatherbridge_detail,0.014487896845313101,,,96
6h,2021,West_Pacific,JJA,"mean over τ∈[2, 4]",Z700,weatherbridge_detail,0.009555523928805374,,,96
6h,2021,West_Pacific,JJA,"mean over τ∈[2, 4]",t2m,weatherbridge_detail,0.015625078124186915,,,96
6h,2021,West_Pacific,JJA,"mean over τ∈[2, 4]",u10,weatherbridge_detail,0.07893653804729263,,,96
6h,2021,West_Pacific,JJA,"mean over τ∈[2, 4]",v10,weatherbridge_detail,0.13693767631848047,,,96
6h,2021,West_Pacific,JJA,"mean over τ∈[2, 4]",mslp,weatherbridge_detail,0.022067362319473306,,,96
6h,2021,West_Pacific,SON,"mean over τ∈[2, 4]",T1000,weatherbridge_detail,0.014274508538570773,,,96
6h,2021,West_Pacific,SON,"mean over τ∈[2, 4]",T925,weatherbridge_detail,0.014482532085908344,,,96
6h,2021,West_Pacific,SON,"mean over τ∈[2, 4]",T850,weatherbridge_detail,0.018767139533483645,,,96
6h,2021,West_Pacific,SON,"mean over τ∈[2, 4]",T700,weatherbridge_detail,0.018326880327623255,,,96
6h,2021,West_Pacific,SON,"mean over τ∈[2, 4]",U1000,weatherbridge_detail,0.08405542893972552,,,96
6h,2021,West_Pacific,SON,"mean over τ∈[2, 4]",U925,weatherbridge_detail,0.06892776575464467,,,96
6h,2021,West_Pacific,SON,"mean over τ∈[2, 4]",U850,weatherbridge_detail,0.0678809988332044,,,96
6h,2021,West_Pacific,SON,"mean over τ∈[2, 4]",U700,weatherbridge_detail,0.07120941414884145,,,96
6h,2021,West_Pacific,SON,"mean over τ∈[2, 4]",V1000,weatherbridge_detail,0.14926712102407194,,,96
6h,2021,West_Pacific,SON,"mean over τ∈[2, 4]",V925,weatherbridge_detail,0.15550055088124026,,,96
6h,2021,West_Pacific,SON,"mean over τ∈[2, 4]",V850,weatherbridge_detail,0.19681520256593854,,,96
6h,2021,West_Pacific,SON,"mean over τ∈[2, 4]",V700,weatherbridge_detail,0.2532775234160402,,,96
6h,2021,West_Pacific,SON,"mean over τ∈[2, 4]",Q1000,weatherbridge_detail,0.024597465213690536,,,96
6h,2021,West_Pacific,SON,"mean over τ∈[2, 4]",Q925,weatherbridge_detail,0.05428534079071045,,,96
6h,2021,West_Pacific,SON,"mean over τ∈[2, 4]",Q850,weatherbridge_detail,0.06844059195685184,,,96
6h,2021,West_Pacific,SON,"mean over τ∈[2, 4]",Q700,weatherbridge_detail,0.09596154950496337,,,96
6h,2021,West_Pacific,SON,"mean over τ∈[2, 4]",Z1000,weatherbridge_detail,0.024849147375325772,,,96
6h,2021,West_Pacific,SON,"mean over τ∈[2, 4]",Z925,weatherbridge_detail,0.020016320261700204,,,96
6h,2021,West_Pacific,SON,"mean over τ∈[2, 4]",Z850,weatherbridge_detail,0.015669848571952385,,,96
6h,2021,West_Pacific,SON,"mean over τ∈[2, 4]",Z700,weatherbridge_detail,0.010250172147347048,,,96
6h,2021,West_Pacific,SON,"mean over τ∈[2, 4]",t2m,weatherbridge_detail,0.01594078388374166,,,96
6h,2021,West_Pacific,SON,"mean over τ∈[2, 4]",u10,weatherbridge_detail,0.08262323559771423,,,96
6h,2021,West_Pacific,SON,"mean over τ∈[2, 4]",v10,weatherbridge_detail,0.1471469440215427,,,96
6h,2021,West_Pacific,SON,"mean over τ∈[2, 4]",mslp,weatherbridge_detail,0.024172753074052592,,,96
6h,2021,Land,DJF,"mean over τ∈[2, 4]",T1000,weatherbridge_detail,0.016335072486051646,,,96
6h,2021,Land,DJF,"mean over τ∈[2, 4]",T925,weatherbridge_detail,0.01789972593880389,,,96
6h,2021,Land,DJF,"mean over τ∈[2, 4]",T850,weatherbridge_detail,0.020465165715157788,,,96
6h,2021,Land,DJF,"mean over τ∈[2, 4]",T700,weatherbridge_detail,0.01730948023204899,,,96
6h,2021,Land,DJF,"mean over τ∈[2, 4]",U1000,weatherbridge_detail,0.07187205950208027,,,96
6h,2021,Land,DJF,"mean over τ∈[2, 4]",U925,weatherbridge_detail,0.06545048226884921,,,96
6h,2021,Land,DJF,"mean over τ∈[2, 4]",U850,weatherbridge_detail,0.06696805600956655,,,96
6h,2021,Land,DJF,"mean over τ∈[2, 4]",U700,weatherbridge_detail,0.06387902324627417,,,96
6h,2021,Land,DJF,"mean over τ∈[2, 4]",V1000,weatherbridge_detail,0.1236632112810284,,,96
6h,2021,Land,DJF,"mean over τ∈[2, 4]",V925,weatherbridge_detail,0.145682634910042,,,96
6h,2021,Land,DJF,"mean over τ∈[2, 4]",V850,weatherbridge_detail,0.19312617243435143,,,96
6h,2021,Land,DJF,"mean over τ∈[2, 4]",V700,weatherbridge_detail,0.23219816953298056,,,96
6h,2021,Land,DJF,"mean over τ∈[2, 4]",Q1000,weatherbridge_detail,0.026452206503072628,,,96
6h,2021,Land,DJF,"mean over τ∈[2, 4]",Q925,weatherbridge_detail,0.03923004825348212,,,96
6h,2021,Land,DJF,"mean over τ∈[2, 4]",Q850,weatherbridge_detail,0.05532741333205508,,,96
6h,2021,Land,DJF,"mean over τ∈[2, 4]",Q700,weatherbridge_detail,0.07470931063838776,,,96
6h,2021,Land,DJF,"mean over τ∈[2, 4]",Z1000,weatherbridge_detail,0.023119306973671674,,,96
6h,2021,Land,DJF,"mean over τ∈[2, 4]",Z925,weatherbridge_detail,0.018384352557864313,,,96
6h,2021,Land,DJF,"mean over τ∈[2, 4]",Z850,weatherbridge_detail,0.014405494674403734,,,96
6h,2021,Land,DJF,"mean over τ∈[2, 4]",Z700,weatherbridge_detail,0.009519617626545891,,,96
6h,2021,Land,DJF,"mean over τ∈[2, 4]",t2m,weatherbridge_detail,0.023000523854543223,,,96
6h,2021,Land,DJF,"mean over τ∈[2, 4]",u10,weatherbridge_detail,0.07327960009176296,,,96
6h,2021,Land,DJF,"mean over τ∈[2, 4]",v10,weatherbridge_detail,0.1244906129043348,,,96
6h,2021,Land,DJF,"mean over τ∈[2, 4]",mslp,weatherbridge_detail,0.023279134500779213,,,96
6h,2021,Land,MAM,"mean over τ∈[2, 4]",T1000,weatherbridge_detail,0.016845911137087295,,,96
6h,2021,Land,MAM,"mean over τ∈[2, 4]",T925,weatherbridge_detail,0.01777728074979715,,,96
6h,2021,Land,MAM,"mean over τ∈[2, 4]",T850,weatherbridge_detail,0.020167063789817013,,,96
6h,2021,Land,MAM,"mean over τ∈[2, 4]",T700,weatherbridge_detail,0.01795978142266694,,,96
6h,2021,Land,MAM,"mean over τ∈[2, 4]",U1000,weatherbridge_detail,0.07662038226237498,,,96
6h,2021,Land,MAM,"mean over τ∈[2, 4]",U925,weatherbridge_detail,0.07013983648071843,,,96
6h,2021,Land,MAM,"mean over τ∈[2, 4]",U850,weatherbridge_detail,0.07010045642814337,,,96
6h,2021,Land,MAM,"mean over τ∈[2, 4]",U700,weatherbridge_detail,0.0678963514498148,,,96
6h,2021,Land,MAM,"mean over τ∈[2, 4]",V1000,weatherbridge_detail,0.1308277641139772,,,96
6h,2021,Land,MAM,"mean over τ∈[2, 4]",V925,weatherbridge_detail,0.15607708400542325,,,96
6h,2021,Land,MAM,"mean over τ∈[2, 4]",V850,weatherbridge_detail,0.20170052384512413,,,96
6h,2021,Land,MAM,"mean over τ∈[2, 4]",V700,weatherbridge_detail,0.24558146811667697,,,96
6h,2021,Land,MAM,"mean over τ∈[2, 4]",Q1000,weatherbridge_detail,0.027141328821957814,,,96
6h,2021,Land,MAM,"mean over τ∈[2, 4]",Q925,weatherbridge_detail,0.03929273954841904,,,96
6h,2021,Land,MAM,"mean over τ∈[2, 4]",Q850,weatherbridge_detail,0.05216181880811412,,,96
6h,2021,Land,MAM,"mean over τ∈[2, 4]",Q700,weatherbridge_detail,0.07395182443308074,,,96
6h,2021,Land,MAM,"mean over τ∈[2, 4]",Z1000,weatherbridge_detail,0.023057470358468342,,,96
6h,2021,Land,MAM,"mean over τ∈[2, 4]",Z925,weatherbridge_detail,0.01836818313821211,,,96
6h,2021,Land,MAM,"mean over τ∈[2, 4]",Z850,weatherbridge_detail,0.014414346286287849,,,96
6h,2021,Land,MAM,"mean over τ∈[2, 4]",Z700,weatherbridge_detail,0.00962363879687896,,,96
6h,2021,Land,MAM,"mean over τ∈[2, 4]",t2m,weatherbridge_detail,0.023851136284096994,,,96
6h,2021,Land,MAM,"mean over τ∈[2, 4]",u10,weatherbridge_detail,0.07864010348462455,,,96
6h,2021,Land,MAM,"mean over τ∈[2, 4]",v10,weatherbridge_detail,0.1325005560771333,,,96
6h,2021,Land,MAM,"mean over τ∈[2, 4]",mslp,weatherbridge_detail,0.023379982822303212,,,96
6h,2021,Land,JJA,"mean over τ∈[2, 4]",T1000,weatherbridge_detail,0.01685594450169986,,,96
6h,2021,Land,JJA,"mean over τ∈[2, 4]",T925,weatherbridge_detail,0.017314639520609194,,,96
6h,2021,Land,JJA,"mean over τ∈[2, 4]",T850,weatherbridge_detail,0.019736330123397258,,,96
6h,2021,Land,JJA,"mean over τ∈[2, 4]",T700,weatherbridge_detail,0.018346635979998888,,,96
6h,2021,Land,JJA,"mean over τ∈[2, 4]",U1000,weatherbridge_detail,0.07840320547702904,,,96
6h,2021,Land,JJA,"mean over τ∈[2, 4]",U925,weatherbridge_detail,0.07228072313190602,,,96
6h,2021,Land,JJA,"mean over τ∈[2, 4]",U850,weatherbridge_detail,0.071868874515441,,,96
6h,2021,Land,JJA,"mean over τ∈[2, 4]",U700,weatherbridge_detail,0.07053891627759723,,,96
6h,2021,Land,JJA,"mean over τ∈[2, 4]",V1000,weatherbridge_detail,0.13199051317103633,,,96
6h,2021,Land,JJA,"mean over τ∈[2, 4]",V925,weatherbridge_detail,0.1592227889261103,,,96
6h,2021,Land,JJA,"mean over τ∈[2, 4]",V850,weatherbridge_detail,0.20595494874531733,,,96
6h,2021,Land,JJA,"mean over τ∈[2, 4]",V700,weatherbridge_detail,0.25365501791030853,,,96
6h,2021,Land,JJA,"mean over τ∈[2, 4]",Q1000,weatherbridge_detail,0.025971105802283193,,,96
6h,2021,Land,JJA,"mean over τ∈[2, 4]",Q925,weatherbridge_detail,0.038341992330156595,,,96
6h,2021,Land,JJA,"mean over τ∈[2, 4]",Q850,weatherbridge_detail,0.049374229723968856,,,96
6h,2021,Land,JJA,"mean over τ∈[2, 4]",Q700,weatherbridge_detail,0.06883088633249124,,,96
6h,2021,Land,JJA,"mean over τ∈[2, 4]",Z1000,weatherbridge_detail,0.023684950173354227,,,96
6h,2021,Land,JJA,"mean over τ∈[2, 4]",Z925,weatherbridge_detail,0.01891311518590006,,,96
6h,2021,Land,JJA,"mean over τ∈[2, 4]",Z850,weatherbridge_detail,0.014864746781531353,,,96
6h,2021,Land,JJA,"mean over τ∈[2, 4]",Z700,weatherbridge_detail,0.00986636101823779,,,96
6h,2021,Land,JJA,"mean over τ∈[2, 4]",t2m,weatherbridge_detail,0.02394420438451209,,,96
6h,2021,Land,JJA,"mean over τ∈[2, 4]",u10,weatherbridge_detail,0.08100733522262014,,,96
6h,2021,Land,JJA,"mean over τ∈[2, 4]",v10,weatherbridge_detail,0.13443561932341203,,,96
6h,2021,Land,JJA,"mean over τ∈[2, 4]",mslp,weatherbridge_detail,0.02411649363032082,,,96
6h,2021,Land,SON,"mean over τ∈[2, 4]",T1000,weatherbridge_detail,0.01687726685975979,,,96
6h,2021,Land,SON,"mean over τ∈[2, 4]",T925,weatherbridge_detail,0.01858408865644749,,,96
6h,2021,Land,SON,"mean over τ∈[2, 4]",T850,weatherbridge_detail,0.02057701480421154,,,96
6h,2021,Land,SON,"mean over τ∈[2, 4]",T700,weatherbridge_detail,0.017290171263517232,,,96
6h,2021,Land,SON,"mean over τ∈[2, 4]",U1000,weatherbridge_detail,0.0744574740268952,,,96
6h,2021,Land,SON,"mean over τ∈[2, 4]",U925,weatherbridge_detail,0.06822931531364489,,,96
6h,2021,Land,SON,"mean over τ∈[2, 4]",U850,weatherbridge_detail,0.06944836311485252,,,96
6h,2021,Land,SON,"mean over τ∈[2, 4]",U700,weatherbridge_detail,0.06635299176138355,,,96
6h,2021,Land,SON,"mean over τ∈[2, 4]",V1000,weatherbridge_detail,0.1265016546934792,,,96
6h,2021,Land,SON,"mean over τ∈[2, 4]",V925,weatherbridge_detail,0.15201491479745824,,,96
6h,2021,Land,SON,"mean over τ∈[2, 4]",V850,weatherbridge_detail,0.19877918564615218,,,96
6h,2021,Land,SON,"mean over τ∈[2, 4]",V700,weatherbridge_detail,0.23949056279741393,,,96
6h,2021,Land,SON,"mean over τ∈[2, 4]",Q1000,weatherbridge_detail,0.02715275577125821,,,96
6h,2021,Land,SON,"mean over τ∈[2, 4]",Q925,weatherbridge_detail,0.040791924031386546,,,96
6h,2021,Land,SON,"mean over τ∈[2, 4]",Q850,weatherbridge_detail,0.05113506924534855,,,96
6h,2021,Land,SON,"mean over τ∈[2, 4]",Q700,weatherbridge_detail,0.06908333967637263,,,96
6h,2021,Land,SON,"mean over τ∈[2, 4]",Z1000,weatherbridge_detail,0.02369440570034027,,,96
6h,2021,Land,SON,"mean over τ∈[2, 4]",Z925,weatherbridge_detail,0.018799035917641607,,,96
6h,2021,Land,SON,"mean over τ∈[2, 4]",Z850,weatherbridge_detail,0.014723705602317835,,,96
6h,2021,Land,SON,"mean over τ∈[2, 4]",Z700,weatherbridge_detail,0.009748622529773075,,,96
6h,2021,Land,SON,"mean over τ∈[2, 4]",t2m,weatherbridge_detail,0.024215098651599164,,,96
6h,2021,Land,SON,"mean over τ∈[2, 4]",u10,weatherbridge_detail,0.07693448108251326,,,96
6h,2021,Land,SON,"mean over τ∈[2, 4]",v10,weatherbridge_detail,0.129399194236023,,,96
6h,2021,Land,SON,"mean over τ∈[2, 4]",mslp,weatherbridge_detail,0.023917453853029,,,96
6h,2021,Ocean,DJF,"mean over τ∈[2, 4]",T1000,weatherbridge_detail,0.017905473720217682,,,96
6h,2021,Ocean,DJF,"mean over τ∈[2, 4]",T925,weatherbridge_detail,0.019297616193692285,,,96
6h,2021,Ocean,DJF,"mean over τ∈[2, 4]",T850,weatherbridge_detail,0.02111976952981414,,,96
6h,2021,Ocean,DJF,"mean over τ∈[2, 4]",T700,weatherbridge_detail,0.019008845633968086,,,96
6h,2021,Ocean,DJF,"mean over τ∈[2, 4]",U1000,weatherbridge_detail,0.07807435204458804,,,96
6h,2021,Ocean,DJF,"mean over τ∈[2, 4]",U925,weatherbridge_detail,0.07147397742952158,,,96
6h,2021,Ocean,DJF,"mean over τ∈[2, 4]",U850,weatherbridge_detail,0.07201135488037241,,,96
6h,2021,Ocean,DJF,"mean over τ∈[2, 4]",U700,weatherbridge_detail,0.0722698261663098,,,96
6h,2021,Ocean,DJF,"mean over τ∈[2, 4]",V1000,weatherbridge_detail,0.13542863146008743,,,96
6h,2021,Ocean,DJF,"mean over τ∈[2, 4]",V925,weatherbridge_detail,0.15796438690166006,,,96
6h,2021,Ocean,DJF,"mean over τ∈[2, 4]",V850,weatherbridge_detail,0.2068422524341013,,,96
6h,2021,Ocean,DJF,"mean over τ∈[2, 4]",V700,weatherbridge_detail,0.2583507483953586,,,96
6h,2021,Ocean,DJF,"mean over τ∈[2, 4]",Q1000,weatherbridge_detail,0.024174255040268215,,,96
6h,2021,Ocean,DJF,"mean over τ∈[2, 4]",Q925,weatherbridge_detail,0.04444771367266375,,,96
6h,2021,Ocean,DJF,"mean over τ∈[2, 4]",Q850,weatherbridge_detail,0.058350276764473956,,,96
6h,2021,Ocean,DJF,"mean over τ∈[2, 4]",Q700,weatherbridge_detail,0.07641539307448364,,,96
6h,2021,Ocean,DJF,"mean over τ∈[2, 4]",Z1000,weatherbridge_detail,0.026331440770041112,,,96
6h,2021,Ocean,DJF,"mean over τ∈[2, 4]",Z925,weatherbridge_detail,0.020783197958968002,,,96
6h,2021,Ocean,DJF,"mean over τ∈[2, 4]",Z850,weatherbridge_detail,0.016136997766592054,,,96
6h,2021,Ocean,DJF,"mean over τ∈[2, 4]",Z700,weatherbridge_detail,0.010485831052812918,,,96
6h,2021,Ocean,DJF,"mean over τ∈[2, 4]",t2m,weatherbridge_detail,0.028684519636904028,,,96
6h,2021,Ocean,DJF,"mean over τ∈[2, 4]",u10,weatherbridge_detail,0.07874472298038254,,,96
6h,2021,Ocean,DJF,"mean over τ∈[2, 4]",v10,weatherbridge_detail,0.13591734545043524,,,96
6h,2021,Ocean,DJF,"mean over τ∈[2, 4]",mslp,weatherbridge_detail,0.026662121239106655,,,96
6h,2021,Ocean,MAM,"mean over τ∈[2, 4]",T1000,weatherbridge_detail,0.01994899928073794,,,96
6h,2021,Ocean,MAM,"mean over τ∈[2, 4]",T925,weatherbridge_detail,0.020496478032533016,,,96
6h,2021,Ocean,MAM,"mean over τ∈[2, 4]",T850,weatherbridge_detail,0.0212311187745552,,,96
6h,2021,Ocean,MAM,"mean over τ∈[2, 4]",T700,weatherbridge_detail,0.01862282136409477,,,96
6h,2021,Ocean,MAM,"mean over τ∈[2, 4]",U1000,weatherbridge_detail,0.07997295759709477,,,96
6h,2021,Ocean,MAM,"mean over τ∈[2, 4]",U925,weatherbridge_detail,0.07362394909314955,,,96
6h,2021,Ocean,MAM,"mean over τ∈[2, 4]",U850,weatherbridge_detail,0.07335952647927192,,,96
6h,2021,Ocean,MAM,"mean over τ∈[2, 4]",U700,weatherbridge_detail,0.07139355342577879,,,96
6h,2021,Ocean,MAM,"mean over τ∈[2, 4]",V1000,weatherbridge_detail,0.13890660608287644,,,96
6h,2021,Ocean,MAM,"mean over τ∈[2, 4]",V925,weatherbridge_detail,0.16316491017820825,,,96
6h,2021,Ocean,MAM,"mean over τ∈[2, 4]",V850,weatherbridge_detail,0.21036822548344317,,,96
6h,2021,Ocean,MAM,"mean over τ∈[2, 4]",V700,weatherbridge_detail,0.25468375718781006,,,96
6h,2021,Ocean,MAM,"mean over τ∈[2, 4]",Q1000,weatherbridge_detail,0.02763887132714321,,,96
6h,2021,Ocean,MAM,"mean over τ∈[2, 4]",Q925,weatherbridge_detail,0.04717118662672286,,,96
6h,2021,Ocean,MAM,"mean over τ∈[2, 4]",Q850,weatherbridge_detail,0.05843435217503615,,,96
6h,2021,Ocean,MAM,"mean over τ∈[2, 4]",Q700,weatherbridge_detail,0.0775518912359451,,,96
6h,2021,Ocean,MAM,"mean over τ∈[2, 4]",Z1000,weatherbridge_detail,0.026009580139900658,,,96
6h,2021,Ocean,MAM,"mean over τ∈[2, 4]",Z925,weatherbridge_detail,0.02041903002057503,,,96
6h,2021,Ocean,MAM,"mean over τ∈[2, 4]",Z850,weatherbridge_detail,0.015782049014422622,,,96
6h,2021,Ocean,MAM,"mean over τ∈[2, 4]",Z700,weatherbridge_detail,0.010211192759040656,,,96
6h,2021,Ocean,MAM,"mean over τ∈[2, 4]",t2m,weatherbridge_detail,0.03230338475531574,,,96
6h,2021,Ocean,MAM,"mean over τ∈[2, 4]",u10,weatherbridge_detail,0.08061171519567399,,,96
6h,2021,Ocean,MAM,"mean over τ∈[2, 4]",v10,weatherbridge_detail,0.13941442045897282,,,96
6h,2021,Ocean,MAM,"mean over τ∈[2, 4]",mslp,weatherbridge_detail,0.026300169417630907,,,96
6h,2021,Ocean,JJA,"mean over τ∈[2, 4]",T1000,weatherbridge_detail,0.019802975472677817,,,96
6h,2021,Ocean,JJA,"mean over τ∈[2, 4]",T925,weatherbridge_detail,0.020330263860312548,,,96
6h,2021,Ocean,JJA,"mean over τ∈[2, 4]",T850,weatherbridge_detail,0.020656706091088755,,,96
6h,2021,Ocean,JJA,"mean over τ∈[2, 4]",T700,weatherbridge_detail,0.017939233718498503,,,96
6h,2021,Ocean,JJA,"mean over τ∈[2, 4]",U1000,weatherbridge_detail,0.07951392427638239,,,96
6h,2021,Ocean,JJA,"mean over τ∈[2, 4]",U925,weatherbridge_detail,0.07361284713576206,,,96
6h,2021,Ocean,JJA,"mean over τ∈[2, 4]",U850,weatherbridge_detail,0.07229712123833767,,,96
6h,2021,Ocean,JJA,"mean over τ∈[2, 4]",U700,weatherbridge_detail,0.06871833155643231,,,96
6h,2021,Ocean,JJA,"mean over τ∈[2, 4]",V1000,weatherbridge_detail,0.137044878039559,,,96
6h,2021,Ocean,JJA,"mean over τ∈[2, 4]",V925,weatherbridge_detail,0.16198193625777527,,,96
6h,2021,Ocean,JJA,"mean over τ∈[2, 4]",V850,weatherbridge_detail,0.20738066271641692,,,96
6h,2021,Ocean,JJA,"mean over τ∈[2, 4]",V700,weatherbridge_detail,0.2457297115479405,,,96
6h,2021,Ocean,JJA,"mean over τ∈[2, 4]",Q1000,weatherbridge_detail,0.03223265409093163,,,96
6h,2021,Ocean,JJA,"mean over τ∈[2, 4]",Q925,weatherbridge_detail,0.048436614870949204,,,96
6h,2021,Ocean,JJA,"mean over τ∈[2, 4]",Q850,weatherbridge_detail,0.06306588455140506,,,96
6h,2021,Ocean,JJA,"mean over τ∈[2, 4]",Q700,weatherbridge_detail,0.08372577375788512,,,96
6h,2021,Ocean,JJA,"mean over τ∈[2, 4]",Z1000,weatherbridge_detail,0.02544433897633395,,,96
6h,2021,Ocean,JJA,"mean over τ∈[2, 4]",Z925,weatherbridge_detail,0.02001982338028788,,,96
6h,2021,Ocean,JJA,"mean over τ∈[2, 4]",Z850,weatherbridge_detail,0.015499686199445275,,,96
6h,2021,Ocean,JJA,"mean over τ∈[2, 4]",Z700,weatherbridge_detail,0.009991093071811102,,,96
6h,2021,Ocean,JJA,"mean over τ∈[2, 4]",t2m,weatherbridge_detail,0.032273242853608754,,,96
6h,2021,Ocean,JJA,"mean over τ∈[2, 4]",u10,weatherbridge_detail,0.08073471717842785,,,96
6h,2021,Ocean,JJA,"mean over τ∈[2, 4]",v10,weatherbridge_detail,0.13865513956638134,,,96
6h,2021,Ocean,JJA,"mean over τ∈[2, 4]",mslp,weatherbridge_detail,0.025612148078562026,,,96
6h,2021,Ocean,SON,"mean over τ∈[2, 4]",T1000,weatherbridge_detail,0.01787840807259642,,,96
6h,2021,Ocean,SON,"mean over τ∈[2, 4]",T925,weatherbridge_detail,0.018809559066924525,,,96
6h,2021,Ocean,SON,"mean over τ∈[2, 4]",T850,weatherbridge_detail,0.020956477367549006,,,96
6h,2021,Ocean,SON,"mean over τ∈[2, 4]",T700,weatherbridge_detail,0.018084955293340935,,,96
6h,2021,Ocean,SON,"mean over τ∈[2, 4]",U1000,weatherbridge_detail,0.07637823430124553,,,96
6h,2021,Ocean,SON,"mean over τ∈[2, 4]",U925,weatherbridge_detail,0.07019797343336724,,,96
6h,2021,Ocean,SON,"mean over τ∈[2, 4]",U850,weatherbridge_detail,0.07047353597905162,,,96
6h,2021,Ocean,SON,"mean over τ∈[2, 4]",U700,weatherbridge_detail,0.06834764578647086,,,96
6h,2021,Ocean,SON,"mean over τ∈[2, 4]",V1000,weatherbridge_detail,0.13214991722262553,,,96
6h,2021,Ocean,SON,"mean over τ∈[2, 4]",V925,weatherbridge_detail,0.15565619274793122,,,96
6h,2021,Ocean,SON,"mean over τ∈[2, 4]",V850,weatherbridge_detail,0.20217701163647425,,,96
6h,2021,Ocean,SON,"mean over τ∈[2, 4]",V700,weatherbridge_detail,0.24430207810845275,,,96
6h,2021,Ocean,SON,"mean over τ∈[2, 4]",Q1000,weatherbridge_detail,0.026984030973540147,,,96
6h,2021,Ocean,SON,"mean over τ∈[2, 4]",Q925,weatherbridge_detail,0.045873124477614484,,,96
6h,2021,Ocean,SON,"mean over τ∈[2, 4]",Q850,weatherbridge_detail,0.06063225669478196,,,96
6h,2021,Ocean,SON,"mean over τ∈[2, 4]",Q700,weatherbridge_detail,0.0785643982027643,,,96
6h,2021,Ocean,SON,"mean over τ∈[2, 4]",Z1000,weatherbridge_detail,0.02599450288106194,,,96
6h,2021,Ocean,SON,"mean over τ∈[2, 4]",Z925,weatherbridge_detail,0.02058219782994516,,,96
6h,2021,Ocean,SON,"mean over τ∈[2, 4]",Z850,weatherbridge_detail,0.015984866628144734,,,96
6h,2021,Ocean,SON,"mean over τ∈[2, 4]",Z700,weatherbridge_detail,0.010367438358327596,,,96
6h,2021,Ocean,SON,"mean over τ∈[2, 4]",t2m,weatherbridge_detail,0.0297321760229386,,,96
6h,2021,Ocean,SON,"mean over τ∈[2, 4]",u10,weatherbridge_detail,0.07720976255887656,,,96
6h,2021,Ocean,SON,"mean over τ∈[2, 4]",v10,weatherbridge_detail,0.1331078081366789,,,96
6h,2021,Ocean,SON,"mean over τ∈[2, 4]",mslp,weatherbridge_detail,0.02618854950917592,,,96
6h,2021,Tropics,DJF,"mean over τ∈[2, 4]",T1000,weatherdcae_14m_6yr,0.01815553955079713,,,96
6h,2021,Tropics,DJF,"mean over τ∈[2, 4]",T925,weatherdcae_14m_6yr,0.018459022765371185,,,96
6h,2021,Tropics,DJF,"mean over τ∈[2, 4]",T850,weatherdcae_14m_6yr,0.02128939934190041,,,96
6h,2021,Tropics,DJF,"mean over τ∈[2, 4]",T700,weatherdcae_14m_6yr,0.016364171009835355,,,96
6h,2021,Tropics,DJF,"mean over τ∈[2, 4]",U1000,weatherdcae_14m_6yr,0.0683620848288899,,,96
6h,2021,Tropics,DJF,"mean over τ∈[2, 4]",U925,weatherdcae_14m_6yr,0.06537596712924479,,,96
6h,2021,Tropics,DJF,"mean over τ∈[2, 4]",U850,weatherdcae_14m_6yr,0.0669418339424504,,,96
6h,2021,Tropics,DJF,"mean over τ∈[2, 4]",U700,weatherdcae_14m_6yr,0.05784432597993535,,,96
6h,2021,Tropics,DJF,"mean over τ∈[2, 4]",V1000,weatherdcae_14m_6yr,0.11646487665806325,,,96
6h,2021,Tropics,DJF,"mean over τ∈[2, 4]",V925,weatherdcae_14m_6yr,0.13581405314287856,,,96
6h,2021,Tropics,DJF,"mean over τ∈[2, 4]",V850,weatherdcae_14m_6yr,0.17964917493136806,,,96
6h,2021,Tropics,DJF,"mean over τ∈[2, 4]",V700,weatherdcae_14m_6yr,0.19671018280037378,,,96
6h,2021,Tropics,DJF,"mean over τ∈[2, 4]",Q1000,weatherdcae_14m_6yr,0.03588327376835977,,,96
6h,2021,Tropics,DJF,"mean over τ∈[2, 4]",Q925,weatherdcae_14m_6yr,0.06943800544407386,,,96
6h,2021,Tropics,DJF,"mean over τ∈[2, 4]",Q850,weatherdcae_14m_6yr,0.09730642507102684,,,96
6h,2021,Tropics,DJF,"mean over τ∈[2, 4]",Q700,weatherdcae_14m_6yr,0.10587808531288422,,,96
6h,2021,Tropics,DJF,"mean over τ∈[2, 4]",Z1000,weatherdcae_14m_6yr,0.022756928131667423,,,96
6h,2021,Tropics,DJF,"mean over τ∈[2, 4]",Z925,weatherdcae_14m_6yr,0.01818076393471503,,,96
6h,2021,Tropics,DJF,"mean over τ∈[2, 4]",Z850,weatherdcae_14m_6yr,0.014205536100984212,,,96
6h,2021,Tropics,DJF,"mean over τ∈[2, 4]",Z700,weatherdcae_14m_6yr,0.009297825453476679,,,96
6h,2021,Tropics,DJF,"mean over τ∈[2, 4]",t2m,weatherdcae_14m_6yr,0.027356487442947802,,,96
6h,2021,Tropics,DJF,"mean over τ∈[2, 4]",u10,weatherdcae_14m_6yr,0.06972558881571109,,,96
6h,2021,Tropics,DJF,"mean over τ∈[2, 4]",v10,weatherdcae_14m_6yr,0.12108846978659288,,,96
6h,2021,Tropics,DJF,"mean over τ∈[2, 4]",mslp,weatherdcae_14m_6yr,0.021900390598930168,,,96
6h,2021,Tropics,MAM,"mean over τ∈[2, 4]",T1000,weatherdcae_14m_6yr,0.018670466742322277,,,96
6h,2021,Tropics,MAM,"mean over τ∈[2, 4]",T925,weatherdcae_14m_6yr,0.019006360835686072,,,96
6h,2021,Tropics,MAM,"mean over τ∈[2, 4]",T850,weatherdcae_14m_6yr,0.01996116448397651,,,96
6h,2021,Tropics,MAM,"mean over τ∈[2, 4]",T700,weatherdcae_14m_6yr,0.016171296924224827,,,96
6h,2021,Tropics,MAM,"mean over τ∈[2, 4]",U1000,weatherdcae_14m_6yr,0.06752266974304898,,,96
6h,2021,Tropics,MAM,"mean over τ∈[2, 4]",U925,weatherdcae_14m_6yr,0.06470917960897372,,,96
6h,2021,Tropics,MAM,"mean over τ∈[2, 4]",U850,weatherdcae_14m_6yr,0.06411128759488798,,,96
6h,2021,Tropics,MAM,"mean over τ∈[2, 4]",U700,weatherdcae_14m_6yr,0.05828393525326108,,,96
6h,2021,Tropics,MAM,"mean over τ∈[2, 4]",V1000,weatherdcae_14m_6yr,0.11562369554364835,,,96
6h,2021,Tropics,MAM,"mean over τ∈[2, 4]",V925,weatherdcae_14m_6yr,0.13628479492204712,,,96
6h,2021,Tropics,MAM,"mean over τ∈[2, 4]",V850,weatherdcae_14m_6yr,0.17310106577858778,,,96
6h,2021,Tropics,MAM,"mean over τ∈[2, 4]",V700,weatherdcae_14m_6yr,0.19501783261071146,,,96
6h,2021,Tropics,MAM,"mean over τ∈[2, 4]",Q1000,weatherdcae_14m_6yr,0.03690703524243188,,,96
6h,2021,Tropics,MAM,"mean over τ∈[2, 4]",Q925,weatherdcae_14m_6yr,0.07063579865985585,,,96
6h,2021,Tropics,MAM,"mean over τ∈[2, 4]",Q850,weatherdcae_14m_6yr,0.08992982616756623,,,96
6h,2021,Tropics,MAM,"mean over τ∈[2, 4]",Q700,weatherdcae_14m_6yr,0.10633195222952029,,,96
6h,2021,Tropics,MAM,"mean over τ∈[2, 4]",Z1000,weatherdcae_14m_6yr,0.02275155007562067,,,96
6h,2021,Tropics,MAM,"mean over τ∈[2, 4]",Z925,weatherdcae_14m_6yr,0.018195501345126985,,,96
6h,2021,Tropics,MAM,"mean over τ∈[2, 4]",Z850,weatherdcae_14m_6yr,0.014167018118985358,,,96
6h,2021,Tropics,MAM,"mean over τ∈[2, 4]",Z700,weatherdcae_14m_6yr,0.009290155708475618,,,96
6h,2021,Tropics,MAM,"mean over τ∈[2, 4]",t2m,weatherdcae_14m_6yr,0.02718178425569943,,,96
6h,2021,Tropics,MAM,"mean over τ∈[2, 4]",u10,weatherdcae_14m_6yr,0.06931907726970798,,,96
6h,2021,Tropics,MAM,"mean over τ∈[2, 4]",v10,weatherdcae_14m_6yr,0.12110229014717477,,,96
6h,2021,Tropics,MAM,"mean over τ∈[2, 4]",mslp,weatherdcae_14m_6yr,0.021799651038046656,,,96
6h,2021,Tropics,JJA,"mean over τ∈[2, 4]",T1000,weatherdcae_14m_6yr,0.018155381710339036,,,96
6h,2021,Tropics,JJA,"mean over τ∈[2, 4]",T925,weatherdcae_14m_6yr,0.018495452936019185,,,96
6h,2021,Tropics,JJA,"mean over τ∈[2, 4]",T850,weatherdcae_14m_6yr,0.020896516073760685,,,96
6h,2021,Tropics,JJA,"mean over τ∈[2, 4]",T700,weatherdcae_14m_6yr,0.01704690521078599,,,96
6h,2021,Tropics,JJA,"mean over τ∈[2, 4]",U1000,weatherdcae_14m_6yr,0.06944380998062917,,,96
6h,2021,Tropics,JJA,"mean over τ∈[2, 4]",U925,weatherdcae_14m_6yr,0.06679676798023933,,,96
6h,2021,Tropics,JJA,"mean over τ∈[2, 4]",U850,weatherdcae_14m_6yr,0.06772152508025818,,,96
6h,2021,Tropics,JJA,"mean over τ∈[2, 4]",U700,weatherdcae_14m_6yr,0.06065708280847312,,,96
6h,2021,Tropics,JJA,"mean over τ∈[2, 4]",V1000,weatherdcae_14m_6yr,0.11727526266767008,,,96
6h,2021,Tropics,JJA,"mean over τ∈[2, 4]",V925,weatherdcae_14m_6yr,0.13834677516181318,,,96
6h,2021,Tropics,JJA,"mean over τ∈[2, 4]",V850,weatherdcae_14m_6yr,0.18051551595051182,,,96
6h,2021,Tropics,JJA,"mean over τ∈[2, 4]",V700,weatherdcae_14m_6yr,0.20146972874454147,,,96
6h,2021,Tropics,JJA,"mean over τ∈[2, 4]",Q1000,weatherdcae_14m_6yr,0.0350452587835604,,,96
6h,2021,Tropics,JJA,"mean over τ∈[2, 4]",Q925,weatherdcae_14m_6yr,0.06744700403940243,,,96
6h,2021,Tropics,JJA,"mean over τ∈[2, 4]",Q850,weatherdcae_14m_6yr,0.09559865658428882,,,96
6h,2021,Tropics,JJA,"mean over τ∈[2, 4]",Q700,weatherdcae_14m_6yr,0.10517272832810139,,,96
6h,2021,Tropics,JJA,"mean over τ∈[2, 4]",Z1000,weatherdcae_14m_6yr,0.022106092058995996,,,96
6h,2021,Tropics,JJA,"mean over τ∈[2, 4]",Z925,weatherdcae_14m_6yr,0.017676748614871864,,,96
6h,2021,Tropics,JJA,"mean over τ∈[2, 4]",Z850,weatherdcae_14m_6yr,0.013832164399026906,,,96
6h,2021,Tropics,JJA,"mean over τ∈[2, 4]",Z700,weatherdcae_14m_6yr,0.009065552919664247,,,96
6h,2021,Tropics,JJA,"mean over τ∈[2, 4]",t2m,weatherdcae_14m_6yr,0.024948815306670903,,,96
6h,2021,Tropics,JJA,"mean over τ∈[2, 4]",u10,weatherdcae_14m_6yr,0.07036879736663888,,,96
6h,2021,Tropics,JJA,"mean over τ∈[2, 4]",v10,weatherdcae_14m_6yr,0.12061837515969095,,,96
6h,2021,Tropics,JJA,"mean over τ∈[2, 4]",mslp,weatherdcae_14m_6yr,0.021360077756088607,,,96
6h,2021,Tropics,SON,"mean over τ∈[2, 4]",T1000,weatherdcae_14m_6yr,0.018739980666414975,,,96
6h,2021,Tropics,SON,"mean over τ∈[2, 4]",T925,weatherdcae_14m_6yr,0.019322059387055175,,,96
6h,2021,Tropics,SON,"mean over τ∈[2, 4]",T850,weatherdcae_14m_6yr,0.021925272565505877,,,96
6h,2021,Tropics,SON,"mean over τ∈[2, 4]",T700,weatherdcae_14m_6yr,0.01590034625865072,,,96
6h,2021,Tropics,SON,"mean over τ∈[2, 4]",U1000,weatherdcae_14m_6yr,0.06812081358989559,,,96
6h,2021,Tropics,SON,"mean over τ∈[2, 4]",U925,weatherdcae_14m_6yr,0.06526525644731121,,,96
6h,2021,Tropics,SON,"mean over τ∈[2, 4]",U850,weatherdcae_14m_6yr,0.0673438752057669,,,96
6h,2021,Tropics,SON,"mean over τ∈[2, 4]",U700,weatherdcae_14m_6yr,0.057712628032547175,,,96
6h,2021,Tropics,SON,"mean over τ∈[2, 4]",V1000,weatherdcae_14m_6yr,0.1161631446572166,,,96
6h,2021,Tropics,SON,"mean over τ∈[2, 4]",V925,weatherdcae_14m_6yr,0.1366706667443439,,,96
6h,2021,Tropics,SON,"mean over τ∈[2, 4]",V850,weatherdcae_14m_6yr,0.17993349987054605,,,96
6h,2021,Tropics,SON,"mean over τ∈[2, 4]",V700,weatherdcae_14m_6yr,0.19517233503071482,,,96
6h,2021,Tropics,SON,"mean over τ∈[2, 4]",Q1000,weatherdcae_14m_6yr,0.037838935952200566,,,96
6h,2021,Tropics,SON,"mean over τ∈[2, 4]",Q925,weatherdcae_14m_6yr,0.07017383897665772,,,96
6h,2021,Tropics,SON,"mean over τ∈[2, 4]",Q850,weatherdcae_14m_6yr,0.0972029357582432,,,96
6h,2021,Tropics,SON,"mean over τ∈[2, 4]",Q700,weatherdcae_14m_6yr,0.10415018790753358,,,96
6h,2021,Tropics,SON,"mean over τ∈[2, 4]",Z1000,weatherdcae_14m_6yr,0.02318856939228109,,,96
6h,2021,Tropics,SON,"mean over τ∈[2, 4]",Z925,weatherdcae_14m_6yr,0.018559536275350865,,,96
6h,2021,Tropics,SON,"mean over τ∈[2, 4]",Z850,weatherdcae_14m_6yr,0.014543906050736822,,,96
6h,2021,Tropics,SON,"mean over τ∈[2, 4]",Z700,weatherdcae_14m_6yr,0.009582962705975681,,,96
6h,2021,Tropics,SON,"mean over τ∈[2, 4]",t2m,weatherdcae_14m_6yr,0.026740441733107894,,,96
6h,2021,Tropics,SON,"mean over τ∈[2, 4]",u10,weatherdcae_14m_6yr,0.0697672649237103,,,96
6h,2021,Tropics,SON,"mean over τ∈[2, 4]",v10,weatherdcae_14m_6yr,0.12134829220907531,,,96
6h,2021,Tropics,SON,"mean over τ∈[2, 4]",mslp,weatherdcae_14m_6yr,0.02231013843802432,,,96
6h,2021,N-Extra,DJF,"mean over τ∈[2, 4]",T1000,weatherdcae_14m_6yr,0.02415711552501542,,,96
6h,2021,N-Extra,DJF,"mean over τ∈[2, 4]",T925,weatherdcae_14m_6yr,0.026415727218015286,,,96
6h,2021,N-Extra,DJF,"mean over τ∈[2, 4]",T850,weatherdcae_14m_6yr,0.030045109204181356,,,96
6h,2021,N-Extra,DJF,"mean over τ∈[2, 4]",T700,weatherdcae_14m_6yr,0.029813182835591763,,,96
6h,2021,N-Extra,DJF,"mean over τ∈[2, 4]",U1000,weatherdcae_14m_6yr,0.10948369998167135,,,96
6h,2021,N-Extra,DJF,"mean over τ∈[2, 4]",U925,weatherdcae_14m_6yr,0.10479900160352945,,,96
6h,2021,N-Extra,DJF,"mean over τ∈[2, 4]",U850,weatherdcae_14m_6yr,0.11202861670172695,,,96
6h,2021,N-Extra,DJF,"mean over τ∈[2, 4]",U700,weatherdcae_14m_6yr,0.109689856404343,,,96
6h,2021,N-Extra,DJF,"mean over τ∈[2, 4]",V1000,weatherdcae_14m_6yr,0.19074676201899335,,,96
6h,2021,N-Extra,DJF,"mean over τ∈[2, 4]",V925,weatherdcae_14m_6yr,0.23209274277701897,,,96
6h,2021,N-Extra,DJF,"mean over τ∈[2, 4]",V850,weatherdcae_14m_6yr,0.2991799328129748,,,96
6h,2021,N-Extra,DJF,"mean over τ∈[2, 4]",V700,weatherdcae_14m_6yr,0.3500260139461229,,,96
6h,2021,N-Extra,DJF,"mean over τ∈[2, 4]",Q1000,weatherdcae_14m_6yr,0.028539279946802946,,,96
6h,2021,N-Extra,DJF,"mean over τ∈[2, 4]",Q925,weatherdcae_14m_6yr,0.049804946845269954,,,96
6h,2021,N-Extra,DJF,"mean over τ∈[2, 4]",Q850,weatherdcae_14m_6yr,0.08033592576346994,,,96
6h,2021,N-Extra,DJF,"mean over τ∈[2, 4]",Q700,weatherdcae_14m_6yr,0.10622862745509624,,,96
6h,2021,N-Extra,DJF,"mean over τ∈[2, 4]",Z1000,weatherdcae_14m_6yr,0.02923156366511261,,,96
6h,2021,N-Extra,DJF,"mean over τ∈[2, 4]",Z925,weatherdcae_14m_6yr,0.022244087589658647,,,96
6h,2021,N-Extra,DJF,"mean over τ∈[2, 4]",Z850,weatherdcae_14m_6yr,0.016909716000845506,,,96
6h,2021,N-Extra,DJF,"mean over τ∈[2, 4]",Z700,weatherdcae_14m_6yr,0.010684026061209434,,,96
6h,2021,N-Extra,DJF,"mean over τ∈[2, 4]",t2m,weatherdcae_14m_6yr,0.04606254896179461,,,96
6h,2021,N-Extra,DJF,"mean over τ∈[2, 4]",u10,weatherdcae_14m_6yr,0.10913732302062121,,,96
6h,2021,N-Extra,DJF,"mean over τ∈[2, 4]",v10,weatherdcae_14m_6yr,0.1856557197424977,,,96
6h,2021,N-Extra,DJF,"mean over τ∈[2, 4]",mslp,weatherdcae_14m_6yr,0.03130851563548402,,,96
6h,2021,N-Extra,MAM,"mean over τ∈[2, 4]",T1000,weatherdcae_14m_6yr,0.02742155482780852,,,96
6h,2021,N-Extra,MAM,"mean over τ∈[2, 4]",T925,weatherdcae_14m_6yr,0.028142136254858646,,,96
6h,2021,N-Extra,MAM,"mean over τ∈[2, 4]",T850,weatherdcae_14m_6yr,0.028643949166994698,,,96
6h,2021,N-Extra,MAM,"mean over τ∈[2, 4]",T700,weatherdcae_14m_6yr,0.026341828740800714,,,96
6h,2021,N-Extra,MAM,"mean over τ∈[2, 4]",U1000,weatherdcae_14m_6yr,0.10788474734061229,,,96
6h,2021,N-Extra,MAM,"mean over τ∈[2, 4]",U925,weatherdcae_14m_6yr,0.10375108719978063,,,96
6h,2021,N-Extra,MAM,"mean over τ∈[2, 4]",U850,weatherdcae_14m_6yr,0.10866148959091916,,,96
6h,2021,N-Extra,MAM,"mean over τ∈[2, 4]",U700,weatherdcae_14m_6yr,0.10037440165113222,,,96
6h,2021,N-Extra,MAM,"mean over τ∈[2, 4]",V1000,weatherdcae_14m_6yr,0.1903381433793258,,,96
6h,2021,N-Extra,MAM,"mean over τ∈[2, 4]",V925,weatherdcae_14m_6yr,0.23073625227641367,,,96
6h,2021,N-Extra,MAM,"mean over τ∈[2, 4]",V850,weatherdcae_14m_6yr,0.29275724710538265,,,96
6h,2021,N-Extra,MAM,"mean over τ∈[2, 4]",V700,weatherdcae_14m_6yr,0.32961708592045774,,,96
6h,2021,N-Extra,MAM,"mean over τ∈[2, 4]",Q1000,weatherdcae_14m_6yr,0.03623746654713905,,,96
6h,2021,N-Extra,MAM,"mean over τ∈[2, 4]",Q925,weatherdcae_14m_6yr,0.05774791466468411,,,96
6h,2021,N-Extra,MAM,"mean over τ∈[2, 4]",Q850,weatherdcae_14m_6yr,0.08234962743890213,,,96
6h,2021,N-Extra,MAM,"mean over τ∈[2, 4]",Q700,weatherdcae_14m_6yr,0.11003894722578385,,,96
6h,2021,N-Extra,MAM,"mean over τ∈[2, 4]",Z1000,weatherdcae_14m_6yr,0.026997908508158724,,,96
6h,2021,N-Extra,MAM,"mean over τ∈[2, 4]",Z925,weatherdcae_14m_6yr,0.02046804882172974,,,96
6h,2021,N-Extra,MAM,"mean over τ∈[2, 4]",Z850,weatherdcae_14m_6yr,0.015409556218746805,,,96
6h,2021,N-Extra,MAM,"mean over τ∈[2, 4]",Z700,weatherdcae_14m_6yr,0.00962769210499907,,,96
6h,2021,N-Extra,MAM,"mean over τ∈[2, 4]",t2m,weatherdcae_14m_6yr,0.05443614552113595,,,96
6h,2021,N-Extra,MAM,"mean over τ∈[2, 4]",u10,weatherdcae_14m_6yr,0.10677783307579218,,,96
6h,2021,N-Extra,MAM,"mean over τ∈[2, 4]",v10,weatherdcae_14m_6yr,0.1849192247179341,,,96
6h,2021,N-Extra,MAM,"mean over τ∈[2, 4]",mslp,weatherdcae_14m_6yr,0.027897111365205528,,,96
6h,2021,N-Extra,JJA,"mean over τ∈[2, 4]",T1000,weatherdcae_14m_6yr,0.025103803496189753,,,96
6h,2021,N-Extra,JJA,"mean over τ∈[2, 4]",T925,weatherdcae_14m_6yr,0.027116133975721185,,,96
6h,2021,N-Extra,JJA,"mean over τ∈[2, 4]",T850,weatherdcae_14m_6yr,0.02429518080176355,,,96
6h,2021,N-Extra,JJA,"mean over τ∈[2, 4]",T700,weatherdcae_14m_6yr,0.021742808009583867,,,96
6h,2021,N-Extra,JJA,"mean over τ∈[2, 4]",U1000,weatherdcae_14m_6yr,0.09990929269033863,,,96
6h,2021,N-Extra,JJA,"mean over τ∈[2, 4]",U925,weatherdcae_14m_6yr,0.09524451103348329,,,96
6h,2021,N-Extra,JJA,"mean over τ∈[2, 4]",U850,weatherdcae_14m_6yr,0.09531521061703192,,,96
6h,2021,N-Extra,JJA,"mean over τ∈[2, 4]",U700,weatherdcae_14m_6yr,0.08446442529740186,,,96
6h,2021,N-Extra,JJA,"mean over τ∈[2, 4]",V1000,weatherdcae_14m_6yr,0.17154979249604702,,,96
6h,2021,N-Extra,JJA,"mean over τ∈[2, 4]",V925,weatherdcae_14m_6yr,0.2081931037754537,,,96
6h,2021,N-Extra,JJA,"mean over τ∈[2, 4]",V850,weatherdcae_14m_6yr,0.26035847875583285,,,96
6h,2021,N-Extra,JJA,"mean over τ∈[2, 4]",V700,weatherdcae_14m_6yr,0.2855924759950587,,,96
6h,2021,N-Extra,JJA,"mean over τ∈[2, 4]",Q1000,weatherdcae_14m_6yr,0.048086585044463136,,,96
6h,2021,N-Extra,JJA,"mean over τ∈[2, 4]",Q925,weatherdcae_14m_6yr,0.07293750674320501,,,96
6h,2021,N-Extra,JJA,"mean over τ∈[2, 4]",Q850,weatherdcae_14m_6yr,0.09762349684634834,,,96
6h,2021,N-Extra,JJA,"mean over τ∈[2, 4]",Q700,weatherdcae_14m_6yr,0.13574032766511152,,,96
6h,2021,N-Extra,JJA,"mean over τ∈[2, 4]",Z1000,weatherdcae_14m_6yr,0.0244931229163251,,,96
6h,2021,N-Extra,JJA,"mean over τ∈[2, 4]",Z925,weatherdcae_14m_6yr,0.0189634178960549,,,96
6h,2021,N-Extra,JJA,"mean over τ∈[2, 4]",Z850,weatherdcae_14m_6yr,0.014403178681505337,,,96
6h,2021,N-Extra,JJA,"mean over τ∈[2, 4]",Z700,weatherdcae_14m_6yr,0.008912720620682333,,,96
6h,2021,N-Extra,JJA,"mean over τ∈[2, 4]",t2m,weatherdcae_14m_6yr,0.05476395836021846,,,96
6h,2021,N-Extra,JJA,"mean over τ∈[2, 4]",u10,weatherdcae_14m_6yr,0.10080291853806979,,,96
6h,2021,N-Extra,JJA,"mean over τ∈[2, 4]",v10,weatherdcae_14m_6yr,0.17330865859297012,,,96
6h,2021,N-Extra,JJA,"mean over τ∈[2, 4]",mslp,weatherdcae_14m_6yr,0.024034066249696315,,,96
6h,2021,N-Extra,SON,"mean over τ∈[2, 4]",T1000,weatherdcae_14m_6yr,0.022665040128980705,,,96
6h,2021,N-Extra,SON,"mean over τ∈[2, 4]",T925,weatherdcae_14m_6yr,0.023943065137403186,,,96
6h,2021,N-Extra,SON,"mean over τ∈[2, 4]",T850,weatherdcae_14m_6yr,0.026562177279245407,,,96
6h,2021,N-Extra,SON,"mean over τ∈[2, 4]",T700,weatherdcae_14m_6yr,0.024862549904445433,,,96
6h,2021,N-Extra,SON,"mean over τ∈[2, 4]",U1000,weatherdcae_14m_6yr,0.09841373334837461,,,96
6h,2021,N-Extra,SON,"mean over τ∈[2, 4]",U925,weatherdcae_14m_6yr,0.09318936986480901,,,96
6h,2021,N-Extra,SON,"mean over τ∈[2, 4]",U850,weatherdcae_14m_6yr,0.09827182259323419,,,96
6h,2021,N-Extra,SON,"mean over τ∈[2, 4]",U700,weatherdcae_14m_6yr,0.09035319306500414,,,96
6h,2021,N-Extra,SON,"mean over τ∈[2, 4]",V1000,weatherdcae_14m_6yr,0.16916826454024164,,,96
6h,2021,N-Extra,SON,"mean over τ∈[2, 4]",V925,weatherdcae_14m_6yr,0.20650296804629348,,,96
6h,2021,N-Extra,SON,"mean over τ∈[2, 4]",V850,weatherdcae_14m_6yr,0.26468424156032483,,,96
6h,2021,N-Extra,SON,"mean over τ∈[2, 4]",V700,weatherdcae_14m_6yr,0.29327294041537205,,,96
6h,2021,N-Extra,SON,"mean over τ∈[2, 4]",Q1000,weatherdcae_14m_6yr,0.035797093708284586,,,96
6h,2021,N-Extra,SON,"mean over τ∈[2, 4]",Q925,weatherdcae_14m_6yr,0.062273969190072685,,,96
6h,2021,N-Extra,SON,"mean over τ∈[2, 4]",Q850,weatherdcae_14m_6yr,0.09220426933498077,,,96
6h,2021,N-Extra,SON,"mean over τ∈[2, 4]",Q700,weatherdcae_14m_6yr,0.12369729471154875,,,96
6h,2021,N-Extra,SON,"mean over τ∈[2, 4]",Z1000,weatherdcae_14m_6yr,0.025689524083266746,,,96
6h,2021,N-Extra,SON,"mean over τ∈[2, 4]",Z925,weatherdcae_14m_6yr,0.019935131264993616,,,96
6h,2021,N-Extra,SON,"mean over τ∈[2, 4]",Z850,weatherdcae_14m_6yr,0.015216663769054022,,,96
6h,2021,N-Extra,SON,"mean over τ∈[2, 4]",Z700,weatherdcae_14m_6yr,0.009460296056004945,,,96
6h,2021,N-Extra,SON,"mean over τ∈[2, 4]",t2m,weatherdcae_14m_6yr,0.050021389879934305,,,96
6h,2021,N-Extra,SON,"mean over τ∈[2, 4]",u10,weatherdcae_14m_6yr,0.09869244578829921,,,96
6h,2021,N-Extra,SON,"mean over τ∈[2, 4]",v10,weatherdcae_14m_6yr,0.1690931882914856,,,96
6h,2021,N-Extra,SON,"mean over τ∈[2, 4]",mslp,weatherdcae_14m_6yr,0.02625110236502623,,,96
6h,2021,S-Extra,DJF,"mean over τ∈[2, 4]",T1000,weatherdcae_14m_6yr,0.01651901531855628,,,96
6h,2021,S-Extra,DJF,"mean over τ∈[2, 4]",T925,weatherdcae_14m_6yr,0.023815336608113025,,,96
6h,2021,S-Extra,DJF,"mean over τ∈[2, 4]",T850,weatherdcae_14m_6yr,0.030192967035355088,,,96
6h,2021,S-Extra,DJF,"mean over τ∈[2, 4]",T700,weatherdcae_14m_6yr,0.026307763360026253,,,96
6h,2021,S-Extra,DJF,"mean over τ∈[2, 4]",U1000,weatherdcae_14m_6yr,0.08358584653093941,,,96
6h,2021,S-Extra,DJF,"mean over τ∈[2, 4]",U925,weatherdcae_14m_6yr,0.0824566544911379,,,96
6h,2021,S-Extra,DJF,"mean over τ∈[2, 4]",U850,weatherdcae_14m_6yr,0.08613651293410929,,,96
6h,2021,S-Extra,DJF,"mean over τ∈[2, 4]",U700,weatherdcae_14m_6yr,0.07742754680713243,,,96
6h,2021,S-Extra,DJF,"mean over τ∈[2, 4]",V1000,weatherdcae_14m_6yr,0.14698361576920485,,,96
6h,2021,S-Extra,DJF,"mean over τ∈[2, 4]",V925,weatherdcae_14m_6yr,0.18571565181867108,,,96
6h,2021,S-Extra,DJF,"mean over τ∈[2, 4]",V850,weatherdcae_14m_6yr,0.23266810234110757,,,96
6h,2021,S-Extra,DJF,"mean over τ∈[2, 4]",V700,weatherdcae_14m_6yr,0.25449148247778025,,,96
6h,2021,S-Extra,DJF,"mean over τ∈[2, 4]",Q1000,weatherdcae_14m_6yr,0.029305888784840247,,,96
6h,2021,S-Extra,DJF,"mean over τ∈[2, 4]",Q925,weatherdcae_14m_6yr,0.0629034088168038,,,96
6h,2021,S-Extra,DJF,"mean over τ∈[2, 4]",Q850,weatherdcae_14m_6yr,0.1054925217097986,,,96
6h,2021,S-Extra,DJF,"mean over τ∈[2, 4]",Q700,weatherdcae_14m_6yr,0.14018086108269232,,,96
6h,2021,S-Extra,DJF,"mean over τ∈[2, 4]",Z1000,weatherdcae_14m_6yr,0.020804571428960295,,,96
6h,2021,S-Extra,DJF,"mean over τ∈[2, 4]",Z925,weatherdcae_14m_6yr,0.01655107823467719,,,96
6h,2021,S-Extra,DJF,"mean over τ∈[2, 4]",Z850,weatherdcae_14m_6yr,0.013097940771909103,,,96
6h,2021,S-Extra,DJF,"mean over τ∈[2, 4]",Z700,weatherdcae_14m_6yr,0.009029103565752195,,,96
6h,2021,S-Extra,DJF,"mean over τ∈[2, 4]",t2m,weatherdcae_14m_6yr,0.017083490243872627,,,96
6h,2021,S-Extra,DJF,"mean over τ∈[2, 4]",u10,weatherdcae_14m_6yr,0.08265492507601352,,,96
6h,2021,S-Extra,DJF,"mean over τ∈[2, 4]",v10,weatherdcae_14m_6yr,0.1442803225558985,,,96
6h,2021,S-Extra,DJF,"mean over τ∈[2, 4]",mslp,weatherdcae_14m_6yr,0.0207423206999461,,,96
6h,2021,S-Extra,MAM,"mean over τ∈[2, 4]",T1000,weatherdcae_14m_6yr,0.01669345349457137,,,96
6h,2021,S-Extra,MAM,"mean over τ∈[2, 4]",T925,weatherdcae_14m_6yr,0.022212413863770496,,,96
6h,2021,S-Extra,MAM,"mean over τ∈[2, 4]",T850,weatherdcae_14m_6yr,0.030897364923776118,,,96
6h,2021,S-Extra,MAM,"mean over τ∈[2, 4]",T700,weatherdcae_14m_6yr,0.027909726146305575,,,96
6h,2021,S-Extra,MAM,"mean over τ∈[2, 4]",U1000,weatherdcae_14m_6yr,0.09276633554388101,,,96
6h,2021,S-Extra,MAM,"mean over τ∈[2, 4]",U925,weatherdcae_14m_6yr,0.08920547577499335,,,96
6h,2021,S-Extra,MAM,"mean over τ∈[2, 4]",U850,weatherdcae_14m_6yr,0.0947574011940053,,,96
6h,2021,S-Extra,MAM,"mean over τ∈[2, 4]",U700,weatherdcae_14m_6yr,0.08631768994694505,,,96
6h,2021,S-Extra,MAM,"mean over τ∈[2, 4]",V1000,weatherdcae_14m_6yr,0.15985084517652978,,,96
6h,2021,S-Extra,MAM,"mean over τ∈[2, 4]",V925,weatherdcae_14m_6yr,0.20174997887047239,,,96
6h,2021,S-Extra,MAM,"mean over τ∈[2, 4]",V850,weatherdcae_14m_6yr,0.25154031443516606,,,96
6h,2021,S-Extra,MAM,"mean over τ∈[2, 4]",V700,weatherdcae_14m_6yr,0.2775852255104757,,,96
6h,2021,S-Extra,MAM,"mean over τ∈[2, 4]",Q1000,weatherdcae_14m_6yr,0.029426474412811956,,,96
6h,2021,S-Extra,MAM,"mean over τ∈[2, 4]",Q925,weatherdcae_14m_6yr,0.05708196792296863,,,96
6h,2021,S-Extra,MAM,"mean over τ∈[2, 4]",Q850,weatherdcae_14m_6yr,0.0975072958293506,,,96
6h,2021,S-Extra,MAM,"mean over τ∈[2, 4]",Q700,weatherdcae_14m_6yr,0.13101043851344563,,,96
6h,2021,S-Extra,MAM,"mean over τ∈[2, 4]",Z1000,weatherdcae_14m_6yr,0.020980568349473653,,,96
6h,2021,S-Extra,MAM,"mean over τ∈[2, 4]",Z925,weatherdcae_14m_6yr,0.016720057443237082,,,96
6h,2021,S-Extra,MAM,"mean over τ∈[2, 4]",Z850,weatherdcae_14m_6yr,0.013257720894008826,,,96
6h,2021,S-Extra,MAM,"mean over τ∈[2, 4]",Z700,weatherdcae_14m_6yr,0.00911016617942866,,,96
6h,2021,S-Extra,MAM,"mean over τ∈[2, 4]",t2m,weatherdcae_14m_6yr,0.018417390673970458,,,96
6h,2021,S-Extra,MAM,"mean over τ∈[2, 4]",u10,weatherdcae_14m_6yr,0.09149417466675924,,,96
6h,2021,S-Extra,MAM,"mean over τ∈[2, 4]",v10,weatherdcae_14m_6yr,0.15668737352514167,,,96
6h,2021,S-Extra,MAM,"mean over τ∈[2, 4]",mslp,weatherdcae_14m_6yr,0.021000567751267064,,,96
6h,2021,S-Extra,JJA,"mean over τ∈[2, 4]",T1000,weatherdcae_14m_6yr,0.017527245178242362,,,96
6h,2021,S-Extra,JJA,"mean over τ∈[2, 4]",T925,weatherdcae_14m_6yr,0.021249233833181187,,,96
6h,2021,S-Extra,JJA,"mean over τ∈[2, 4]",T850,weatherdcae_14m_6yr,0.030972398773154344,,,96
6h,2021,S-Extra,JJA,"mean over τ∈[2, 4]",T700,weatherdcae_14m_6yr,0.028965120754044234,,,96
6h,2021,S-Extra,JJA,"mean over τ∈[2, 4]",U1000,weatherdcae_14m_6yr,0.1008366209055642,,,96
6h,2021,S-Extra,JJA,"mean over τ∈[2, 4]",U925,weatherdcae_14m_6yr,0.09695690458537323,,,96
6h,2021,S-Extra,JJA,"mean over τ∈[2, 4]",U850,weatherdcae_14m_6yr,0.1038690704204115,,,96
6h,2021,S-Extra,JJA,"mean over τ∈[2, 4]",U700,weatherdcae_14m_6yr,0.09575843403896027,,,96
6h,2021,S-Extra,JJA,"mean over τ∈[2, 4]",V1000,weatherdcae_14m_6yr,0.17303570781263003,,,96
6h,2021,S-Extra,JJA,"mean over τ∈[2, 4]",V925,weatherdcae_14m_6yr,0.21624049165199866,,,96
6h,2021,S-Extra,JJA,"mean over τ∈[2, 4]",V850,weatherdcae_14m_6yr,0.2738684517320865,,,96
6h,2021,S-Extra,JJA,"mean over τ∈[2, 4]",V700,weatherdcae_14m_6yr,0.30628359451309806,,,96
6h,2021,S-Extra,JJA,"mean over τ∈[2, 4]",Q1000,weatherdcae_14m_6yr,0.02730383683635728,,,96
6h,2021,S-Extra,JJA,"mean over τ∈[2, 4]",Q925,weatherdcae_14m_6yr,0.04994164332296856,,,96
6h,2021,S-Extra,JJA,"mean over τ∈[2, 4]",Q850,weatherdcae_14m_6yr,0.08433183380749967,,,96
6h,2021,S-Extra,JJA,"mean over τ∈[2, 4]",Q700,weatherdcae_14m_6yr,0.10635718066945284,,,96
6h,2021,S-Extra,JJA,"mean over τ∈[2, 4]",Z1000,weatherdcae_14m_6yr,0.023423897397843473,,,96
6h,2021,S-Extra,JJA,"mean over τ∈[2, 4]",Z925,weatherdcae_14m_6yr,0.018686348264865642,,,96
6h,2021,S-Extra,JJA,"mean over τ∈[2, 4]",Z850,weatherdcae_14m_6yr,0.014841111277344176,,,96
6h,2021,S-Extra,JJA,"mean over τ∈[2, 4]",Z700,weatherdcae_14m_6yr,0.010128272306254274,,,96
6h,2021,S-Extra,JJA,"mean over τ∈[2, 4]",t2m,weatherdcae_14m_6yr,0.01994107580471463,,,96
6h,2021,S-Extra,JJA,"mean over τ∈[2, 4]",u10,weatherdcae_14m_6yr,0.09961735488523372,,,96
6h,2021,S-Extra,JJA,"mean over τ∈[2, 4]",v10,weatherdcae_14m_6yr,0.16691351111004646,,,96
6h,2021,S-Extra,JJA,"mean over τ∈[2, 4]",mslp,weatherdcae_14m_6yr,0.02374046383258771,,,96
6h,2021,S-Extra,SON,"mean over τ∈[2, 4]",T1000,weatherdcae_14m_6yr,0.017666558029127387,,,96
6h,2021,S-Extra,SON,"mean over τ∈[2, 4]",T925,weatherdcae_14m_6yr,0.023767464648750614,,,96
6h,2021,S-Extra,SON,"mean over τ∈[2, 4]",T850,weatherdcae_14m_6yr,0.032139438977955494,,,96
6h,2021,S-Extra,SON,"mean over τ∈[2, 4]",T700,weatherdcae_14m_6yr,0.028344458958115257,,,96
6h,2021,S-Extra,SON,"mean over τ∈[2, 4]",U1000,weatherdcae_14m_6yr,0.09244275000812265,,,96
6h,2021,S-Extra,SON,"mean over τ∈[2, 4]",U925,weatherdcae_14m_6yr,0.09038063980144048,,,96
6h,2021,S-Extra,SON,"mean over τ∈[2, 4]",U850,weatherdcae_14m_6yr,0.09630002355718482,,,96
6h,2021,S-Extra,SON,"mean over τ∈[2, 4]",U700,weatherdcae_14m_6yr,0.089291333989781,,,96
6h,2021,S-Extra,SON,"mean over τ∈[2, 4]",V1000,weatherdcae_14m_6yr,0.16145188374561595,,,96
6h,2021,S-Extra,SON,"mean over τ∈[2, 4]",V925,weatherdcae_14m_6yr,0.20473570970656738,,,96
6h,2021,S-Extra,SON,"mean over τ∈[2, 4]",V850,weatherdcae_14m_6yr,0.25666635600899723,,,96
6h,2021,S-Extra,SON,"mean over τ∈[2, 4]",V700,weatherdcae_14m_6yr,0.2848338724825757,,,96
6h,2021,S-Extra,SON,"mean over τ∈[2, 4]",Q1000,weatherdcae_14m_6yr,0.02768275752751151,,,96
6h,2021,S-Extra,SON,"mean over τ∈[2, 4]",Q925,weatherdcae_14m_6yr,0.0543230089529703,,,96
6h,2021,S-Extra,SON,"mean over τ∈[2, 4]",Q850,weatherdcae_14m_6yr,0.08982059884611367,,,96
6h,2021,S-Extra,SON,"mean over τ∈[2, 4]",Q700,weatherdcae_14m_6yr,0.11880145740304074,,,96
6h,2021,S-Extra,SON,"mean over τ∈[2, 4]",Z1000,weatherdcae_14m_6yr,0.022068815703426607,,,96
6h,2021,S-Extra,SON,"mean over τ∈[2, 4]",Z925,weatherdcae_14m_6yr,0.01754434231687814,,,96
6h,2021,S-Extra,SON,"mean over τ∈[2, 4]",Z850,weatherdcae_14m_6yr,0.013913776273036891,,,96
6h,2021,S-Extra,SON,"mean over τ∈[2, 4]",Z700,weatherdcae_14m_6yr,0.009530779768184094,,,96
6h,2021,S-Extra,SON,"mean over τ∈[2, 4]",t2m,weatherdcae_14m_6yr,0.01932731217106732,,,96
6h,2021,S-Extra,SON,"mean over τ∈[2, 4]",u10,weatherdcae_14m_6yr,0.09029034657458475,,,96
6h,2021,S-Extra,SON,"mean over τ∈[2, 4]",v10,weatherdcae_14m_6yr,0.15503062719490193,,,96
6h,2021,S-Extra,SON,"mean over τ∈[2, 4]",mslp,weatherdcae_14m_6yr,0.022323785167812523,,,96
6h,2021,Arctic,DJF,"mean over τ∈[2, 4]",T1000,weatherdcae_14m_6yr,0.0215334792401698,,,96
6h,2021,Arctic,DJF,"mean over τ∈[2, 4]",T925,weatherdcae_14m_6yr,0.023466836164692847,,,96
6h,2021,Arctic,DJF,"mean over τ∈[2, 4]",T850,weatherdcae_14m_6yr,0.021977470943054217,,,96
6h,2021,Arctic,DJF,"mean over τ∈[2, 4]",T700,weatherdcae_14m_6yr,0.020799594502622393,,,96
6h,2021,Arctic,DJF,"mean over τ∈[2, 4]",U1000,weatherdcae_14m_6yr,0.08476912982142686,,,96
6h,2021,Arctic,DJF,"mean over τ∈[2, 4]",U925,weatherdcae_14m_6yr,0.08303633991776357,,,96
6h,2021,Arctic,DJF,"mean over τ∈[2, 4]",U850,weatherdcae_14m_6yr,0.08320016175805132,,,96
6h,2021,Arctic,DJF,"mean over τ∈[2, 4]",U700,weatherdcae_14m_6yr,0.07888766162043725,,,96
6h,2021,Arctic,DJF,"mean over τ∈[2, 4]",V1000,weatherdcae_14m_6yr,0.14391372389513302,,,96
6h,2021,Arctic,DJF,"mean over τ∈[2, 4]",V925,weatherdcae_14m_6yr,0.17813052780278793,,,96
6h,2021,Arctic,DJF,"mean over τ∈[2, 4]",V850,weatherdcae_14m_6yr,0.22169432989082008,,,96
6h,2021,Arctic,DJF,"mean over τ∈[2, 4]",V700,weatherdcae_14m_6yr,0.2575794627371165,,,96
6h,2021,Arctic,DJF,"mean over τ∈[2, 4]",Q1000,weatherdcae_14m_6yr,0.00809797967665631,,,96
6h,2021,Arctic,DJF,"mean over τ∈[2, 4]",Q925,weatherdcae_14m_6yr,0.013901225058739908,,,96
6h,2021,Arctic,DJF,"mean over τ∈[2, 4]",Q850,weatherdcae_14m_6yr,0.02307716376751267,,,96
6h,2021,Arctic,DJF,"mean over τ∈[2, 4]",Q700,weatherdcae_14m_6yr,0.03544351617983515,,,96
6h,2021,Arctic,DJF,"mean over τ∈[2, 4]",Z1000,weatherdcae_14m_6yr,0.02142279723224945,,,96
6h,2021,Arctic,DJF,"mean over τ∈[2, 4]",Z925,weatherdcae_14m_6yr,0.016444753246983745,,,96
6h,2021,Arctic,DJF,"mean over τ∈[2, 4]",Z850,weatherdcae_14m_6yr,0.012638704135729678,,,96
6h,2021,Arctic,DJF,"mean over τ∈[2, 4]",Z700,weatherdcae_14m_6yr,0.00843469752227837,,,96
6h,2021,Arctic,DJF,"mean over τ∈[2, 4]",t2m,weatherdcae_14m_6yr,0.03037314455748088,,,96
6h,2021,Arctic,DJF,"mean over τ∈[2, 4]",u10,weatherdcae_14m_6yr,0.08074322678084248,,,96
6h,2021,Arctic,DJF,"mean over τ∈[2, 4]",v10,weatherdcae_14m_6yr,0.13421007544936736,,,96
6h,2021,Arctic,DJF,"mean over τ∈[2, 4]",mslp,weatherdcae_14m_6yr,0.02474795754910301,,,96
6h,2021,Arctic,MAM,"mean over τ∈[2, 4]",T1000,weatherdcae_14m_6yr,0.022732878702398308,,,96
6h,2021,Arctic,MAM,"mean over τ∈[2, 4]",T925,weatherdcae_14m_6yr,0.023062323891103253,,,96
6h,2021,Arctic,MAM,"mean over τ∈[2, 4]",T850,weatherdcae_14m_6yr,0.02109059783990374,,,96
6h,2021,Arctic,MAM,"mean over τ∈[2, 4]",T700,weatherdcae_14m_6yr,0.020321411631091708,,,96
6h,2021,Arctic,MAM,"mean over τ∈[2, 4]",U1000,weatherdcae_14m_6yr,0.08590186658886563,,,96
6h,2021,Arctic,MAM,"mean over τ∈[2, 4]",U925,weatherdcae_14m_6yr,0.08502559632463526,,,96
6h,2021,Arctic,MAM,"mean over τ∈[2, 4]",U850,weatherdcae_14m_6yr,0.08257253864047372,,,96
6h,2021,Arctic,MAM,"mean over τ∈[2, 4]",U700,weatherdcae_14m_6yr,0.07240789222090285,,,96
6h,2021,Arctic,MAM,"mean over τ∈[2, 4]",V1000,weatherdcae_14m_6yr,0.14815796223026156,,,96
6h,2021,Arctic,MAM,"mean over τ∈[2, 4]",V925,weatherdcae_14m_6yr,0.18866899514197027,,,96
6h,2021,Arctic,MAM,"mean over τ∈[2, 4]",V850,weatherdcae_14m_6yr,0.22342495154651865,,,96
6h,2021,Arctic,MAM,"mean over τ∈[2, 4]",V700,weatherdcae_14m_6yr,0.2359955448021098,,,96
6h,2021,Arctic,MAM,"mean over τ∈[2, 4]",Q1000,weatherdcae_14m_6yr,0.013850280531049388,,,96
6h,2021,Arctic,MAM,"mean over τ∈[2, 4]",Q925,weatherdcae_14m_6yr,0.019272845536232045,,,96
6h,2021,Arctic,MAM,"mean over τ∈[2, 4]",Q850,weatherdcae_14m_6yr,0.028764736612058348,,,96
6h,2021,Arctic,MAM,"mean over τ∈[2, 4]",Q700,weatherdcae_14m_6yr,0.04244424014710689,,,96
6h,2021,Arctic,MAM,"mean over τ∈[2, 4]",Z1000,weatherdcae_14m_6yr,0.01972806137200739,,,96
6h,2021,Arctic,MAM,"mean over τ∈[2, 4]",Z925,weatherdcae_14m_6yr,0.01483983017048564,,,96
6h,2021,Arctic,MAM,"mean over τ∈[2, 4]",Z850,weatherdcae_14m_6yr,0.011349620900551053,,,96
6h,2021,Arctic,MAM,"mean over τ∈[2, 4]",Z700,weatherdcae_14m_6yr,0.007645803374430318,,,96
6h,2021,Arctic,MAM,"mean over τ∈[2, 4]",t2m,weatherdcae_14m_6yr,0.04295631741564528,,,96
6h,2021,Arctic,MAM,"mean over τ∈[2, 4]",u10,weatherdcae_14m_6yr,0.08337610989394598,,,96
6h,2021,Arctic,MAM,"mean over τ∈[2, 4]",v10,weatherdcae_14m_6yr,0.14169881118262953,,,96
6h,2021,Arctic,MAM,"mean over τ∈[2, 4]",mslp,weatherdcae_14m_6yr,0.022220634418142905,,,96
6h,2021,Arctic,JJA,"mean over τ∈[2, 4]",T1000,weatherdcae_14m_6yr,0.02352768680648973,,,96
6h,2021,Arctic,JJA,"mean over τ∈[2, 4]",T925,weatherdcae_14m_6yr,0.025085961007385593,,,96
6h,2021,Arctic,JJA,"mean over τ∈[2, 4]",T850,weatherdcae_14m_6yr,0.023113628248376282,,,96
6h,2021,Arctic,JJA,"mean over τ∈[2, 4]",T700,weatherdcae_14m_6yr,0.021417465723811233,,,96
6h,2021,Arctic,JJA,"mean over τ∈[2, 4]",U1000,weatherdcae_14m_6yr,0.08625546982205812,,,96
6h,2021,Arctic,JJA,"mean over τ∈[2, 4]",U925,weatherdcae_14m_6yr,0.08997356162803803,,,96
6h,2021,Arctic,JJA,"mean over τ∈[2, 4]",U850,weatherdcae_14m_6yr,0.08527450137975341,,,96
6h,2021,Arctic,JJA,"mean over τ∈[2, 4]",U700,weatherdcae_14m_6yr,0.07340940189611278,,,96
6h,2021,Arctic,JJA,"mean over τ∈[2, 4]",V1000,weatherdcae_14m_6yr,0.14830636387918006,,,96
6h,2021,Arctic,JJA,"mean over τ∈[2, 4]",V925,weatherdcae_14m_6yr,0.19547252338133245,,,96
6h,2021,Arctic,JJA,"mean over τ∈[2, 4]",V850,weatherdcae_14m_6yr,0.2268337995544916,,,96
6h,2021,Arctic,JJA,"mean over τ∈[2, 4]",V700,weatherdcae_14m_6yr,0.23704764139173456,,,96
6h,2021,Arctic,JJA,"mean over τ∈[2, 4]",Q1000,weatherdcae_14m_6yr,0.029569283847011667,,,96
6h,2021,Arctic,JJA,"mean over τ∈[2, 4]",Q925,weatherdcae_14m_6yr,0.040618732022691235,,,96
6h,2021,Arctic,JJA,"mean over τ∈[2, 4]",Q850,weatherdcae_14m_6yr,0.06140846819236989,,,96
6h,2021,Arctic,JJA,"mean over τ∈[2, 4]",Q700,weatherdcae_14m_6yr,0.09937339643456443,,,96
6h,2021,Arctic,JJA,"mean over τ∈[2, 4]",Z1000,weatherdcae_14m_6yr,0.01996506793904165,,,96
6h,2021,Arctic,JJA,"mean over τ∈[2, 4]",Z925,weatherdcae_14m_6yr,0.01497814822969138,,,96
6h,2021,Arctic,JJA,"mean over τ∈[2, 4]",Z850,weatherdcae_14m_6yr,0.011437164885857129,,,96
6h,2021,Arctic,JJA,"mean over τ∈[2, 4]",Z700,weatherdcae_14m_6yr,0.007592088716236476,,,96
6h,2021,Arctic,JJA,"mean over τ∈[2, 4]",t2m,weatherdcae_14m_6yr,0.04440348983847246,,,96
6h,2021,Arctic,JJA,"mean over τ∈[2, 4]",u10,weatherdcae_14m_6yr,0.08646421553904181,,,96
6h,2021,Arctic,JJA,"mean over τ∈[2, 4]",v10,weatherdcae_14m_6yr,0.14671321544226745,,,96
6h,2021,Arctic,JJA,"mean over τ∈[2, 4]",mslp,weatherdcae_14m_6yr,0.02037864186007641,,,96
6h,2021,Arctic,SON,"mean over τ∈[2, 4]",T1000,weatherdcae_14m_6yr,0.018312735219827965,,,96
6h,2021,Arctic,SON,"mean over τ∈[2, 4]",T925,weatherdcae_14m_6yr,0.020874292397369723,,,96
6h,2021,Arctic,SON,"mean over τ∈[2, 4]",T850,weatherdcae_14m_6yr,0.021095398608788268,,,96
6h,2021,Arctic,SON,"mean over τ∈[2, 4]",T700,weatherdcae_14m_6yr,0.02026553298346536,,,96
6h,2021,Arctic,SON,"mean over τ∈[2, 4]",U1000,weatherdcae_14m_6yr,0.08137587113545025,,,96
6h,2021,Arctic,SON,"mean over τ∈[2, 4]",U925,weatherdcae_14m_6yr,0.08366522711771444,,,96
6h,2021,Arctic,SON,"mean over τ∈[2, 4]",U850,weatherdcae_14m_6yr,0.08083738623709522,,,96
6h,2021,Arctic,SON,"mean over τ∈[2, 4]",U700,weatherdcae_14m_6yr,0.07277443115447481,,,96
6h,2021,Arctic,SON,"mean over τ∈[2, 4]",V1000,weatherdcae_14m_6yr,0.13495293495245647,,,96
6h,2021,Arctic,SON,"mean over τ∈[2, 4]",V925,weatherdcae_14m_6yr,0.1783012915585265,,,96
6h,2021,Arctic,SON,"mean over τ∈[2, 4]",V850,weatherdcae_14m_6yr,0.2134197310716066,,,96
6h,2021,Arctic,SON,"mean over τ∈[2, 4]",V700,weatherdcae_14m_6yr,0.23279159309380437,,,96
6h,2021,Arctic,SON,"mean over τ∈[2, 4]",Q1000,weatherdcae_14m_6yr,0.01343216335904723,,,96
6h,2021,Arctic,SON,"mean over τ∈[2, 4]",Q925,weatherdcae_14m_6yr,0.021586094685939763,,,96
6h,2021,Arctic,SON,"mean over τ∈[2, 4]",Q850,weatherdcae_14m_6yr,0.035779897106254496,,,96
6h,2021,Arctic,SON,"mean over τ∈[2, 4]",Q700,weatherdcae_14m_6yr,0.058626389565398486,,,96
6h,2021,Arctic,SON,"mean over τ∈[2, 4]",Z1000,weatherdcae_14m_6yr,0.01938868556589947,,,96
6h,2021,Arctic,SON,"mean over τ∈[2, 4]",Z925,weatherdcae_14m_6yr,0.01486924711012158,,,96
6h,2021,Arctic,SON,"mean over τ∈[2, 4]",Z850,weatherdcae_14m_6yr,0.011450898732271009,,,96
6h,2021,Arctic,SON,"mean over τ∈[2, 4]",Z700,weatherdcae_14m_6yr,0.00761759118639597,,,96
6h,2021,Arctic,SON,"mean over τ∈[2, 4]",t2m,weatherdcae_14m_6yr,0.030997592244796788,,,96
6h,2021,Arctic,SON,"mean over τ∈[2, 4]",u10,weatherdcae_14m_6yr,0.08131839628988204,,,96
6h,2021,Arctic,SON,"mean over τ∈[2, 4]",v10,weatherdcae_14m_6yr,0.13232462296858183,,,96
6h,2021,Arctic,SON,"mean over τ∈[2, 4]",mslp,weatherdcae_14m_6yr,0.02128367337829618,,,96
6h,2021,Antarctic,DJF,"mean over τ∈[2, 4]",T1000,weatherdcae_14m_6yr,0.012843939292046157,,,96
6h,2021,Antarctic,DJF,"mean over τ∈[2, 4]",T925,weatherdcae_14m_6yr,0.016990690392956743,,,96
6h,2021,Antarctic,DJF,"mean over τ∈[2, 4]",T850,weatherdcae_14m_6yr,0.02115316845333696,,,96
6h,2021,Antarctic,DJF,"mean over τ∈[2, 4]",T700,weatherdcae_14m_6yr,0.02135284575589717,,,96
6h,2021,Antarctic,DJF,"mean over τ∈[2, 4]",U1000,weatherdcae_14m_6yr,0.06770591690812372,,,96
6h,2021,Antarctic,DJF,"mean over τ∈[2, 4]",U925,weatherdcae_14m_6yr,0.0691693227526255,,,96
6h,2021,Antarctic,DJF,"mean over τ∈[2, 4]",U850,weatherdcae_14m_6yr,0.06725187343768854,,,96
6h,2021,Antarctic,DJF,"mean over τ∈[2, 4]",U700,weatherdcae_14m_6yr,0.06242361086590494,,,96
6h,2021,Antarctic,DJF,"mean over τ∈[2, 4]",V1000,weatherdcae_14m_6yr,0.1100762517670194,,,96
6h,2021,Antarctic,DJF,"mean over τ∈[2, 4]",V925,weatherdcae_14m_6yr,0.13952549510398476,,,96
6h,2021,Antarctic,DJF,"mean over τ∈[2, 4]",V850,weatherdcae_14m_6yr,0.16992536240685802,,,96
6h,2021,Antarctic,DJF,"mean over τ∈[2, 4]",V700,weatherdcae_14m_6yr,0.1939275478455845,,,96
6h,2021,Antarctic,DJF,"mean over τ∈[2, 4]",Q1000,weatherdcae_14m_6yr,0.009486263668395471,,,96
6h,2021,Antarctic,DJF,"mean over τ∈[2, 4]",Q925,weatherdcae_14m_6yr,0.017410775963227883,,,96
6h,2021,Antarctic,DJF,"mean over τ∈[2, 4]",Q850,weatherdcae_14m_6yr,0.03155222174957589,,,96
6h,2021,Antarctic,DJF,"mean over τ∈[2, 4]",Q700,weatherdcae_14m_6yr,0.055168694248750316,,,96
6h,2021,Antarctic,DJF,"mean over τ∈[2, 4]",Z1000,weatherdcae_14m_6yr,0.019186696826947493,,,96
6h,2021,Antarctic,DJF,"mean over τ∈[2, 4]",Z925,weatherdcae_14m_6yr,0.014885073993384882,,,96
6h,2021,Antarctic,DJF,"mean over τ∈[2, 4]",Z850,weatherdcae_14m_6yr,0.011483856420031373,,,96
6h,2021,Antarctic,DJF,"mean over τ∈[2, 4]",Z700,weatherdcae_14m_6yr,0.007530580521475539,,,96
6h,2021,Antarctic,DJF,"mean over τ∈[2, 4]",t2m,weatherdcae_14m_6yr,0.018492559149795845,,,96
6h,2021,Antarctic,DJF,"mean over τ∈[2, 4]",u10,weatherdcae_14m_6yr,0.07535255227407359,,,96
6h,2021,Antarctic,DJF,"mean over τ∈[2, 4]",v10,weatherdcae_14m_6yr,0.12101728342079474,,,96
6h,2021,Antarctic,DJF,"mean over τ∈[2, 4]",mslp,weatherdcae_14m_6yr,0.02107729050256972,,,96
6h,2021,Antarctic,MAM,"mean over τ∈[2, 4]",T1000,weatherdcae_14m_6yr,0.02202809512378023,,,96
6h,2021,Antarctic,MAM,"mean over τ∈[2, 4]",T925,weatherdcae_14m_6yr,0.02507121979491864,,,96
6h,2021,Antarctic,MAM,"mean over τ∈[2, 4]",T850,weatherdcae_14m_6yr,0.028272320895541003,,,96
6h,2021,Antarctic,MAM,"mean over τ∈[2, 4]",T700,weatherdcae_14m_6yr,0.02753828282709578,,,96
6h,2021,Antarctic,MAM,"mean over τ∈[2, 4]",U1000,weatherdcae_14m_6yr,0.08461060009232266,,,96
6h,2021,Antarctic,MAM,"mean over τ∈[2, 4]",U925,weatherdcae_14m_6yr,0.08825318651339822,,,96
6h,2021,Antarctic,MAM,"mean over τ∈[2, 4]",U850,weatherdcae_14m_6yr,0.08745731970883784,,,96
6h,2021,Antarctic,MAM,"mean over τ∈[2, 4]",U700,weatherdcae_14m_6yr,0.0799956678584486,,,96
6h,2021,Antarctic,MAM,"mean over τ∈[2, 4]",V1000,weatherdcae_14m_6yr,0.1343434462616312,,,96
6h,2021,Antarctic,MAM,"mean over τ∈[2, 4]",V925,weatherdcae_14m_6yr,0.1769175944506032,,,96
6h,2021,Antarctic,MAM,"mean over τ∈[2, 4]",V850,weatherdcae_14m_6yr,0.221556297102149,,,96
6h,2021,Antarctic,MAM,"mean over τ∈[2, 4]",V700,weatherdcae_14m_6yr,0.25768311770419833,,,96
6h,2021,Antarctic,MAM,"mean over τ∈[2, 4]",Q1000,weatherdcae_14m_6yr,0.010019444436429447,,,96
6h,2021,Antarctic,MAM,"mean over τ∈[2, 4]",Q925,weatherdcae_14m_6yr,0.016738132978978634,,,96
6h,2021,Antarctic,MAM,"mean over τ∈[2, 4]",Q850,weatherdcae_14m_6yr,0.032663592261056286,,,96
6h,2021,Antarctic,MAM,"mean over τ∈[2, 4]",Q700,weatherdcae_14m_6yr,0.05335616552921481,,,96
6h,2021,Antarctic,MAM,"mean over τ∈[2, 4]",Z1000,weatherdcae_14m_6yr,0.026004330384209424,,,96
6h,2021,Antarctic,MAM,"mean over τ∈[2, 4]",Z925,weatherdcae_14m_6yr,0.019544434462949265,,,96
6h,2021,Antarctic,MAM,"mean over τ∈[2, 4]",Z850,weatherdcae_14m_6yr,0.014650992839197359,,,96
6h,2021,Antarctic,MAM,"mean over τ∈[2, 4]",Z700,weatherdcae_14m_6yr,0.00933642152570555,,,96
6h,2021,Antarctic,MAM,"mean over τ∈[2, 4]",t2m,weatherdcae_14m_6yr,0.022777800096055397,,,96
6h,2021,Antarctic,MAM,"mean over τ∈[2, 4]",u10,weatherdcae_14m_6yr,0.09398149811986961,,,96
6h,2021,Antarctic,MAM,"mean over τ∈[2, 4]",v10,weatherdcae_14m_6yr,0.1474718734612862,,,96
6h,2021,Antarctic,MAM,"mean over τ∈[2, 4]",mslp,weatherdcae_14m_6yr,0.03157494183182104,,,96
6h,2021,Antarctic,JJA,"mean over τ∈[2, 4]",T1000,weatherdcae_14m_6yr,0.0250548781101276,,,96
6h,2021,Antarctic,JJA,"mean over τ∈[2, 4]",T925,weatherdcae_14m_6yr,0.02745744506863106,,,96
6h,2021,Antarctic,JJA,"mean over τ∈[2, 4]",T850,weatherdcae_14m_6yr,0.028136256476262694,,,96
6h,2021,Antarctic,JJA,"mean over τ∈[2, 4]",T700,weatherdcae_14m_6yr,0.02698564519448502,,,96
6h,2021,Antarctic,JJA,"mean over τ∈[2, 4]",U1000,weatherdcae_14m_6yr,0.08448371052305788,,,96
6h,2021,Antarctic,JJA,"mean over τ∈[2, 4]",U925,weatherdcae_14m_6yr,0.08795242132205634,,,96
6h,2021,Antarctic,JJA,"mean over τ∈[2, 4]",U850,weatherdcae_14m_6yr,0.09044917673877634,,,96
6h,2021,Antarctic,JJA,"mean over τ∈[2, 4]",U700,weatherdcae_14m_6yr,0.08260848338713857,,,96
6h,2021,Antarctic,JJA,"mean over τ∈[2, 4]",V1000,weatherdcae_14m_6yr,0.13565277123672914,,,96
6h,2021,Antarctic,JJA,"mean over τ∈[2, 4]",V925,weatherdcae_14m_6yr,0.18003509091150646,,,96
6h,2021,Antarctic,JJA,"mean over τ∈[2, 4]",V850,weatherdcae_14m_6yr,0.23046733047060308,,,96
6h,2021,Antarctic,JJA,"mean over τ∈[2, 4]",V700,weatherdcae_14m_6yr,0.26704694588236005,,,96
6h,2021,Antarctic,JJA,"mean over τ∈[2, 4]",Q1000,weatherdcae_14m_6yr,0.008598234907231375,,,96
6h,2021,Antarctic,JJA,"mean over τ∈[2, 4]",Q925,weatherdcae_14m_6yr,0.013655000218977774,,,96
6h,2021,Antarctic,JJA,"mean over τ∈[2, 4]",Q850,weatherdcae_14m_6yr,0.024705640236281447,,,96
6h,2021,Antarctic,JJA,"mean over τ∈[2, 4]",Q700,weatherdcae_14m_6yr,0.03728110669325004,,,96
6h,2021,Antarctic,JJA,"mean over τ∈[2, 4]",Z1000,weatherdcae_14m_6yr,0.02868581355219269,,,96
6h,2021,Antarctic,JJA,"mean over τ∈[2, 4]",Z925,weatherdcae_14m_6yr,0.021662230720352442,,,96
6h,2021,Antarctic,JJA,"mean over τ∈[2, 4]",Z850,weatherdcae_14m_6yr,0.016378172244450345,,,96
6h,2021,Antarctic,JJA,"mean over τ∈[2, 4]",Z700,weatherdcae_14m_6yr,0.010326157842272041,,,96
6h,2021,Antarctic,JJA,"mean over τ∈[2, 4]",t2m,weatherdcae_14m_6yr,0.023601752314020296,,,96
6h,2021,Antarctic,JJA,"mean over τ∈[2, 4]",u10,weatherdcae_14m_6yr,0.0939585044061762,,,96
6h,2021,Antarctic,JJA,"mean over τ∈[2, 4]",v10,weatherdcae_14m_6yr,0.14892531760331196,,,96
6h,2021,Antarctic,JJA,"mean over τ∈[2, 4]",mslp,weatherdcae_14m_6yr,0.035841514010118744,,,96
6h,2021,Antarctic,SON,"mean over τ∈[2, 4]",T1000,weatherdcae_14m_6yr,0.021288850489768404,,,96
6h,2021,Antarctic,SON,"mean over τ∈[2, 4]",T925,weatherdcae_14m_6yr,0.024234377013016933,,,96
6h,2021,Antarctic,SON,"mean over τ∈[2, 4]",T850,weatherdcae_14m_6yr,0.027377720608926192,,,96
6h,2021,Antarctic,SON,"mean over τ∈[2, 4]",T700,weatherdcae_14m_6yr,0.026115069671207074,,,96
6h,2021,Antarctic,SON,"mean over τ∈[2, 4]",U1000,weatherdcae_14m_6yr,0.08301110670154052,,,96
6h,2021,Antarctic,SON,"mean over τ∈[2, 4]",U925,weatherdcae_14m_6yr,0.08573966971780629,,,96
6h,2021,Antarctic,SON,"mean over τ∈[2, 4]",U850,weatherdcae_14m_6yr,0.08757864834857441,,,96
6h,2021,Antarctic,SON,"mean over τ∈[2, 4]",U700,weatherdcae_14m_6yr,0.07940563651160357,,,96
6h,2021,Antarctic,SON,"mean over τ∈[2, 4]",V1000,weatherdcae_14m_6yr,0.13248959231152535,,,96
6h,2021,Antarctic,SON,"mean over τ∈[2, 4]",V925,weatherdcae_14m_6yr,0.17270790370694725,,,96
6h,2021,Antarctic,SON,"mean over τ∈[2, 4]",V850,weatherdcae_14m_6yr,0.2196511209305088,,,96
6h,2021,Antarctic,SON,"mean over τ∈[2, 4]",V700,weatherdcae_14m_6yr,0.2526316422095696,,,96
6h,2021,Antarctic,SON,"mean over τ∈[2, 4]",Q1000,weatherdcae_14m_6yr,0.009483443344252815,,,96
6h,2021,Antarctic,SON,"mean over τ∈[2, 4]",Q925,weatherdcae_14m_6yr,0.01555452211557413,,,96
6h,2021,Antarctic,SON,"mean over τ∈[2, 4]",Q850,weatherdcae_14m_6yr,0.0288116451904598,,,96
6h,2021,Antarctic,SON,"mean over τ∈[2, 4]",Q700,weatherdcae_14m_6yr,0.044050258601492795,,,96
6h,2021,Antarctic,SON,"mean over τ∈[2, 4]",Z1000,weatherdcae_14m_6yr,0.026455910747301133,,,96
6h,2021,Antarctic,SON,"mean over τ∈[2, 4]",Z925,weatherdcae_14m_6yr,0.02006470506108448,,,96
6h,2021,Antarctic,SON,"mean over τ∈[2, 4]",Z850,weatherdcae_14m_6yr,0.0152069767592788,,,96
6h,2021,Antarctic,SON,"mean over τ∈[2, 4]",Z700,weatherdcae_14m_6yr,0.009816232068750224,,,96
6h,2021,Antarctic,SON,"mean over τ∈[2, 4]",t2m,weatherdcae_14m_6yr,0.024060186270632774,,,96
6h,2021,Antarctic,SON,"mean over τ∈[2, 4]",u10,weatherdcae_14m_6yr,0.09291590451235693,,,96
6h,2021,Antarctic,SON,"mean over τ∈[2, 4]",v10,weatherdcae_14m_6yr,0.1460061425678703,,,96
6h,2021,Antarctic,SON,"mean over τ∈[2, 4]",mslp,weatherdcae_14m_6yr,0.03141117572248729,,,96
6h,2021,North_Atlantic,DJF,"mean over τ∈[2, 4]",T1000,weatherdcae_14m_6yr,0.020422151563718027,,,96
6h,2021,North_Atlantic,DJF,"mean over τ∈[2, 4]",T925,weatherdcae_14m_6yr,0.02323046479920496,,,96
6h,2021,North_Atlantic,DJF,"mean over τ∈[2, 4]",T850,weatherdcae_14m_6yr,0.030683016160853872,,,96
6h,2021,North_Atlantic,DJF,"mean over τ∈[2, 4]",T700,weatherdcae_14m_6yr,0.030257696539685228,,,96
6h,2021,North_Atlantic,DJF,"mean over τ∈[2, 4]",U1000,weatherdcae_14m_6yr,0.12086194586322296,,,96
6h,2021,North_Atlantic,DJF,"mean over τ∈[2, 4]",U925,weatherdcae_14m_6yr,0.11335954419610636,,,96
6h,2021,North_Atlantic,DJF,"mean over τ∈[2, 4]",U850,weatherdcae_14m_6yr,0.1202770692494176,,,96
6h,2021,North_Atlantic,DJF,"mean over τ∈[2, 4]",U700,weatherdcae_14m_6yr,0.1131642597924367,,,96
6h,2021,North_Atlantic,DJF,"mean over τ∈[2, 4]",V1000,weatherdcae_14m_6yr,0.20501776125700383,,,96
6h,2021,North_Atlantic,DJF,"mean over τ∈[2, 4]",V925,weatherdcae_14m_6yr,0.24653557860754352,,,96
6h,2021,North_Atlantic,DJF,"mean over τ∈[2, 4]",V850,weatherdcae_14m_6yr,0.30964915570703994,,,96
6h,2021,North_Atlantic,DJF,"mean over τ∈[2, 4]",V700,weatherdcae_14m_6yr,0.35315987542581,,,96
6h,2021,North_Atlantic,DJF,"mean over τ∈[2, 4]",Q1000,weatherdcae_14m_6yr,0.03102458060098339,,,96
6h,2021,North_Atlantic,DJF,"mean over τ∈[2, 4]",Q925,weatherdcae_14m_6yr,0.05767715018316454,,,96
6h,2021,North_Atlantic,DJF,"mean over τ∈[2, 4]",Q850,weatherdcae_14m_6yr,0.09985789379864353,,,96
6h,2021,North_Atlantic,DJF,"mean over τ∈[2, 4]",Q700,weatherdcae_14m_6yr,0.12845243543978607,,,96
6h,2021,North_Atlantic,DJF,"mean over τ∈[2, 4]",Z1000,weatherdcae_14m_6yr,0.024804946383836145,,,96
6h,2021,North_Atlantic,DJF,"mean over τ∈[2, 4]",Z925,weatherdcae_14m_6yr,0.019596934942781814,,,96
6h,2021,North_Atlantic,DJF,"mean over τ∈[2, 4]",Z850,weatherdcae_14m_6yr,0.015383688852152777,,,96
6h,2021,North_Atlantic,DJF,"mean over τ∈[2, 4]",Z700,weatherdcae_14m_6yr,0.010452518422488552,,,96
6h,2021,North_Atlantic,DJF,"mean over τ∈[2, 4]",t2m,weatherdcae_14m_6yr,0.023014901673590254,,,96
6h,2021,North_Atlantic,DJF,"mean over τ∈[2, 4]",u10,weatherdcae_14m_6yr,0.11866238065772626,,,96
6h,2021,North_Atlantic,DJF,"mean over τ∈[2, 4]",v10,weatherdcae_14m_6yr,0.19705402119589396,,,96
6h,2021,North_Atlantic,DJF,"mean over τ∈[2, 4]",mslp,weatherdcae_14m_6yr,0.025615883695360057,,,96
6h,2021,North_Atlantic,MAM,"mean over τ∈[2, 4]",T1000,weatherdcae_14m_6yr,0.021272741425216977,,,96
6h,2021,North_Atlantic,MAM,"mean over τ∈[2, 4]",T925,weatherdcae_14m_6yr,0.024236834451188346,,,96
6h,2021,North_Atlantic,MAM,"mean over τ∈[2, 4]",T850,weatherdcae_14m_6yr,0.027726165399740602,,,96
6h,2021,North_Atlantic,MAM,"mean over τ∈[2, 4]",T700,weatherdcae_14m_6yr,0.02610041898637393,,,96
6h,2021,North_Atlantic,MAM,"mean over τ∈[2, 4]",U1000,weatherdcae_14m_6yr,0.11026827628287852,,,96
6h,2021,North_Atlantic,MAM,"mean over τ∈[2, 4]",U925,weatherdcae_14m_6yr,0.10224124941242997,,,96
6h,2021,North_Atlantic,MAM,"mean over τ∈[2, 4]",U850,weatherdcae_14m_6yr,0.10568315418669634,,,96
6h,2021,North_Atlantic,MAM,"mean over τ∈[2, 4]",U700,weatherdcae_14m_6yr,0.09692272991195629,,,96
6h,2021,North_Atlantic,MAM,"mean over τ∈[2, 4]",V1000,weatherdcae_14m_6yr,0.19154896482044811,,,96
6h,2021,North_Atlantic,MAM,"mean over τ∈[2, 4]",V925,weatherdcae_14m_6yr,0.22845924512662263,,,96
6h,2021,North_Atlantic,MAM,"mean over τ∈[2, 4]",V850,weatherdcae_14m_6yr,0.28010081165399175,,,96
6h,2021,North_Atlantic,MAM,"mean over τ∈[2, 4]",V700,weatherdcae_14m_6yr,0.3082928921247288,,,96
6h,2021,North_Atlantic,MAM,"mean over τ∈[2, 4]",Q1000,weatherdcae_14m_6yr,0.02967933759973469,,,96
6h,2021,North_Atlantic,MAM,"mean over τ∈[2, 4]",Q925,weatherdcae_14m_6yr,0.06202127310980432,,,96
6h,2021,North_Atlantic,MAM,"mean over τ∈[2, 4]",Q850,weatherdcae_14m_6yr,0.09364646851021309,,,96
6h,2021,North_Atlantic,MAM,"mean over τ∈[2, 4]",Q700,weatherdcae_14m_6yr,0.12042104081418442,,,96
6h,2021,North_Atlantic,MAM,"mean over τ∈[2, 4]",Z1000,weatherdcae_14m_6yr,0.022126291725690847,,,96
6h,2021,North_Atlantic,MAM,"mean over τ∈[2, 4]",Z925,weatherdcae_14m_6yr,0.01737048504799646,,,96
6h,2021,North_Atlantic,MAM,"mean over τ∈[2, 4]",Z850,weatherdcae_14m_6yr,0.013575626240113102,,,96
6h,2021,North_Atlantic,MAM,"mean over τ∈[2, 4]",Z700,weatherdcae_14m_6yr,0.009131084583701392,,,96
6h,2021,North_Atlantic,MAM,"mean over τ∈[2, 4]",t2m,weatherdcae_14m_6yr,0.02419349272984925,,,96
6h,2021,North_Atlantic,MAM,"mean over τ∈[2, 4]",u10,weatherdcae_14m_6yr,0.1047319147642513,,,96
6h,2021,North_Atlantic,MAM,"mean over τ∈[2, 4]",v10,weatherdcae_14m_6yr,0.1797260339423504,,,96
6h,2021,North_Atlantic,MAM,"mean over τ∈[2, 4]",mslp,weatherdcae_14m_6yr,0.02261409025354435,,,96
6h,2021,North_Atlantic,JJA,"mean over τ∈[2, 4]",T1000,weatherdcae_14m_6yr,0.020422556139041204,,,96
6h,2021,North_Atlantic,JJA,"mean over τ∈[2, 4]",T925,weatherdcae_14m_6yr,0.025395826082977906,,,96
6h,2021,North_Atlantic,JJA,"mean over τ∈[2, 4]",T850,weatherdcae_14m_6yr,0.02246485968239808,,,96
6h,2021,North_Atlantic,JJA,"mean over τ∈[2, 4]",T700,weatherdcae_14m_6yr,0.020437006430590484,,,96
6h,2021,North_Atlantic,JJA,"mean over τ∈[2, 4]",U1000,weatherdcae_14m_6yr,0.09507207166674354,,,96
6h,2021,North_Atlantic,JJA,"mean over τ∈[2, 4]",U925,weatherdcae_14m_6yr,0.08962190572163777,,,96
6h,2021,North_Atlantic,JJA,"mean over τ∈[2, 4]",U850,weatherdcae_14m_6yr,0.08554986772283563,,,96
6h,2021,North_Atlantic,JJA,"mean over τ∈[2, 4]",U700,weatherdcae_14m_6yr,0.07370976271849358,,,96
6h,2021,North_Atlantic,JJA,"mean over τ∈[2, 4]",V1000,weatherdcae_14m_6yr,0.16677069225154284,,,96
6h,2021,North_Atlantic,JJA,"mean over τ∈[2, 4]",V925,weatherdcae_14m_6yr,0.19638723912068173,,,96
6h,2021,North_Atlantic,JJA,"mean over τ∈[2, 4]",V850,weatherdcae_14m_6yr,0.22754345776715584,,,96
6h,2021,North_Atlantic,JJA,"mean over τ∈[2, 4]",V700,weatherdcae_14m_6yr,0.24133190242570138,,,96
6h,2021,North_Atlantic,JJA,"mean over τ∈[2, 4]",Q1000,weatherdcae_14m_6yr,0.03313635319603126,,,96
6h,2021,North_Atlantic,JJA,"mean over τ∈[2, 4]",Q925,weatherdcae_14m_6yr,0.07843157373350142,,,96
6h,2021,North_Atlantic,JJA,"mean over τ∈[2, 4]",Q850,weatherdcae_14m_6yr,0.10455940931703342,,,96
6h,2021,North_Atlantic,JJA,"mean over τ∈[2, 4]",Q700,weatherdcae_14m_6yr,0.14305040181283532,,,96
6h,2021,North_Atlantic,JJA,"mean over τ∈[2, 4]",Z1000,weatherdcae_14m_6yr,0.01919878110901165,,,96
6h,2021,North_Atlantic,JJA,"mean over τ∈[2, 4]",Z925,weatherdcae_14m_6yr,0.015122778578521753,,,96
6h,2021,North_Atlantic,JJA,"mean over τ∈[2, 4]",Z850,weatherdcae_14m_6yr,0.011832103794215777,,,96
6h,2021,North_Atlantic,JJA,"mean over τ∈[2, 4]",Z700,weatherdcae_14m_6yr,0.007976496048997181,,,96
6h,2021,North_Atlantic,JJA,"mean over τ∈[2, 4]",t2m,weatherdcae_14m_6yr,0.02427926365108747,,,96
6h,2021,North_Atlantic,JJA,"mean over τ∈[2, 4]",u10,weatherdcae_14m_6yr,0.08881578704507448,,,96
6h,2021,North_Atlantic,JJA,"mean over τ∈[2, 4]",v10,weatherdcae_14m_6yr,0.15310413489498967,,,96
6h,2021,North_Atlantic,JJA,"mean over τ∈[2, 4]",mslp,weatherdcae_14m_6yr,0.019060195878027136,,,96
6h,2021,North_Atlantic,SON,"mean over τ∈[2, 4]",T1000,weatherdcae_14m_6yr,0.018553045856966353,,,96
6h,2021,North_Atlantic,SON,"mean over τ∈[2, 4]",T925,weatherdcae_14m_6yr,0.022158294846601683,,,96
6h,2021,North_Atlantic,SON,"mean over τ∈[2, 4]",T850,weatherdcae_14m_6yr,0.027154153624648916,,,96
6h,2021,North_Atlantic,SON,"mean over τ∈[2, 4]",T700,weatherdcae_14m_6yr,0.02585708631997256,,,96
6h,2021,North_Atlantic,SON,"mean over τ∈[2, 4]",U1000,weatherdcae_14m_6yr,0.10332022526854677,,,96
6h,2021,North_Atlantic,SON,"mean over τ∈[2, 4]",U925,weatherdcae_14m_6yr,0.09706402322969315,,,96
6h,2021,North_Atlantic,SON,"mean over τ∈[2, 4]",U850,weatherdcae_14m_6yr,0.10039916198481186,,,96
6h,2021,North_Atlantic,SON,"mean over τ∈[2, 4]",U700,weatherdcae_14m_6yr,0.0904125534817932,,,96
6h,2021,North_Atlantic,SON,"mean over τ∈[2, 4]",V1000,weatherdcae_14m_6yr,0.1784522781367598,,,96
6h,2021,North_Atlantic,SON,"mean over τ∈[2, 4]",V925,weatherdcae_14m_6yr,0.2154426585176392,,,96
6h,2021,North_Atlantic,SON,"mean over τ∈[2, 4]",V850,weatherdcae_14m_6yr,0.2649910069344194,,,96
6h,2021,North_Atlantic,SON,"mean over τ∈[2, 4]",V700,weatherdcae_14m_6yr,0.2939284617245197,,,96
6h,2021,North_Atlantic,SON,"mean over τ∈[2, 4]",Q1000,weatherdcae_14m_6yr,0.032290850705998526,,,96
6h,2021,North_Atlantic,SON,"mean over τ∈[2, 4]",Q925,weatherdcae_14m_6yr,0.06958880469117339,,,96
6h,2021,North_Atlantic,SON,"mean over τ∈[2, 4]",Q850,weatherdcae_14m_6yr,0.10489085786853447,,,96
6h,2021,North_Atlantic,SON,"mean over τ∈[2, 4]",Q700,weatherdcae_14m_6yr,0.14039659574322616,,,96
6h,2021,North_Atlantic,SON,"mean over τ∈[2, 4]",Z1000,weatherdcae_14m_6yr,0.022539772886578685,,,96
6h,2021,North_Atlantic,SON,"mean over τ∈[2, 4]",Z925,weatherdcae_14m_6yr,0.018055559286206044,,,96
6h,2021,North_Atlantic,SON,"mean over τ∈[2, 4]",Z850,weatherdcae_14m_6yr,0.014196591623840992,,,96
6h,2021,North_Atlantic,SON,"mean over τ∈[2, 4]",Z700,weatherdcae_14m_6yr,0.009452642995051098,,,96
6h,2021,North_Atlantic,SON,"mean over τ∈[2, 4]",t2m,weatherdcae_14m_6yr,0.023274774596911064,,,96
6h,2021,North_Atlantic,SON,"mean over τ∈[2, 4]",u10,weatherdcae_14m_6yr,0.09952693573544738,,,96
6h,2021,North_Atlantic,SON,"mean over τ∈[2, 4]",v10,weatherdcae_14m_6yr,0.1703026282232154,,,96
6h,2021,North_Atlantic,SON,"mean over τ∈[2, 4]",mslp,weatherdcae_14m_6yr,0.022365134576434038,,,96
6h,2021,West_Pacific,DJF,"mean over τ∈[2, 4]",T1000,weatherdcae_14m_6yr,0.018112776076233586,,,96
6h,2021,West_Pacific,DJF,"mean over τ∈[2, 4]",T925,weatherdcae_14m_6yr,0.018864563630112578,,,96
6h,2021,West_Pacific,DJF,"mean over τ∈[2, 4]",T850,weatherdcae_14m_6yr,0.02843108557396988,,,96
6h,2021,West_Pacific,DJF,"mean over τ∈[2, 4]",T700,weatherdcae_14m_6yr,0.028616787545608938,,,96
6h,2021,West_Pacific,DJF,"mean over τ∈[2, 4]",U1000,weatherdcae_14m_6yr,0.11272535191289487,,,96
6h,2021,West_Pacific,DJF,"mean over τ∈[2, 4]",U925,weatherdcae_14m_6yr,0.10078018017854533,,,96
6h,2021,West_Pacific,DJF,"mean over τ∈[2, 4]",U850,weatherdcae_14m_6yr,0.11314546213624371,,,96
6h,2021,West_Pacific,DJF,"mean over τ∈[2, 4]",U700,weatherdcae_14m_6yr,0.11175450719742183,,,96
6h,2021,West_Pacific,DJF,"mean over τ∈[2, 4]",V1000,weatherdcae_14m_6yr,0.20662026104245573,,,96
6h,2021,West_Pacific,DJF,"mean over τ∈[2, 4]",V925,weatherdcae_14m_6yr,0.23455582082487614,,,96
6h,2021,West_Pacific,DJF,"mean over τ∈[2, 4]",V850,weatherdcae_14m_6yr,0.30585850172092754,,,96
6h,2021,West_Pacific,DJF,"mean over τ∈[2, 4]",V700,weatherdcae_14m_6yr,0.3479583407541127,,,96
6h,2021,West_Pacific,DJF,"mean over τ∈[2, 4]",Q1000,weatherdcae_14m_6yr,0.0328955893228198,,,96
6h,2021,West_Pacific,DJF,"mean over τ∈[2, 4]",Q925,weatherdcae_14m_6yr,0.06566985948610872,,,96
6h,2021,West_Pacific,DJF,"mean over τ∈[2, 4]",Q850,weatherdcae_14m_6yr,0.1190170855512993,,,96
6h,2021,West_Pacific,DJF,"mean over τ∈[2, 4]",Q700,weatherdcae_14m_6yr,0.13627293528288076,,,96
6h,2021,West_Pacific,DJF,"mean over τ∈[2, 4]",Z1000,weatherdcae_14m_6yr,0.026084140860405437,,,96
6h,2021,West_Pacific,DJF,"mean over τ∈[2, 4]",Z925,weatherdcae_14m_6yr,0.02083554427888281,,,96
6h,2021,West_Pacific,DJF,"mean over τ∈[2, 4]",Z850,weatherdcae_14m_6yr,0.016516721902256455,,,96
6h,2021,West_Pacific,DJF,"mean over τ∈[2, 4]",Z700,weatherdcae_14m_6yr,0.010998989067304456,,,96
6h,2021,West_Pacific,DJF,"mean over τ∈[2, 4]",t2m,weatherdcae_14m_6yr,0.02081548004359119,,,96
6h,2021,West_Pacific,DJF,"mean over τ∈[2, 4]",u10,weatherdcae_14m_6yr,0.10922457861707904,,,96
6h,2021,West_Pacific,DJF,"mean over τ∈[2, 4]",v10,weatherdcae_14m_6yr,0.19343937379826306,,,96
6h,2021,West_Pacific,DJF,"mean over τ∈[2, 4]",mslp,weatherdcae_14m_6yr,0.026144968316112432,,,96
6h,2021,West_Pacific,MAM,"mean over τ∈[2, 4]",T1000,weatherdcae_14m_6yr,0.016818176055783233,,,96
6h,2021,West_Pacific,MAM,"mean over τ∈[2, 4]",T925,weatherdcae_14m_6yr,0.019874868490657126,,,96
6h,2021,West_Pacific,MAM,"mean over τ∈[2, 4]",T850,weatherdcae_14m_6yr,0.02478659396582252,,,96
6h,2021,West_Pacific,MAM,"mean over τ∈[2, 4]",T700,weatherdcae_14m_6yr,0.02319558667794373,,,96
6h,2021,West_Pacific,MAM,"mean over τ∈[2, 4]",U1000,weatherdcae_14m_6yr,0.09820250998759707,,,96
6h,2021,West_Pacific,MAM,"mean over τ∈[2, 4]",U925,weatherdcae_14m_6yr,0.08643975443499874,,,96
6h,2021,West_Pacific,MAM,"mean over τ∈[2, 4]",U850,weatherdcae_14m_6yr,0.0902764973663231,,,96
6h,2021,West_Pacific,MAM,"mean over τ∈[2, 4]",U700,weatherdcae_14m_6yr,0.08518004196187558,,,96
6h,2021,West_Pacific,MAM,"mean over τ∈[2, 4]",V1000,weatherdcae_14m_6yr,0.17996921243006592,,,96
6h,2021,West_Pacific,MAM,"mean over τ∈[2, 4]",V925,weatherdcae_14m_6yr,0.1916156710521251,,,96
6h,2021,West_Pacific,MAM,"mean over τ∈[2, 4]",V850,weatherdcae_14m_6yr,0.238983308716316,,,96
6h,2021,West_Pacific,MAM,"mean over τ∈[2, 4]",V700,weatherdcae_14m_6yr,0.2734053894472317,,,96
6h,2021,West_Pacific,MAM,"mean over τ∈[2, 4]",Q1000,weatherdcae_14m_6yr,0.028548824122111707,,,96
6h,2021,West_Pacific,MAM,"mean over τ∈[2, 4]",Q925,weatherdcae_14m_6yr,0.07337859744401047,,,96
6h,2021,West_Pacific,MAM,"mean over τ∈[2, 4]",Q850,weatherdcae_14m_6yr,0.10296030353038885,,,96
6h,2021,West_Pacific,MAM,"mean over τ∈[2, 4]",Q700,weatherdcae_14m_6yr,0.1315602754204922,,,96
6h,2021,West_Pacific,MAM,"mean over τ∈[2, 4]",Z1000,weatherdcae_14m_6yr,0.02197107451069271,,,96
6h,2021,West_Pacific,MAM,"mean over τ∈[2, 4]",Z925,weatherdcae_14m_6yr,0.017540872026700533,,,96
6h,2021,West_Pacific,MAM,"mean over τ∈[2, 4]",Z850,weatherdcae_14m_6yr,0.01383620831373357,,,96
6h,2021,West_Pacific,MAM,"mean over τ∈[2, 4]",Z700,weatherdcae_14m_6yr,0.009236219346641076,,,96
6h,2021,West_Pacific,MAM,"mean over τ∈[2, 4]",t2m,weatherdcae_14m_6yr,0.01708971599645704,,,96
6h,2021,West_Pacific,MAM,"mean over τ∈[2, 4]",u10,weatherdcae_14m_6yr,0.08962677647492809,,,96
6h,2021,West_Pacific,MAM,"mean over τ∈[2, 4]",v10,weatherdcae_14m_6yr,0.16369694241581342,,,96
6h,2021,West_Pacific,MAM,"mean over τ∈[2, 4]",mslp,weatherdcae_14m_6yr,0.021737491469557828,,,96
6h,2021,West_Pacific,JJA,"mean over τ∈[2, 4]",T1000,weatherdcae_14m_6yr,0.016115586287240746,,,96
6h,2021,West_Pacific,JJA,"mean over τ∈[2, 4]",T925,weatherdcae_14m_6yr,0.017902467016720474,,,96
6h,2021,West_Pacific,JJA,"mean over τ∈[2, 4]",T850,weatherdcae_14m_6yr,0.018210440925579666,,,96
6h,2021,West_Pacific,JJA,"mean over τ∈[2, 4]",T700,weatherdcae_14m_6yr,0.01801519501815474,,,96
6h,2021,West_Pacific,JJA,"mean over τ∈[2, 4]",U1000,weatherdcae_14m_6yr,0.0887781548035838,,,96
6h,2021,West_Pacific,JJA,"mean over τ∈[2, 4]",U925,weatherdcae_14m_6yr,0.07483479973108942,,,96
6h,2021,West_Pacific,JJA,"mean over τ∈[2, 4]",U850,weatherdcae_14m_6yr,0.07335201542514298,,,96
6h,2021,West_Pacific,JJA,"mean over τ∈[2, 4]",U700,weatherdcae_14m_6yr,0.07066625511141891,,,96
6h,2021,West_Pacific,JJA,"mean over τ∈[2, 4]",V1000,weatherdcae_14m_6yr,0.1484551998903195,,,96
6h,2021,West_Pacific,JJA,"mean over τ∈[2, 4]",V925,weatherdcae_14m_6yr,0.1580943066149571,,,96
6h,2021,West_Pacific,JJA,"mean over τ∈[2, 4]",V850,weatherdcae_14m_6yr,0.19127131347620568,,,96
6h,2021,West_Pacific,JJA,"mean over τ∈[2, 4]",V700,weatherdcae_14m_6yr,0.22984382561590133,,,96
6h,2021,West_Pacific,JJA,"mean over τ∈[2, 4]",Q1000,weatherdcae_14m_6yr,0.027923211572288185,,,96
6h,2021,West_Pacific,JJA,"mean over τ∈[2, 4]",Q925,weatherdcae_14m_6yr,0.0751019278308954,,,96
6h,2021,West_Pacific,JJA,"mean over τ∈[2, 4]",Q850,weatherdcae_14m_6yr,0.09398904227697727,,,96
6h,2021,West_Pacific,JJA,"mean over τ∈[2, 4]",Q700,weatherdcae_14m_6yr,0.13350460052826862,,,96
6h,2021,West_Pacific,JJA,"mean over τ∈[2, 4]",Z1000,weatherdcae_14m_6yr,0.021185897129821947,,,96
6h,2021,West_Pacific,JJA,"mean over τ∈[2, 4]",Z925,weatherdcae_14m_6yr,0.01693242606238988,,,96
6h,2021,West_Pacific,JJA,"mean over τ∈[2, 4]",Z850,weatherdcae_14m_6yr,0.013285818639656876,,,96
6h,2021,West_Pacific,JJA,"mean over τ∈[2, 4]",Z700,weatherdcae_14m_6yr,0.00895838637981207,,,96
6h,2021,West_Pacific,JJA,"mean over τ∈[2, 4]",t2m,weatherdcae_14m_6yr,0.017068784876224548,,,96
6h,2021,West_Pacific,JJA,"mean over τ∈[2, 4]",u10,weatherdcae_14m_6yr,0.08619005645747041,,,96
6h,2021,West_Pacific,JJA,"mean over τ∈[2, 4]",v10,weatherdcae_14m_6yr,0.1462771611089919,,,96
6h,2021,West_Pacific,JJA,"mean over τ∈[2, 4]",mslp,weatherdcae_14m_6yr,0.020308443976867197,,,96
6h,2021,West_Pacific,SON,"mean over τ∈[2, 4]",T1000,weatherdcae_14m_6yr,0.016914475319581068,,,96
6h,2021,West_Pacific,SON,"mean over τ∈[2, 4]",T925,weatherdcae_14m_6yr,0.017562138658432088,,,96
6h,2021,West_Pacific,SON,"mean over τ∈[2, 4]",T850,weatherdcae_14m_6yr,0.022637813942065398,,,96
6h,2021,West_Pacific,SON,"mean over τ∈[2, 4]",T700,weatherdcae_14m_6yr,0.021556663018706422,,,96
6h,2021,West_Pacific,SON,"mean over τ∈[2, 4]",U1000,weatherdcae_14m_6yr,0.09633797042812439,,,96
6h,2021,West_Pacific,SON,"mean over τ∈[2, 4]",U925,weatherdcae_14m_6yr,0.08231344499098703,,,96
6h,2021,West_Pacific,SON,"mean over τ∈[2, 4]",U850,weatherdcae_14m_6yr,0.08629286540028047,,,96
6h,2021,West_Pacific,SON,"mean over τ∈[2, 4]",U700,weatherdcae_14m_6yr,0.08505897932936046,,,96
6h,2021,West_Pacific,SON,"mean over τ∈[2, 4]",V1000,weatherdcae_14m_6yr,0.16839963509910558,,,96
6h,2021,West_Pacific,SON,"mean over τ∈[2, 4]",V925,weatherdcae_14m_6yr,0.18285176693986996,,,96
6h,2021,West_Pacific,SON,"mean over τ∈[2, 4]",V850,weatherdcae_14m_6yr,0.23242682993807004,,,96
6h,2021,West_Pacific,SON,"mean over τ∈[2, 4]",V700,weatherdcae_14m_6yr,0.27168219620835077,,,96
6h,2021,West_Pacific,SON,"mean over τ∈[2, 4]",Q1000,weatherdcae_14m_6yr,0.03061377972806226,,,96
6h,2021,West_Pacific,SON,"mean over τ∈[2, 4]",Q925,weatherdcae_14m_6yr,0.07698291372418264,,,96
6h,2021,West_Pacific,SON,"mean over τ∈[2, 4]",Q850,weatherdcae_14m_6yr,0.10929626530196908,,,96
6h,2021,West_Pacific,SON,"mean over τ∈[2, 4]",Q700,weatherdcae_14m_6yr,0.14431797495946766,,,96
6h,2021,West_Pacific,SON,"mean over τ∈[2, 4]",Z1000,weatherdcae_14m_6yr,0.02269800738106628,,,96
6h,2021,West_Pacific,SON,"mean over τ∈[2, 4]",Z925,weatherdcae_14m_6yr,0.01829225238013738,,,96
6h,2021,West_Pacific,SON,"mean over τ∈[2, 4]",Z850,weatherdcae_14m_6yr,0.01433645892228082,,,96
6h,2021,West_Pacific,SON,"mean over τ∈[2, 4]",Z700,weatherdcae_14m_6yr,0.009564870175665478,,,96
6h,2021,West_Pacific,SON,"mean over τ∈[2, 4]",t2m,weatherdcae_14m_6yr,0.02001679475395915,,,96
6h,2021,West_Pacific,SON,"mean over τ∈[2, 4]",u10,weatherdcae_14m_6yr,0.0927553751160406,,,96
6h,2021,West_Pacific,SON,"mean over τ∈[2, 4]",v10,weatherdcae_14m_6yr,0.16440545805387993,,,96
6h,2021,West_Pacific,SON,"mean over τ∈[2, 4]",mslp,weatherdcae_14m_6yr,0.021903741680770326,,,96
6h,2021,Land,DJF,"mean over τ∈[2, 4]",T1000,weatherdcae_14m_6yr,0.018553364590817436,,,96
6h,2021,Land,DJF,"mean over τ∈[2, 4]",T925,weatherdcae_14m_6yr,0.02226077848038867,,,96
6h,2021,Land,DJF,"mean over τ∈[2, 4]",T850,weatherdcae_14m_6yr,0.02716493342769203,,,96
6h,2021,Land,DJF,"mean over τ∈[2, 4]",T700,weatherdcae_14m_6yr,0.023081477649916964,,,96
6h,2021,Land,DJF,"mean over τ∈[2, 4]",U1000,weatherdcae_14m_6yr,0.07914022129062133,,,96
6h,2021,Land,DJF,"mean over τ∈[2, 4]",U925,weatherdcae_14m_6yr,0.07719932182842182,,,96
6h,2021,Land,DJF,"mean over τ∈[2, 4]",U850,weatherdcae_14m_6yr,0.08128559663690049,,,96
6h,2021,Land,DJF,"mean over τ∈[2, 4]",U700,weatherdcae_14m_6yr,0.07163671669429247,,,96
6h,2021,Land,DJF,"mean over τ∈[2, 4]",V1000,weatherdcae_14m_6yr,0.1362928194907016,,,96
6h,2021,Land,DJF,"mean over τ∈[2, 4]",V925,weatherdcae_14m_6yr,0.16834242292208992,,,96
6h,2021,Land,DJF,"mean over τ∈[2, 4]",V850,weatherdcae_14m_6yr,0.21596793023083083,,,96
6h,2021,Land,DJF,"mean over τ∈[2, 4]",V700,weatherdcae_14m_6yr,0.2348821970941725,,,96
6h,2021,Land,DJF,"mean over τ∈[2, 4]",Q1000,weatherdcae_14m_6yr,0.03195486869817679,,,96
6h,2021,Land,DJF,"mean over τ∈[2, 4]",Q925,weatherdcae_14m_6yr,0.05555573503454587,,,96
6h,2021,Land,DJF,"mean over τ∈[2, 4]",Q850,weatherdcae_14m_6yr,0.09011909522494323,,,96
6h,2021,Land,DJF,"mean over τ∈[2, 4]",Q700,weatherdcae_14m_6yr,0.11314089512310671,,,96
6h,2021,Land,DJF,"mean over τ∈[2, 4]",Z1000,weatherdcae_14m_6yr,0.02179795894443316,,,96
6h,2021,Land,DJF,"mean over τ∈[2, 4]",Z925,weatherdcae_14m_6yr,0.017283885082819368,,,96
6h,2021,Land,DJF,"mean over τ∈[2, 4]",Z850,weatherdcae_14m_6yr,0.013545207260104379,,,96
6h,2021,Land,DJF,"mean over τ∈[2, 4]",Z700,weatherdcae_14m_6yr,0.009072651194882153,,,96
6h,2021,Land,DJF,"mean over τ∈[2, 4]",t2m,weatherdcae_14m_6yr,0.025545549186159085,,,96
6h,2021,Land,DJF,"mean over τ∈[2, 4]",u10,weatherdcae_14m_6yr,0.07963935603057049,,,96
6h,2021,Land,DJF,"mean over τ∈[2, 4]",v10,weatherdcae_14m_6yr,0.1359479706755438,,,96
6h,2021,Land,DJF,"mean over τ∈[2, 4]",mslp,weatherdcae_14m_6yr,0.0220779598589934,,,96
6h,2021,Land,MAM,"mean over τ∈[2, 4]",T1000,weatherdcae_14m_6yr,0.01954213930968671,,,96
6h,2021,Land,MAM,"mean over τ∈[2, 4]",T925,weatherdcae_14m_6yr,0.02243946875784699,,,96
6h,2021,Land,MAM,"mean over τ∈[2, 4]",T850,weatherdcae_14m_6yr,0.02714786577180174,,,96
6h,2021,Land,MAM,"mean over τ∈[2, 4]",T700,weatherdcae_14m_6yr,0.024594214797912045,,,96
6h,2021,Land,MAM,"mean over τ∈[2, 4]",U1000,weatherdcae_14m_6yr,0.08600665989939595,,,96
6h,2021,Land,MAM,"mean over τ∈[2, 4]",U925,weatherdcae_14m_6yr,0.08404539087960644,,,96
6h,2021,Land,MAM,"mean over τ∈[2, 4]",U850,weatherdcae_14m_6yr,0.08641088365962864,,,96
6h,2021,Land,MAM,"mean over τ∈[2, 4]",U700,weatherdcae_14m_6yr,0.0777240478879318,,,96
6h,2021,Land,MAM,"mean over τ∈[2, 4]",V1000,weatherdcae_14m_6yr,0.14645829558015203,,,96
6h,2021,Land,MAM,"mean over τ∈[2, 4]",V925,weatherdcae_14m_6yr,0.18330325295359093,,,96
6h,2021,Land,MAM,"mean over τ∈[2, 4]",V850,weatherdcae_14m_6yr,0.22878537277292152,,,96
6h,2021,Land,MAM,"mean over τ∈[2, 4]",V700,weatherdcae_14m_6yr,0.25236514175082425,,,96
6h,2021,Land,MAM,"mean over τ∈[2, 4]",Q1000,weatherdcae_14m_6yr,0.032423015005188925,,,96
6h,2021,Land,MAM,"mean over τ∈[2, 4]",Q925,weatherdcae_14m_6yr,0.05427586141850883,,,96
6h,2021,Land,MAM,"mean over τ∈[2, 4]",Q850,weatherdcae_14m_6yr,0.08269093244155938,,,96
6h,2021,Land,MAM,"mean over τ∈[2, 4]",Q700,weatherdcae_14m_6yr,0.11047704074057166,,,96
6h,2021,Land,MAM,"mean over τ∈[2, 4]",Z1000,weatherdcae_14m_6yr,0.022773754996067975,,,96
6h,2021,Land,MAM,"mean over τ∈[2, 4]",Z925,weatherdcae_14m_6yr,0.018084991192074427,,,96
6h,2021,Land,MAM,"mean over τ∈[2, 4]",Z850,weatherdcae_14m_6yr,0.014125768748053612,,,96
6h,2021,Land,MAM,"mean over τ∈[2, 4]",Z700,weatherdcae_14m_6yr,0.009440560446162679,,,96
6h,2021,Land,MAM,"mean over τ∈[2, 4]",t2m,weatherdcae_14m_6yr,0.027099759935601223,,,96
6h,2021,Land,MAM,"mean over τ∈[2, 4]",u10,weatherdcae_14m_6yr,0.08714331535692763,,,96
6h,2021,Land,MAM,"mean over τ∈[2, 4]",v10,weatherdcae_14m_6yr,0.14720659328693486,,,96
6h,2021,Land,MAM,"mean over τ∈[2, 4]",mslp,weatherdcae_14m_6yr,0.02315961937494431,,,96
6h,2021,Land,JJA,"mean over τ∈[2, 4]",T1000,weatherdcae_14m_6yr,0.019881407350586147,,,96
6h,2021,Land,JJA,"mean over τ∈[2, 4]",T925,weatherdcae_14m_6yr,0.022410792824150292,,,96
6h,2021,Land,JJA,"mean over τ∈[2, 4]",T850,weatherdcae_14m_6yr,0.02685213310982054,,,96
6h,2021,Land,JJA,"mean over τ∈[2, 4]",T700,weatherdcae_14m_6yr,0.02507651768793055,,,96
6h,2021,Land,JJA,"mean over τ∈[2, 4]",U1000,weatherdcae_14m_6yr,0.08791195485894233,,,96
6h,2021,Land,JJA,"mean over τ∈[2, 4]",U925,weatherdcae_14m_6yr,0.08689708127488083,,,96
6h,2021,Land,JJA,"mean over τ∈[2, 4]",U850,weatherdcae_14m_6yr,0.09013869709233704,,,96
6h,2021,Land,JJA,"mean over τ∈[2, 4]",U700,weatherdcae_14m_6yr,0.08186929058842168,,,96
6h,2021,Land,JJA,"mean over τ∈[2, 4]",V1000,weatherdcae_14m_6yr,0.14808205897953286,,,96
6h,2021,Land,JJA,"mean over τ∈[2, 4]",V925,weatherdcae_14m_6yr,0.18661511749487816,,,96
6h,2021,Land,JJA,"mean over τ∈[2, 4]",V850,weatherdcae_14m_6yr,0.23537273817904744,,,96
6h,2021,Land,JJA,"mean over τ∈[2, 4]",V700,weatherdcae_14m_6yr,0.2634320422990814,,,96
6h,2021,Land,JJA,"mean over τ∈[2, 4]",Q1000,weatherdcae_14m_6yr,0.03118028311123882,,,96
6h,2021,Land,JJA,"mean over τ∈[2, 4]",Q925,weatherdcae_14m_6yr,0.05371545064633832,,,96
6h,2021,Land,JJA,"mean over τ∈[2, 4]",Q850,weatherdcae_14m_6yr,0.07866206966569239,,,96
6h,2021,Land,JJA,"mean over τ∈[2, 4]",Q700,weatherdcae_14m_6yr,0.10134419596298659,,,96
6h,2021,Land,JJA,"mean over τ∈[2, 4]",Z1000,weatherdcae_14m_6yr,0.023129628393114148,,,96
6h,2021,Land,JJA,"mean over τ∈[2, 4]",Z925,weatherdcae_14m_6yr,0.018303388849661505,,,96
6h,2021,Land,JJA,"mean over τ∈[2, 4]",Z850,weatherdcae_14m_6yr,0.01433556196582251,,,96
6h,2021,Land,JJA,"mean over τ∈[2, 4]",Z700,weatherdcae_14m_6yr,0.009595190930184402,,,96
6h,2021,Land,JJA,"mean over τ∈[2, 4]",t2m,weatherdcae_14m_6yr,0.02635459237243069,,,96
6h,2021,Land,JJA,"mean over τ∈[2, 4]",u10,weatherdcae_14m_6yr,0.08989468176986098,,,96
6h,2021,Land,JJA,"mean over τ∈[2, 4]",v10,weatherdcae_14m_6yr,0.14905658427396348,,,96
6h,2021,Land,JJA,"mean over τ∈[2, 4]",mslp,weatherdcae_14m_6yr,0.023677513098111103,,,96
6h,2021,Land,SON,"mean over τ∈[2, 4]",T1000,weatherdcae_14m_6yr,0.019769416303875954,,,96
6h,2021,Land,SON,"mean over τ∈[2, 4]",T925,weatherdcae_14m_6yr,0.023206217519331402,,,96
6h,2021,Land,SON,"mean over τ∈[2, 4]",T850,weatherdcae_14m_6yr,0.027867834153340203,,,96
6h,2021,Land,SON,"mean over τ∈[2, 4]",T700,weatherdcae_14m_6yr,0.0238817669189954,,,96
6h,2021,Land,SON,"mean over τ∈[2, 4]",U1000,weatherdcae_14m_6yr,0.08318425603385207,,,96
6h,2021,Land,SON,"mean over τ∈[2, 4]",U925,weatherdcae_14m_6yr,0.08164074553176776,,,96
6h,2021,Land,SON,"mean over τ∈[2, 4]",U850,weatherdcae_14m_6yr,0.08573513391663155,,,96
6h,2021,Land,SON,"mean over τ∈[2, 4]",U700,weatherdcae_14m_6yr,0.07640562987311579,,,96
6h,2021,Land,SON,"mean over τ∈[2, 4]",V1000,weatherdcae_14m_6yr,0.14127056728370382,,,96
6h,2021,Land,SON,"mean over τ∈[2, 4]",V925,weatherdcae_14m_6yr,0.1771955279508337,,,96
6h,2021,Land,SON,"mean over τ∈[2, 4]",V850,weatherdcae_14m_6yr,0.2257190992691452,,,96
6h,2021,Land,SON,"mean over τ∈[2, 4]",V700,weatherdcae_14m_6yr,0.24582167256455043,,,96
6h,2021,Land,SON,"mean over τ∈[2, 4]",Q1000,weatherdcae_14m_6yr,0.032865068796950295,,,96
6h,2021,Land,SON,"mean over τ∈[2, 4]",Q925,weatherdcae_14m_6yr,0.05508148326531706,,,96
6h,2021,Land,SON,"mean over τ∈[2, 4]",Q850,weatherdcae_14m_6yr,0.07923042490992285,,,96
6h,2021,Land,SON,"mean over τ∈[2, 4]",Q700,weatherdcae_14m_6yr,0.10180841247795233,,,96
6h,2021,Land,SON,"mean over τ∈[2, 4]",Z1000,weatherdcae_14m_6yr,0.023001225384398867,,,96
6h,2021,Land,SON,"mean over τ∈[2, 4]",Z925,weatherdcae_14m_6yr,0.01825648735178791,,,96
6h,2021,Land,SON,"mean over τ∈[2, 4]",Z850,weatherdcae_14m_6yr,0.014300294609735089,,,96
6h,2021,Land,SON,"mean over τ∈[2, 4]",Z700,weatherdcae_14m_6yr,0.00954445677777471,,,96
6h,2021,Land,SON,"mean over τ∈[2, 4]",t2m,weatherdcae_14m_6yr,0.027257580975592284,,,96
6h,2021,Land,SON,"mean over τ∈[2, 4]",u10,weatherdcae_14m_6yr,0.08501567603887272,,,96
6h,2021,Land,SON,"mean over τ∈[2, 4]",v10,weatherdcae_14m_6yr,0.1429183089551153,,,96
6h,2021,Land,SON,"mean over τ∈[2, 4]",mslp,weatherdcae_14m_6yr,0.023239863881941398,,,96
6h,2021,Ocean,DJF,"mean over τ∈[2, 4]",T1000,weatherdcae_14m_6yr,0.019634293472222772,,,96
6h,2021,Ocean,DJF,"mean over τ∈[2, 4]",T925,weatherdcae_14m_6yr,0.022010292820546874,,,96
6h,2021,Ocean,DJF,"mean over τ∈[2, 4]",T850,weatherdcae_14m_6yr,0.02526545362795637,,,96
6h,2021,Ocean,DJF,"mean over τ∈[2, 4]",T700,weatherdcae_14m_6yr,0.023169810598188966,,,96
6h,2021,Ocean,DJF,"mean over τ∈[2, 4]",U1000,weatherdcae_14m_6yr,0.08611619041574378,,,96
6h,2021,Ocean,DJF,"mean over τ∈[2, 4]",U925,weatherdcae_14m_6yr,0.08316151682369685,,,96
6h,2021,Ocean,DJF,"mean over τ∈[2, 4]",U850,weatherdcae_14m_6yr,0.08640567185605036,,,96
6h,2021,Ocean,DJF,"mean over τ∈[2, 4]",U700,weatherdcae_14m_6yr,0.08163367098665315,,,96
6h,2021,Ocean,DJF,"mean over τ∈[2, 4]",V1000,weatherdcae_14m_6yr,0.14898351979258181,,,96
6h,2021,Ocean,DJF,"mean over τ∈[2, 4]",V925,weatherdcae_14m_6yr,0.18075819081829722,,,96
6h,2021,Ocean,DJF,"mean over τ∈[2, 4]",V850,weatherdcae_14m_6yr,0.23168347742583376,,,96
6h,2021,Ocean,DJF,"mean over τ∈[2, 4]",V700,weatherdcae_14m_6yr,0.2656610021256926,,,96
6h,2021,Ocean,DJF,"mean over τ∈[2, 4]",Q1000,weatherdcae_14m_6yr,0.02952893107212947,,,96
6h,2021,Ocean,DJF,"mean over τ∈[2, 4]",Q925,weatherdcae_14m_6yr,0.06008674118194261,,,96
6h,2021,Ocean,DJF,"mean over τ∈[2, 4]",Q850,weatherdcae_14m_6yr,0.08905753167703229,,,96
6h,2021,Ocean,DJF,"mean over τ∈[2, 4]",Q700,weatherdcae_14m_6yr,0.1079683432392967,,,96
6h,2021,Ocean,DJF,"mean over τ∈[2, 4]",Z1000,weatherdcae_14m_6yr,0.024452996104933348,,,96
6h,2021,Ocean,DJF,"mean over τ∈[2, 4]",Z925,weatherdcae_14m_6yr,0.019046261669677315,,,96
6h,2021,Ocean,DJF,"mean over τ∈[2, 4]",Z850,weatherdcae_14m_6yr,0.014708083660235955,,,96
6h,2021,Ocean,DJF,"mean over τ∈[2, 4]",Z700,weatherdcae_14m_6yr,0.009557652987039558,,,96
6h,2021,Ocean,DJF,"mean over τ∈[2, 4]",t2m,weatherdcae_14m_6yr,0.032645312099615575,,,96
6h,2021,Ocean,DJF,"mean over τ∈[2, 4]",u10,weatherdcae_14m_6yr,0.08633670112837483,,,96
6h,2021,Ocean,DJF,"mean over τ∈[2, 4]",v10,weatherdcae_14m_6yr,0.14814224224369515,,,96
6h,2021,Ocean,DJF,"mean over τ∈[2, 4]",mslp,weatherdcae_14m_6yr,0.025170454976626268,,,96
6h,2021,Ocean,MAM,"mean over τ∈[2, 4]",T1000,weatherdcae_14m_6yr,0.021751272480063207,,,96
6h,2021,Ocean,MAM,"mean over τ∈[2, 4]",T925,weatherdcae_14m_6yr,0.0230124456691332,,,96
6h,2021,Ocean,MAM,"mean over τ∈[2, 4]",T850,weatherdcae_14m_6yr,0.024993877198371386,,,96
6h,2021,Ocean,MAM,"mean over τ∈[2, 4]",T700,weatherdcae_14m_6yr,0.022257696314071523,,,96
6h,2021,Ocean,MAM,"mean over τ∈[2, 4]",U1000,weatherdcae_14m_6yr,0.08701770260417707,,,96
6h,2021,Ocean,MAM,"mean over τ∈[2, 4]",U925,weatherdcae_14m_6yr,0.08393021569839738,,,96
6h,2021,Ocean,MAM,"mean over τ∈[2, 4]",U850,weatherdcae_14m_6yr,0.08639217551638906,,,96
6h,2021,Ocean,MAM,"mean over τ∈[2, 4]",U700,weatherdcae_14m_6yr,0.07940366370327859,,,96
6h,2021,Ocean,MAM,"mean over τ∈[2, 4]",V1000,weatherdcae_14m_6yr,0.15114726457740707,,,96
6h,2021,Ocean,MAM,"mean over τ∈[2, 4]",V925,weatherdcae_14m_6yr,0.18420339399462674,,,96
6h,2021,Ocean,MAM,"mean over τ∈[2, 4]",V850,weatherdcae_14m_6yr,0.231966852179362,,,96
6h,2021,Ocean,MAM,"mean over τ∈[2, 4]",V700,weatherdcae_14m_6yr,0.2606860756325438,,,96
6h,2021,Ocean,MAM,"mean over τ∈[2, 4]",Q1000,weatherdcae_14m_6yr,0.03286539710565247,,,96
6h,2021,Ocean,MAM,"mean over τ∈[2, 4]",Q925,weatherdcae_14m_6yr,0.061859574290466075,,,96
6h,2021,Ocean,MAM,"mean over τ∈[2, 4]",Q850,weatherdcae_14m_6yr,0.08536014145844142,,,96
6h,2021,Ocean,MAM,"mean over τ∈[2, 4]",Q700,weatherdcae_14m_6yr,0.10695232320959384,,,96
6h,2021,Ocean,MAM,"mean over τ∈[2, 4]",Z1000,weatherdcae_14m_6yr,0.023747055546166733,,,96
6h,2021,Ocean,MAM,"mean over τ∈[2, 4]",Z925,weatherdcae_14m_6yr,0.018411235163771522,,,96
6h,2021,Ocean,MAM,"mean over τ∈[2, 4]",Z850,weatherdcae_14m_6yr,0.014128029426474044,,,96
6h,2021,Ocean,MAM,"mean over τ∈[2, 4]",Z700,weatherdcae_14m_6yr,0.009145632573109512,,,96
6h,2021,Ocean,MAM,"mean over τ∈[2, 4]",t2m,weatherdcae_14m_6yr,0.03771126676149773,,,96
6h,2021,Ocean,MAM,"mean over τ∈[2, 4]",u10,weatherdcae_14m_6yr,0.0871358683062278,,,96
6h,2021,Ocean,MAM,"mean over τ∈[2, 4]",v10,weatherdcae_14m_6yr,0.15053049141133776,,,96
6h,2021,Ocean,MAM,"mean over τ∈[2, 4]",mslp,weatherdcae_14m_6yr,0.02427927199524127,,,96
6h,2021,Ocean,JJA,"mean over τ∈[2, 4]",T1000,weatherdcae_14m_6yr,0.021057300564047823,,,96
6h,2021,Ocean,JJA,"mean over τ∈[2, 4]",T925,weatherdcae_14m_6yr,0.022538906601797203,,,96
6h,2021,Ocean,JJA,"mean over τ∈[2, 4]",T850,weatherdcae_14m_6yr,0.02421257089964755,,,96
6h,2021,Ocean,JJA,"mean over τ∈[2, 4]",T700,weatherdcae_14m_6yr,0.021229079353944084,,,96
6h,2021,Ocean,JJA,"mean over τ∈[2, 4]",U1000,weatherdcae_14m_6yr,0.08693879256529825,,,96
6h,2021,Ocean,JJA,"mean over τ∈[2, 4]",U925,weatherdcae_14m_6yr,0.08364161359241434,,,96
6h,2021,Ocean,JJA,"mean over τ∈[2, 4]",U850,weatherdcae_14m_6yr,0.08519466833774306,,,96
6h,2021,Ocean,JJA,"mean over τ∈[2, 4]",U700,weatherdcae_14m_6yr,0.07648092487403996,,,96
6h,2021,Ocean,JJA,"mean over τ∈[2, 4]",V1000,weatherdcae_14m_6yr,0.1487117655515559,,,96
6h,2021,Ocean,JJA,"mean over τ∈[2, 4]",V925,weatherdcae_14m_6yr,0.181234681466372,,,96
6h,2021,Ocean,JJA,"mean over τ∈[2, 4]",V850,weatherdcae_14m_6yr,0.22920980556021242,,,96
6h,2021,Ocean,JJA,"mean over τ∈[2, 4]",V700,weatherdcae_14m_6yr,0.25339781346282736,,,96
6h,2021,Ocean,JJA,"mean over τ∈[2, 4]",Q1000,weatherdcae_14m_6yr,0.03723937377517821,,,96
6h,2021,Ocean,JJA,"mean over τ∈[2, 4]",Q925,weatherdcae_14m_6yr,0.06415778132232873,,,96
6h,2021,Ocean,JJA,"mean over τ∈[2, 4]",Q850,weatherdcae_14m_6yr,0.09212102482854442,,,96
6h,2021,Ocean,JJA,"mean over τ∈[2, 4]",Q700,weatherdcae_14m_6yr,0.11338288509226814,,,96
6h,2021,Ocean,JJA,"mean over τ∈[2, 4]",Z1000,weatherdcae_14m_6yr,0.023432746901329987,,,96
6h,2021,Ocean,JJA,"mean over τ∈[2, 4]",Z925,weatherdcae_14m_6yr,0.018366325496948027,,,96
6h,2021,Ocean,JJA,"mean over τ∈[2, 4]",Z850,weatherdcae_14m_6yr,0.014209966769859991,,,96
6h,2021,Ocean,JJA,"mean over τ∈[2, 4]",Z700,weatherdcae_14m_6yr,0.009163900996236594,,,96
6h,2021,Ocean,JJA,"mean over τ∈[2, 4]",t2m,weatherdcae_14m_6yr,0.03767541613365521,,,96
6h,2021,Ocean,JJA,"mean over τ∈[2, 4]",u10,weatherdcae_14m_6yr,0.08734746888377681,,,96
6h,2021,Ocean,JJA,"mean over τ∈[2, 4]",v10,weatherdcae_14m_6yr,0.14923415872926682,,,96
6h,2021,Ocean,JJA,"mean over τ∈[2, 4]",mslp,weatherdcae_14m_6yr,0.02373126913275292,,,96
6h,2021,Ocean,SON,"mean over τ∈[2, 4]",T1000,weatherdcae_14m_6yr,0.01959014358915317,,,96
6h,2021,Ocean,SON,"mean over τ∈[2, 4]",T925,weatherdcae_14m_6yr,0.021472435556019038,,,96
6h,2021,Ocean,SON,"mean over τ∈[2, 4]",T850,weatherdcae_14m_6yr,0.025260407117888115,,,96
6h,2021,Ocean,SON,"mean over τ∈[2, 4]",T700,weatherdcae_14m_6yr,0.021914845844071718,,,96
6h,2021,Ocean,SON,"mean over τ∈[2, 4]",U1000,weatherdcae_14m_6yr,0.08398482601881904,,,96
6h,2021,Ocean,SON,"mean over τ∈[2, 4]",U925,weatherdcae_14m_6yr,0.08105529443578718,,,96
6h,2021,Ocean,SON,"mean over τ∈[2, 4]",U850,weatherdcae_14m_6yr,0.08435293984245527,,,96
6h,2021,Ocean,SON,"mean over τ∈[2, 4]",U700,weatherdcae_14m_6yr,0.07675001788440879,,,96
6h,2021,Ocean,SON,"mean over τ∈[2, 4]",V1000,weatherdcae_14m_6yr,0.14419775205955881,,,96
6h,2021,Ocean,SON,"mean over τ∈[2, 4]",V925,weatherdcae_14m_6yr,0.1769345555845359,,,96
6h,2021,Ocean,SON,"mean over τ∈[2, 4]",V850,weatherdcae_14m_6yr,0.22573014367934527,,,96
6h,2021,Ocean,SON,"mean over τ∈[2, 4]",V700,weatherdcae_14m_6yr,0.25067261849667244,,,96
6h,2021,Ocean,SON,"mean over τ∈[2, 4]",Q1000,weatherdcae_14m_6yr,0.032594084108727765,,,96
6h,2021,Ocean,SON,"mean over τ∈[2, 4]",Q925,weatherdcae_14m_6yr,0.06194605074003815,,,96
6h,2021,Ocean,SON,"mean over τ∈[2, 4]",Q850,weatherdcae_14m_6yr,0.09157419098979842,,,96
6h,2021,Ocean,SON,"mean over τ∈[2, 4]",Q700,weatherdcae_14m_6yr,0.10972170825323427,,,96
6h,2021,Ocean,SON,"mean over τ∈[2, 4]",Z1000,weatherdcae_14m_6yr,0.023763345209921603,,,96
6h,2021,Ocean,SON,"mean over τ∈[2, 4]",Z925,weatherdcae_14m_6yr,0.018659221975714298,,,96
6h,2021,Ocean,SON,"mean over τ∈[2, 4]",Z850,weatherdcae_14m_6yr,0.014468578762994526,,,96
6h,2021,Ocean,SON,"mean over τ∈[2, 4]",Z700,weatherdcae_14m_6yr,0.009396028191870433,,,96
6h,2021,Ocean,SON,"mean over τ∈[2, 4]",t2m,weatherdcae_14m_6yr,0.034467052374314404,,,96
6h,2021,Ocean,SON,"mean over τ∈[2, 4]",u10,weatherdcae_14m_6yr,0.08431058757423335,,,96
6h,2021,Ocean,SON,"mean over τ∈[2, 4]",v10,weatherdcae_14m_6yr,0.14459087516866898,,,96
6h,2021,Ocean,SON,"mean over τ∈[2, 4]",mslp,weatherdcae_14m_6yr,0.024194109822223725,,,96
