year,horizon,hour,field,members,held_out,rmse_norm,rmse_phys,acc,gain_vs_single_pct,gain_vs_linear_pct,acc_delta_vs_single
2021,12.0,1,T1000,1,False,0.019508654406884558,0.3306662721213532,0.9933830386560596,0.0,20.6551833805248,0.0
2021,12.0,1,T925,1,False,0.020821880844958635,0.3328157952125987,0.9948642637804195,0.0,12.442497498653815,0.0
2021,12.0,1,T850,1,False,0.022282365792475046,0.34211205515933385,0.9953461559512414,0.0,4.990386129083868,0.0
2021,12.0,1,T700,1,False,0.01975875571918605,0.28284543057989575,0.9962144788748291,0.0,1.1885564438802398,0.0
2021,12.0,1,U1000,1,False,0.10099224795462736,0.5572915632153125,0.9920410639942155,0.0,6.069268475713607,0.0
2021,12.0,1,U925,1,False,0.09867209557919522,0.7065542596339743,0.992203697097534,0.0,7.123037013361378,0.0
2021,12.0,1,U850,1,False,0.09336193911937896,0.7035944189028437,0.9926938135100536,0.0,4.417048461064132,0.0
2021,12.0,1,U700,1,False,0.08671932272582936,0.7397669939345767,0.9936559076680637,0.0,1.7259880144875117,0.0
2021,12.0,1,V1000,1,False,0.19717413441754295,0.6061716052802248,0.991099080983687,0.0,7.89321765906883,0.0
2021,12.0,1,V925,1,False,0.25314719078912656,0.792205583326551,0.9902035614519902,0.0,9.05170189736868,0.0
2021,12.0,1,V850,1,False,0.3045110879448638,0.7638226072805866,0.9904714567764703,0.0,7.384255849402299,0.0
2021,12.0,1,V700,1,False,0.35880234243512593,0.8026222710748037,0.9916897082979097,0.0,4.730307389974319,0.0
2021,12.0,1,Q1000,1,False,0.02635211444294708,0.00019051840261241686,0.9920879070752506,0.0,3.580884571853793,0.0
2021,12.0,1,Q925,1,False,0.045590412722041555,0.0002807457975934235,0.983070738261548,0.0,1.2431705447602304,0.0
2021,12.0,1,Q850,1,False,0.06824166538300223,0.0003309987805847886,0.9842716693185664,0.0,0.9923305143312966,0.0
2021,12.0,1,Q700,1,False,0.0873705296206175,0.0002553982287206767,0.9878985420110273,0.0,1.0687341880436185,0.0
2021,12.0,1,Z1000,1,False,0.03238088324055578,29.57349178907265,0.9986648326580262,0.0,33.10752847923748,0.0
2021,12.0,1,Z925,1,False,0.025637682784976377,28.49401859387524,0.9987084149161788,0.0,32.75688365001555,0.0
2021,12.0,1,Z850,1,False,0.020129895538914137,28.04154405417838,0.998765149694453,0.0,31.108744708708336,0.0
2021,12.0,1,Z700,1,False,0.01341958738256441,28.468819255788013,0.9989859186324137,0.0,27.97941857373577,0.0
2021,12.0,1,t2m,1,False,0.023562450726376305,0.4618240433478971,0.9855251939157982,0.0,13.888753170502188,0.0
2021,12.0,1,u10,1,False,0.10274014527936216,0.5075363217842355,0.9916659980480823,0.0,6.397661811393385,0.0
2021,12.0,1,v10,1,False,0.19768884605393902,0.5495749850134132,0.9905590566342897,0.0,8.217190703033106,0.0
2021,12.0,1,mslp,1,False,0.03225343445184516,35.9851552261738,0.9987697986356052,0.0,32.972833081010656,0.0
2021,12.0,2,T1000,1,False,0.033406204561774046,0.566225890271951,0.9806010159224804,0.0,25.09939023062675,0.0
2021,12.0,2,T925,1,False,0.035540108592736534,0.5680711378653167,0.9849846845947013,0.0,15.663560047528824,0.0
2021,12.0,2,T850,1,False,0.037783343346418904,0.5801061445082827,0.9865608952236408,0.0,6.919384139183016,0.0
2021,12.0,2,T700,1,False,0.033414114598694984,0.4783210923473875,0.9891311181760206,0.0,2.9673997431017174,0.0
2021,12.0,2,U1000,1,False,0.17045924325790643,0.9406216820738045,0.9771867736861732,0.0,7.5403859480832285,0.0
2021,12.0,2,U925,1,False,0.1690031578030456,1.2101688975565263,0.9769890432135749,0.0,8.147191618870664,0.0
2021,12.0,2,U850,1,False,0.1598101069441652,1.2043612242529127,0.9784140236921451,0.0,5.159843586561108,0.0
2021,12.0,2,U700,1,False,0.1470935276645462,1.2547945883453873,0.9815700444240523,0.0,2.177536188233542,0.0
2021,12.0,2,V1000,1,False,0.33364506327818216,1.0257236033310544,0.9743704316849051,0.0,10.04123472007561,0.0
2021,12.0,2,V925,1,False,0.4269118537897689,1.3359893652157164,0.9719442385387904,0.0,11.613343781014528,0.0
2021,12.0,2,V850,1,False,0.5170412901185554,1.296924285996182,0.9722897900430765,0.0,9.305048898815437,0.0
2021,12.0,2,V700,1,False,0.6122142609729722,1.369491621644478,0.9755029232232677,0.0,5.554650702508079,0.0
2021,12.0,2,Q1000,1,False,0.04553530232895437,0.00032920747522598734,0.9763951163670573,0.0,5.036861691382932,0.0
2021,12.0,2,Q925,1,False,0.07735164755339538,0.0004763315054835483,0.9506207197321055,0.0,1.9757033194353402,0.0
2021,12.0,2,Q850,1,False,0.11784104561786908,0.0005715751823700706,0.9523481889403456,0.0,1.1646947205074532,0.0
2021,12.0,2,Q700,1,False,0.15087513367263888,0.00044103248633005885,0.9633181909184101,0.0,0.946600707900147,0.0
2021,12.0,2,Z1000,1,False,0.04488114039286005,40.98998824826409,0.9974426320444661,0.0,47.1242436091865,0.0
2021,12.0,2,Z925,1,False,0.03464788691493662,38.50806412286005,0.9976514402910628,0.0,47.940521265732485,0.0
2021,12.0,2,Z850,1,False,0.026469530333221837,36.87284412377673,0.9978703615081183,0.0,47.94345412267682,0.0
2021,12.0,2,Z700,1,False,0.017510648681096624,37.147750958860854,0.998274136155435,0.0,45.96920102573462,0.0
2021,12.0,2,t2m,1,False,0.04373277890325705,0.8571624844582374,0.9513452253626623,0.0,29.640337449939803,0.0
2021,12.0,2,u10,1,False,0.1739676891065556,0.8594003897913539,0.9759624900033108,0.0,7.771940448605075,0.0
2021,12.0,2,v10,1,False,0.3346910928347486,0.9304412270652761,0.972792485948397,0.0,10.419254761762986,0.0
2021,12.0,2,mslp,1,False,0.045500706304423925,50.76513560995992,0.9975586925306588,0.0,45.99970318434349,0.0
2021,12.0,3,T1000,1,False,0.04370795647278135,0.7408377273741743,0.9667192201161091,0.0,27.324839165314774,0.0
2021,12.0,3,T925,1,False,0.04591220632400314,0.7338581733785978,0.9748184716885863,0.0,17.83904843504982,0.0
2021,12.0,3,T850,1,False,0.0484799531458036,0.7443364231139908,0.9777573269454037,0.0,7.8337656292298385,0.0
2021,12.0,3,T700,1,False,0.04282127738234147,0.6129840777671279,0.9820573578642897,0.0,3.8532965045964818,0.0
2021,12.0,3,U1000,1,False,0.21722185254568022,1.1986653243442809,0.9627337915872839,0.0,8.547461800793998,0.0
2021,12.0,3,U925,1,False,0.21728296749020173,1.5558826999332143,0.9617409176873982,0.0,9.050590642358692,0.0
2021,12.0,3,U850,1,False,0.20561997813550437,1.549593659393764,0.9639666020714339,0.0,5.725825024554377,0.0
2021,12.0,3,U700,1,False,0.18780709931920486,1.602105376753614,0.9696673568091898,0.0,2.481041578590504,0.0
2021,12.0,3,V1000,1,False,0.42321273141555227,1.301081105891192,0.9585938489116959,0.0,11.769699790980537,0.0
2021,12.0,3,V925,1,False,0.5390861687892399,1.687030659426375,0.9550519707925285,0.0,13.924421759087346,0.0
2021,12.0,3,V850,1,False,0.6576122967143674,1.6495265989548011,0.9548252706781072,0.0,11.044609361999601,0.0
2021,12.0,3,V700,1,False,0.783158394955632,1.7518848036405394,0.9594165993013293,0.0,6.179968473782949,0.0
2021,12.0,3,Q1000,1,False,0.060101063974158,0.00043451385090584695,0.9587557887450691,0.0,5.818616132123422,0.0
2021,12.0,3,Q925,1,False,0.09878362166234611,0.0006083096203514641,0.9184304657768904,0.0,2.499303216349902,0.0
2021,12.0,3,Q850,1,False,0.15168836826903218,0.0007357479410935444,0.91988057943686,0.0,1.3406923241896518,0.0
2021,12.0,3,Q700,1,False,0.19447580773585596,0.0005684843288210613,0.938125691503977,0.0,0.978741133710892,0.0
2021,12.0,3,Z1000,1,False,0.057627206703048495,52.63098268626164,0.9957881058696324,0.0,50.228547450086204,0.0
2021,12.0,3,Z925,1,False,0.04415639146874448,49.075926691109856,0.9961882964333998,0.0,51.368139641439534,0.0
2021,12.0,3,Z850,1,False,0.03343072437998149,46.56999486124807,0.9966060350668233,0.0,51.90801988090439,0.0
2021,12.0,3,Z700,1,False,0.021923302372554385,46.50892119002418,0.9972958058490378,0.0,50.736872846250456,0.0
2021,12.0,3,t2m,1,False,0.05230646750176698,1.025206784854407,0.9306245205254544,0.0,34.42619300332639,0.0
2021,12.0,3,u10,1,False,0.22192850518017274,1.0963268233924548,0.9606575649547395,0.0,8.80777045140354,0.0
2021,12.0,3,v10,1,False,0.4243227754057995,1.1796173041411904,0.9560973285115081,0.0,12.246524577957063,0.0
2021,12.0,3,mslp,1,False,0.0587583448410179,65.55668247529054,0.9959311172778268,0.0,48.821307017301606,0.0
2021,12.0,4,T1000,1,True,0.051114287190143645,0.8663729753502302,0.954187444219563,0.0,28.53969295455827,0.0
2021,12.0,4,T925,1,True,0.05323454624841833,0.8508980528280071,0.9659340390321064,0.0,19.09375635017089,0.0
2021,12.0,4,T850,1,True,0.055749980278566,0.8559567065727499,0.9704347062025147,0.0,8.190584980608351,0.0
2021,12.0,4,T700,1,True,0.04922175453474059,0.7046065337372338,0.9761827553155362,0.0,4.102380486142176,0.0
2021,12.0,4,U1000,1,True,0.24782154811159524,1.367519394502545,0.9512388312426381,0.0,9.247838034918443,0.0
2021,12.0,4,U925,1,True,0.24952111621740858,1.786728119050187,0.9492924825490879,0.0,9.597390716572097,0.0
2021,12.0,4,U850,1,True,0.23618130805444087,1.7799100148828346,0.9521280270177853,0.0,6.061158303091063,0.0
2021,12.0,4,U700,1,True,0.21448304448489486,1.8296669329230884,0.9601164966117994,0.0,2.687970327313627,0.0
2021,12.0,4,V1000,1,True,0.4784626358238806,1.4709356505113316,0.9468149266869963,0.0,13.257950039893807,0.0
2021,12.0,4,V925,1,True,0.6075198342488822,1.901188802957685,0.9425915089178666,0.0,15.842256843615532,0.0
2021,12.0,4,V850,1,True,0.7465874107620895,1.8727079730731526,0.9413244294150976,0.0,12.431916844777257,0.0
2021,12.0,4,V700,1,True,0.8943591201005707,2.0006350679338896,0.9464758052082903,0.0,6.605153779521489,0.0
2021,12.0,4,Q1000,1,True,0.07087631037378975,0.000512415862561638,0.9423439421350507,0.0,6.163299090244944,0.0
2021,12.0,4,Q925,1,True,0.11263698135203441,0.0006936186188743705,0.8929028960880309,0.0,2.8569663262106193,0.0
2021,12.0,4,Q850,1,True,0.17375518119236538,0.000842780620302778,0.8936739708721487,0.0,1.449970863206096,0.0
2021,12.0,4,Q700,1,True,0.22327771654784373,0.0006526769795839287,0.9174488326571951,0.0,1.0079713076583952,0.0
2021,12.0,4,Z1000,1,True,0.0669523206391856,61.14761824617536,0.9942980322971552,0.0,51.6937153183939,0.0
2021,12.0,4,Z925,1,True,0.05126308470964346,56.974388231601466,0.9948480017517712,0.0,52.775187457067375,0.0
2021,12.0,4,Z850,1,True,0.03863736774310154,53.82300411210641,0.9954547964359538,0.0,53.52442059091735,0.0
2021,12.0,4,Z700,1,True,0.025269911324573957,53.60854363602275,0.9963990496015502,0.0,52.64225633898065,0.0
2021,12.0,4,t2m,1,True,0.05812691043663638,1.139287469042217,0.9138149168852059,0.0,35.30253198651578,0.0
2021,12.0,4,u10,1,True,0.2533698776931335,1.2516472076298542,0.9484436302880581,0.0,9.513495672219141,0.0
2021,12.0,4,v10,1,True,0.4795286709147534,1.3330896895352464,0.9436475001346759,0.0,13.780094715734027,0.0
2021,12.0,4,mslp,1,True,0.06825810440745955,76.15556350140297,0.9944940981088306,0.0,50.30663853058645,0.0
2021,12.0,5,T1000,1,False,0.055848839150988316,0.9466223134075408,0.9449233717217332,0.0,29.25068246783258,0.0
2021,12.0,5,T925,1,False,0.057940965104824285,0.9261251934966793,0.9594141310841469,0.0,19.782182223595413,0.0
2021,12.0,5,T850,1,False,0.06014741502754909,0.9234726706107652,0.9654468014878835,0.0,8.45941550467073,0.0
2021,12.0,5,T700,1,False,0.05305618357814215,0.7594961608861598,0.9722328666204111,0.0,4.155746512725022,0.0
2021,12.0,5,U1000,1,False,0.26602017552833773,1.4679423663167221,0.9436065309161196,0.0,9.493856475362982,0.0
2021,12.0,5,U925,1,False,0.2690367301107115,1.926472183103186,0.9408467398815042,0.0,9.668343420438031,0.0
2021,12.0,5,U850,1,False,0.2544554394739407,1.91762755427415,0.9441650964120801,0.0,6.114539908112537,0.0
2021,12.0,5,U700,1,False,0.23007065404409657,1.962638440204098,0.9538318231216366,0.0,2.783569487747284,0.0
2021,12.0,5,V1000,1,False,0.509837225806302,1.5673904210818732,0.9393591683749175,0.0,14.053853468800991,0.0
2021,12.0,5,V925,1,False,0.6466507115785336,2.02364601747347,0.9346528267617932,0.0,16.812376900869495,0.0
2021,12.0,5,V850,1,False,0.7982465416360625,2.002287528722481,0.932488380605982,0.0,13.130816941501122,0.0
2021,12.0,5,V700,1,False,0.959424445154169,2.14618283243323,0.9378459006485985,0.0,6.723584010525164,0.0
2021,12.0,5,Q1000,1,False,0.07680855427986133,0.0005553043239284509,0.9320637363858492,0.0,6.548583134378183,0.0
2021,12.0,5,Q925,1,False,0.12057278836506952,0.0007424873270058435,0.87658505767486,0.0,3.084244059333041,0.0
2021,12.0,5,Q850,1,False,0.1866903465921607,0.0009055212359626614,0.8763632636877072,0.0,1.4798145811884877,0.0
2021,12.0,5,Q700,1,False,0.24044660881292437,0.0007028644362553567,0.9034330635319112,0.0,1.0088340260431372,0.0
2021,12.0,5,Z1000,1,False,0.07279769790854494,66.4862067028321,0.9932211773059936,0.0,52.30623975159372,0.0
2021,12.0,5,Z925,1,False,0.05571199787848465,61.918961783182255,0.9938823436426242,0.0,53.27724006656545,0.0
2021,12.0,5,Z850,1,False,0.04184721504187142,58.29441692089896,0.9946425028489468,0.0,54.101703749158034,0.0
2021,12.0,5,Z700,1,False,0.02737345269746402,58.07107584934693,0.9957581849506372,0.0,53.233854268795,0.0
2021,12.0,5,t2m,1,False,0.06448103827474756,1.2638283752457964,0.8914768629961219,0.0,38.0707375987816,0.0
2021,12.0,5,u10,1,False,0.2721542937853833,1.344442223087391,0.9402818158985479,0.0,9.748323235863987,0.0
2021,12.0,5,v10,1,False,0.5109815908287527,1.4205288048763682,0.9357302493600271,0.0,14.57452836955615,0.0
2021,12.0,5,mslp,1,False,0.07416270491412062,82.74332613896195,0.9934675601552783,0.0,50.981786405337346,0.0
2021,12.0,6,T1000,1,True,0.057562680192341266,0.9756714444952171,0.941470378622719,0.0,29.63286827427232,0.0
2021,12.0,6,T925,1,True,0.05960853609972768,0.9527795569624272,0.9569701330159182,0.0,20.09744788277671,0.0
2021,12.0,6,T850,1,True,0.061759749859264475,0.9482276348468484,0.9635070166623722,0.0,8.750549863109248,0.0
2021,12.0,6,T700,1,True,0.05444612945777425,0.7793931534799329,0.9707053537263736,0.0,4.264245530888255,0.0
2021,12.0,6,U1000,1,True,0.2725717596933043,1.5040950670546989,0.9407911459583336,0.0,9.580342586530543,0.0
2021,12.0,6,U925,1,True,0.2759884829910652,1.9762511067247053,0.9377508753384655,0.0,9.698783071746742,0.0
2021,12.0,6,U850,1,True,0.26109060830417796,1.9676315289636153,0.9411411739364253,0.0,6.130525571230172,0.0
2021,12.0,6,U700,1,True,0.2358141040946353,2.0116334571555208,0.9513527246407525,0.0,2.812535793434867,0.0
2021,12.0,6,V1000,1,True,0.5192250796954044,1.5962514620905968,0.9370667148856677,0.0,14.576152915447915,0.0
2021,12.0,6,V925,1,True,0.6574494796646804,2.0574399663863865,0.9323579131495244,0.0,17.452342378609043,0.0
2021,12.0,6,V850,1,True,0.8142880198757494,2.0425252843808304,0.9295240807707218,0.0,13.59367403899876,0.0
2021,12.0,6,V700,1,True,0.9826198496241083,2.198069751647469,0.9344470414954739,0.0,6.7308933682932786,0.0
2021,12.0,6,Q1000,1,True,0.07941251364553555,0.0005741302181493424,0.9274286667115378,0.0,6.697448410129104,0.0
2021,12.0,6,Q925,1,True,0.12364744897539083,0.0007614210902396011,0.8702175674930622,0.0,3.2883358537967644,0.0
2021,12.0,6,Q850,1,True,0.1917664126067786,0.0009301421417253401,0.8693045975357742,0.0,1.5323518628798105,0.0
2021,12.0,6,Q700,1,True,0.24751042524810168,0.0007235131155597682,0.8971935302953458,0.0,1.028781623608277,0.0
2021,12.0,6,Z1000,1,True,0.07496115897332671,68.46209790053368,0.9927808089966198,0.0,52.345643634638506,0.0
2021,12.0,6,Z925,1,True,0.05733282617331136,63.72036945997033,0.9934941846400155,0.0,53.226453769712535,0.0
2021,12.0,6,Z850,1,True,0.04306241776059888,59.98723061117524,0.9943053616779247,0.0,53.93894342977509,0.0
2021,12.0,6,Z700,1,True,0.028106291226303797,59.625746965248474,0.9955166169998371,0.0,53.0753014466288,0.0
2021,12.0,6,t2m,1,True,0.06378135184797398,1.250114519134971,0.893647077946349,0.0,38.4546964316781,0.0
2021,12.0,6,u10,1,True,0.2788826256537655,1.377680181642289,0.9372649761989028,0.0,9.835076327444837,0.0
2021,12.0,6,v10,1,True,0.5203062864276627,1.446451460132462,0.933310689002663,0.0,15.092464584779696,0.0
2021,12.0,6,mslp,1,True,0.07630272121530757,85.13094195085709,0.9930562292504521,0.0,51.10235623307739,0.0
2021,12.0,7,T1000,1,False,0.05665648962149455,0.9603117676022029,0.9433265438711628,0.0,28.57179473529351,0.0
2021,12.0,7,T925,1,False,0.05837704418115441,0.9330954563245517,0.9587650209821914,0.0,19.27278478163612,0.0
2021,12.0,7,T850,1,False,0.06074971429968536,0.9327200675249253,0.9647065490849255,0.0,8.80389659517149,0.0
2021,12.0,7,T700,1,False,0.053544157106981856,0.7664814732112777,0.9716673073652747,0.0,4.311813699389866,0.0
2021,12.0,7,U1000,1,False,0.2684919096448182,1.4815817949652141,0.9427780973254434,0.0,9.344969772978473,0.0
2021,12.0,7,U925,1,False,0.27140572218495074,1.9434356620837199,0.9400225784773301,0.0,9.489914908621344,0.0
2021,12.0,7,U850,1,False,0.2570392423644267,1.9370996194122314,0.9430603589465869,0.0,5.917009674264905,0.0
2021,12.0,7,U700,1,False,0.23242701220387438,1.9827395643680628,0.9527093003887859,0.0,2.7139966566030127,0.0
2021,12.0,7,V1000,1,False,0.5105666607332285,1.5696329217034835,0.9392900453100687,0.0,14.456425065333756,0.0
2021,12.0,7,V925,1,False,0.6449641971900127,2.0183681953942667,0.9350155149799929,0.0,17.384973768933566,0.0
2021,12.0,7,V850,1,False,0.7998445912187959,2.0062960041943847,0.9320447880374724,0.0,13.509754889979886,0.0
2021,12.0,7,V700,1,False,0.9686556853365973,2.1668326379810248,0.9362167870995158,0.0,6.403084622073663,0.0
2021,12.0,7,Q1000,1,False,0.07881874859709871,0.0005698374645240564,0.9284425881690075,0.0,6.525206983269294,0.0
2021,12.0,7,Q925,1,False,0.12228044338429753,0.0007530030646877211,0.8733012167857108,0.0,3.3394050794683383,0.0
2021,12.0,7,Q850,1,False,0.18974205099642388,0.0009203231943503776,0.8725386176335713,0.0,1.5373344319581372,0.0
2021,12.0,7,Q700,1,False,0.24527442655886336,0.0007169769297722374,0.8990035259106015,0.0,1.022620543524233,0.0
2021,12.0,7,Z1000,1,False,0.07468151629517414,68.20670019331156,0.9928636183351609,0.0,50.95323760242193,0.0
2021,12.0,7,Z925,1,False,0.05707184879202986,63.43031606792507,0.9935773827392157,0.0,51.83747671460288,0.0
2021,12.0,7,Z850,1,False,0.042954201874328475,59.83648259091416,0.9943515105853834,0.0,52.36740133151638,0.0
2021,12.0,7,Z700,1,False,0.027946573357739486,59.2869156649277,0.9955787800216157,0.0,51.45818452954914,0.0
2021,12.0,7,t2m,1,False,0.06322461089885946,1.2392023956082876,0.8955350937038807,0.0,36.341993972814336,0.0
2021,12.0,7,u10,1,False,0.27463268628611415,1.3566854826466421,0.9393756328238687,0.0,9.60442717981731,0.0
2021,12.0,7,v10,1,False,0.5115449392892047,1.4220949126916298,0.9356647864069951,0.0,14.952017431150944,0.0
2021,12.0,7,mslp,1,False,0.0758908315719439,84.67139699349701,0.9931535016128562,0.0,49.81486932326939,0.0
2021,12.0,8,T1000,1,True,0.053131198700455226,0.9005590620647457,0.9504920604000588,0.0,26.1746972048457,0.0
2021,12.0,8,T925,1,True,0.05435148862999678,0.8687511995276044,0.9644081463848857,0.0,17.46854940121979,0.0
2021,12.0,8,T850,1,True,0.05720152793542153,0.8782430254505194,0.9687835742737052,0.0,8.361030089562094,0.0
2021,12.0,8,T700,1,True,0.05039325005116547,0.7213764203676294,0.9749410934498843,0.0,4.229119083547628,0.0
2021,12.0,8,U1000,1,True,0.25396304608796,1.4014091753757671,0.949134810281041,0.0,8.680108354086746,0.0
2021,12.0,8,U925,1,True,0.2554862163150966,1.829441986441159,0.9471679904289556,0.0,8.912517464721148,0.0
2021,12.0,8,U850,1,True,0.24227626672227356,1.8258428502730724,0.949639604926527,0.0,5.445962721344976,0.0
2021,12.0,8,U700,1,True,0.22001259717000787,1.8768372771306012,0.9577083394778655,0.0,2.4262766968630167,0.0
2021,12.0,8,V1000,1,True,0.484009410185934,1.4879880738163285,0.9456820855877198,0.0,13.585259462913058,0.0
2021,12.0,8,V925,1,True,0.6104988889447525,1.9105115359216434,0.9420122967520914,0.0,16.42194118508883,0.0
2021,12.0,8,V850,1,True,0.7561462647866415,1.8966849967307904,0.9394887359639718,0.0,12.732289658615503,0.0
2021,12.0,8,V700,1,True,0.9171003668965719,2.0515060620087953,0.9429743978881228,0.0,5.733846574442236,0.0
2021,12.0,8,Q1000,1,True,0.07489386434905304,0.0005414616534227173,0.9356124882462558,0.0,5.877493316026472,0.0
2021,12.0,8,Q925,1,True,0.11633380850209195,0.0007163836865551885,0.8860817612945368,0.0,3.229271731506833,0.0
2021,12.0,8,Q850,1,True,0.18039686360768956,0.0008749953778393576,0.8857414884560537,0.0,1.4874750121801283,0.0
2021,12.0,8,Q700,1,True,0.2339185472845473,0.0006837818519328751,0.9084808854680252,0.0,0.958601233929468,0.0
2021,12.0,8,Z1000,1,True,0.07142378075055023,65.23140716432184,0.9935080563867841,0.0,48.236248651702894,0.0
2021,12.0,8,Z925,1,True,0.05466476775159358,60.7550580416155,0.9941413103722809,0.0,49.123914831625946,0.0
2021,12.0,8,Z850,1,True,0.041463672575715003,57.760130940790475,0.9947651221463873,0.0,49.24426519048318,0.0
2021,12.0,8,Z700,1,True,0.02676504867839373,56.78038441502287,0.9959614715401344,0.0,48.447029761312955,0.0
2021,12.0,8,t2m,1,True,0.05906623451076914,1.1576982204519106,0.9117920879072416,0.0,34.69875809051407,0.0
2021,12.0,8,u10,1,True,0.2595555033926936,1.2822041986827535,0.9461740344619429,0.0,8.93697366107432,0.0
2021,12.0,8,v10,1,True,0.48486199793645524,1.347916335550486,0.9424285732362623,0.0,14.033211698635718,0.0
2021,12.0,8,mslp,1,True,0.0724824520044906,80.86866809541058,0.9937839066494223,0.0,47.17594452318794,0.0
2021,12.0,9,T1000,1,False,0.04685896240275139,0.7942464010349748,0.9616375505276914,0.0,23.310193234950493,0.0
2021,12.0,9,T925,1,False,0.047918520761433346,0.7659269943072462,0.9724447162869234,0.0,15.16770642704801,0.0
2021,12.0,9,T850,1,False,0.05113731615757663,0.7851362170451116,0.9751219476684491,0.0,7.3436620248290785,0.0
2021,12.0,9,T700,1,False,0.04494103227625944,0.6433282435430628,0.9801158538637418,0.0,3.9292115896920277,0.0
2021,12.0,9,U1000,1,False,0.22812763075601294,1.258845172768901,0.9592263402349869,0.0,7.61097696557459,0.0
2021,12.0,9,U925,1,False,0.22779376824036388,1.6311466394227687,0.9582799109200737,0.0,7.923138545600228,0.0
2021,12.0,9,U850,1,False,0.21643483285758147,1.6310965872423473,0.9600374856101744,0.0,4.725496201973778,0.0
2021,12.0,9,U700,1,False,0.19810043709784506,1.6899136239073071,0.9658372942071455,0.0,1.9764160156945598,0.0
2021,12.0,9,V1000,1,False,0.4368268427391604,1.3429349116983822,0.9559779024433906,0.0,11.988033652740649,0.0
2021,12.0,9,V925,1,False,0.5508857633977531,1.7239566257701644,0.9530544847450814,0.0,14.527624015717421,0.0
2021,12.0,9,V850,1,False,0.680314189691309,1.7064710551048963,0.9512998005005161,0.0,11.233148305380947,0.0
2021,12.0,9,V700,1,False,0.8250232606932989,1.8455343364099082,0.9541166704213055,0.0,4.707963514184954,0.0
2021,12.0,9,Q1000,1,False,0.06802111721977101,0.0004917736166068148,0.9471332815924697,0.0,4.819118166600811,0.0
2021,12.0,9,Q925,1,False,0.10570820162304027,0.0006509511896556067,0.9068925141024803,0.0,2.840547255434589,0.0
2021,12.0,9,Q850,1,False,0.16333020452515903,0.0007922154034288528,0.9073992651990345,0.0,1.352668715752725,0.0
2021,12.0,9,Q700,1,False,0.21335894394553154,0.0006236827994313029,0.9243985885878319,0.0,0.8087243313864012,0.0
2021,12.0,9,Z1000,1,False,0.0636469318444498,58.12880361363803,0.994854024582892,0.0,44.81529857078785,0.0
2021,12.0,9,Z925,1,False,0.04909271405800995,54.56221301201096,0.9952866735278674,0.0,45.40950478120226,0.0
2021,12.0,9,Z850,1,False,0.03741606730090148,52.12169611631313,0.995750443271807,0.0,45.31009630233764,0.0
2021,12.0,9,Z700,1,False,0.024066634483416685,51.05586663638234,0.9967447224053075,0.0,44.44378722134197,0.0
2021,12.0,9,t2m,1,False,0.05414305441225807,1.0612038867970017,0.9262328746219044,0.0,31.74469673195922,0.0
2021,12.0,9,u10,1,False,0.2326679505818213,1.1493796863233774,0.9570075883619786,0.0,7.873649837658903,0.0
2021,12.0,9,v10,1,False,0.43750043819845846,1.2162512027675905,0.953328089762176,0.0,12.332429259753685,0.0
2021,12.0,9,mslp,1,False,0.06477011330843674,72.26401198937609,0.9950455936025959,0.0,43.62487991631247,0.0
2021,12.0,10,T1000,1,False,0.03463260227025558,0.5870129906032205,0.9795527499337868,0.0,21.31353105537602,0.0
2021,12.0,10,T925,1,False,0.035802633020913036,0.5722673146320928,0.984977251560003,0.0,13.412475126004198,0.0
2021,12.0,10,T850,1,False,0.03826591398003823,0.5875152862125989,0.9862855321887396,0.0,6.614627242835591,0.0
2021,12.0,10,T700,1,False,0.03411706399981337,0.4883837705134154,0.9887174119924796,0.0,3.3855531392769755,0.0
2021,12.0,10,U1000,1,False,0.1752738922360343,0.9671896930213232,0.9757697722205972,0.0,6.868366929398251,0.0
2021,12.0,10,U925,1,False,0.17349295071330326,1.242318636571825,0.9758214818069437,0.0,7.357413586391481,0.0
2021,12.0,10,U850,1,False,0.16336968940734584,1.231186957289719,0.9776629932414725,0.0,4.923305133114953,0.0
2021,12.0,10,U700,1,False,0.15084260710358677,1.2867764482447086,0.9808220932923354,0.0,2.1723837520561617,0.0
2021,12.0,10,V1000,1,False,0.3348252715095752,1.0293519113023435,0.9736952473633164,0.0,10.450935000678852,0.0
2021,12.0,10,V925,1,False,0.4249684185553278,1.329907528107437,0.9717927463054289,0.0,12.532551848490547,0.0
2021,12.0,10,V850,1,False,0.5198329615348231,1.3039267946777413,0.9720762958126079,0.0,10.108850850715056,0.0
2021,12.0,10,V700,1,False,0.6278565149297858,1.4044825295954857,0.9746324858517992,0.0,5.001887902187918,0.0
2021,12.0,10,Q1000,1,False,0.04800057287814222,0.0003470306906212623,0.9738047599384081,0.0,2.0950554095867213,0.0
2021,12.0,10,Q925,1,False,0.0784195565974986,0.00048290769108757245,0.9490373425128562,0.0,1.1819759552872067,0.0
2021,12.0,10,Q850,1,False,0.1183948739154148,0.0005742614660771783,0.9513040207583692,0.0,1.0200685373357499,0.0
2021,12.0,10,Q700,1,False,0.15245867905423116,0.0004456614470633885,0.9624752000079572,0.0,0.7402359558227989,0.0
2021,12.0,10,Z1000,1,False,0.04991990377603593,45.59189595057722,0.9968446999502529,0.0,42.278056828989094,0.0
2021,12.0,10,Z925,1,False,0.03916076534169225,43.52372962575762,0.9970081758195084,0.0,41.91914220425532,0.0
2021,12.0,10,Z850,1,False,0.029701858583130774,41.37557367726872,0.9973320481988073,0.0,42.01852485371652,0.0
2021,12.0,10,Z700,1,False,0.019107278469784567,40.5349018625447,0.997957911408372,0.0,40.7230586021016,0.0
2021,12.0,10,t2m,1,False,0.03460022414794591,0.6781644062743931,0.9696236447421515,0.0,26.255563645396595,0.0
2021,12.0,10,u10,1,False,0.17884341814313925,0.8834864942195588,0.9744674730192063,0.0,7.090020978580847,0.0
2021,12.0,10,v10,1,False,0.33597185106995175,0.9340017353086175,0.9720640694792226,0.0,10.73022028647751,0.0
2021,12.0,10,mslp,1,False,0.05057229577397224,56.423507638794014,0.9969916688730328,0.0,41.26326059830762,0.0
2021,12.0,11,T1000,1,False,0.019985335172774402,0.3387458812669319,0.9931298234712597,0.0,17.745962640274403,0.0
2021,12.0,11,T925,1,False,0.020848967133816353,0.3332487415698025,0.9948915363445726,0.0,9.875761203908496,0.0
2021,12.0,11,T850,1,False,0.0223696639689725,0.34345238708197107,0.9953215311700148,0.0,4.274921895898698,0.0
2021,12.0,11,T700,1,False,0.020076244567763787,0.28739026429126585,0.9961018893197754,0.0,1.5663130445576101,0.0
2021,12.0,11,U1000,1,False,0.10263819544433264,0.5663741679764056,0.9917683690685083,0.0,5.826674882201166,0.0
2021,12.0,11,U925,1,False,0.10038655990376529,0.7188309047614844,0.991936264518833,0.0,6.4656019919816625,0.0
2021,12.0,11,U850,1,False,0.09459867566470677,0.7129147158287077,0.9925357072719105,0.0,4.30522337128224,0.0
2021,12.0,11,U700,1,False,0.0881150727132216,0.7516735647620646,0.9934953992604049,0.0,1.8193282904565122,0.0
2021,12.0,11,V1000,1,False,0.19798800372010084,0.608673680392188,0.9909450063082018,0.0,7.926133769657085,0.0
2021,12.0,11,V925,1,False,0.25202738323040547,0.7887012286366866,0.9901942254483204,0.0,9.711224561569109,0.0
2021,12.0,11,V850,1,False,0.3059892978738693,0.7675304864415343,0.9903815708303794,0.0,7.833421260162099,0.0
2021,12.0,11,V700,1,False,0.36444892522213945,0.815253384412738,0.9915027746734851,0.0,4.5107251936414965,0.0
2021,12.0,11,Q1000,1,False,0.027767340902387902,0.00020075009345502792,0.9912168910676722,0.0,1.0251641284961255,0.0
2021,12.0,11,Q925,1,False,0.04594877305976182,0.00028295258067281154,0.9827572680427142,0.0,0.7569520162709065,0.0
2021,12.0,11,Q850,1,False,0.06844678041642002,0.00033199366792910384,0.9840640996224095,0.0,0.9805110973841402,0.0
2021,12.0,11,Q700,1,False,0.08837706981031943,0.00025834050924524636,0.9876241462632255,0.0,0.6179378944072611,0.0
2021,12.0,11,Z1000,1,False,0.03406811328114396,31.11444065368662,0.9985240729802105,0.0,31.13590391126806,0.0
2021,12.0,11,Z925,1,False,0.027267680856897358,30.3056173607453,0.998543393992569,0.0,29.977628084971375,0.0
2021,12.0,11,Z850,1,False,0.021116137278767915,29.41540817379127,0.9986450151579066,0.0,29.275045088363793,0.0
2021,12.0,11,Z700,1,False,0.01405117774432756,29.808698894525513,0.9988925339868615,0.0,25.865231721639404,0.0
2021,12.0,11,t2m,1,False,0.020722785457297364,0.4061666027241926,0.9888545435630643,0.0,20.831043106120084,0.0
2021,12.0,11,u10,1,False,0.10458450581169462,0.5166474618807193,0.9913492231249796,0.0,5.962704292328613,0.0
2021,12.0,11,v10,1,False,0.19857339896534174,0.5520340418542704,0.9903903068005996,0.0,8.19302505785766,0.0
2021,12.0,11,mslp,1,False,0.034257132438482246,38.22068093516601,0.9986138289367847,0.0,30.452699375116822,0.0
2021,12.0,1,T1000,4,False,0.018692486188624357,0.31683244858424325,0.9939275832515805,4.183621285393091,23.974670017473276,0.0005445445955208905
2021,12.0,1,T925,4,False,0.020263889681438198,0.3238968956318928,0.9951364788339893,2.6798307399570898,14.788890365823582,0.0002722150535697798
2021,12.0,1,T850,4,False,0.021876727233395267,0.3358840895208743,0.9955153223588912,1.8204465488882993,6.719985365909054,0.00016916640764974566
2021,12.0,1,T700,4,False,0.019436980313679644,0.27823923514692206,0.9963382378641681,1.6285205914761014,2.7977211489264353,0.00012375898933902896
2021,12.0,1,U1000,4,False,0.10019621587766041,0.5528989289159023,0.9921658738396618,0.7882110687590371,6.80964089855437,0.00012480984544627205
2021,12.0,1,U925,4,False,0.09786438314282309,0.7007705337346732,0.992330874736107,0.8185824286298438,7.883311512615043,0.00012717763857306164
2021,12.0,1,U850,4,False,0.09284839153931632,0.6997242210855673,0.9927746541536128,0.5500609615723406,4.942812963398435,8.084064355917686e-05
2021,12.0,1,U700,4,False,0.0864498668934743,0.7374683757501513,0.9936959572310136,0.31072179058290184,2.031346784206556,4.004956294989537e-05
2021,12.0,1,V1000,4,False,0.19544070128364405,0.6008425187892346,0.9912535735164858,0.8791381988410896,8.702963566351373,0.00015449253279875563
2021,12.0,1,V925,4,False,0.2505605884677768,0.7841110018382126,0.9904004097692205,1.021778007208629,9.980991605311917,0.0001968483172303248
2021,12.0,1,V850,4,False,0.30218535837666943,0.7579888450750286,0.9906159880062518,0.7637585822869886,8.091616543901448,0.00014453122978153043
2021,12.0,1,V700,4,False,0.35709552744834083,0.7988042160791308,0.9917684261627832,0.4756978383143373,5.183503258288924,7.871786487345656e-05
2021,12.0,1,Q1000,4,False,0.026044927629147795,0.00018829752919867813,0.9922729282580572,1.165700818673776,4.704842989757707,0.00018502118280661062
2021,12.0,1,Q925,4,False,0.04535514428129362,0.000279297014577669,0.9832483140218103,0.5160480607673712,1.7528032480393363,0.00017757576026233846
2021,12.0,1,Q850,4,False,0.06809460208297657,0.00033028546567520926,0.9843422519085535,0.21550367975382567,1.2056956853114142,7.058258998715594e-05
2021,12.0,1,Q700,4,False,0.08725817404413314,0.00025506979568774157,0.9879312955749024,0.12859665263819098,1.1959564842903836,3.275356387510975e-05
2021,12.0,1,Z1000,4,False,0.03060674693355892,27.953171392223197,0.9988067642536165,5.478962058622383,36.77254161393484,0.00014193159559028334
2021,12.0,1,Z925,4,False,0.024211377766674248,26.908806597823617,0.9988479160287194,5.563314868448021,36.49782993992204,0.0001395011125405743
2021,12.0,1,Z850,4,False,0.018902750730998074,26.33209483532931,0.9989107142521033,6.096131028319574,35.30844589831962,0.00014556455765035725
2021,12.0,1,Z700,4,False,0.012366614186242384,26.23500195024354,0.9991385453464415,7.846539288459164,33.630541791124315,0.0001526267140278259
2021,12.0,1,t2m,4,False,0.02223905953681278,0.43588557485584883,0.9871246095051901,5.616526077578565,18.72521380440898,0.001599415589391917
2021,12.0,1,u10,4,False,0.10190371370121384,0.5034043496926894,0.9918008152431629,0.8141234138553832,7.15970036250293,0.0001348171950805721
2021,12.0,1,v10,4,False,0.19588505888659577,0.5445604563819113,0.9907290795712582,0.9124375013302988,9.054651474833097,0.0001700229369685502
2021,12.0,1,mslp,4,False,0.030659364777274517,34.206651724389644,0.9988880903509765,4.942325372978851,36.28553375843675,0.00011829171537125482
2021,12.0,2,T1000,4,False,0.03281064026899685,0.5561312400542439,0.9812898818762116,1.7827954435107762,26.43471488875693,0.0006888659537311881
2021,12.0,2,T925,4,False,0.03508018105102543,0.5607196790944472,0.9853725600569747,1.2941084310730044,16.754965027420575,0.0003878754622733682
2021,12.0,2,T850,4,False,0.03745714684893684,0.5750978879218416,0.9867947494553019,0.863334127134574,7.722980861656481,0.00023385423166111252
2021,12.0,2,T700,4,False,0.03314081364944387,0.4744088070733619,0.98931227786724,0.8179206677581319,3.7610494350660106,0.00018115969121934583
2021,12.0,2,U1000,4,False,0.16991027822802732,0.9375924027373583,0.9773347335892608,0.322050608337221,7.8381526976036735,0.00014795990308758
2021,12.0,2,U925,4,False,0.16841506834261297,1.205957809013621,0.9771503612740793,0.3479754272508795,8.466816821276835,0.00016131806050434516
2021,12.0,2,U850,4,False,0.15945702968351555,1.2017003608892138,0.9785106712692762,0.22093550114011817,5.36937916141521,9.66475771310149e-05
2021,12.0,2,U700,4,False,0.14690698192871793,1.2532032405714262,0.9816177213490092,0.12682117207338806,2.3015957833906864,4.767692495688536e-05
2021,12.0,2,V1000,4,False,0.33242599403819884,1.021975824935177,0.9745582146013944,0.3653790731999895,10.369925222917553,0.00018778291648924306
2021,12.0,2,V925,4,False,0.42498484685555454,1.329958938026851,0.972197746870388,0.4513828597421221,12.012305997486228,0.0002535083315975406
2021,12.0,2,V850,4,False,0.5152768444758173,1.2924984283041556,0.9724801215821313,0.3412581696006223,9.61455282886352,0.00019033153905478883
2021,12.0,2,V700,4,False,0.611195168516783,1.3672119626430683,0.9755852798928081,0.16646009757589342,5.711864523104582,8.235666954037324e-05
2021,12.0,2,Q1000,4,False,0.045300204832897734,0.0003275077875430739,0.9766423521932186,0.5162972112455866,5.527153726181611,0.00024723582616126283
2021,12.0,2,Q925,4,False,0.07717118147236336,0.0004752201970015738,0.950853516015682,0.23330605971572105,2.2043999435848116,0.0002327962835765307
2021,12.0,2,Q850,4,False,0.11772383920284801,0.0005710066849404886,0.9524459620509282,0.09946145199792866,1.2629977502250145,9.777311058267735e-05
2021,12.0,2,Q700,4,False,0.15078135692390898,0.00044075836109649095,0.9633658000930313,0.062155205067371266,1.0081675513563537,4.760917462121039e-05
2021,12.0,2,Z1000,4,False,0.0437206850585865,39.930143283650686,0.997573752658035,2.585619091038438,48.49140926095835,0.00013112061356890248
2021,12.0,2,Z925,4,False,0.03367563390948722,37.427490833630756,0.9977820698235184,2.806096105763578,49.40136027117559,0.00013062953245557285
2021,12.0,2,Z850,4,False,0.025506897301265697,35.53186768316903,0.9980231215165015,3.63675902004178,49.836625250392565,0.0001527600083832681
2021,12.0,2,Z700,4,False,0.016555632106275777,35.12174284578565,0.9984576920693626,5.453918882238906,48.915996973216615,0.00018355591392760218
2021,12.0,2,t2m,4,False,0.04288462133003465,0.840538592330461,0.9532357367371292,1.9394092817624164,31.004899276052388,0.001890511374466941
2021,12.0,2,u10,4,False,0.1733970699303921,0.8565815326362727,0.9761211899183574,0.32800296370780746,8.074451217303857,0.00015869991504657843
2021,12.0,2,v10,4,False,0.3334145125629707,0.9268923318984853,0.9730007521050658,0.38142044981406276,10.760934043197457,0.00020826615666880155
2021,12.0,2,mslp,4,False,0.044407425791563586,49.54536276311552,0.997675120584541,2.4027770152527106,47.297209904398315,0.00011642805388223376
2021,12.0,3,T1000,4,False,0.042943472603866925,0.7278799369649206,0.9678621734152402,1.7490725501900228,28.5959804542807,0.0011429532991310554
2021,12.0,3,T925,4,False,0.045440571693897064,0.726319594809771,0.975332676058987,1.0272532467242912,18.683049477540337,0.0005142043704007282
2021,12.0,3,T850,4,False,0.04817460845388896,0.7396483178305612,0.9780389267320749,0.6298370194300906,8.414262692711649,0.0002815997866711939
2021,12.0,3,T700,4,False,0.042612442720316245,0.6099946219901338,0.9822355788546443,0.48768900600649756,4.32219340718123,0.00017822099035458283
2021,12.0,3,U1000,4,False,0.2165867884524304,1.195160939480608,0.962952857084817,0.2923573691170245,8.814830035463949,0.00021906549753314408
2021,12.0,3,U925,4,False,0.21662535737307517,1.5511737976513817,0.9619743704887893,0.30265148010564236,9.325850375926937,0.00023345280139108748
2021,12.0,3,U850,4,False,0.20524546361731028,1.5467712369233453,0.9640993860517674,0.18213916837753752,5.897535222849437,0.00013278398033345074
2021,12.0,3,U700,4,False,0.18762739595498612,1.6005724038048408,0.9697264310967889,0.09568507520224534,2.574352667292479,5.907428759910349e-05
2021,12.0,3,V1000,4,False,0.4212838856113488,1.2951512652263413,0.9589674442936326,0.4557627077408366,12.171820596261028,0.0003735953819367088
2021,12.0,3,V925,4,False,0.5362045107770905,1.6780127262033608,0.9555274830698883,0.5345449723967888,14.3845344350356,0.00047551227735986856
2021,12.0,3,V850,4,False,0.6549961079317954,1.642964261879258,0.9551844986673496,0.3978314875867195,11.398501915863335,0.0003592279892423722
2021,12.0,3,V700,4,False,0.7818447791090156,1.7489463104409328,0.9595539058654642,0.16773309908665324,6.337335720225945,0.00013730656413490916
2021,12.0,3,Q1000,4,False,0.05989435680442259,0.00043301941549212685,0.9590412232490164,0.34393262958587467,6.142536642240581,0.00028543450394735714
2021,12.0,3,Q925,4,False,0.0986286134698641,0.000607355079296798,0.9186855926676899,0.15691689560831668,2.6522982829392805,0.00025512689079953965
2021,12.0,3,Q850,4,False,0.1515932378362193,0.0007352865219888851,0.9199833548376464,0.06271438864985379,1.4025659058447104,0.00010277540078640346
2021,12.0,3,Q700,4,False,0.19440138362526715,0.0005682667746577099,0.9381744478916477,0.03826908418855801,1.0166356626309936,4.875638767076751e-05
2021,12.0,3,Z1000,4,False,0.05631154582468505,51.42938853835777,0.9959792737373464,2.2830550943463424,51.364857133057185,0.00019116786771400385
2021,12.0,3,Z925,4,False,0.043049267677402324,47.845456294670385,0.9963783155759561,2.507278684957348,52.587475910307944,0.00019001914255634134
2021,12.0,3,Z850,4,False,0.03244198779724546,45.19265533752111,0.9968049745566638,2.9575685273756425,53.330373149098506,0.00019893948984051057
2021,12.0,3,Z700,4,False,0.021009767082491842,44.570912975952055,0.9975170297157806,4.166960225874505,52.78964776076918,0.00022122386674283678
2021,12.0,3,t2m,4,False,0.05099691418044599,0.9995395351410303,0.9340171422536288,2.503616443371459,36.067909617839774,0.0033926217281743387
2021,12.0,3,u10,4,False,0.22127557003006795,1.0931013264898042,0.9608901610807309,0.29420968233652145,9.076066820274054,0.00023259612599135782
2021,12.0,3,v10,4,False,0.4224260678728259,1.174344454630149,0.9564849820807119,0.44699640059614465,12.638779454491623,0.000387653569203783
2021,12.0,3,mslp,4,False,0.05748645053810328,64.13763015473246,0.9961064406164971,2.1646190108927987,49.92913073513156,0.00017532333867031902
2021,12.0,4,T1000,4,True,0.05010378056753425,0.8492451669372967,0.9559483968685256,1.9769553253287886,29.952431300189442,0.0017609526489625882
2021,12.0,4,T925,4,True,0.05263616420627971,0.8413335486243078,0.966690380278883,1.1240483563930037,20.003181652136114,0.0007563412467765929
2021,12.0,4,T850,4,True,0.05539316419477876,0.8504783290017948,0.9708130946146478,0.6400290762514027,8.77819193146877,0.0003783884121331127
2021,12.0,4,T700,4,True,0.048970921284332086,0.7010158685923286,0.9764306303714484,0.5095983529629478,4.591073175715477,0.0002478750559121723
2021,12.0,4,U1000,4,True,0.2471074678590927,1.363578983831647,0.9515188604457412,0.28814292297979494,9.509333967071987,0.00028002920310310486
2021,12.0,4,U925,4,True,0.24882756348213597,1.781761847026842,0.9495736882277872,0.2779535238485842,9.848667954726453,0.00028120567869927005
2021,12.0,4,U850,4,True,0.23578895331125863,1.7769531431694483,0.9522870867904489,0.16612438402272556,6.2172136252181325,0.0001590597726636167
2021,12.0,4,U700,4,True,0.21429859284365574,1.8280934480268622,0.9601860868868553,0.08599823901329628,2.7716569591802354,6.959027505581972e-05
2021,12.0,4,V1000,4,True,0.4762091096833045,1.464007644881874,0.9473075833184929,0.47099312921179415,13.666499135343368,0.0004926566314965575
2021,12.0,4,V925,4,True,0.6041093185758253,1.8905158424234279,0.9432302963621344,0.5613834282914509,16.31470446731956,0.0006387874442678187
2021,12.0,4,V850,4,True,0.7434880093460009,1.864933566334493,0.9418102746095833,0.41514246977789604,12.795449147925009,0.0004858451944856901
2021,12.0,4,V700,4,True,0.8928007119281397,1.9971489908490854,0.9466633695671564,0.17424859180233954,6.767892983876633,0.0001875643588660214
2021,12.0,4,Q1000,4,True,0.07064083207837335,0.0005107134206566213,0.9427202284460476,0.33223836592864986,6.475060611988859,0.00037628631099695387
2021,12.0,4,Q925,4,True,0.11245883614295993,0.0006925216019284707,0.8932267841075462,0.1581587209956492,3.0106065058054576,0.0003238880195153282
2021,12.0,4,Q850,4,True,0.1736503505514046,0.0008422721482869296,0.8937990412402516,0.06033238274760766,1.5094284439827965,0.0001250703681028309
2021,12.0,4,Q700,4,True,0.22320961125628186,0.000652477896012863,0.9174991735882231,0.030502502719420566,1.0381663539022923,5.0340931027959e-05
2021,12.0,4,Z1000,4,True,0.0650943880576829,59.45076662649279,0.9946121122909246,2.7750084892730342,53.03421881916086,0.00031407999376942275
2021,12.0,4,Z925,4,True,0.049683028560159104,55.21829528589861,0.9951633620764249,3.082249455790398,54.23077398466995,0.00031536032465362407
2021,12.0,4,Z850,4,True,0.03726079983442272,51.90540404364004,0.9957763173125455,3.562789053932358,55.18024744685579,0.0003215208765916522
2021,12.0,4,Z700,4,True,0.02406748600029999,51.05767305333037,0.9967349907664236,4.758328230082299,54.895693224732945,0.00033594116487334347
2021,12.0,4,t2m,4,True,0.05626398716085848,1.1027741669592974,0.9190904115111628,3.204923953095107,37.37603663592599,0.005275494625956889
2021,12.0,4,u10,4,True,0.25263203384496397,1.248002259529085,0.9487426443044662,0.291212142061803,9.777003359748914,0.00029901401640808345
2021,12.0,4,v10,4,True,0.4773851391033444,1.3271306669649514,0.9441392993942859,0.4470080605023963,14.165504642112225,0.0004917992596099596
2021,12.0,4,mslp,4,True,0.0665548936341434,74.25529187826936,0.9947676090165162,2.4952506198370528,51.54661244066986,0.0002735109076855702
2021,12.0,5,T1000,4,False,0.05478775934320923,0.9286373077364883,0.9469278878333589,1.8999138100443513,30.594858522138356,0.002004516111625665
2021,12.0,5,T925,4,False,0.05727512829713053,0.9154824955704112,0.9603311151620298,1.1491641647479511,20.704016639224665,0.0009169840778829874
2021,12.0,5,T850,4,False,0.05973741455366815,0.9171777301160593,0.9659169027323037,0.681659342622043,9.083410451173968,0.00047010124442015133
2021,12.0,5,T700,4,False,0.05275020973693399,0.7551161634969853,0.972558618538592,0.5766977957574304,4.708478209946298,0.00032575191818096094
2021,12.0,5,U1000,4,False,0.2650608960340959,1.4626489043756283,0.9440176329322756,0.36060403777143923,9.820225283344042,0.0004111020161560175
2021,12.0,5,U925,4,False,0.2680711609660826,1.9195581088853888,0.9412772836069828,0.35889863225425644,9.992542500394697,0.00043054372547857156
2021,12.0,5,U850,4,False,0.2539113809112028,1.9135274164631413,0.9444067509897619,0.2138129032976055,6.31527913610932,0.00024165457768177134
2021,12.0,5,U700,4,False,0.22984639101764776,1.9607253389102282,0.9539231614809429,0.09747571996114868,2.878331903309639,9.13383593063033e-05
2021,12.0,5,V1000,4,False,0.5068466443623714,1.558196489178498,0.9400766880445186,0.5865757329118204,14.557992707725841,0.0007175196696010966
2021,12.0,5,V925,4,False,0.642069682384268,2.009310020737264,0.9355934256945777,0.7084240552496901,17.401698033894174,0.000940598932784531
2021,12.0,5,V850,4,False,0.7941987728187607,1.9921342811277674,0.9331847907797773,0.5070825373080234,13.57131539909291,0.0006964101737952921
2021,12.0,5,V700,4,False,0.9573527945806017,2.1415486598014724,0.9381189654002143,0.21592639045531214,6.924992408717323,0.00027306475161581467
2021,12.0,5,Q1000,4,False,0.07656274626435086,0.0005535272014611571,0.9324881601000587,0.32002687436979427,6.847652782827518,0.00042442371420958747
2021,12.0,5,Q925,4,False,0.12035374146279283,0.0007411384335565148,0.8770259213791478,0.18167192220308603,3.2603127760681083,0.0004408637042878638
2021,12.0,5,Q850,4,False,0.18654430819670964,0.0009048128893211286,0.8765566541100286,0.0782249313458494,1.556881928594156,0.00019339042232136006
2021,12.0,5,Q700,4,False,0.24034882364762797,0.0007025785934940512,0.9035106458379943,0.04066814074823455,1.0490918927497428,7.758230608312378e-05
2021,12.0,5,Z1000,4,False,0.07072034536564172,64.58895886874734,0.9936048897247538,2.8535964770657785,53.66722721382244,0.0003837124187602292
2021,12.0,5,Z925,4,False,0.05395656634524378,59.967954937509,0.994264877342636,3.150903934677951,54.74942934769816,0.0003825337000118445
2021,12.0,5,Z850,4,False,0.040420367054849506,56.30677533395752,0.9950053500036927,3.409660560671113,55.66667985444298,0.00036284715474588225
2021,12.0,5,Z700,4,False,0.026103443325833087,55.37682981602538,0.9961445232132368,4.639565880370622,55.40360040970439,0.0003863382625995948
2021,12.0,5,t2m,4,False,0.0626907213186751,1.2287381612550963,0.8969306599500915,2.776501439762935,39.79020446098599,0.005453796953969525
2021,12.0,5,u10,4,False,0.2711726017972249,1.3395926625890706,0.940716501678206,0.3607115561191754,10.073871463543549,0.00043468577965810606
2021,12.0,5,v10,4,False,0.5081274568551968,1.412594315195944,0.9364529437118664,0.5585590605968527,15.051680081405582,0.0007226943518392481
2021,12.0,5,mslp,4,False,0.07229405512343982,80.65847397632697,0.9937949473804814,2.519662400184386,52.21687990252413,0.0003273872252030907
2021,12.0,6,T1000,4,True,0.05665625061807606,0.9603077123130731,0.9432059975725403,1.574682713237885,30.74092733335868,0.001735618949821327
2021,12.0,6,T925,4,True,0.059033979697794434,0.9435958810900069,0.9577814771215892,0.9638827582881593,20.867614806066836,0.0008113441056710746
2021,12.0,6,T850,4,True,0.06136156824148148,0.9421141552276959,0.9639745557674703,0.6447267333341777,9.338859462162219,0.0004675391050981137
2021,12.0,6,T700,4,True,0.054167471716790594,0.7754041837153116,0.9710097911550253,0.5118045006298755,4.754225430973136,0.00030443742865171597
2021,12.0,6,U1000,4,True,0.27169705827471363,1.499268324405772,0.9411745509920728,0.320906839202606,9.870505451153932,0.00038340503373923696
2021,12.0,6,U925,4,True,0.27512528598555047,1.9700700755232297,0.9381449681991254,0.31276558940420696,9.981214205111566,0.00039409286065994475
2021,12.0,6,U850,4,True,0.2606180383019792,1.9640701471686013,0.9413549969845169,0.1809984684122301,6.3004278822528565,0.00021382304809158814
2021,12.0,6,U700,4,True,0.2356122510696993,2.009911536688232,0.9514370902800207,0.0855983681344985,2.895726676826993,8.436563926816909e-05
2021,12.0,6,V1000,4,True,0.516574063929924,1.5881014550770085,0.9377131715539625,0.5105715939290989,15.012302813103062,0.0006464566682947703
2021,12.0,6,V925,4,True,0.6534430535621898,2.0449021500697637,0.9331973513061581,0.6093891966473142,17.955378886239227,0.0008394381566336762
2021,12.0,6,V850,4,True,0.8107952036036363,2.033764061249134,0.9301381137980457,0.4289411346916294,13.964306314021236,0.0006140330273238792
2021,12.0,6,V700,4,True,0.9810053673893959,2.1944582400400257,0.9346649746536625,0.16430384907550888,6.8841381004875135,0.00021793315818863235
2021,12.0,6,Q1000,4,True,0.07918736669393465,0.000572502470666882,0.9278230339896808,0.2835157096346963,6.961975801376408,0.0003943672781430152
2021,12.0,6,Q925,4,True,0.1234565746508682,0.0007602456836962974,0.8705903050318127,0.1543698039096708,3.437629460097036,0.000372737538750445
2021,12.0,6,Q850,4,True,0.1916543221096067,0.0009295984576656526,0.8694544822896582,0.05845157952750757,1.5899077585395438,0.0001498847538839998
2021,12.0,6,Q700,4,True,0.2474275083199382,0.0007232707375095254,0.8972622121904656,0.0335003780468468,1.0619373559219492,6.868189511988199e-05
2021,12.0,6,Z1000,4,True,0.07314529142964733,66.80366428708217,0.993128275819096,2.4224112441024515,53.50002812153767,0.00034746682247621674
2021,12.0,6,Z925,4,True,0.05578906887778952,62.00461943490728,0.9938423151816923,2.6926237524995233,54.485889385395595,0.00034813054167681656
2021,12.0,6,Z850,4,True,0.04183618567788933,58.279052717555814,0.9946277663191904,2.8475690555199717,55.25056382331436,0.00032240464126565005
2021,12.0,6,Z700,4,True,0.027005174177970534,57.28979569873357,0.9958623544655935,3.917688888467652,54.91366514780116,0.00034573746575639053
2021,12.0,6,t2m,4,True,0.06206631193637792,1.216499736439088,0.8987181015953928,2.6889362829498276,40.10961042977833,0.005071023649043771
2021,12.0,6,u10,4,True,0.27798407665197383,1.3732413492378672,0.9376728234028373,0.32219612092551086,10.125584213953253,0.00040784720393449714
2021,12.0,6,v10,4,True,0.517794244990537,1.4394679809089759,0.9339561809712227,0.4828005162830218,15.502398604127576,0.0006454919685596749
2021,12.0,6,mslp,4,True,0.07467573696875646,83.3157159071765,0.9933514652040742,2.132275521288629,52.1449887216064,0.0002952359536221305
2021,12.0,7,T1000,4,False,0.055678608031650596,0.9437369438857309,0.9451911852027812,1.725983371678852,29.80463368085099,0.0018646413316184551
2021,12.0,7,T925,4,False,0.05777463376948152,0.9234665624590652,0.9595976321970042,1.0319303077481967,20.105833382075534,0.0008326112148128173
2021,12.0,7,T850,4,False,0.06038814759777064,0.9271687570886094,0.9651241875789852,0.5951743248224561,9.346672387875564,0.0004176384940597355
2021,12.0,7,T700,4,False,0.053281397130091716,0.762720078226734,0.971949393362468,0.4907351074089017,4.781389223209798,0.0002820859971932599
2021,12.0,7,U1000,4,False,0.26768100451624577,1.4771070926901355,0.9431275301412708,0.30202218370198874,9.618768074905827,0.000349432815827444
2021,12.0,7,U925,4,False,0.27057941207222574,1.9375187563058995,0.9403921458577377,0.30445567104214755,9.765477995547133,0.0003695673804076094
2021,12.0,7,U850,4,False,0.25655482639208904,1.9334489590499975,0.9432756490912254,0.18845992848471882,6.0943184105490715,0.0002152901446385025
2021,12.0,7,U700,4,False,0.23221897625036153,1.9809648927931156,0.9527944015533306,0.08950592770619048,2.801073396423792,8.510116454474304e-05
2021,12.0,7,V1000,4,False,0.508065717952762,1.561944283822752,0.9398872983786771,0.48983668006737924,14.875448872804686,0.000597253068608472
2021,12.0,7,V925,4,False,0.6412125521948412,2.0066276923484754,0.9357855620102482,0.5816826750254966,17.86553106348744,0.0007700470302552942
2021,12.0,7,V850,4,False,0.7963582338946016,1.9975509772828395,0.9326447345409232,0.435879339870493,13.886747999417814,0.0005999465034508544
2021,12.0,7,V700,4,False,0.9668058627826719,2.16269467981705,0.9364621051276825,0.19096801700829724,6.581824795351809,0.00024531802816663006
2021,12.0,7,Q1000,4,False,0.07860481404484479,0.000568290778133938,0.9288181617175318,0.2714259691529719,6.778921846128694,0.000375573548524355
2021,12.0,7,Q925,4,False,0.12209785236584639,0.0007518786711250885,0.8736604003806925,0.14932152141230448,3.483740150409853,0.0003591835949816602
2021,12.0,7,Q850,4,False,0.18963598700870518,0.0009198087423177077,0.8726790565391971,0.0558990414416316,1.5923741181885553,0.00014043890562576156
2021,12.0,7,Q700,4,False,0.24519572944405849,0.0007167468848271525,0.8990679230228668,0.03208533229859256,1.0543777646232821,6.439711226524647e-05
2021,12.0,7,Z1000,4,False,0.07246446790197188,66.18186776179733,0.9932816354343855,2.9686708347477997,52.40927453310689,0.00041801709922462127
2021,12.0,7,Z925,4,False,0.055230344970834885,61.38364716596151,0.9939859732752933,3.226641260396912,53.391508562977776,0.0004085905360775577
2021,12.0,7,Z850,4,False,0.041546685424705736,57.87577032965862,0.9947167392380383,3.2767840821271044,53.928218742588726,0.0003652286526548698
2021,12.0,7,Z700,4,False,0.026778752695587167,56.80945670757549,0.9959409296351781,4.178761550488641,53.48663125033749,0.0003621496135624014
2021,12.0,7,t2m,4,False,0.06145850519107345,1.2045867239479966,0.900815269454595,2.7933832769825195,38.120206067638264,0.005280175750714267
2021,12.0,7,u10,4,False,0.2738045468467249,1.3525944708398172,0.9397447884405279,0.30154438300417086,9.877009952141014,0.00036915561665917807
2021,12.0,7,v10,4,False,0.5091485529719239,1.41543295834776,0.9362675181313826,0.46846056587143137,15.35043369155521,0.0006027317243875174
2021,12.0,7,mslp,4,False,0.0738814559672706,82.42953660983434,0.9935123577232404,2.647718522847431,51.14363032391238,0.00035885611038422027
2021,12.0,8,T1000,4,True,0.052049543205952425,0.8822252994102835,0.9524320821462239,2.035819859064336,27.677647380163826,0.0019400217461650326
2021,12.0,8,T925,4,True,0.053712172481554396,0.8585324077627354,0.9652328770951204,1.1762624438763636,18.439335858999616,0.0008247307102347001
2021,12.0,8,T850,4,True,0.05683588183379353,0.8726290800398678,0.9691826774704655,0.639224361350621,8.946808709720377,0.0003991031967602865
2021,12.0,8,T700,4,True,0.05013921030479469,0.7177398557026176,0.975196715360994,0.5041146306555833,4.711914106155191,0.00025562191110961585
2021,12.0,8,U1000,4,True,0.25315031967624985,1.3969244172908255,0.9494641272716821,0.3200175869006783,8.972348067692316,0.0003293169906410931
2021,12.0,8,U925,4,True,0.254632359337143,1.8233278282468652,0.9475269619045914,0.3342086278738887,9.216939690267168,0.00035897147563579423
2021,12.0,8,U850,4,True,0.24176717534555853,1.8220062356833855,0.9498520703964921,0.21012845525584245,5.644647659260649,0.0002124654699651174
2021,12.0,8,U700,4,True,0.2197752525851037,1.8748125878309418,0.9578000347893716,0.10787772516533956,2.5315370099215584,9.169531150610144e-05
2021,12.0,8,V1000,4,True,0.4815090868742704,1.4803013395940299,0.9462478781263935,0.5165856818162062,14.031665639506274,0.0005657925386737261
2021,12.0,8,V925,4,True,0.6068206335743184,1.8990007064987566,0.9427223529468439,0.6024999286717736,16.92549892983393,0.0007100561947525064
2021,12.0,8,V850,4,True,0.7526827663367766,1.8879973011761633,0.9400498532429468,0.4580460965236899,13.132015999359826,0.0005611172789750096
2021,12.0,8,V700,4,True,0.9152784060941984,2.0474304281117384,0.943202250108611,0.19866536620620767,5.921120773353616,0.00022785222048826714
2021,12.0,8,Q1000,4,True,0.0746508316599036,0.0005397045943868527,0.9360275751447334,0.3245028030824382,6.18292348854742,0.0004150868984776901
2021,12.0,8,Q925,4,True,0.11613193604475738,0.0007151405532964079,0.8864714905355924,0.173528624166841,3.397196644867384,0.00038972924105562523
2021,12.0,8,Q850,4,True,0.1802795557622979,0.000874426386624553,0.885893167712784,0.06502765239132513,1.5515353944911214,0.00015167925673031935
2021,12.0,8,Q700,4,True,0.233836097718574,0.0006835408379036476,0.9085485192177204,0.03524712637387184,0.9935104809149942,6.763374969520619e-05
2021,12.0,8,Z1000,4,True,0.069068221049247,63.080072039079006,0.9939286066135437,3.298004777330532,49.94341964409523,0.0004205502267595751
2021,12.0,8,Z925,4,True,0.052738015687615915,58.613643593626264,0.9945464409113016,3.5246688922802583,50.917128379165646,0.00040513053902069274
2021,12.0,8,Z850,4,True,0.03993748317872328,55.634103537083774,0.9951431911386,3.680786824188842,51.112475589872105,0.00037806899221259904
2021,12.0,8,Z700,4,True,0.025580151355748475,54.26669862697093,0.9963106583922688,4.42703219741114,50.72929635250141,0.0003491868521344754
2021,12.0,8,t2m,4,True,0.05730153529394904,1.1231101127325465,0.9167811314528775,2.987661616550741,36.649738230174734,0.004989043545635896
2021,12.0,8,u10,4,True,0.25869489005323487,1.2779527684877567,0.9465338207275942,0.33157198680418,9.238913146750305,0.0003597862656512518
2021,12.0,8,v10,4,True,0.4824208982273694,1.3411300835661413,0.9430101998199093,0.5034627831166483,14.46602248357377,0.0005816265836470214
2021,12.0,8,mslp,4,True,0.07033942224567892,78.47768965934233,0.9941459303095111,2.9566187394969967,48.73775044637766,0.00036202366008886155
2021,12.0,9,T1000,4,False,0.046264866455141114,0.784176638796428,0.9625935009431822,1.267838460664239,24.282496100526874,0.0009559504154907916
2021,12.0,9,T925,4,False,0.04752417391528006,0.7596237762773884,0.9728952740152079,0.8229528789433505,15.865836229280294,0.00045055772828450635
2021,12.0,9,T850,4,False,0.05085743148043389,0.780839011612942,0.9753945710306322,0.547319840330085,7.850788545890486,0.0002726233621831442
2021,12.0,9,T700,4,False,0.04471053503749802,0.6400286895183066,0.9803218247657025,0.5128881716479405,4.421947299857409,0.0002059709019607281
2021,12.0,9,U1000,4,False,0.22750393177059036,1.2554035034708577,0.9594516400181106,0.2733991421186688,7.863567761962531,0.00022529978312368915
2021,12.0,9,U925,4,False,0.2271396075141114,1.6264624397417626,0.9585229937558722,0.2871723538820481,8.187557836019543,0.00024308283579854706
2021,12.0,9,U850,4,False,0.2160416542153979,1.628133517414339,0.9601834365743189,0.18166144376691173,4.898573241115023,0.00014595096414449227
2021,12.0,9,U700,4,False,0.19792201925146993,1.6883916149150056,0.9658985319745467,0.09006433755973653,2.064700307262335,6.123776740118991e-05
2021,12.0,9,V1000,4,False,0.4348089361582414,1.3367312689748172,0.9563883893530841,0.4619465617693108,12.394601905227375,0.0004104869096934749
2021,12.0,9,V925,4,False,0.5477369893688925,1.7141027734661116,0.9535988282258102,0.5715838451586741,15.016170308916866,0.0005443434807288483
2021,12.0,9,V850,4,False,0.6774263586863969,1.6992273461741665,0.9517176182008682,0.4244848995759498,11.609950186653585,0.00041781770035209664
2021,12.0,9,V700,4,False,0.8234968130556224,1.8421197592866139,0.9542871832813954,0.18501873951939363,4.884271638953375,0.00017051286008984423
2021,12.0,9,Q1000,4,False,0.06784820403829064,0.0004905235031367948,0.9474039509174833,0.2542051476774443,5.0610728678261,0.0002706693250136283
2021,12.0,9,Q925,4,False,0.10555869115868691,0.000650030503474249,0.9071540871561038,0.14143695764168296,2.9779666294578067,0.00026157305362350947
2021,12.0,9,Q850,4,False,0.1632259451832275,0.0007917097044748167,0.9075190748794048,0.06383347295415565,1.4156387332880493,0.00011980968037028639
2021,12.0,9,Q700,4,False,0.2132663473814589,0.0006234121236714201,0.9244653063069772,0.04339942931864682,0.8517727789604579,6.67177191453483e-05
2021,12.0,9,Z1000,4,False,0.061998625233173926,56.62340369553471,0.9951165466633146,2.589766016222539,46.244453214555456,0.0002625220804226558
2021,12.0,9,Z925,4,False,0.04773406623853509,53.05219589049723,0.9955429427958712,2.7675141730184594,46.92030447350345,0.000256269268003817
2021,12.0,9,Z850,4,False,0.03626660011723216,50.520454246183384,0.9960065274846126,3.0721218625818225,46.990236790458475,0.00025608421280565175
2021,12.0,9,Z700,4,False,0.023182317599792907,49.17984342867636,0.9969786214649575,3.67445179853928,46.485173480987676,0.00023389905964998903
2021,12.0,9,t2m,4,False,0.05317819863084824,1.0422927131344186,0.9287953597588066,1.7820490400545008,32.961039708633635,0.0025624851369021595
2021,12.0,9,u10,4,False,0.2319795777231931,1.1459791252342948,0.9572641013494785,0.29586062751951747,8.146215435360038,0.0002565129874998462
2021,12.0,9,v10,4,False,0.4354769574174709,1.210625926137243,0.9537627944787505,0.4625094295493404,12.73790004108416,0.0004347047165744744
2021,12.0,9,mslp,4,False,0.06322012146152847,70.53468661468126,0.9952793988087991,2.3930664433566284,44.9739739974372,0.000233805206203197
2021,12.0,10,T1000,4,False,0.034251925858325906,0.5805606309563661,0.9800092886053308,1.099185123194224,22.178441015982177,0.0004565386715439379
2021,12.0,10,T925,4,False,0.03552105368267683,0.5677665645011377,0.9852175954421754,0.7864766205092577,14.093465765415814,0.0002403438821723114
2021,12.0,10,T850,4,False,0.03804570211407962,0.5841342663955865,0.9864451100582524,0.5754778680406858,7.152039395040378,0.00015957786951281694
2021,12.0,10,T700,4,False,0.033914001057372224,0.48547693976086526,0.9888543085945732,0.5951946581401413,3.960597165983648,0.00013689660209359467
2021,12.0,10,U1000,4,False,0.1749049770747124,0.9651539600150559,0.9758715195366202,0.21047924286697883,7.0643896855549055,0.00010174731602297094
2021,12.0,10,U925,4,False,0.17310144229079172,1.2395151943872844,0.9759320866190635,0.2256624381001493,7.566473105611471,0.00011060481211977446
2021,12.0,10,U850,4,False,0.16309960057240946,1.229151511353324,0.9777384563080147,0.1653237120766815,5.080489454388704,7.546306654215851e-05
2021,12.0,10,U700,4,False,0.15070735141944536,1.2856226361384895,0.9808571664964293,0.08966676374700944,2.260102609596537,3.507320409390502e-05
2021,12.0,10,V1000,4,False,0.3338146020577169,1.0262448153430768,0.9738517125500652,0.30184981178440484,10.721238684834,0.00015646518674883314
2021,12.0,10,V925,4,False,0.4234085629455609,1.3250260701811087,0.9719997268538588,0.367052124736611,12.853602975383549,0.00020698054842993585
2021,12.0,10,V850,4,False,0.5183509467661574,1.300209374433821,0.9722400769045988,0.28509442038648913,10.36512550136096,0.00016378109199088886
2021,12.0,10,V700,4,False,0.6269355646499255,1.402422412261716,0.9747099696039399,0.14668164747215773,5.141232698080433,7.748375214067238e-05
2021,12.0,10,Q1000,4,False,0.047838801945550735,0.00034586113175835774,0.9739851181002668,0.33701875392646574,2.425013433877732,0.0001803581618586847
2021,12.0,10,Q925,4,False,0.07829355990722711,0.000482131804337551,0.9492011248608389,0.16066998557283663,1.3407468602632089,0.0001637823479826439
2021,12.0,10,Q850,4,False,0.11832025784203622,0.0005738995486623407,0.9513664904864628,0.06302306080573361,1.0824487197269361,6.246972809365037e-05
2021,12.0,10,Q700,4,False,0.15238844468408802,0.00044545613939637427,0.9625109574867188,0.04606780707981928,0.7859627524305579,3.575747876161106e-05
2021,12.0,10,Z1000,4,False,0.04874457225904867,44.51846449069351,0.9969923970137177,2.354434660492033,43.6370822657169,0.00014769706346473566
2021,12.0,10,Z925,4,False,0.03815323203266849,42.40394555105191,0.9971607752782582,2.5728131210732474,43.41345413445613,0.00015259945874979142
2021,12.0,10,Z850,4,False,0.02881230958023781,40.136405436026166,0.997490179761813,2.994927069641984,43.7550277482503,0.0001581315630057034
2021,12.0,10,Z700,4,False,0.018396582570021112,39.02720463036378,0.9981073382061533,3.7195035435701573,42.92786653791645,0.00014942679778129353
2021,12.0,10,t2m,4,False,0.03395445087165544,0.6655072503051904,0.9707657650971315,1.8663846613514168,27.631918494118967,0.0011421203549800696
2021,12.0,10,u10,4,False,0.17842666641855637,0.8814277375720697,0.9745863109507127,0.23302603411959888,7.306525417995813,0.0001188379315063548
2021,12.0,10,v10,4,False,0.3349315806636636,0.9311097823285149,0.9722341547626948,0.30963022734651346,11.00662650835622,0.00017008528347217666
2021,12.0,10,mslp,4,False,0.04941944223032321,55.137269071728866,0.997128163580046,2.279614808870034,42.602232007956,0.00013649470701315725
2021,12.0,11,T1000,4,False,0.01944894152803316,0.3296541583214835,0.9934969113471195,2.6839361967366915,19.95360852224941,0.0003670878758598173
2021,12.0,11,T925,4,False,0.02043241927853542,0.326590662596325,0.9950952858015665,1.9979304135661735,11.676380780810614,0.0002037494569938625
2021,12.0,11,T850,4,False,0.02202924767035822,0.3382258102990762,0.9954633623429334,1.521776541151676,5.731643678486032,0.00014183117291866054
2021,12.0,11,T700,4,False,0.019771590864324683,0.2830291652146655,0.9962203198790209,1.5174835234288975,3.0600280256100287,0.00011843055924554147
2021,12.0,11,U1000,4,False,0.102087579085824,0.5633357785360738,0.9918565414861026,0.5364634053872108,6.331880309094484,8.817241759428995e-05
2021,12.0,11,U925,4,False,0.09977620185117483,0.7144603566528519,0.9920343310111434,0.6080077384617688,7.0342983699940405,9.80664923103669e-05
2021,12.0,11,U850,4,False,0.09419157083230319,0.7098466924833704,0.9926002703499889,0.43034939923103366,4.717045267599406,6.456307807833905e-05
2021,12.0,11,U700,4,False,0.08792459940037546,0.7500487132642074,0.993524101092755,0.2161642803905406,2.031559832940044,2.870183235015311e-05
2021,12.0,11,V1000,4,False,0.19669874948089347,0.604710130917099,0.991061972502863,0.6511779577463739,8.525698491393952,0.0001169661946611722
2021,12.0,11,V925,4,False,0.2500627641724509,0.7825530987620768,0.9903464174075911,0.779526031168809,10.415049069335236,0.00015219195927074214
2021,12.0,11,V850,4,False,0.30413061409455516,0.7628682407662589,0.9904990791579062,0.6074342443441627,8.393272621268299,0.0001175083275268829
2021,12.0,11,V700,4,False,0.36329239105266714,0.8126662777433022,0.9915572027078732,0.31733779123298556,4.813748749176394,5.442803438804322e-05
2021,12.0,11,Q1000,4,False,0.027523377971922294,0.00019898631068082927,0.9913726659494874,0.8785966626160713,1.8947537332928976,0.00015577488181517385
2021,12.0,11,Q925,4,False,0.045725721328363944,0.0002815790283918411,0.9829269093345102,0.4854356635546453,1.2387131647825789,0.00016964129179597442
2021,12.0,11,Q850,4,False,0.06831265614601978,0.0003313431132987483,0.9841277120780753,0.195954096868034,1.1745438425866062,6.361245566577356e-05
2021,12.0,11,Q700,4,False,0.08826114803443856,0.00025800165131484553,0.9876572051802142,0.1311672542772313,0.7482946165152549,3.305891698868191e-05
2021,12.0,11,Z1000,4,False,0.03276290362367006,29.922391367302257,0.9986346662856301,3.8311768154073444,33.774209194759386,0.0001105933054196262
2021,12.0,11,Z925,4,False,0.026243218344939586,29.167017835221987,0.9986504721653944,3.7570577319509524,32.608409023100414,0.00010707817282540333
2021,12.0,11,Z850,4,False,0.020254846137811193,28.21560398218239,0.9987530446580324,4.078829047122845,32.15979509286415,0.0001080295001257836
2021,12.0,11,Z700,4,False,0.013294729769673785,28.203941512863793,0.99900829737727,5.383520075099413,29.856291854533378,0.00011576339040852979
2021,12.0,11,t2m,4,False,0.019891529617273068,0.38987398823591696,0.9897353429413797,4.011313255822834,24.006757968500956,0.0008807993783153112
2021,12.0,11,u10,4,False,0.10398332276466664,0.5136776189894732,0.9914485254088214,0.5748299352395625,6.503258818346069,9.930228384180673e-05
2021,12.0,11,v10,4,False,0.19724313932681237,0.5483359210421204,0.9905181530728894,0.6699082784807131,8.808047583217792,0.00012784627228978884
2021,12.0,11,mslp,4,False,0.03301990066662884,36.840301204088966,0.9987119421136516,3.611603434920252,32.964472073379426,9.811317686680976e-05
2021,12.0,1,T1000,16,False,0.018507800964837874,0.3137020863661898,0.9940476298887306,5.130304844056721,24.725814351061658,0.0006645912326710413
2021,12.0,1,T925,16,False,0.02014586301846682,0.3220103632183612,0.9951931544150253,3.246670324960066,15.285200949641187,0.00032889063460583845
2021,12.0,1,T850,16,False,0.02179247781070901,0.334590568321935,0.9955499387087485,2.198545640658467,7.0792158530493365,0.0002037827575070983
2021,12.0,1,T700,16,False,0.01937361688290767,0.27733219053691643,0.996362230960886,1.9492059204133216,3.114594951721994,0.00014775208605699586
2021,12.0,1,U1000,16,False,0.10000929600073388,0.5518674753178213,0.992195131997205,0.9732944595263193,6.983491081432036,0.00015406800298944923
2021,12.0,1,U925,16,False,0.09767372949847317,0.6994053316559554,0.9923608208357688,1.011801842113258,8.062767835759043,0.00015712373823484338
2021,12.0,1,U850,16,False,0.0927342337875914,0.6988639037841176,0.9927925506200277,0.6723353624702888,5.0596864447532415,9.873710997410079e-05
2021,12.0,1,U700,16,False,0.08638953531144251,0.7369537113089616,0.9937047835674732,0.3802928851618148,2.099717090031483,4.8875899409495105e-05
2021,12.0,1,V1000,16,False,0.19506065396278358,0.5996741419775563,0.9912876764039265,1.0718852454976613,8.880496669083914,0.00018859542023941245
2021,12.0,1,V925,16,False,0.24999361838895592,0.782336709316421,0.9904439595756762,1.2457465517749289,10.184687184880193,0.0002403981236860364
2021,12.0,1,V850,16,False,0.301657418598401,0.7566645840271797,0.9906488453834567,0.9371315066791563,8.252187167982916,0.00017738860698635062
2021,12.0,1,V700,16,False,0.3567307611348804,0.7979882521894421,0.991785315696531,0.5773600267451107,5.280356512707551,9.560739862124468e-05
2021,12.0,1,Q1000,16,False,0.025978896107934635,0.00018782013915105987,0.9923124755402122,1.416274719891919,4.9464441288060375,0.0002245684649615498
2021,12.0,1,Q925,16,False,0.04530670088393768,0.0002789986994462594,0.9832847652832066,0.6223059217156712,1.857740142558828,0.00021402702165862486
2021,12.0,1,Q850,16,False,0.06806472412486571,0.00033014054592718,0.9843561891933826,0.25928625443627507,1.2490437921453434,8.45198748162801e-05
2021,12.0,1,Q700,16,False,0.08723130000685564,0.00025499123838219846,0.9879387969723332,0.15935535055863204,1.226386453490358,4.025496130588557e-05
2021,12.0,1,Z1000,16,False,0.03029235733518904,27.666039017867938,0.9988311862568913,6.449873185518751,37.42200806298591,0.0001663535988650766
2021,12.0,1,Z925,16,False,0.02395586100951296,26.624822352539777,0.9988721165985301,6.559960155404387,37.168005289826745,0.00016370168235135818
2021,12.0,1,Z850,16,False,0.01868770306109136,26.032527058889528,0.9989353670749443,7.164431007775473,36.04441116444339,0.00017021738049138868
2021,12.0,1,Z700,16,False,0.012170282248463057,25.818496084861447,0.999165655118648,9.30956443358706,34.68422100705787,0.00017973648623426097
2021,12.0,1,t2m,16,False,0.022026088939589104,0.43171135169921615,0.9873738103868822,6.520381961233623,19.503535375366134,0.0018486164710840303
2021,12.0,1,u10,16,False,0.10170842628432428,0.5024396298270831,0.991832297003452,1.0042023906356445,7.337618729174233,0.00016629895536968142
2021,12.0,1,v10,16,False,0.19549102757650447,0.5434650504439973,0.9907665345157741,1.1117564401356694,9.237591996329575,0.00020747788148445245
2021,12.0,1,mslp,16,False,0.03036666075766531,33.88008200824246,0.9989092239678318,5.8498380908762915,36.89381382267292,0.0001394253322265504
2021,12.0,2,T1000,16,False,0.032661363979978694,0.5536010485335271,0.981460977972859,2.2296474309675296,26.769409752128592,0.0008599620503786376
2021,12.0,2,T925,16,False,0.03496981064686549,0.5589555262826691,0.9854650026475257,1.6046601106548097,17.016873258192476,0.0004803180528243356
2021,12.0,2,T850,16,False,0.03737649882846782,0.5738596599815663,0.9868521898406268,1.076782735241033,7.921660140628328,0.00029129461698607084
2021,12.0,2,T700,16,False,0.03307518320592996,0.4734693114275003,0.9893553860137362,1.014335997932625,3.9516363372374963,0.0002242678377155638
2021,12.0,2,U1000,16,False,0.16974646844256375,0.9366884748418893,0.9773789060327432,0.41814970060863876,7.9270055474252255,0.00019213234657000644
2021,12.0,2,U925,16,False,0.16823447996689922,1.204664682095574,0.9771998436747712,0.4548304576901363,8.564966167631793,0.00021080046119625884
2021,12.0,2,U850,16,False,0.1593510140667501,1.2009014070817756,0.9785395953773204,0.2872739942383684,5.432294692031913,0.00012557168517524087
2021,12.0,2,U700,16,False,0.14686576644631424,1.2528516484247751,0.9816283124343823,0.15484108774069805,2.3290055552544375,5.8268010330042586e-05
2021,12.0,2,V1000,16,False,0.3320918714191173,1.0209486312691307,0.974609584770766,0.4655222060845787,10.460012748773162,0.00023915308586086592
2021,12.0,2,V925,16,False,0.42444756956641605,1.3282775652763552,0.9722682999701024,0.5772349025863321,12.123542409939503,0.00032406143131202825
2021,12.0,2,V850,16,False,0.5147582833154335,1.2911976909607634,0.972535940771043,0.4415521248986476,9.705514382578517,0.00024615072796652093
2021,12.0,2,V700,16,False,0.6109090199235254,1.366571864360939,0.9756083929144264,0.21320004002721715,5.756008225014186,0.00010546969115865501
2021,12.0,2,Q1000,16,False,0.04524477777837415,0.0003271070646737699,0.9767003933247969,0.6380204714167115,5.6427459540916765,0.0003052769577395198
2021,12.0,2,Q925,16,False,0.07712557386424762,0.00047493934378050814,0.9509124066401833,0.29226745169416146,2.2621964333847555,0.00029168690807779285
2021,12.0,2,Q850,16,False,0.1176936189963299,0.0005708601051891766,0.952471097799188,0.1251063419933085,1.2883439555405496,0.00012290885884247427
2021,12.0,2,Q700,16,False,0.15075746701379103,0.0004406885274631289,0.9633778035473244,0.07798943138181968,1.0238518907724203,5.9612628914296195e-05
2021,12.0,2,Z1000,16,False,0.04341798213967321,39.65368441799541,0.9976074698462758,3.2600736977253963,48.84803223575677,0.00016483780180964747
2021,12.0,2,Z925,16,False,0.033418340271289114,37.1415318436198,0.9978160951302367,3.5486915743697334,49.78795160123624,0.00016465483917393886
2021,12.0,2,Z850,16,False,0.025255395516653987,35.1815182291608,0.9980621308422873,4.586914846176904,50.33124355393065,0.0001917693341690896
2021,12.0,2,Z700,16,False,0.01631211865215533,34.60514410331568,0.9985028915928676,6.844578123682821,49.66738127237822,0.00022875543743261506
2021,12.0,2,t2m,16,False,0.04264702215964226,0.8358816506690334,0.953760957705312,2.482706955386116,31.387161685856345,0.00241573234264969
2021,12.0,2,u10,16,False,0.1732284310268087,0.8557484564332111,0.9761681113768741,0.4249398744925026,8.163854249109647,0.00020562137356328059
2021,12.0,2,v10,16,False,0.33306281742053073,0.9259146214165965,0.9730579923086136,0.4865009703206691,10.85506595656749,0.00026550636021660523
2021,12.0,2,mslp,16,False,0.04412043144339542,49.225163313467284,0.997705293925962,3.033524033217716,47.63781516625533,0.00014660139530320304
2021,12.0,3,T1000,16,False,0.0427280799694037,0.7242290900965263,0.9681805402821851,2.2418721497260097,28.95412335583616,0.00146132016607603
2021,12.0,3,T925,16,False,0.04531197204697176,0.7242640645867247,0.9754717050639838,1.3073522818649153,18.913181510136123,0.0006532333753975772
2021,12.0,3,T850,16,False,0.048086495024456825,0.7382954691837436,0.9781198394616885,0.8115893185033474,8.581776942649777,0.0003625125162847187
2021,12.0,3,T700,16,False,0.042546517271847696,0.6090509022017269,0.9822919548916779,0.6416438912844713,4.470215954246126,0.00023459702738815036
2021,12.0,3,U1000,16,False,0.21637695297506146,1.1940030337321208,0.9630254285022256,0.3889569860109132,8.903172837004114,0.0002916369149417175
2021,12.0,3,U925,16,False,0.2164112558498227,1.5496406925048944,0.9620503555882639,0.40118728607585474,9.415468109462633,0.00030943790086568335
2021,12.0,3,U850,16,False,0.20513003514177816,1.5459013506653783,0.9641403753800548,0.23827596820544805,5.950457727744817,0.0001737733086208948
2021,12.0,3,U700,16,False,0.18757986218267186,1.6001669092410886,0.9697420653157887,0.12099496630144646,2.599034609470008,7.470850659885286e-05
2021,12.0,3,V1000,16,False,0.4207397669645094,1.2934784804089137,0.9590735638662081,0.5843312990068572,12.28525705030955,0.000479714954512267
2021,12.0,3,V925,16,False,0.5353233114875349,1.6752550760453777,0.9556738574908618,0.6980066489474579,14.525235018328885,0.000621886698333296
2021,12.0,3,V850,16,False,0.6541829758752556,1.6409246312749113,0.9552962530134169,0.5214806438756825,11.508494505860767,0.0004709823353097331
2021,12.0,3,V700,16,False,0.7814150394425549,1.7479850066490403,0.9595988959167875,0.2226057365031342,6.3888172459493635,0.00018229661545821063
2021,12.0,3,Q1000,16,False,0.05983606315068186,0.00043259796913208237,0.9591213126833087,0.4409253446662542,6.233885723554311,0.00036552393823963136
2021,12.0,3,Q925,16,False,0.0985811451575727,0.0006070627687132912,0.9187641200006522,0.2049697119482996,2.699150113694937,0.00033365422376185894
2021,12.0,3,Q850,16,False,0.15156246061151799,0.0007351372385028269,0.9200165724668885,0.08300416106453712,1.4225836548380277,0.00013599303002853613
2021,12.0,3,Q700,16,False,0.19437698541563245,0.0005681954542195032,0.9381903442371813,0.05081471128672854,1.0290585005162889,6.465273320432896e-05
2021,12.0,3,Z1000,16,False,0.05588078743956974,51.03597641263034,0.9960409137615995,3.0305464439357666,51.73689443543279,0.0002528078919671328
2021,12.0,3,Z925,16,False,0.0426809977152661,47.43615687507699,0.9964404951969215,3.3412914968894425,52.993071856379274,0.0002521987635216716
2021,12.0,3,Z850,16,False,0.032105812553371235,44.724353278914535,0.9968713805824706,3.9631562019147304,53.813980173617914,0.00026534551564727504
2021,12.0,3,Z700,16,False,0.02071649294169176,43.9487500360679,0.9975861082685983,5.504688164012284,53.44865437590522,0.0002903024195605175
2021,12.0,3,t2m,16,False,0.0506951387002386,0.9936247371585228,0.9347838974974289,3.0805536647527387,36.446229317880295,0.004159376971974438
2021,12.0,3,u10,16,False,0.2210575876826213,1.0920244940162471,0.9609681844279694,0.3924315611662399,9.165637541483395,0.00031061947322985617
2021,12.0,3,v10,16,False,0.42187760359116666,1.172819723754996,0.9565977898000778,0.5762527859350497,12.752206424831414,0.0005004612885697313
2021,12.0,3,mslp,16,False,0.0570684524975172,63.67126938454862,0.9961631993608521,2.8760039924082825,50.29320827074639,0.00023208208302527567
2021,12.0,4,T1000,16,True,0.049855670023313474,0.8450397604557038,0.9563767309734441,2.46235883550161,30.299302138968287,0.002189286753881081
2021,12.0,4,T925,16,True,0.05248823761431605,0.8389690984833207,0.9668767302116145,1.4019254162882078,20.228001543261907,0.0009426911795080706
2021,12.0,4,T850,16,True,0.05529366785367399,0.8489507181583579,0.9709186235701683,0.8184979126664382,8.942043126173338,0.00048391736765363014
2021,12.0,4,T700,16,True,0.04890440007627651,0.7000636220091342,0.9764960889697791,0.6447443035377698,4.720674925186108,0.0003133336542429088
2021,12.0,4,U1000,16,True,0.2469065613058537,1.3624703504360522,0.9515987209258817,0.36921196430002023,9.582905874754456,0.00035988968324363046
2021,12.0,4,U925,16,True,0.24862376451768173,1.7803025136817334,0.949657401522157,0.3596295629524904,9.922505225235746,0.00036491897306911714
2021,12.0,4,U850,16,True,0.2356633814258949,1.7760068074411366,0.9523387296254615,0.21929196379358862,6.267158633813164,0.0002107026076761942
2021,12.0,4,U700,16,True,0.2142451491700094,1.827637546197445,0.9602063150293272,0.11091567422347737,2.7959046211256444,8.981841752775388e-05
2021,12.0,4,V1000,16,True,0.47563437852819773,1.4622407574514698,0.9474355825546149,0.5911135131404399,13.770694018783026,0.0006206558676186136
2021,12.0,4,V925,16,True,0.6032647094294975,1.8878727010788832,0.9433904717814428,0.7004092013959684,16.431705420370047,0.0007989628635761692
2021,12.0,4,V850,16,True,0.7427441836814292,1.8630677851583184,0.9419281128468034,0.5147725537907433,12.88269330274101,0.0006036834317058037
2021,12.0,4,V700,16,True,0.8924171118475303,1.9962908996509612,0.9467098795278196,0.2171396488719335,6.807951020669112,0.00023407431952926494
2021,12.0,4,Q1000,16,True,0.07058536605359499,0.0005103124177441231,0.9428096517968667,0.4104958605496978,6.548494863155884,0.00046570966181602724
2021,12.0,4,Q925,16,True,0.11241044075511263,0.0006922235836609326,0.8933187104228899,0.20112452784379897,3.0523447940201676,0.00041581433485904373
2021,12.0,4,Q850,16,True,0.17361980142006528,0.0008421239730426876,0.8938376085979717,0.07791409232869029,1.5267552238976911,0.00016363772582295155
2021,12.0,4,Q700,16,True,0.2231853386752775,0.0006524069439403506,0.9175179118384758,0.04137352978814679,1.0489278041373118,6.907918128062907e-05
2021,12.0,4,Z1000,16,True,0.0646282516086338,59.02504378200052,0.9946894682287918,3.4712299863010054,53.370537557529744,0.00039143593163659673
2021,12.0,4,Z925,16,True,0.04927720130365972,54.76725420693547,0.9952426972929467,3.8739053984594873,54.604632019580414,0.00039469554117543826
2021,12.0,4,Z850,16,True,0.03690019985174697,51.403077538372834,0.9958584129127984,4.4960824011224805,55.61400093754882,0.0004036164768446149
2021,12.0,4,Z700,16,True,0.02374315768655741,50.36963065109125,0.9968227109248191,6.041784707538101,55.50350925332721,0.00042366132326887573
2021,12.0,4,t2m,16,True,0.05580760035919407,1.0938289884421573,0.9203678322794718,3.990079741070307,37.884012550707254,0.006552915394265946
2021,12.0,4,u10,16,True,0.25243115108670505,1.2470098967659338,0.9488251035161931,0.3704965305960317,9.848745031411188,0.0003814732281349764
2021,12.0,4,v10,16,True,0.47684594686179077,1.32563171796356,0.9442663817068082,0.5594501884204406,14.262452138302773,0.0006188815721323015
2021,12.0,4,mslp,16,True,0.06611324205157072,73.7625409129098,0.9948372678281822,3.1422823333699723,51.86814424889751,0.0003431697193515548
2021,12.0,5,T1000,16,False,0.05446563475831621,0.9231773837495231,0.947524605611188,2.476693184136902,31.00292599297514,0.002601233889454768
2021,12.0,5,T925,16,False,0.057081700917096925,0.9123907612193848,0.9605933588697745,1.4829994394688018,20.971812011573597,0.0011792277856276234
2021,12.0,5,T850,16,False,0.05963691069176332,0.9156346474808471,0.966031321881267,0.8487552383621866,9.236371010802213,0.0005845203933834142
2021,12.0,5,T700,16,False,0.052684885446131764,0.7541810485076185,0.9726281561491658,0.699820656085326,4.826484396299746,0.00039528952875467205
2021,12.0,5,U1000,16,False,0.2647654503743549,1.4610185943800735,0.9441451227780363,0.4716654109000795,9.920742649108272,0.0005385918619167374
2021,12.0,5,U925,16,False,0.2677549294536903,1.9172936861897856,0.9414186974378137,0.47644076572508354,10.09872025673786,0.0005719575563094548
2021,12.0,5,U850,16,False,0.2537418408592877,1.9122497248556736,0.944482632298031,0.2804414856009019,6.377833687157475,0.00031753588595084814
2021,12.0,5,U700,16,False,0.22979477012000785,1.9602849846593347,0.9539440656466824,0.11991269605199362,2.9001443305800345,0.00011224252504582477
2021,12.0,5,V1000,16,False,0.5059215657074903,1.555352525679555,0.940301877213979,0.7680216156478514,14.713938451976983,0.0009427088390614458
2021,12.0,5,V925,16,False,0.6405650890365564,2.00460150374867,0.9359045213160929,0.9410988703811407,17.59525468215233,0.0012516945542997426
2021,12.0,5,V850,16,False,0.7928633868857458,1.988784656362558,0.9334169471375033,0.67437244880304,13.716638778547917,0.000928566531521291
2021,12.0,5,V700,16,False,0.9566781543392939,2.1400395261397143,0.9382085970507393,0.2862435732950086,6.990581756694958,0.00036269640214081633
2021,12.0,5,Q1000,16,False,0.0765179277584932,0.0005532031751963171,0.9325650071724462,0.3783778045205688,6.902182553807689,0.0005012707865970079
2021,12.0,5,Q925,16,False,0.12029993398510924,0.0007408070891044046,0.8771363589665984,0.22629847385973179,3.3035629359563945,0.0005513012917384152
2021,12.0,5,Q850,16,False,0.18650638145031898,0.0009046289306962667,0.8766054125678562,0.09854025406230704,1.576896622202839,0.0002421488801489513
2021,12.0,5,Q700,16,False,0.24031707432267782,0.0007024857854348572,0.9035353516096286,0.05387245463184254,1.062162997021987,0.00010228807771739401
2021,12.0,5,Z1000,16,False,0.07013920814831855,64.0582057020755,0.9937102704710012,3.6518871291317923,54.04796204350424,0.0004890931650076702
2021,12.0,5,Z925,16,False,0.05345003357229103,59.404988478601965,0.9943729280956847,4.060102657110365,55.17423208409811,0.0004905844530604941
2021,12.0,5,Z850,16,False,0.039994957443313967,55.714166994727925,0.9951111503229705,4.426238631899704,56.13327186919658,0.0004686474740236424
2021,12.0,5,Z700,16,False,0.025727214445081005,54.57868367254556,0.9962555526655958,6.013995642338276,56.046368235159235,0.0004973677149586742
2021,12.0,5,t2m,16,False,0.0620972298459674,1.2171057291259642,0.8987243589078303,3.6969138409697844,40.360209072102734,0.007247495911708368
2021,12.0,5,u10,16,False,0.27086286040064694,1.3380625383536,0.9408547855359518,0.47452250955657416,10.176587757362054,0.0005729696374039417
2021,12.0,5,v10,16,False,0.5071997066586369,1.4100151666479392,0.9366919020649837,0.7401214129812428,15.206780577233282,0.0009616527049565171
2021,12.0,5,mslp,16,False,0.07174288961709832,80.04353819345127,0.9938899146142581,3.2628466017042057,52.58117552182691,0.0004223544589798678
2021,12.0,6,T1000,16,True,0.05638692035115994,0.9557426389150453,0.9437323863581617,2.0425731346292664,31.07016840251122,0.002262007735442717
2021,12.0,6,T925,16,True,0.05887320682298146,0.9410260960886215,0.9580122283486268,1.233597274584941,21.083123588018594,0.0010420953327086036
2021,12.0,6,T850,16,True,0.06126833048933949,0.9406826347358515,0.9640845835972381,0.795695207711844,9.476617364911888,0.0005775669348659918
2021,12.0,6,T700,16,True,0.05409894804929397,0.7744232710838146,0.9710844311112189,0.6376604029300847,4.874714528584145,0.0003790773848453277
2021,12.0,6,U1000,16,True,0.2714471555275305,1.4978893228145989,0.9412844493499067,0.4125901256385456,9.953405164654727,0.0004933033915731633
2021,12.0,6,U925,16,True,0.27487874088734243,1.9683046584997328,0.9382579264710613,0.40209725119533246,10.061881782811188,0.0005070511325958593
2021,12.0,6,U850,16,True,0.26048926252088117,1.9630996642673362,0.9414137239995498,0.23032072551464333,6.3467264257712985,0.00027255006312454366
2021,12.0,6,U700,16,True,0.23555402351064614,2.0094148138121977,0.951461426220611,0.11029051251522093,2.9197243458088384,0.0001087015798585389
2021,12.0,6,V1000,16,True,0.5158442189696756,1.5858576948356435,0.937892867162689,0.6511358672643852,15.13237822301251,0.0008261522770213192
2021,12.0,6,V925,16,True,0.6522404501732012,2.0411386899668593,0.9334501163792058,0.7923087100374482,18.106374659875225,0.0010922032296813988
2021,12.0,6,V850,16,True,0.8096802531213517,2.030967360174926,0.9303354098719886,0.5658644904416921,14.082616755107368,0.0008113291012668
2021,12.0,6,V700,16,True,0.9804609603388521,2.193240429164849,0.9347391901305426,0.21970747752368958,6.935812569782673,0.0002921486350687674
2021,12.0,6,Q1000,16,True,0.07911830874729187,0.0005720032004362436,0.9279435582368939,0.37047674823251775,7.043112669277218,0.0005148915253561093
2021,12.0,6,Q925,16,True,0.12341552571946897,0.0007599929056408099,0.8706738106670124,0.18756816888961803,3.469736151338476,0.0004562431739502104
2021,12.0,6,Q850,16,True,0.19162206203520663,0.0009294419808635209,0.8694956988870016,0.07527416798892572,1.606472565753303,0.00019110135122746286
2021,12.0,6,Q700,16,True,0.24740111861966932,0.0007231935973073477,0.8972835832126643,0.04416243409658405,1.0724897226983443,9.005291731856158e-05
2021,12.0,6,Z1000,16,True,0.07260428745860185,66.3095651631666,0.9932300741218172,3.14412363283163,53.84395551519564,0.0004492651251973845
2021,12.0,6,Z925,16,True,0.05532986411697945,61.49425414838478,0.9939439101024785,3.4935693738123996,54.86052005585984,0.00044972546246302425
2021,12.0,6,Z850,16,True,0.04147735351714684,57.77918894494424,0.9947202545208138,3.680852877941143,55.6343831561503,0.0004148928428890919
2021,12.0,6,Z700,16,True,0.026692746689250653,56.62700014690654,0.995957977663335,5.029281614111547,55.435276683450766,0.00044136066349798053
2021,12.0,6,t2m,16,True,0.06154144723529601,1.2062123935608309,0.9003097621871115,3.511848757951852,40.61607441061991,0.00666268424076244
2021,12.0,6,u10,16,True,0.2777226376774484,1.3719498405355097,0.9377924116984466,0.41594128483184445,10.210109469436112,0.0005274354995438157
2021,12.0,6,v10,16,True,0.5170878492018001,1.437504204305781,0.9341398612895577,0.6185658927859494,15.617673639263408,0.0008291722868947193
2021,12.0,6,mslp,16,True,0.07418775651711584,82.77127619253386,0.993438536605582,2.7718076950674075,52.45770488571559,0.0003823073551298961
2021,12.0,7,T1000,16,False,0.05539833073061449,0.9389863226902432,0.9457240022559843,2.2206792183657176,30.157986045658458,0.002397458384821527
2021,12.0,7,T925,16,False,0.05761084977429485,0.9208486488020766,0.9598235884618015,1.3124926374859291,20.33232353782456,0.0010585674796100841
2021,12.0,7,T850,16,False,0.060281791625292444,0.9255358206661936,0.9652472484513482,0.7702467078027797,9.506331579291604,0.0005406993664227588
2021,12.0,7,T700,16,False,0.05321193175224258,0.7617256859255642,0.9720237098109474,0.620469856450423,4.905530051569274,0.00035640244567269885
2021,12.0,7,U1000,16,False,0.2674806115190999,1.4760012882886855,0.9432132033782697,0.3766586959942808,9.686429827684794,0.0004351060528263728
2021,12.0,7,U925,16,False,0.27038612592134276,1.9361347070763526,0.9404783815994423,0.3756723533312911,9.829936275286277,0.0004558031221122416
2021,12.0,7,U850,16,False,0.2564452294725323,1.9326230123299317,0.9433237199622447,0.23109813366639642,6.134433709005204,0.0002633610156578259
2021,12.0,7,U700,16,False,0.23217145821052934,1.9805595375550609,0.9528137043091014,0.10995021229325275,2.820962823810702,0.00010440392031552115
2021,12.0,7,V1000,16,False,0.5074096186446736,1.559927238875156,0.9400440378160085,0.618340822336716,14.985375910040998,0.0007539925059398822
2021,12.0,7,V925,16,False,0.6401680494005302,2.0033590005352346,0.9359997239546174,0.7436300821624608,17.99932395637418,0.0009842089746244786
2021,12.0,7,V850,16,False,0.7954544701487937,1.9952840193037402,0.9328006263085313,0.548871758113989,13.984475418912346,0.0007558382710589617
2021,12.0,7,V700,16,False,0.9663494675728138,2.161673746605311,0.9365231848808823,0.23808436771649566,6.625924246253334,0.0003063977813664298
2021,12.0,7,Q1000,16,False,0.07854567372248596,0.0005678632111216345,0.9289225981109782,0.3464592872549188,6.849059084918063,0.0004800099419707271
2021,12.0,7,Q925,16,False,0.12204723521487001,0.0007515669721624771,0.8737587244873419,0.19071583564232997,3.5237521408078787,0.0004575077016311102
2021,12.0,7,Q850,16,False,0.18960367867972902,0.0009196520315719442,0.8727229085867059,0.07292654209659633,1.6091398492130482,0.00018429095313454713
2021,12.0,7,Q700,16,False,0.24517411201382716,0.0007166836938283495,0.8990860121157744,0.04089890105690719,1.0631012040168586,8.248620517292693e-05
2021,12.0,7,Z1000,16,False,0.07199219581998981,65.75054116234223,0.9933691179416848,3.6010523200345257,52.71943717764174,0.000505499606523907
2021,12.0,7,Z925,16,False,0.05482891920394897,60.93749808747491,0.9940733388981459,3.93001039138251,53.73026888447101,0.0004959561589301664
2021,12.0,7,Z850,16,False,0.04123840482265072,57.446326130538935,0.9947951746768835,3.994480113255694,54.27007601275585,0.00044366409150009556
2021,12.0,7,Z700,16,False,0.026497658590272796,56.213133134456754,0.9960258392166336,5.18458828178815,53.97487780619736,0.0004470591950178626
2021,12.0,7,t2m,16,False,0.06092713329887916,1.1941718384720457,0.9024039745117393,3.6338343048968436,38.6552204336435,0.006868880807858524
2021,12.0,7,u10,16,False,0.2736014529277882,1.3515911890065433,0.9398342753457811,0.3754954926419751,9.94385848130499,0.0004586425219124113
2021,12.0,7,v10,16,False,0.5085047728678085,1.4136432478087742,0.936429565889563,0.5943107218733479,15.457466710294588,0.0007647794825679233
2021,12.0,7,mslp,16,False,0.0734608099151756,81.96022187464659,0.9935863301442467,3.2019963498023496,51.42179537568185,0.0004328285313904834
2021,12.0,8,T1000,16,True,0.0517721300770349,0.8775232267513849,0.9529278631643476,2.5579483555086546,28.063110323643624,0.002435802764288786
2021,12.0,8,T925,16,True,0.053540946524243474,0.8557955377823961,0.9654533854455021,1.4912969749019234,18.699338427342084,0.0010452390606163764
2021,12.0,8,T850,16,True,0.05673444481180387,0.8710716694966988,0.9692931207870004,0.8165570754420703,9.109314582228013,0.000509546513295156
2021,12.0,8,T700,16,True,0.05006277798244193,0.7166457351275489,0.9752735005853014,0.6557863769215189,4.857171473655453,0.0003324071354170455
2021,12.0,8,U1000,16,True,0.2528961557084622,1.3955219016969043,0.9495674537297231,0.42009670144226297,9.063740206651872,0.0004326434486821018
2021,12.0,8,U925,16,True,0.2543837434877956,1.8215475887115533,0.9476313326014336,0.43151949377234766,9.305577708247359,0.0004633421724780096
2021,12.0,8,U850,16,True,0.2416403981059898,1.8210508139641175,0.9499055534441042,0.2624560073037019,5.694125472330991,0.00026594851757721916
2021,12.0,8,U700,16,True,0.21972047305175946,1.8743452846012945,0.957821249190437,0.132776087372255,2.555831268968345,0.00011290971257149618
2021,12.0,8,V1000,16,True,0.4806987331105626,1.477810071983868,0.9464327448956461,0.6840108902220754,14.176345698943882,0.0007506593079262824
2021,12.0,8,V925,16,True,0.6054447434159242,1.894694958406991,0.9429886824636305,0.8278713721435738,17.113860007410796,0.0009763857115391295
2021,12.0,8,V850,16,True,0.7514249707106739,1.8848422984189612,0.9402549793750097,0.6243889966579097,13.277179639622405,0.0007662434110379257
2021,12.0,8,V700,16,True,0.9147479755622124,2.046243886850251,0.9432694334682304,0.25650315050247396,5.975642227836286,0.00029503558010768316
2021,12.0,8,Q1000,16,True,0.0745818461602694,0.0005392058474363192,0.9361450011242175,0.41661381943043363,6.269620686066246,0.0005325128779617438
2021,12.0,8,Q925,16,True,0.11608135280300429,0.0007148290606151318,0.8865691381656338,0.2170097432021456,3.43927364041714,0.00048737687109701167
2021,12.0,8,Q850,16,True,0.1802496441555197,0.0008742813067372594,0.8859296376891211,0.08160865395643313,1.567869757801188,0.00018814923306742504
2021,12.0,8,Q700,16,True,0.23380651398558594,0.0006834543617562576,0.9085708214303541,0.04789414959263105,1.0060362696131309,8.993596232886869e-05
2021,12.0,8,Z1000,16,True,0.06857960869831352,62.63382195766328,0.994014353704334,3.9821079510899415,50.29753710992586,0.0005062973175499197
2021,12.0,8,Z925,16,True,0.05233090028410278,58.16117078592685,0.9946305146928395,4.269418061183961,51.296027600627845,0.000489204320558545
2021,12.0,8,Z850,16,True,0.039612734643835766,55.181719177621595,0.9952220038922365,4.463999006598652,51.510000688171864,0.0004568817458491248
2021,12.0,8,Z700,16,True,0.0253057278985152,53.684526316794724,0.9963895471084494,5.4523374771837325,51.25787167823827,0.0004280755683150339
2021,12.0,8,t2m,16,True,0.056815423136603545,1.1135823126111284,0.9181474633555963,3.8106566176234202,37.187164186728175,0.006355375448354628
2021,12.0,8,u10,16,True,0.2584179041074338,1.276584460909887,0.946650732563464,0.4382874839446882,9.336091508019084,0.00047669810152106695
2021,12.0,8,v10,16,True,0.4816156524773566,1.3388914982220341,0.9432046629178993,0.6695400903586779,14.608793810707132,0.0007760896816370044
2021,12.0,8,mslp,16,True,0.06988911395812442,77.97528068965447,0.9942208479057147,3.57788399074237,49.06592794735367,0.0004369412562924557
2021,12.0,9,T1000,16,False,0.04612016479067128,0.7817239841029046,0.9628228028684476,1.5766409971483597,24.519316169042117,0.001185252340756171
2021,12.0,9,T925,16,False,0.0474275918001523,0.7580800151457149,0.9730050094453767,1.0245077549976611,16.036819853445284,0.0005602931584532955
2021,12.0,9,T850,16,False,0.050785545412564456,0.7797353079134001,0.9754644700764719,0.6878944212250215,7.981039804671686,0.000342522408022794
2021,12.0,9,T700,16,False,0.0446487594927459,0.639144375203282,0.9803768444669919,0.6503472855649783,4.554005354339341,0.000260990603250133
2021,12.0,9,U1000,16,False,0.2273537878597355,1.2545749858469413,0.9595056835534,0.3392148919939775,7.924374290275116,0.00027934331841317217
2021,12.0,9,U925,16,False,0.22697928147267354,1.625314405576419,0.9585823745173596,0.35755445549805476,8.252363466213207,0.000302463597285918
2021,12.0,9,U850,16,False,0.21593068137029658,1.6272972013130156,0.9602242215259309,0.23293454229552646,4.947423431320042,0.0001867359157564641
2021,12.0,9,U700,16,False,0.1978732058873092,1.6879752052594639,0.965915404460367,0.114705052580788,2.088854019245334,7.811025322157494e-05
2021,12.0,9,V1000,16,False,0.434333408924214,1.3352693539341907,0.95648395503141,0.5708059970195745,12.490411234745647,0.00050605258801939
2021,12.0,9,V925,16,False,0.5470292917655025,1.7118880782890205,0.9537200720834061,0.7000492458662633,15.125972739219373,0.0006655873383247801
2021,12.0,9,V850,16,False,0.6767944822913136,1.697642370772428,0.9518076149718223,0.5173649841983208,11.69239691362417,0.0005078144713062116
2021,12.0,9,V700,16,False,0.823169595907955,1.8413877857827627,0.9543228482115923,0.2246803058360003,4.92206595319864,0.00020617779028675454
2021,12.0,9,Q1000,16,False,0.06780927015603808,0.0004902420218720568,0.9474648377548348,0.31144308178366886,5.115552438251614,0.00033155616236513197
2021,12.0,9,Q925,16,False,0.10551410636814747,0.0006497559496463592,0.9072321947348793,0.18361418689626374,3.0189457945843823,0.0003396806323989754
2021,12.0,9,Q850,16,False,0.16319968951409833,0.0007915823552513811,0.9075499359216883,0.0799086803571658,1.4314964963895283,0.00015067072265384507
2021,12.0,9,Q700,16,False,0.21324483636307076,0.000623349242765485,0.9244810500580493,0.05348150883700553,0.861773322248649,8.246147021739869e-05
2021,12.0,9,Z1000,16,False,0.0615233898650635,56.189370730561606,0.9951908679625601,3.3364404502264855,46.656503271608806,0.00033684337966810585
2021,12.0,9,Z925,16,False,0.047344906511424374,52.61967944313996,0.9956149774512307,3.5602178044593202,47.3530453115244,0.00032830392336336
2021,12.0,9,Z850,16,False,0.035927051920672595,50.0474535464509,0.9960806259360715,3.9796148757542227,47.486543845425466,0.00033018266426454446
2021,12.0,9,Z700,16,False,0.022926510547241884,48.63716463312885,0.9970446768091159,4.7373634105774665,47.07568691782067,0.0002999544038083668
2021,12.0,9,t2m,16,False,0.052917088487045384,1.037174956128146,0.9294769765084326,2.2643087622613467,33.29020754456552,0.003244101886528239
2021,12.0,9,u10,16,False,0.231818156954623,1.1451817081772384,0.9573238390190929,0.3652387984994343,8.210131012093225,0.0003162506571142698
2021,12.0,9,v10,16,False,0.43499691733789625,1.2092914155439933,0.9538641134772979,0.5722327664107518,12.834091825045702,0.0005360237151219582
2021,12.0,9,mslp,16,False,0.06278162138398068,70.04545177058836,0.9953444103163319,3.070076340590633,45.35563913998132,0.0002988167137359943
2021,12.0,10,T1000,16,False,0.03412618956727808,0.5784294341383034,0.980158743864283,1.4622427128799242,22.46411821354132,0.000605993930496207
2021,12.0,10,T925,16,False,0.035428665283820396,0.5662898344646636,0.9852959118071947,1.0445257947207298,14.316904158323318,0.00031866024719162667
2021,12.0,10,T850,16,False,0.03798050410500308,0.5831332483451771,0.9864923670945365,0.7458592918596851,7.3111507227827115,0.00020683490579687103
2021,12.0,10,T700,16,False,0.03385796007090751,0.4846747135258825,0.9888917910253734,0.7594555290785787,4.119296897849423,0.00017437903289374557
2021,12.0,10,U1000,16,False,0.1747654825952839,0.9643842090117392,0.9759102925906993,0.29006581314787727,7.138509958162387,0.00014052037010203744
2021,12.0,10,U925,16,False,0.17295616803975788,1.2384749364216388,0.9759730361160246,0.3093973970345387,7.644047337300652,0.0001515543090808702
2021,12.0,10,U850,16,False,0.16301998518741448,1.2285515153960647,0.9777605797387983,0.21405697788859923,5.126823432823368,9.7586497325719e-05
2021,12.0,10,U700,16,False,0.15066976209597535,1.2853019742086582,0.9808670344850178,0.11458633003652574,2.2844808272768913,4.494119268239061e-05
2021,12.0,10,V1000,16,False,0.3334896189827157,1.0252457221486522,0.9739029794972857,0.39891030949894546,10.808155453021051,0.00020773213396929613
2021,12.0,10,V925,16,False,0.4228522051043404,1.3232849873253503,0.9720742276207508,0.49796958046468554,12.968113133093784,0.00028148131532190757
2021,12.0,10,V850,16,False,0.5178216275065914,1.2988816565200554,0.9722977986414897,0.38691929466978525,10.456657050974039,0.00022150282888178108
2021,12.0,10,V700,16,False,0.6266678196325223,1.4018234837619628,0.9747321596035138,0.18932594772811395,5.181743978240916,9.96737517146018e-05
2021,12.0,10,Q1000,16,False,0.047800841784402644,0.0003455866911321414,0.9740272614992818,0.41610147913573314,2.5024393321744443,0.0002225015608736669
2021,12.0,10,Q925,16,False,0.07825513988128101,0.00048189521401654194,0.9492516523089721,0.2096628996023031,1.3891606898290498,0.00021430979611591905
2021,12.0,10,Q850,16,False,0.11829536872600228,0.0005737788277194194,0.9513872452314774,0.08404518381733839,1.103256402675823,8.322447310826764e-05
2021,12.0,10,Q700,16,False,0.15236479206612621,0.0004453869998444644,0.9625230521499771,0.06158192415635089,0.8013620284342604,4.785214201996624e-05
2021,12.0,10,Z1000,16,False,0.048497595815766736,44.29290072552036,0.9970229418352723,2.849180091873449,43.922658942460046,0.000178241885019359
2021,12.0,10,Z925,16,False,0.0379580547340357,42.18702313830858,0.997189864450351,3.0712132338641895,43.70292919522007,0.00018168863084255804
2021,12.0,10,Z850,16,False,0.02863995814872929,39.89631468952192,0.9975202369773032,3.5751986072837694,44.09147774562903,0.00018818877849591242
2021,12.0,10,Z700,16,False,0.018226153038780474,38.66564902607628,0.9981423395563991,4.611464853026915,43.45659392061505,0.00018442814802710483
2021,12.0,10,t2m,16,False,0.03374928579842026,0.6614860150508495,0.9711246934103939,2.4593434594156305,28.06919261756645,0.0015010486682424107
2021,12.0,10,u10,16,False,0.17826612241299017,0.8806346537868874,0.9746324661538186,0.3227939479925612,7.389928767943155,0.00016499313461226794
2021,12.0,10,v10,16,False,0.3345888031166497,0.9301568609919885,0.9722915347394948,0.41165590179580436,11.09770460318834,0.00022746526027217495
2021,12.0,10,mslp,16,False,0.049191353265851466,54.8827903670769,0.9971547195015653,2.7306304508949997,42.86714389027308,0.00016305062853250174
2021,12.0,11,T1000,16,False,0.01929939237173928,0.32711934106963086,0.9935976552297556,3.432230658655988,20.569110928517265,0.00046783175849596237
2021,12.0,11,T925,16,False,0.02031155295928544,0.3246587431613895,0.9951538662830257,2.5776537086062423,12.198851987589098,0.0002623299384530986
2021,12.0,11,T850,16,False,0.021931604678685268,0.3367266480604431,0.9955038076346242,1.9582738967149238,6.149481113021293,0.00018227646460944325
2021,12.0,11,T700,16,False,0.019683032233772386,0.2817614528102645,0.996254638074563,1.9585950582748812,3.4942303729446733,0.00015274875478765715
2021,12.0,11,U1000,16,False,0.10191563214441601,0.5623869460363023,0.9918837263917972,0.7039906506428384,6.489646286429962,0.00011535732328893378
2021,12.0,11,U925,16,False,0.099598214873194,0.7131858576920393,0.9920628005076858,0.7853093395440935,7.200136355224962,0.00012653598885281614
2021,12.0,11,U850,16,False,0.0940742893507221,0.7089628354222798,0.992618894170864,0.5543273310117947,4.835685672485901,8.318689895348008e-05
2021,12.0,11,U700,16,False,0.08786874385220635,0.7495722325078783,0.9935325988348478,0.27955360352133196,2.0937958961819936,3.719957444292543e-05
2021,12.0,11,V1000,16,False,0.1962542532981152,0.6033436176084835,0.9911016646067975,0.8756845815955039,8.732410419915059,0.00015665829859567992
2021,12.0,11,V925,16,False,0.24940625646977257,0.7804986047507692,0.9903967320317207,1.0400166549507928,10.650242863679926,0.00020250658340037475
2021,12.0,11,V850,16,False,0.30348706139900533,0.761253982859445,0.9905396718575783,0.8177529385015925,8.58711616612352,0.00015810102719893138
2021,12.0,11,V700,16,False,0.3628767589962274,0.8117365302729485,0.991576815804664,0.4313817704233225,4.922648517865569,7.404113117881472e-05
2021,12.0,11,Q1000,16,False,0.027455061378173922,0.00019849239977142463,0.991416067017073,1.1246288411690286,2.1382636782067754,0.0001991759494007761
2021,12.0,11,Q925,16,False,0.04566492073403104,0.00028120461828212733,0.982972929711843,0.6177582268879989,1.3700341098048074,0.00021566166912878604
2021,12.0,11,Q850,16,False,0.06828014214242423,0.0003311854071638742,0.9841434539644627,0.24345670166221467,1.221580679069234,7.935434205319503e-05
2021,12.0,11,Q700,16,False,0.08822817509918979,0.00025790526588431614,0.9876669429154489,0.16847663251249312,0.7853734459642325,4.279665222339801e-05
2021,12.0,11,Z1000,16,False,0.032390178532833006,29.581981247606937,0.9986654937530409,4.925235320382882,34.52762269489269,0.000141420772830414
2021,12.0,11,Z925,16,False,0.025952232571299517,28.843612950569145,0.998680159991191,4.824203028124774,33.355649471260975,0.00013676599862200156
2021,12.0,11,Z850,16,False,0.02001724161589959,27.884613787187522,0.9987820269161495,5.204056254991551,32.95561152828276,0.0001370117582428776
2021,12.0,11,Z700,16,False,0.013079028565068675,27.74634475666623,0.9990402108923199,6.9186312844938485,30.99434299243309,0.00014767690545836043
2021,12.0,11,t2m,16,False,0.01965353091048871,0.3852092126845026,0.9899813388914662,5.15980126808736,24.91600394786203,0.001126795328401875
2021,12.0,11,u10,16,False,0.10379425834801376,0.5127436403260551,0.9914794934041009,0.7556066336477318,6.673256336798716,0.00013027027912126954
2021,12.0,11,v10,16,False,0.19678637282313102,0.5470661094223321,0.9905613202556763,0.8999322928055498,9.019225672409902,0.0001710134550767517
2021,12.0,11,mslp,16,False,0.03268290660998455,36.46431673050164,0.9987380464545893,4.595322831893878,33.64862235969795,0.00012421751780455903
2021,12.0,1,T1000,21,False,0.018486096927159558,0.3133342078616274,0.9940616756409215,5.241558225379917,24.814088142455514,0.0006786369848619245
2021,12.0,1,T925,21,False,0.020132187700694054,0.32179177816745763,0.9951997010919054,3.3123479545392187,15.342706641802783,0.0003354373114858866
2021,12.0,1,T850,21,False,0.021784930229528213,0.33447468514195816,0.9955530385824995,2.232418081543297,7.111397928342667,0.00020688263125812067
2021,12.0,1,T700,21,False,0.019367295686134777,0.27724170232605794,0.9963646378646079,1.9811977971424533,3.146206586938749,0.0001501589897788813
2021,12.0,1,U1000,21,False,0.09999544731337351,0.5517910570503053,0.992197301968887,0.9870070836542566,6.99637144958658,0.00015623797467145817
2021,12.0,1,U925,21,False,0.09765720107945856,0.6992869751767139,0.9923634126057109,1.028552696463303,8.078325520553676,0.00015971550817694968
2021,12.0,1,U850,21,False,0.09272599041146186,0.6988017808861925,0.9927938293900427,0.6811648450274044,5.068125924786948,0.00010001587998909045
2021,12.0,1,U700,21,False,0.08638556816930773,0.736919870864447,0.9937053516813871,0.3848675774104193,2.1042128236401836,4.944401332340753e-05
2021,12.0,1,V1000,21,False,0.1950339339978559,0.5995919961203456,0.9912901279632665,1.0854367009188293,8.892978478632719,0.00019104697957950112
2021,12.0,1,V925,21,False,0.24995275851823123,0.7822088418951096,0.9904471907547917,1.2618873079086712,10.199366927884734,0.00024362930280152906
2021,12.0,1,V850,21,False,0.301620183633828,0.7565711845639365,0.9906511937656073,0.9493592928081718,8.26351202309944,0.00017973698913698044
2021,12.0,1,V700,21,False,0.35670119175348497,0.7979221057221786,0.9917867002867491,0.5856011606225398,5.288207815620161,9.699198883938998e-05
2021,12.0,1,Q1000,21,False,0.02597276678647195,0.00018777582547698047,0.9923161176296194,1.439534035481005,4.968870555151684,0.00022821055436872406
2021,12.0,1,Q925,21,False,0.045303385647630784,0.0002789782846185848,0.9832872479950722,0.6295777056477547,1.8649215258149998,0.0002165097335241617
2021,12.0,1,Q850,21,False,0.0680618605408039,0.00033012665652192827,0.9843575394915441,0.26348249443970406,1.2531983915787581,8.587017297778665e-05
2021,12.0,1,Q700,21,False,0.08722936154651925,0.0002549855712217712,0.9879393409172146,0.16157401667500348,1.228581407963425,4.079890618724491e-05
2021,12.0,1,Z1000,21,False,0.0302676963839908,27.64351620609024,0.9988330835151723,6.526032168011708,37.47295268866051,0.00016825085714611276
2021,12.0,1,Z925,21,False,0.02393814945015859,26.60513748304597,0.9988737836397849,6.629044243474724,37.21445958354721,0.00016536872360606303
2021,12.0,1,Z850,21,False,0.01867337160024235,26.012562814392876,0.9989369989880815,7.235625916965671,36.093458231088015,0.0001718492936285676
2021,12.0,1,Z700,21,False,0.01215492226800543,25.7859108592266,0.9991677612024593,9.424023842954465,34.76665533918134,0.00018184257004560944
2021,12.0,1,t2m,21,False,0.02199715003465801,0.4311441489120609,0.9874075836435232,6.643199851728776,19.609295392201187,0.0018823897277250312
2021,12.0,1,u10,21,False,0.10169309468293268,0.5023638916285996,0.9918347651068338,1.0191250884281189,7.35158672322882,0.00016876705875146225
2021,12.0,1,v10,21,False,0.19546240216229419,0.5433854715652413,0.9907693080066214,1.1262364751915999,9.250882179291098,0.00021025137233177116
2021,12.0,1,mslp,21,False,0.030345149819555182,33.85608218603486,0.9989107745425218,5.9165315716658835,36.938516573365845,0.0001409759069165295
2021,12.0,2,T1000,21,False,0.03264827421688536,0.5533791820809318,0.9814759653653476,2.2688310594732086,26.79875852880911,0.0008749494428672566
2021,12.0,2,T925,21,False,0.03496037484701112,0.5588047056979663,0.985472908324215,1.6312098321609847,17.03926434812808,0.000488223729513626
2021,12.0,2,T850,21,False,0.03736999270482133,0.5737597697933692,0.9868567617449304,1.0940022903948465,7.9376882086139915,0.00029586652128965607
2021,12.0,2,T700,21,False,0.033070463877173155,0.4734017540242688,0.989358375434894,1.0284597561512232,3.965340987091004,0.00022725725887340342
2021,12.0,2,U1000,21,False,0.16973500170655828,0.9366252005343718,0.9773819863612586,0.4248766670003179,7.933225274588363,0.00019521267508537665
2021,12.0,2,U925,21,False,0.16822438838325832,1.2045924178597076,0.9772026055973851,0.46080169738298427,8.57045091898485,0.0002135623838102063
2021,12.0,2,U850,21,False,0.1593451303944897,1.2008570658610882,0.9785412010417702,0.2909556589170914,5.435786388571828,0.00012717734962508498
2021,12.0,2,U700,21,False,0.1468629388435249,1.252827529272289,0.9816290233225741,0.15676340399366495,2.330886012375344,5.897889852179983e-05
2021,12.0,2,V1000,21,False,0.33206036347014517,1.0208517651837394,0.9746143183091001,0.47496575926128104,10.468508052609483,0.00024388662419494445
2021,12.0,2,V925,21,False,0.424404865180858,1.3281439249867646,0.9722737395529405,0.5872379946014528,12.132383808490177,0.0003295010141500798
2021,12.0,2,V850,21,False,0.5147050500767507,1.2910641637746862,0.9725415816699525,0.4518478671730386,9.71485210099977,0.0002517916268760523
2021,12.0,2,V700,21,False,0.6108809623697299,1.3665090970223603,0.9756106472067089,0.21778300314718724,5.760336620541007,0.00010772398344116585
2021,12.0,2,Q1000,21,False,0.04523761964016874,0.00032705531357999284,0.9767078552834432,0.6537404465553509,5.657674135824664,0.0003127389163858352
2021,12.0,2,Q925,21,False,0.0771211889635933,0.0004749123432298501,0.9509180781181397,0.29793623935805424,2.267753222622604,0.0002973583860341744
2021,12.0,2,Q850,21,False,0.11769178025846955,0.0005708511864261406,0.9524726103874215,0.12666669632546146,1.289886136508167,0.0001244214470759175
2021,12.0,2,Q700,21,False,0.15075501762203658,0.00044068136789955723,0.9633789615063482,0.0796128876100477,1.0254599793524943,6.077058793807488e-05
2021,12.0,2,Z1000,21,False,0.04340154226812511,39.63866985726233,0.9976092916329583,3.296703496799569,48.86740051908167,0.00016665958849215734
2021,12.0,2,Z925,21,False,0.03340422421451187,37.12584299516494,0.9978179524138046,3.589433039532963,49.80916139562892,0.00016651212274176874
2021,12.0,2,Z850,21,False,0.025240812067567377,35.16120299162411,0.9980643583977443,4.64201007795102,50.35992422853537,0.0001939968896260691
2021,12.0,2,Z700,21,False,0.01629792750512249,34.57503844491029,0.9985054895068729,6.925621078123223,49.71116942817473,0.0002313533514378685
2021,12.0,2,t2m,21,False,0.04261126611448551,0.8351808337929751,0.9538401737078813,2.564467241499746,31.44468794726586,0.002494948345219017
2021,12.0,2,u10,21,False,0.17321723905874892,0.8556931684899735,0.9761712037324544,0.43137323468557254,8.169787612379665,0.00020871372914355035
2021,12.0,2,v10,21,False,0.33302936541215916,0.9258216260958635,0.9730633341718906,0.4964958608593584,10.864019453997798,0.0002708482234936582
2021,12.0,2,mslp,21,False,0.044105814649007084,49.20885531882827,0.997706816114679,3.065648357377737,47.65516239665176,0.0001481235840202766
2021,12.0,3,T1000,21,False,0.04270522674799277,0.7238417348940314,0.9682152861761852,2.2941583311336333,28.992122422268473,0.0014960660600761289
2021,12.0,3,T925,21,False,0.045296752532774175,0.7240207959252799,0.9754884902651441,1.340501449409115,18.9404171816263,0.000670018576557796
2021,12.0,3,T850,21,False,0.048078115994309806,0.7381668216160322,0.9781275619833718,0.8288728132332612,8.597706488910006,0.00037023503796806967
2021,12.0,3,T700,21,False,0.04254138778640435,0.6089774739036785,0.9822962541192604,0.6536227152638352,4.481733198619809,0.00023889625497064415
2021,12.0,3,U1000,21,False,0.21635065416722166,1.1938579135351308,0.96303459785772,0.4010638746741013,8.914244893983547,0.00030080627043616026
2021,12.0,3,U925,21,False,0.21638365209203475,1.5494430359953117,0.9620602773480279,0.4138913457206628,9.427022376674032,0.00031935966062968113
2021,12.0,3,U850,21,False,0.20511390414539413,1.5457797812164302,0.964146143792784,0.24612102126415625,5.957853586792295,0.00017954172135004054
2021,12.0,3,U700,21,False,0.18757496798298032,1.6001251571978088,0.9697436798445053,0.12360093791236038,2.601575925841737,7.632303531546203e-05
2021,12.0,3,V1000,21,False,0.4206725038129981,1.293271694989195,0.9590871601078613,0.6002247602659994,12.29927989889209,0.000493311196165469
2021,12.0,3,V925,21,False,0.5352236316004576,1.6749431342642465,0.9556909705176745,0.7164971784487273,14.541150848516915,0.0006389997251460278
2021,12.0,3,V850,21,False,0.6540883020669508,1.6406871603721396,0.9553095631931899,0.5358772433276537,11.521301057141864,0.0004842925150827515
2021,12.0,3,V700,21,False,0.7813840090254761,1.747915592682654,0.9596022034754724,0.22656795120691298,6.392534597033572,0.00018560417414315022
2021,12.0,3,Q1000,21,False,0.05982966654192478,0.0004325517231056868,0.9591302979297223,0.4515684320495761,6.243909530538194,0.0003745091846532045
2021,12.0,3,Q925,21,False,0.09857676075952868,0.0006070357709454995,0.9187715981130764,0.2094080975533652,2.7034775705858216,0.0003411323361860452
2021,12.0,3,Q850,21,False,0.15155904367914463,0.0007351206682989107,0.9200203881110469,0.08525676118961156,1.4248060545261287,0.00013980867418694753
2021,12.0,3,Q700,21,False,0.19437424329489564,0.0005681874389997318,0.9381921599537658,0.052224717378868135,1.0304547062988112,6.646844978885902e-05
2021,12.0,3,Z1000,21,False,0.055865658647627915,51.022159139591146,0.996043063191152,3.0567993074829936,51.749960866956194,0.00025495732151958883
2021,12.0,3,Z925,21,False,0.04266656205634261,47.42011294178009,0.9964429144624289,3.3739836133494405,53.00897064080434,0.0002546180290291522
2021,12.0,3,Z850,21,False,0.032092099248133395,44.70525018558966,0.9968740431665917,4.0041762680131265,53.8337075356508,0.0002680080997683465
2021,12.0,3,Z700,21,False,0.02070320303389073,43.92055644624784,0.9975892010537099,5.565308172691575,53.47851768786151,0.0002933952046720867
2021,12.0,3,t2m,21,False,0.050652751077809005,0.9927939404483842,0.9348946859721536,3.1615907227956264,36.49936840191713,0.004270165446699226
2021,12.0,3,u10,21,False,0.2210314820825617,1.091895528476337,0.9609776026594837,0.40419462875342926,9.176364545079462,0.0003200377047442027
2021,12.0,3,v10,21,False,0.42181098859163607,1.1726345315981574,0.956612050174257,0.5919519195643597,12.765982960202294,0.0005147216627489071
2021,12.0,3,mslp,21,False,0.05705221386180965,63.65315197529384,0.9961653814313106,2.903640297943244,50.3073521707079,0.0002342641534838208
2021,12.0,4,T1000,21,True,0.049824788812121795,0.8445163321074025,0.9564305261850914,2.522774842237263,30.34247560288619,0.0022430819655283596
2021,12.0,4,T925,21,True,0.052470389436617096,0.8386838146654649,0.9668993357583247,1.4354528509274878,20.255127331220702,0.0009652967262182566
2021,12.0,4,T850,21,True,0.055283771562115565,0.848798776227429,0.9709291194932687,0.8362491145663786,8.958340400796583,0.0004944132907539478
2021,12.0,4,T700,21,True,0.04889883097773371,0.6999839018092503,0.9765015576625321,0.6560586067263507,4.731525072608522,0.0003188023469958834
2021,12.0,4,U1000,21,True,0.24687725911902916,1.3623086574756604,0.9516105263064802,0.38103587027099595,9.593636325051836,0.000371695063842159
2021,12.0,4,U925,21,True,0.2485928776476197,1.7800813478995563,0.9496702887507934,0.3720080223511446,9.933695675521214,0.0003778062017054662
2021,12.0,4,U850,21,True,0.2356456167235963,1.7758729323119804,0.9523461365819802,0.22681360149005014,6.274224373141857,0.00021810956419487937
2021,12.0,4,U700,21,True,0.2142394113818844,1.8275885992809353,0.9602084811906486,0.11359084518571816,2.7985078842862054,9.198457884918021e-05
2021,12.0,4,V1000,21,True,0.47555585542954426,1.4619993509429237,0.9474536975628839,0.6075250556046186,13.784929727146533,0.0006387708758875954
2021,12.0,4,V925,21,True,0.603142857302636,1.8874913724379951,0.9434142007406178,0.7204665098149099,16.448585198473342,0.000822691822751187
2021,12.0,4,V850,21,True,0.7426242622020005,1.862766976008652,0.9419475276890009,0.5308351712016601,12.896759028912296,0.0006230982739032775
2021,12.0,4,V700,21,True,0.8923521652099451,1.9961456134554019,0.9467178897400448,0.22440145636352105,6.814733174608712,0.00024208453175444955
2021,12.0,4,Q1000,21,True,0.0705749792881446,0.0005102373242517228,0.9428267764846994,0.42515063785907303,6.562246422708673,0.00048283434964868643
2021,12.0,4,Q925,21,True,0.11240527442733776,0.0006921917684248371,0.8933288551772512,0.20571123437024275,3.056800459885678,0.0004259590892203846
2021,12.0,4,Q850,21,True,0.1736166338424824,0.0008421086082591919,0.8938416275196602,0.07973710420156044,1.5285518026295741,0.00016765664751150489
2021,12.0,4,Q700,21,True,0.22318299489735124,0.0006524000922240702,0.9175196907968135,0.042423244001688065,1.0499669375327647,7.085813961837939e-05
2021,12.0,4,Z1000,21,True,0.06459468563732267,58.99438790161674,0.9946949678200376,3.521364128016602,53.39475549874955,0.0003969355228824467
2021,12.0,4,Z925,21,True,0.04924823155397913,54.73505691113081,0.9952482292959172,3.930417311163692,54.63131966441939,0.00040022754414592576
2021,12.0,4,Z850,21,True,0.03687269367723354,51.364760481900404,0.995864560896169,4.567273002657046,55.64708718209682,0.00040976446021523394
2021,12.0,4,Z700,21,True,0.02371784043598578,50.315921710587276,0.9968294765347794,6.141972041978838,55.55095571435247,0.0004304269332291444
2021,12.0,4,t2m,21,True,0.05574725483482528,1.0926462126330363,0.9205397124797295,4.09389658582514,37.95117942063513,0.006724795594523658
2021,12.0,4,u10,21,True,0.25239927261291856,1.2468524149242999,0.9488383863044662,0.3830783236950075,9.860129856168209,0.0003947560164080377
2021,12.0,4,v10,21,True,0.47676654691010417,1.3254109843013608,0.9442858256442472,0.5760081038283182,14.276728357284496,0.0006383255095713247
2021,12.0,4,mslp,21,True,0.06608209541342686,73.72779063137853,0.9948420965540645,3.1879130147582813,51.89081966834076,0.0003479984452339213
2021,12.0,5,T1000,21,False,0.05444301767685569,0.9227940305501332,0.9475662930741767,2.517190143078818,31.03157731504783,0.0026429213524434836
2021,12.0,5,T925,21,False,0.05706734890180267,0.9121613606475887,0.9606123062347304,1.5077695054631968,20.991682017976075,0.0011981751505835136
2021,12.0,5,T850,21,False,0.05962850101977454,0.9155055304685914,0.9660408472857189,0.8627370062984085,9.249170002893802,0.0005940457978353963
2021,12.0,5,T700,21,False,0.052679153973125975,0.7540990020375528,0.9726341955477141,0.7106233045595545,4.836838114086728,0.00040132892730304626
2021,12.0,5,U1000,21,False,0.264763781753218,1.4610093871265768,0.944145548020946,0.47229266450351526,9.921310352154865,0.0005390171048264003
2021,12.0,5,U925,21,False,0.26775218223058744,1.9172740172956675,0.9414197272573605,0.4774618988252821,10.09964266318314,0.0005729873758562043
2021,12.0,5,U850,21,False,0.2537367293680417,1.912211206501861,0.944484674520511,0.2824502818194352,6.379719654729543,0.00031957810843086243
2021,12.0,5,U700,21,False,0.22979094311284964,1.9602523408194772,0.9539455679839349,0.12157610122380813,2.901761433713035,0.00011374486229831504
2021,12.0,5,V1000,21,False,0.505891688592108,1.5552606703128342,0.9403082707014137,0.7738817439142842,14.718975006403756,0.0009491023264961429
2021,12.0,5,V925,21,False,0.6405484444998548,2.0045494202707315,0.9359072705557011,0.9436728313160891,17.59739589907361,0.0012544437939079334
2021,12.0,5,V850,21,False,0.7928576412040643,1.9887702381288102,0.9334173851578805,0.6750922366607681,13.717264052379685,0.0009290045518984824
2021,12.0,5,V700,21,False,0.9566727454774717,2.1400274250647313,0.9382091463155239,0.28680733439673256,6.991107612845382,0.0003632456669253603
2021,12.0,5,Q1000,21,False,0.07651429060325575,0.0005531768810179546,0.9325715710900612,0.3831131562942791,6.9066078071337795,0.0005078347042120068
2021,12.0,5,Q925,21,False,0.12029550008669332,0.0007407797820211536,0.8771437484886294,0.22997583628623364,3.3071268795507147,0.000558690813769469
2021,12.0,5,Q850,21,False,0.18650493452382338,0.0009046219111187507,0.8766078532852978,0.09931529493720781,1.577660193909869,0.0002445895975905499
2021,12.0,5,Q700,21,False,0.24031683533481138,0.0007024850858419159,0.9035358005498999,0.05397184795147281,1.062261387627994,0.00010273701798868551
2021,12.0,5,Z1000,21,False,0.07010858209658369,64.03023479703366,0.9937158652003139,3.693957211860688,54.068026847897265,0.0004946878943202782
2021,12.0,5,Z925,21,False,0.053428609300641194,59.38117734351346,0.9943775512618661,4.0985580571420765,55.19219950833638,0.000495207619241933
2021,12.0,5,Z850,21,False,0.03997948208828824,55.69260929088784,0.9951150356947244,4.4632192410280265,56.15024533872967,0.0004725328457775291
2021,12.0,5,Z700,21,False,0.02571042729121359,54.54307084075723,0.9962604732635443,6.075322045159837,56.07504823007447,0.0005022883129071065
2021,12.0,5,t2m,21,False,0.06204357032800397,1.2160540018562005,0.8988856407609532,3.7801313563807337,40.41174506558536,0.007408777764831287
2021,12.0,5,u10,21,False,0.2708609783548017,1.3380532473186009,0.940855166939547,0.4752140458976095,10.177211880505277,0.0005733510409990927
2021,12.0,5,v10,21,False,0.5071736938246502,1.409942849861577,0.9366975810685904,0.7452121705454395,15.211129380892052,0.0009673317085632238
2021,12.0,5,mslp,21,False,0.07171921075332391,80.01711996118529,0.993894083391795,3.294774865110772,52.5968261861806,0.0004265232365167071
2021,12.0,6,T1000,21,True,0.056380099576547105,0.9556270297166155,0.9437469420799528,2.054422434540326,31.078506414988215,0.0022765634572338156
2021,12.0,6,T925,21,True,0.05886817124909168,0.9409456046830584,0.9580197246048822,1.2420450141525596,21.089873547529336,0.001049591588964005
2021,12.0,6,T850,21,True,0.061263233027409325,0.9406043702148722,0.9640905158439091,0.8039489035926994,9.484148817019145,0.000583499181536995
2021,12.0,6,T700,21,True,0.05409373666721728,0.7743486706188494,0.9710901001872494,0.6472320329588777,4.883878000807207,0.00038474646087582887
2021,12.0,6,U1000,21,True,0.2714427820384286,1.4978651870148207,0.9412859406606833,0.4141946532340901,9.954855973009714,0.000494794702349699
2021,12.0,6,U925,21,True,0.2748724726981283,1.9682597744963852,0.9382603042646404,0.40436842901629966,10.063932684022125,0.000509428926174893
2021,12.0,6,U850,21,True,0.26048175843042604,1.9630431112885245,0.9414167934007291,0.23319485817835384,6.349424358997102,0.00027561946430387785
2021,12.0,6,U700,21,True,0.23554999628799267,2.0093804588361155,0.9514630436739456,0.11199830801326138,2.9213841089472226,0.00011031903319314029
2021,12.0,6,V1000,21,True,0.5158231706397752,1.585792986537089,0.9378966775680272,0.6551896641096122,15.135841132230698,0.0008299626823594641
2021,12.0,6,V925,21,True,0.6522273935340476,2.0410978305425385,0.9334521086659107,0.7942946632638948,18.108014017745113,0.0010941955163862316
2021,12.0,6,V850,21,True,0.8096584527282298,2.030912679816211,0.9303383554012803,0.568541724121896,14.084930054367817,0.000814274630558498
2021,12.0,6,V700,21,True,0.9804363628877364,2.193185406047545,0.9347421837963559,0.22221072953159116,6.93814733056718,0.000295142300882012
2021,12.0,6,Q1000,21,True,0.0791159211184681,0.0005719859388352904,0.927947119262866,0.3734833635808399,7.045917918113709,0.0005184525513282079
2021,12.0,6,Q925,21,True,0.12341389639995035,0.0007599828704946998,0.8706755353704126,0.18888588270589146,3.4710105342988795,0.0004579678773504181
2021,12.0,6,Q850,21,True,0.19162104669628022,0.0009294370587534991,0.8694965500894418,0.07580363449591898,1.6069939189704008,0.0001919525536676625
2021,12.0,6,Q700,21,True,0.24740079302006307,0.0007231926450431943,0.8972839830537434,0.044293983951870786,1.0726199191928965,9.04527583975856e-05
2021,12.0,6,Z1000,21,True,0.0725559817953583,66.26544739659751,0.9932391865211352,3.2085645565115173,53.874664422611175,0.0004583775245153854
2021,12.0,6,Z925,21,True,0.055291716606742716,61.45185641755342,0.993952412019286,3.5601063174499292,54.891641743952356,0.00045822737927048163
2021,12.0,6,Z850,21,True,0.04144982142417507,57.74083579153943,0.9947273968051277,3.744788194171722,55.66383243832762,0.00042203512720295766
2021,12.0,6,Z700,21,True,0.026666035248317402,56.5703335893648,0.9959661166296331,5.124318845164833,55.47987261763598,0.000449499629796013
2021,12.0,6,t2m,21,True,0.061522670996650444,1.2058443773681993,0.9003675728760279,3.5412872036754806,40.63419239140632,0.006720494929678855
2021,12.0,6,u10,21,True,0.2777191402565315,1.3719325659807504,0.9377935108945898,0.4171953683046792,10.211240212842188,0.0005285346956870329
2021,12.0,6,v10,21,True,0.517066201969975,1.4374440259007026,0.9341437700300751,0.6227263714097431,15.621206199124337,0.0008330810274120859
2021,12.0,6,mslp,21,True,0.07414942955581078,82.72851488364971,0.9934454575598571,2.8220378319414485,52.4822662391079,0.00038922830940502084
2021,12.0,7,T1000,21,False,0.05538139163784349,0.938699206217588,0.9457566357242088,2.2505771045287393,30.179341569156794,0.0024300918530459903
2021,12.0,7,T925,21,False,0.057602161456244076,0.9207097752583774,0.9598357929866893,1.3273757446604084,20.34433825578448,0.0010707720044978997
2021,12.0,7,T850,21,False,0.06027379203675097,0.9254129993124612,0.9652565326473084,0.7834148167127353,9.518340381509594,0.0005499835623828941
2021,12.0,7,T700,21,False,0.05320778515051339,0.7616663268143472,0.9720281331987434,0.6282141220308901,4.912940398845523,0.0003608258334686365
2021,12.0,7,U1000,21,False,0.2674578841627048,1.475875873867916,0.9432229180263445,0.38512351581890814,9.69410361265547,0.00044482070090112735
2021,12.0,7,U925,21,False,0.27036419597386513,1.9359776740653996,0.9404881033058968,0.3837524878623766,9.83724961192587,0.0004655248285667657
2021,12.0,7,U850,21,False,0.2564315371408105,1.9325198235719614,0.9433297122403254,0.23642507580792227,6.139445455464876,0.0002693532937384502
2021,12.0,7,U700,21,False,0.2321668628888806,1.9805203401301683,0.9528155246242821,0.11192731538689493,2.8228862683924882,0.00010622423549622173
2021,12.0,7,V1000,21,False,0.507317813080665,1.5596450008767155,0.9400660138256146,0.63632193451445,15.000757596210846,0.000775968515545955
2021,12.0,7,V925,21,False,0.6400209096672381,2.002898533091758,0.9360299115867884,0.7664437102573474,18.01817144120902,0.0010143966067954757
2021,12.0,7,V850,21,False,0.7953204691286292,1.9949478973408072,0.9328237475042306,0.5656251401629064,13.998965460110679,0.0007789594667582111
2021,12.0,7,V700,21,False,0.9662988046613263,2.161560419854924,0.9365299056813836,0.24331459681176115,6.630819579353709,0.0003131185818677773
2021,12.0,7,Q1000,21,False,0.07854040531287775,0.0005678251213108865,0.9289323794303024,0.3531434959006874,6.855307135114508,0.0004897912612948918
2021,12.0,7,Q925,21,False,0.12204362048926802,0.0007515447129754388,0.8737655774767321,0.19367193025726648,3.5266095194490754,0.00046436069102129274
2021,12.0,7,Q850,21,False,0.18960121564407056,0.0009196400846283843,0.8727260748282282,0.0742246389841994,1.6104179900102378,0.00018745719465684818
2021,12.0,7,Q700,21,False,0.24517316387924973,0.0007166809198549737,0.8990868448465422,0.04128546177207815,1.0634838116827416,8.331893594071271e-05
2021,12.0,7,Z1000,21,False,0.07193945221189714,65.70237033361852,0.9933788492389246,3.6716770351035155,52.7540763138356,0.0005152309037637082
2021,12.0,7,Z925,21,False,0.05478287253415742,60.88632111206765,0.9940833268648581,4.010692322608089,53.769127338384635,0.0005059441256424213
2021,12.0,7,Z850,21,False,0.04120560614701396,57.400636694000056,0.9948035060586269,4.070837429200513,54.30644698661388,0.00045199547324348277
2021,12.0,7,Z700,21,False,0.026468409269899632,56.15108242921217,0.9960346253717763,5.289249844401745,54.02568242878976,0.000455845350160633
2021,12.0,7,t2m,21,False,0.06088629582656993,1.1933714222909748,0.9025286514614361,3.6984254059390542,38.69633784063799,0.006993557757555391
2021,12.0,7,u10,21,False,0.2735763615738759,1.3514672428505943,0.9398453290592115,0.3846318246101932,9.952117320922405,0.0004696962353427647
2021,12.0,7,v10,21,False,0.5084130945198657,1.413388384025334,0.9364526732574915,0.6122325779804871,15.472708887352605,0.0007878868504963554
2021,12.0,7,mslp,21,False,0.07341117076657272,81.90483939808652,0.9935950485943378,3.267404973709487,51.4546207790635,0.00044154698148157756
2021,12.0,8,T1000,21,True,0.05175559175703056,0.8772429073594085,0.9529584098723247,2.5890756788306324,28.086090164338106,0.002466349472265872
2021,12.0,8,T925,21,True,0.053529086299813185,0.8556059673119306,0.9654688202322717,1.5131183172961138,18.717347897760128,0.0010606738473859512
2021,12.0,8,T850,21,True,0.056728077695358946,0.8709739110744226,0.9692999859992869,0.8276881005645276,9.119514938990703,0.0005164117255817002
2021,12.0,8,T700,21,True,0.05005628415953716,0.716552773798253,0.9752800290321657,0.6686726720070202,4.869512791976327,0.00033893558228137444
2021,12.0,8,U1000,21,True,0.2528825238873153,1.395446680093625,0.949573032731376,0.4254643410878223,9.068641929360144,0.00043822245033509066
2021,12.0,8,U925,21,True,0.2543704418613829,1.8214523348248057,0.9476369852701987,0.4367258906592397,9.310320084102418,0.00046899484124307556
2021,12.0,8,U850,21,True,0.24163393268255245,1.8210020898776413,0.949908357863144,0.2651246233942639,5.696648756584077,0.0002687529366169894
2021,12.0,8,U700,21,True,0.21971703996971023,1.8743159978708994,0.9578226396634691,0.13433648986437285,2.557353811778429,0.00011430018560365518
2021,12.0,8,V1000,21,True,0.48065319462820805,1.4776700790502182,0.9464433114280505,0.6934194846411446,14.184476111399313,0.0007612258403306704
2021,12.0,8,V925,21,True,0.6053578679555262,1.8944230848781918,0.9430055745226217,0.8421016126847647,17.12575336621982,0.0009932777705302653
2021,12.0,8,V850,21,True,0.7513535240345274,1.8846630864278227,0.9402667577899543,0.6338377871199952,13.285425382713623,0.0007780218259825222
2021,12.0,8,V700,21,True,0.9147128952299167,2.0461654124173396,0.9432739037503117,0.26032828606691316,5.979248035996198,0.0002995058621889646
2021,12.0,8,Q1000,21,True,0.07457858705667103,0.000539182285700473,0.9361504840827164,0.42096544906885525,6.273716548963526,0.0005379958364606363
2021,12.0,8,Q925,21,True,0.11607912790794303,0.0007148153623219662,0.8865728013639411,0.2189222526350454,3.44112438972356,0.0004910400694043693
2021,12.0,8,Q850,21,True,0.18024802795953085,0.0008742734677906775,0.8859313267168971,0.08250456531350148,1.5687523427006744,0.00018983826084340016
2021,12.0,8,Q700,21,True,0.2338055997580084,0.0006834516882788509,0.9085713499717477,0.04828498118257807,1.0064233546866252,9.046450372252046e-05
2021,12.0,8,Z1000,21,True,0.068505188757,62.56585417060195,0.9940273858982198,4.086302857228318,50.35147230205692,0.0005193295114357399
2021,12.0,8,Z925,21,True,0.05227404961597501,58.0979862130758,0.9946421985095694,4.3734167983342065,51.34893808671443,0.0005008881372884355
2021,12.0,8,Z850,21,True,0.03956496753046543,55.11517829577775,0.9952335055076681,4.579201328059956,51.56847247294717,0.0004683833612807442
2021,12.0,8,Z700,21,True,0.02526932159030128,53.60729260356625,0.9963998960878079,5.5883593041991535,51.32799497023765,0.00043842454767351047
2021,12.0,8,t2m,21,True,0.05680035738317584,1.1132870280400202,0.9181889564968682,3.8361631588012868,37.20382027488548,0.006396868589626514
2021,12.0,8,u10,21,True,0.2584006647462602,1.2764992968258724,0.9466580378238182,0.44492936244399095,9.342139803586303,0.0004840033618752626
2021,12.0,8,v10,21,True,0.48157379933433836,1.3387751453463508,0.9432149963963259,0.6781720605267605,14.61621443822776,0.0007864231600636096
2021,12.0,8,mslp,21,True,0.06982554154010918,77.90435328242168,0.9942313977055227,3.66559131335239,49.11225851210641,0.00044749105610042417
2021,12.0,9,T1000,21,False,0.04612114009661686,0.7817405179877135,0.9628212944606482,1.5745596323558653,24.517719974404674,0.0011837439329568378
2021,12.0,9,T925,21,False,0.04742258036069186,0.757999912070157,0.9730108698977299,1.0349660065897548,16.045691828138487,0.0005661536108064746
2021,12.0,9,T850,21,False,0.05078032016343114,0.779655084616441,0.975469565708976,0.698112495863934,7.990507498443666,0.00034761804052696466
2021,12.0,9,T700,21,False,0.044641830536570046,0.6390451883100452,0.9803829832512854,0.6657651694561784,4.56881743694979,0.0002671293875435854
2021,12.0,9,U1000,21,False,0.22734115478930533,1.2545052720646468,0.9595102880205729,0.34475261243069877,7.9294905360849715,0.0002839477855860473
2021,12.0,9,U925,21,False,0.22696426129317626,1.625206850537521,0.9585879397366883,0.3641482177477062,8.258434795544446,0.000308028816614625
2021,12.0,9,U850,21,False,0.21592053367260627,1.6272207272825674,0.9602280127622799,0.23762311185538953,4.951890442703433,0.00019052715210543525
2021,12.0,9,U700,21,False,0.19786666976696862,1.6879194506108604,0.9659176818150633,0.11800444981399094,2.0920882066632007,8.038760791784227e-05
2021,12.0,9,V1000,21,False,0.43430774649499543,1.3351904609944538,0.9564889678467807,0.5766807342627467,12.495581706511105,0.0005110654033900763
2021,12.0,9,V925,21,False,0.5469982584292323,1.7117909666382634,0.9537253141369104,0.7056825982474813,15.13078769934717,0.0006708293918290531
2021,12.0,9,V850,21,False,0.6767720198417846,1.697586028340507,0.9518106675935846,0.5206667600350379,11.695327796084431,0.0005108670930684678
2021,12.0,9,V700,21,False,0.8231598151123571,1.8413659080135198,0.9543237374081691,0.22586582339215733,4.923195657020796,0.00020706698686356884
2021,12.0,9,Q1000,21,False,0.0678084140841036,0.0004902358322220987,0.9474662688326168,0.3127016202632893,5.116750326274733,0.0003329872401470757
2021,12.0,9,Q925,21,False,0.10551180188218563,0.0006497417596703402,0.9072362512370789,0.1857942315157457,3.02106391400625,0.00034373713459856514
2021,12.0,9,Q850,21,False,0.1631982512924978,0.0007915753775973008,0.9075516860624655,0.08078924106221796,1.4323651460253939,0.00015242086343103534
2021,12.0,9,Q700,21,False,0.21324247271332225,0.0006233423322144149,0.9244828584207179,0.054589336662169696,0.8628721908006454,8.426983288600809e-05
2021,12.0,9,Z1000,21,False,0.06146141863542823,56.13277231409285,0.9952004739382906,3.4338076411332352,46.7102350652007,0.00034644935539862587
2021,12.0,9,Z925,21,False,0.04729203034575139,52.56091212475656,0.995624665182227,3.667924552166324,47.41184295848172,0.0003379916543596595
2021,12.0,9,Z850,21,False,0.03588482704014127,49.988632968839774,0.9960897358494738,4.092467143716394,47.548262642094606,0.00033929257766684984
2021,12.0,9,Z700,21,False,0.022896135866545164,48.57272678668388,0.997052402801142,4.863574163965733,47.14580483252261,0.0003076803958345087
2021,12.0,9,t2m,21,False,0.052921292234292816,1.037257347723727,0.9294652786205014,2.2565446135758616,33.28490810133407,0.003232403998597033
2021,12.0,9,u10,21,False,0.2318029630561314,1.1451066452538716,0.9573295005564687,0.3717690913281557,8.216147132531237,0.00032191219449007047
2021,12.0,9,v10,21,False,0.434970050010259,1.2092167236494975,0.9538695723504304,0.5783738637197944,12.839475575873326,0.0005414825882543717
2021,12.0,9,mslp,21,False,0.0627254573627921,69.98278938614523,0.995352685196944,3.1567892060153424,45.40452362199251,0.00030709159434805233
2021,12.0,10,T1000,21,False,0.03411691762810632,0.5782722800264964,0.9801697924753918,1.4890149984257972,22.485184379693134,0.0006170425416049952
2021,12.0,10,T925,21,False,0.03541949472209682,0.5661432510482821,0.9853037209659938,1.0701400050449172,14.33908286905905,0.00032646940599079244
2021,12.0,10,T850,21,False,0.037973496787967596,0.5830256631092968,0.9864974126179892,0.7641714561506974,7.3282516056657805,0.00021188042924957795
2021,12.0,10,T700,21,False,0.03385150454549599,0.48458230403274405,0.9888961385457317,0.7783772200293249,4.137577984898188,0.0001787265532520177
2021,12.0,10,U1000,21,False,0.17475442882042366,0.9643232117276337,0.9759134634102046,0.29637238551825096,7.144383372001695,0.00014369118960733118
2021,12.0,10,U925,21,False,0.17294459146139918,1.2383920414700273,0.9759762860707525,0.31607004760109136,7.6502290533678625,0.000154804263808761
2021,12.0,10,U850,21,False,0.16301280542170873,1.2284974086645268,0.9777625289607299,0.21845177458056364,5.131001860264206,9.953571925735982e-05
2021,12.0,10,U700,21,False,0.1506670898191685,1.285279181643153,0.9808676860793146,0.11635789634539817,2.2862139083671074,4.559278697924274e-05
2021,12.0,10,V1000,21,False,0.33346248011926305,1.0251622904965187,0.973907318430405,0.4070156903533406,10.815413745790803,0.0002120710670886483
2021,12.0,10,V925,21,False,0.4228007988679563,1.3231241182142828,0.9720811660011486,0.5100660643772792,12.978693618888181,0.0002884196957196883
2021,12.0,10,V850,21,False,0.517771536004603,1.298756005488279,0.9723032100939367,0.39655537119723805,10.46531903089748,0.00022691428132881608
2021,12.0,10,V700,21,False,0.6266472542365634,1.4017774748956515,0.9747338782491751,0.1926014406902543,5.184855634716834,0.00010139239737594341
2021,12.0,10,Q1000,21,False,0.04779721471401102,0.00034556046822379813,0.9740313229295758,0.4236577856007173,2.5098373298320764,0.0002265629911677447
2021,12.0,10,Q925,21,False,0.07825162143009744,0.00048187354703075876,0.949256237173041,0.21414960079806367,1.3935943592954914,0.00021889466018476522
2021,12.0,10,Q850,21,False,0.11829383418381763,0.0005737713850297277,0.9513885065262333,0.08534130596680178,1.1045393034910367,8.448576786412865e-05
2021,12.0,10,Q700,21,False,0.15236161494110856,0.00044537771148935636,0.9625246645675611,0.06366584947785636,0.803430527791249,4.9464559603973335e-05
2021,12.0,10,Z1000,21,False,0.04848652879343199,44.282793078999624,0.9970243010921482,2.871349650501598,43.93545564249266,0.00017960114189530252
2021,12.0,10,Z925,21,False,0.03795103169406211,42.17921773855403,0.9971909022755464,3.0891471018882455,43.7133453396044,0.00018272645603800708
2021,12.0,10,Z850,21,False,0.028634615291131826,39.88887202597927,0.9975211527378861,3.5931869011223805,44.1019076237503,0.00018910453907883262
2021,12.0,10,Z700,21,False,0.018219842734721714,38.652262010032594,0.9981436226899655,4.644490509028831,43.47617051936958,0.00018571128159350359
2021,12.0,10,t2m,21,False,0.033735271660829146,0.661211335878157,0.971149098436519,2.4998464848619006,28.099061345388364,0.0015254536943675179
2021,12.0,10,u10,21,False,0.17825224691128103,0.8805661055975835,0.9746365293631427,0.33055241171082717,7.397137154956179,0.00016905634393638014
2021,12.0,10,v10,21,False,0.3345581547066427,0.9300716560366359,0.9722967513388782,0.42077821662944714,11.105848073545099,0.0002326818596555258
2021,12.0,10,mslp,21,False,0.04918430784898595,54.87493016114014,0.9971555298917655,2.7445618272695427,42.87532672650926,0.00016386101873266945
2021,12.0,11,T1000,21,False,0.019287655990003698,0.3269204120360475,0.9936055112043005,3.4909556269095643,20.617414585844042,0.00047568773304085266
2021,12.0,11,T925,21,False,0.02030242303607685,0.324512810648599,0.9951582857152275,2.621444478431867,12.238318085557387,0.0002667493706548507
2021,12.0,11,T850,21,False,0.021923186637717917,0.3365974029000818,0.9955073021576388,1.9959054006080001,6.185503899514677,0.00018577098762406763
2021,12.0,11,T700,21,False,0.019675342595862857,0.2816513767493282,0.9962576279657835,1.9968972311916078,3.531932613930655,0.00015573864600815224
2021,12.0,11,U1000,21,False,0.10190705016525965,0.5623395906312786,0.991885095699681,0.7123520400059369,6.497520484819241,0.00011672663117268112
2021,12.0,11,U925,21,False,0.09958766410577102,0.713110305328141,0.9920644918297993,0.7958194789821627,7.209966950878166,0.00012822731096628903
2021,12.0,11,U850,21,False,0.09406553769562812,0.7088968802725457,0.9926202569731142,0.5635786815539556,4.844538731722359,8.454970120364003e-05
2021,12.0,11,U700,21,False,0.08786517579196394,0.7495417951211139,0.9935331131233065,0.28360292236376816,2.097771544621152,3.771386290163381e-05
2021,12.0,11,V1000,21,False,0.19622513776622102,0.603254108869611,0.9911043988201506,0.8903902866620128,8.745950531126233,0.0001593925119487416
2021,12.0,11,V925,21,False,0.24936994812193275,0.7803849808891559,0.9903996167716193,1.0544231640270851,10.663250324308326,0.00020539132329888687
2021,12.0,11,V850,21,False,0.3034488485204209,0.7611581302499463,0.9905420290468628,0.8302412440893803,8.598626210126358,0.00016045821648347225
2021,12.0,11,V700,21,False,0.36285087567385793,0.8116786293348462,0.9915780140893867,0.43848381424296257,4.929430208005369,7.523941590159566e-05
2021,12.0,11,Q1000,21,False,0.027450005186512003,0.0001984558453498765,0.9914192381563846,1.142837972823707,2.156286136375618,0.0002023470887123624
2021,12.0,11,Q925,21,False,0.04565915744296598,0.0002811691271135585,0.9829772710127935,0.6303010886039462,1.382482028076093,0.0002200029700792916
2021,12.0,11,Q850,21,False,0.068277212360923,0.0003311711967937147,0.9841448582917901,0.24773708049581344,1.2258190883133513,8.07586693806206e-05
2021,12.0,11,Q700,21,False,0.08822507246002054,0.00025789619558128085,0.9876678345219178,0.1719873159690799,0.7888624355773866,4.3688258692275994e-05
2021,12.0,11,Z1000,21,False,0.032364689652486345,29.55870223815712,0.9986676083003013,5.000052731421512,34.579145028721435,0.00014353532009081515
2021,12.0,11,Z925,21,False,0.02593259533931526,28.821787871114232,0.9986821614105298,4.896219537659685,33.40607713940774,0.0001387674179608167
2021,12.0,11,Z850,21,False,0.02000060982862454,27.861445257486867,0.9987840549273658,5.282819653123905,33.01131690609874,0.00013903976945917051
2021,12.0,11,Z700,21,False,0.013062478783186839,27.711235504912043,0.9990426387259548,7.036413453241364,31.081660530307275,0.00015010473909327082
2021,12.0,11,t2m,21,False,0.019637690728417388,0.384898744848687,0.989997606836787,5.23623974738332,24.976519494586192,0.0011430632737225999
2021,12.0,11,u10,21,False,0.10378363172698943,0.5126911449568236,0.9914812466876141,0.7657674322687713,6.682811277044243,0.00013202356263442017
2021,12.0,11,v10,21,False,0.19675801571284743,0.5469872766824433,0.9905641539469274,0.9142127102387709,9.032336091664462,0.00017384714632784348
2021,12.0,11,mslp,21,False,0.03265895891773019,36.4375990078855,0.9987399125452938,4.665228543638311,33.69723989519882,0.00012608360850907552
