year,horizon,hour,field,members,held_out,rmse_norm,rmse_phys,acc,gain_vs_single_pct,gain_vs_linear_pct,acc_delta_vs_single
2022,12.0,1,T1000,1,False,0.019576535849968508,0.33181684691508984,0.9929651747469177,0.0,20.636009890082406,0.0
2022,12.0,1,T925,1,False,0.020755625089044657,0.33175676233706397,0.9946717229938555,0.0,11.515311979005693,0.0
2022,12.0,1,T850,1,False,0.022025259395537507,0.3381645728881452,0.9952510434283809,0.0,4.903461593009483,0.0
2022,12.0,1,T700,1,False,0.019644077290310397,0.281203816405805,0.9961553995270989,0.0,1.823309352101543,0.0
2022,12.0,1,U1000,1,False,0.10087918645491187,0.556667674115715,0.9920401204194235,0.0,5.948270956675239,0.0
2022,12.0,1,U925,1,False,0.09953272646596625,0.7127169197126647,0.992133419223527,0.0,6.938160506173818,0.0
2022,12.0,1,U850,1,False,0.09396478325570556,0.7081375713486663,0.9926560680511923,0.0,4.165208576430834,0.0
2022,12.0,1,U700,1,False,0.08741762023977095,0.745723887751142,0.9935775356634559,0.0,1.7863735407678716,0.0
2022,12.0,1,V1000,1,False,0.19663397148545472,0.6045109869684155,0.9913118464008832,0.0,8.174963413163628,0.0
2022,12.0,1,V925,1,False,0.2549510466503145,0.797850617385236,0.9904245485241239,0.0,9.319536919844573,0.0
2022,12.0,1,V850,1,False,0.3072677120742766,0.7707372037072228,0.9906736585673526,0.0,7.4991107695768005,0.0
2022,12.0,1,V700,1,False,0.36168120248042396,0.8090621333417949,0.9917428374099356,0.0,4.860456256341383,0.0
2022,12.0,1,Q1000,1,False,0.025958773985339793,0.0001876746597217648,0.9925689152543294,0.0,3.660231858837948,0.0
2022,12.0,1,Q925,1,False,0.0457988948226379,0.00028202962981022724,0.9832461538218911,0.0,1.6272378099714269,0.0
2022,12.0,1,Q850,1,False,0.06816750738778543,0.000330639086483146,0.9847564285938938,0.0,1.129895809491066,0.0
2022,12.0,1,Q700,1,False,0.08585901400507494,0.0002509798235952623,0.9885022042984734,0.0,1.182470445178141,0.0
2022,12.0,1,Z1000,1,False,0.031967957785689165,29.19636672160479,0.9987291477289978,0.0,32.47469308366681,0.0
2022,12.0,1,Z925,1,False,0.02547350273498001,28.31154700016374,0.998754769241886,0.0,32.264085096562,0.0
2022,12.0,1,Z850,1,False,0.019889764248517437,27.707034118328075,0.9988196415844667,0.0,31.81852126662218,0.0
2022,12.0,1,Z700,1,False,0.013138568199891537,27.87265488320845,0.9990354655023187,0.0,29.98542112436389,0.0
2022,12.0,1,t2m,1,False,0.02300982915994734,0.4509926583821158,0.9849382130501242,0.0,17.326966872481364,0.0
2022,12.0,1,u10,1,False,0.10256244618914444,0.5066584874879019,0.9916548665890168,0.0,6.285511604595484,0.0
2022,12.0,1,v10,1,False,0.1972125083398506,0.5482507654847862,0.990801037592537,0.0,8.511529037069533,0.0
2022,12.0,1,mslp,1,False,0.03201986250281232,35.72455906347828,0.998813969876783,0.0,32.05206683465131,0.0
2022,12.0,2,T1000,1,False,0.03392843507769788,0.5750775580992235,0.9788173609298315,0.0,25.751003845622144,0.0
2022,12.0,2,T925,1,False,0.035820454773090385,0.5725521730768585,0.9840471047129308,0.0,15.569345864632766,0.0
2022,12.0,2,T850,1,False,0.0379839230372993,0.5831857374630909,0.9858018558091866,0.0,6.1737832900783385,0.0
2022,12.0,2,T700,1,False,0.033476955229855006,0.479220653663758,0.9887810236167336,0.0,2.583832216338089,0.0
2022,12.0,2,U1000,1,False,0.17057976791615725,0.941286757445076,0.9771224525912793,0.0,7.133544200486908,0.0
2022,12.0,2,U925,1,False,0.17081269667870494,1.223126335287884,0.9766914271900792,0.0,7.677380158532543,0.0
2022,12.0,2,U850,1,False,0.1613183536747382,1.2157276797465972,0.9781718419483797,0.0,4.682903830226104,0.0
2022,12.0,2,U700,1,False,0.14830805520770146,1.2651552262517416,0.9813442872561733,0.0,2.102082970606489,0.0
2022,12.0,2,V1000,1,False,0.33456956429443313,1.0285657974283877,0.9746809180512978,0.0,9.84026128177936,0.0
2022,12.0,2,V925,1,False,0.4327636453619278,1.3543021277997074,0.9722140897102981,0.0,11.24195835223859,0.0
2022,12.0,2,V850,1,False,0.5244039499620816,1.315392460398949,0.972597535545351,0.0,8.952365379410331,0.0
2022,12.0,2,V700,1,False,0.6177316673035814,1.3818337762858426,0.975625232038919,0.0,5.451251268286994,0.0
2022,12.0,2,Q1000,1,False,0.04502165463263382,0.00032549394763545675,0.9775324763266395,0.0,4.716508108755479,0.0
2022,12.0,2,Q925,1,False,0.07747678100846042,0.00047710207972101665,0.9513378884507684,0.0,2.151744928373922,0.0
2022,12.0,2,Q850,1,False,0.11862772455935039,0.0005753908813569613,0.9531191180244702,0.0,1.1688785046192973,0.0
2022,12.0,2,Q700,1,False,0.1489065044465698,0.00043527786324887595,0.9648832876347606,0.0,1.003279000835544,0.0
2022,12.0,2,Z1000,1,False,0.04491651798308228,41.02229862621609,0.9975018156543546,0.0,46.27315289902002,0.0
2022,12.0,2,Z925,1,False,0.03474801197507204,38.61934435279483,0.9976967601348623,0.0,47.287007263541156,0.0
2022,12.0,2,Z850,1,False,0.026563736099256934,37.00407517819212,0.9979053844574832,0.0,47.80120806764748,0.0
2022,12.0,2,Z700,1,False,0.01770085618378926,37.55126448261857,0.9982540093145239,0.0,45.9076415861008,0.0
2022,12.0,2,t2m,1,False,0.04546464605181167,0.8911070791228989,0.943998244727173,0.0,31.98902025671092,0.0
2022,12.0,2,u10,1,False,0.17405746442956982,0.8598438826132299,0.9758619688053943,0.0,7.412519892615855,0.0
2022,12.0,2,v10,1,False,0.3360577932103646,0.934240641789629,0.9731255011044219,0.0,10.171831204684844,0.0
2022,12.0,2,mslp,1,False,0.04574337938941657,51.0358864927744,0.997590123903173,0.0,44.954737464732865,0.0
2022,12.0,3,T1000,1,False,0.04407306527844084,0.7470262177861761,0.9642244283036352,0.0,30.10885791067137,0.0
2022,12.0,3,T925,1,False,0.04621765380274727,0.7387404271166889,0.9733176380106218,0.0,20.041708224073286,0.0
2022,12.0,3,T850,1,False,0.049071122991645184,0.7534129430405884,0.9761828762596467,0.0,7.718817495400465,0.0
2022,12.0,3,T700,1,False,0.042763651708870525,0.6121591676966773,0.9816025272796969,0.0,3.5192831345682185,0.0
2022,12.0,3,U1000,1,False,0.217121014764598,1.1981088926359882,0.9627427242309081,0.0,8.092163542695896,0.0
2022,12.0,3,U925,1,False,0.21919387762071596,1.5695660241849145,0.9613743816595878,0.0,8.520318729860698,0.0
2022,12.0,3,U850,1,False,0.20735692460140753,1.562683639861016,0.9636149730760737,0.0,5.248659115365973,0.0
2022,12.0,3,U700,1,False,0.18909670574775028,1.6131064787526495,0.9693965301311377,0.0,2.4312107587557863,0.0
2022,12.0,3,V1000,1,False,0.42532330275986413,1.3075696201993365,0.9588753123872716,0.0,11.37444490796743,0.0
2022,12.0,3,V925,1,False,0.5475564715554821,1.7135378645262427,0.9552563604795119,0.0,13.318592830680565,0.0
2022,12.0,3,V850,1,False,0.6680964534667709,1.6758246101276923,0.9551359065703968,0.0,10.509963396498545,0.0
2022,12.0,3,V700,1,False,0.7897509232951189,1.7666319364231926,0.9596744268622799,0.0,6.0830581359526565,0.0
2022,12.0,3,Q1000,1,False,0.0587999110328579,0.00042510688143843474,0.9614773885082408,0.0,5.691090541516974,0.0
2022,12.0,3,Q925,1,False,0.09856543161301547,0.0006069660072434421,0.9203010840081377,0.0,2.7489738843784695,0.0
2022,12.0,3,Q850,1,False,0.1531864116097753,0.0007430140347963518,0.920748576040948,0.0,1.3460975272523434,0.0
2022,12.0,3,Q700,1,False,0.1924529963201183,0.0005625713260214385,0.9405277225285225,0.0,1.0242750200611161,0.0
2022,12.0,3,Z1000,1,False,0.05758260857654677,52.590251211623126,0.9959038086944393,0.0,50.12911032322302,0.0
2022,12.0,3,Z925,1,False,0.04412829051520381,49.04469479676186,0.996293153117226,0.0,51.35183249415317,0.0
2022,12.0,3,Z850,1,False,0.03347020310093294,46.62498963656749,0.9966832144797001,0.0,52.117408641621864,0.0
2022,12.0,3,Z700,1,False,0.02198261864636911,46.63475680429392,0.9973113919228029,0.0,51.251224400009775,0.0
2022,12.0,3,t2m,1,False,0.05105673384963164,1.0007119996815508,0.9287595495449975,0.0,38.387066395756065,0.0
2022,12.0,3,u10,1,False,0.22194447069925904,1.0964057010565722,0.9605868202539777,0.0,8.393927724326634,0.0
2022,12.0,3,v10,1,False,0.4270978474234495,1.1873319992218219,0.9563929779195535,0.0,11.815891267470846,0.0
2022,12.0,3,mslp,1,False,0.058918765989159606,65.73566441971091,0.9960108524249587,0.0,48.59826642115021,0.0
2022,12.0,4,T1000,1,True,0.05199362744326701,0.8812775447499691,0.9500703359805587,0.0,32.19349188348573,0.0
2022,12.0,4,T925,1,True,0.05391228565279597,0.8617309967455009,0.9635338579361754,0.0,22.99880196945154,0.0
2022,12.0,4,T850,1,True,0.05676414362280008,0.8715276385947205,0.9679884665437086,0.0,8.967383935140417,0.0
2022,12.0,4,T700,1,True,0.04916784565795012,0.7038348275134125,0.9755602644973413,0.0,3.643908278685404,0.0
2022,12.0,4,U1000,1,True,0.24726919558434463,1.3644714206444917,0.9514735457675269,0.0,8.856506033254409,0.0
2022,12.0,4,U925,1,True,0.25080419053093805,1.7959157387316849,0.9491591691870447,0.0,9.171116094767084,0.0
2022,12.0,4,U850,1,True,0.23778836956054383,1.7920211567906168,0.9517959474894989,0.0,5.620884274643856,0.0
2022,12.0,4,U700,1,True,0.21587785342854884,1.8415654732519247,0.959809123804573,0.0,2.6250748095775656,0.0
2022,12.0,4,V1000,1,True,0.47952298734249515,1.4741954879461845,0.9474447958829821,0.0,13.097021325474689,0.0
2022,12.0,4,V925,1,True,0.6156758475403522,1.926712442912162,0.943060759987457,0.0,15.37367215096921,0.0
2022,12.0,4,V850,1,True,0.7581294525937694,1.9016595271862766,0.9417570521235331,0.0,11.888295171968776,0.0
2022,12.0,4,V700,1,True,0.9013756944138529,2.0163307753218405,0.9468809381443641,0.0,6.584557683028825,0.0
2022,12.0,4,Q1000,1,True,0.06878586250102381,0.000497302509528575,0.9470450211198377,0.0,6.1178528370483765,0.0
2022,12.0,4,Q925,1,True,0.11226563526220215,0.0006913318680453874,0.8956770222596953,0.0,3.159828894507588,0.0
2022,12.0,4,Q850,1,True,0.17587805241552795,0.0008530773745749403,0.8944527227205076,0.0,1.4776576169090005,0.0
2022,12.0,4,Q700,1,True,0.22150282677118127,0.000647488688267838,0.9203376411562967,0.0,1.0587412949562003,0.0
2022,12.0,4,Z1000,1,True,0.06727990655138961,61.44680271754572,0.9944001001462978,0.0,51.99826366373681,0.0
2022,12.0,4,Z925,1,True,0.05157130999541434,57.316953285671275,0.9949297571677631,0.0,52.94757393496206,0.0
2022,12.0,4,Z850,1,True,0.038951830287514685,54.26105978366096,0.9955003854994733,0.0,53.69785336365458,0.0
2022,12.0,4,Z700,1,True,0.025338135815863586,53.75327762989929,0.9964240163879627,0.0,53.36201853367641,0.0
2022,12.0,4,t2m,1,True,0.05828864616036761,1.1424574916007353,0.9067318022539109,0.0,38.159366190445276,0.0
2022,12.0,4,u10,1,True,0.2531169211544114,1.2503975921360486,0.9485533510976003,0.0,9.163774378499067,0.0
2022,12.0,4,v10,1,True,0.4816747432111904,1.3390557823843547,0.9442560582537776,0.0,13.577831238697913,0.0
2022,12.0,4,mslp,1,True,0.06886211607948757,76.82946010709894,0.9945439660145956,0.0,50.47359137622478,0.0
2022,12.0,5,T1000,1,False,0.056452665549900014,0.9568570056253622,0.9410484756196992,0.0,34.460151444530126,0.0
2022,12.0,5,T925,1,False,0.05873859519632114,0.9388744742550692,0.9565371910470208,0.0,25.269670834873516,0.0
2022,12.0,5,T850,1,False,0.06143172143742945,0.9431912500746208,0.9623952676026071,0.0,10.187154336546445,0.0
2022,12.0,5,T700,1,False,0.05277982148141544,0.7555400517231546,0.971742949070344,0.0,4.125902950877314,0.0
2022,12.0,5,U1000,1,False,0.2648829219599242,1.461666814213415,0.9441511976821468,0.0,9.28956135377792,0.0
2022,12.0,5,U925,1,False,0.2692682121842247,1.9281297540425737,0.9411327472352847,0.0,9.520448994546339,0.0
2022,12.0,5,U850,1,False,0.25551917728463336,1.9256440978510025,0.9440439564948854,0.0,5.852533180812635,0.0
2022,12.0,5,U700,1,False,0.23141280380533372,1.9740877654251463,0.9535685659453847,0.0,2.7768112491940444,0.0
2022,12.0,5,V1000,1,False,0.5085135996758625,1.5633211981965625,0.9406325303084038,0.0,14.324459727957217,0.0
2022,12.0,5,V925,1,False,0.6494851204949247,2.0325160836928102,0.9362612433710612,0.0,17.026609700115515,0.0
2022,12.0,5,V850,1,False,0.8050009223572855,2.0192299476034985,0.9338947335377054,0.0,13.140341972194625,0.0
2022,12.0,5,V700,1,False,0.9638331915191514,2.156044974462009,0.9387266916082945,0.0,7.042342584899252,0.0
2022,12.0,5,Q1000,1,False,0.0754277683594343,0.0005453216292615238,0.9360389208087753,0.0,6.591818832326457,0.0
2022,12.0,5,Q925,1,False,0.12037726355470615,0.0007412832803118053,0.8792582205677488,0.0,3.5264551536397626,0.0
2022,12.0,5,Q850,1,False,0.18926669266200363,0.0009180175267982615,0.8769214967439722,0.0,1.5704548360088832,0.0
2022,12.0,5,Q700,1,False,0.2388594616643606,0.0006982249488808281,0.9066274039598923,0.0,1.108218001887773,0.0
2022,12.0,5,Z1000,1,False,0.07328391403148075,66.930268776536,0.9933258884331824,0.0,53.14732650048162,0.0
2022,12.0,5,Z925,1,False,0.056222884687424306,62.4867674387128,0.9939460156040403,0.0,53.78899880233057,0.0
2022,12.0,5,Z850,1,False,0.042299286985298855,58.92416637695777,0.9946711219406391,0.0,54.420592109345655,0.0
2022,12.0,5,Z700,1,False,0.02761256988737008,58.57834880057219,0.9957385241041609,0.0,53.81918981552205,0.0
2022,12.0,5,t2m,1,False,0.06526513987329381,1.279196764884925,0.8837128567082159,0.0,41.60194239588919,0.0
2022,12.0,5,u10,1,False,0.27138636684429224,1.3406486669939652,0.9407236052073945,0.0,9.6523002365565,0.0
2022,12.0,5,v10,1,False,0.5109951433471509,1.4205664693707654,0.937016360711203,0.0,14.853819543853785,0.0
2022,12.0,5,mslp,1,False,0.07474868354496483,83.39710222877201,0.9935438349615122,0.0,51.83632705157733,0.0
2022,12.0,6,T1000,1,True,0.058427963019617085,0.9903377445147555,0.9373209026622631,0.0,35.19431069259373,0.0
2022,12.0,6,T925,1,True,0.0609443625821677,0.9741313318720006,0.9532315734013086,0.0,25.757610188573775,0.0
2022,12.0,6,T850,1,True,0.0634424458345749,0.9740628759695305,0.9598600050100866,0.0,10.767636864729402,0.0
2022,12.0,6,T700,1,True,0.05443692922217942,0.7792614480222445,0.9698787896491129,0.0,3.939238764140607,0.0
2022,12.0,6,U1000,1,True,0.27209841102625826,1.5014830516341788,0.9410907245530608,0.0,9.286095845328601,0.0
2022,12.0,6,U925,1,True,0.2764679252810305,1.9796842241347943,0.9378414670607732,0.0,9.493001091350283,0.0
2022,12.0,6,U850,1,True,0.2620834070108392,1.975113459438606,0.9409953194152628,0.0,5.873644318954319,0.0
2022,12.0,6,U700,1,True,0.23739785833265414,2.0251438268851394,0.9510200332693753,0.0,2.7324048936724132,0.0
2022,12.0,6,V1000,1,True,0.5211640605313024,1.6022124793586376,0.937597509260585,0.0,14.368219529365756,0.0
2022,12.0,6,V925,1,True,0.663910929828794,2.0776606103021718,0.9331305685241497,0.0,17.1444132290974,0.0
2022,12.0,6,V850,1,True,0.8239617353775806,2.0667904182428876,0.9304602705882449,0.0,13.290982005376284,0.0
2022,12.0,6,V700,1,True,0.9885393372381974,2.211311340178482,0.9351978204093193,0.0,6.9268369595028805,0.0
2022,12.0,6,Q1000,1,True,0.07911720386144093,0.0005719952145405994,0.9296356607571428,0.0,6.817922408869248,0.0
2022,12.0,6,Q925,1,True,0.12378478304551022,0.0007622667952473406,0.8721507877941291,0.0,3.729178426412927,0.0
2022,12.0,6,Q850,1,True,0.194961947523069,0.0009456417285024512,0.8690655563350576,0.0,1.5582136182066386,0.0
2022,12.0,6,Q700,1,True,0.24637151409276675,0.0007201838880204686,0.9002636702348725,0.0,1.095958515809825,0.0
2022,12.0,6,Z1000,1,True,0.07576619199175953,69.19733520551402,0.9928365703201313,0.0,53.57517838698283,0.0
2022,12.0,6,Z925,1,True,0.05819132453927668,64.67451450405048,0.9934891511878818,0.0,53.97740515060614,0.0
2022,12.0,6,Z850,1,True,0.043653756047210786,60.810982821476145,0.994305168222376,0.0,54.4546987170383,0.0
2022,12.0,6,Z700,1,True,0.028711960785220075,60.91063769242863,0.9953828913715048,0.0,53.26067908149652,0.0
2022,12.0,6,t2m,1,True,0.06566856811835703,1.2871039751756745,0.8831371096709185,0.0,41.33437813968921,0.0
2022,12.0,6,u10,1,True,0.2791161191235104,1.3788336526709242,0.9373411470806624,0.0,9.6226116806989,0.0
2022,12.0,6,v10,1,True,0.5240259924973362,1.4567922561492366,0.9337370609293649,0.0,14.888574771680174,0.0
2022,12.0,6,mslp,1,True,0.07733624778201059,86.28404735878632,0.9930609007499499,0.0,52.29118298090363,0.0
2022,12.0,7,T1000,1,False,0.05770959392039233,0.9781615942314054,0.9388868203307084,0.0,33.91605897974603,0.0
2022,12.0,7,T925,1,False,0.06004100449275432,0.9596921144020727,0.9546367398844382,0.0,24.439758801703938,0.0
2022,12.0,7,T850,1,False,0.0626068879165078,0.9612341606371272,0.960990095913982,0.0,10.871409289060619,0.0
2022,12.0,7,T700,1,False,0.05380688982166406,0.7702424721034763,0.970574507438096,0.0,3.777837054759059,0.0
2022,12.0,7,U1000,1,False,0.2685320711727424,1.4818034006460694,0.9428635538102889,0.0,9.088216464899702,0.0
2022,12.0,7,U925,1,False,0.27177150782648507,1.9460549106037655,0.940016344081517,0.0,9.334506991589375,0.0
2022,12.0,7,U850,1,False,0.2578322819624589,1.9430761236287255,0.9429176833081158,0.0,5.6922842803921565,0.0
2022,12.0,7,U700,1,False,0.23400339678549767,1.9961870673078523,0.9524092843160801,0.0,2.63300540978626,0.0
2022,12.0,7,V1000,1,False,0.5138157496799471,1.5796215858001974,0.9394469234421907,0.0,14.093462766110543,0.0
2022,12.0,7,V925,1,False,0.6537640793612663,2.0459067915789126,0.935027026923544,0.0,16.680146550547903,0.0
2022,12.0,7,V850,1,False,0.8121395289584585,2.0371360996501275,0.9323547274211562,0.0,12.925338080367577,0.0
2022,12.0,7,V700,1,False,0.974592225911967,2.1801123814550554,0.936922898253479,0.0,6.583657977589752,0.0
2022,12.0,7,Q1000,1,False,0.07922472289343971,0.0005727725435799907,0.9292109379965953,0.0,6.765718641180429,0.0
2022,12.0,7,Q925,1,False,0.12258910159433149,0.0007549037790112543,0.8746484173388924,0.0,3.776552840014036,0.0
2022,12.0,7,Q850,1,False,0.1933138927116529,0.0009376480251566968,0.8717001093087341,0.0,1.5739962186636203,0.0
2022,12.0,7,Q700,1,False,0.24468136920917605,0.0007152433220461355,0.901628597703411,0.0,1.0794823626621541,0.0
2022,12.0,7,Z1000,1,False,0.07610632441498945,69.50797890069438,0.9928039358077622,0.0,52.232747277836346,0.0
2022,12.0,7,Z925,1,False,0.05859562445331145,65.12385820692394,0.9934251396213818,0.0,52.45710646153859,0.0
2022,12.0,7,Z850,1,False,0.044200347604404805,61.57240135748653,0.9941798456644669,0.0,52.47127868349486,0.0
2022,12.0,7,Z700,1,False,0.029010785746775247,61.544575899027414,0.9952991660126544,0.0,51.004600891439935,0.0
2022,12.0,7,t2m,1,False,0.06587158391649549,1.2910830643161004,0.8827866356842051,0.0,38.30434395074672,0.0
2022,12.0,7,u10,1,False,0.275856351071049,1.3627303895121319,0.939033499975599,0.0,9.341874034763675,0.0
2022,12.0,7,v10,1,False,0.5165962712930944,1.4361376094059246,0.9357170720681677,0.0,14.624553535456252,0.0
2022,12.0,7,mslp,1,False,0.07739917001769957,86.35425109000195,0.9930742257877405,0.0,51.1465664348359,0.0
2022,12.0,8,T1000,1,True,0.05378648279449123,0.9116659509253845,0.9472540350727695,0.0,31.198613988653257,0.0
2022,12.0,8,T925,1,True,0.05531414894795124,0.8841383122765054,0.9616252792856561,0.0,22.602072647405713,0.0
2022,12.0,8,T850,1,True,0.05864412680295372,0.9003919544885933,0.9658920027333747,0.0,10.698832466551345,0.0
2022,12.0,8,T700,1,True,0.050701761972617866,0.7257927548071875,0.97391441321711,0.0,3.8567309844195763,0.0
2022,12.0,8,U1000,1,True,0.25355934047558165,1.3991814531161635,0.9494266940273282,0.0,8.769029010956785,0.0
2022,12.0,8,U925,1,True,0.2551313682794688,1.826901049222145,0.9473739033992434,0.0,8.977525675588193,0.0
2022,12.0,8,U850,1,True,0.2426230461572204,1.8284562549814685,0.9496163501972307,0.0,5.359257549272889,0.0
2022,12.0,8,U700,1,True,0.22146964502859093,1.8892667412813902,0.9574763516596294,0.0,2.3886171935035394,0.0
2022,12.0,8,V1000,1,True,0.48465374583621984,1.4899689590924508,0.9464159084863035,0.0,13.659902037128546,0.0
2022,12.0,8,V925,1,True,0.6122712978484607,1.91605816041147,0.9431006580964557,0.0,16.496076838675975,0.0
2022,12.0,8,V850,1,True,0.7629078846821766,1.9136455432071486,0.9404486703779354,0.0,12.689285185363675,0.0
2022,12.0,8,V700,1,True,0.9212598101735396,2.06081051217136,0.9437920038662946,0.0,6.013762223496033,0.0
2022,12.0,8,Q1000,1,True,0.07593279574585439,0.0005489728380374351,0.9351162384600962,0.0,6.113165389940988,0.0
2022,12.0,8,Q925,1,True,0.11659649468715619,0.0007180013073765358,0.8872228109050434,0.0,3.7548893046488896,0.0
2022,12.0,8,Q850,1,True,0.18413853010170947,0.0008931439196491946,0.8844361312206125,0.0,1.596580252267843,0.0
2022,12.0,8,Q700,1,True,0.23391441414846145,0.0006837697718865781,0.9104053639159252,0.0,1.0390225608547077,0.0
2022,12.0,8,Z1000,1,True,0.07259756175816223,66.30342218725865,0.9934890073012907,0.0,49.89671124277909,0.0
2022,12.0,8,Z925,1,True,0.0560509055286634,62.29562825987847,0.9940192181068447,0.0,50.043826889448695,0.0
2022,12.0,8,Z850,1,True,0.04251984839686354,59.23141544280428,0.994642899339089,0.0,49.68348010669017,0.0
2022,12.0,8,Z700,1,True,0.027397076731367508,58.12119180653231,0.9958242646234041,0.0,48.74475354228866,0.0
2022,12.0,8,t2m,1,True,0.05893010490239755,1.1550300752417695,0.9106480294467708,0.0,36.30125868031545,0.0
2022,12.0,8,u10,1,True,0.2603264696163107,1.2860127853814256,0.9460887870626458,0.0,9.033076361270552,0.0
2022,12.0,8,v10,1,True,0.4873589751099561,1.354857942007297,0.9430792573425176,0.0,14.1367261559043,0.0
2022,12.0,8,mslp,1,True,0.07366470642009346,82.18770936037576,0.9937551782062827,0.0,48.929358720895124,0.0
2022,12.0,9,T1000,1,False,0.047232047516001206,0.8005700918470463,0.9594876549710727,0.0,26.89741993023692,0.0
2022,12.0,9,T925,1,False,0.048929142269423805,0.7820807061831234,0.9701120177990696,0.0,18.76687870069188,0.0
2022,12.0,9,T850,1,False,0.05256399975376173,0.8070407910873915,0.9726950754040522,0.0,8.752498668014319,0.0
2022,12.0,9,T700,1,False,0.04556276766841798,0.6522283504353665,0.9789851480790972,0.0,3.1244645627347967,0.0
2022,12.0,9,U1000,1,False,0.22849093460716824,1.2608499301186582,0.9592130401172327,0.0,7.431843058178611,0.0
2022,12.0,9,U925,1,False,0.22793484938425276,1.6321568731835234,0.9582004176601896,0.0,7.668210138129561,0.0
2022,12.0,9,U850,1,False,0.2168803043757735,1.6344537547643805,0.9599022897826053,0.0,4.570297095381148,0.0
2022,12.0,9,U700,1,False,0.19959168592938561,1.7026348589883444,0.9655890159457247,0.0,1.9197492326766596,0.0
2022,12.0,9,V1000,1,False,0.4382441962740377,1.347292293477457,0.9563914543869604,0.0,11.74988083381695,0.0
2022,12.0,9,V925,1,False,0.5545079297107179,1.7352919259715953,0.9534276078078465,0.0,14.10689248996645,0.0
2022,12.0,9,V850,1,False,0.6872542467657382,1.7238792077621399,0.9518232638687674,0.0,11.008592477547241,0.0
2022,12.0,9,V700,1,False,0.8279563669134296,1.8520955540375796,0.9548379500880786,0.0,4.995324502286735,0.0
2022,12.0,9,Q1000,1,False,0.06924271823227622,0.0005006054501211952,0.9462763403854303,0.0,5.020319893300218,0.0
2022,12.0,9,Q925,1,False,0.10626783964072377,0.000654397441914694,0.9071542258125327,0.0,3.1658593635128907,0.0
2022,12.0,9,Q850,1,False,0.1671399619678349,0.0008106942231870949,0.9056796628129897,0.0,1.3874386770144853,0.0
2022,12.0,9,Q700,1,False,0.21411591448451667,0.000625895546213405,0.9253975071133594,0.0,0.7856305048962509,0.0
2022,12.0,9,Z1000,1,False,0.06418382991379691,58.61915256643874,0.9949150915598975,0.0,46.881325153381425,0.0
2022,12.0,9,Z925,1,False,0.0496717262105436,55.20573380402161,0.9953099542948842,0.0,47.034550731842295,0.0
2022,12.0,9,Z850,1,False,0.03798233301327241,52.91052113488523,0.9957356320024113,0.0,46.28606523548172,0.0
2022,12.0,9,Z700,1,False,0.02471716613581148,52.43592952760531,0.9966095814667982,0.0,44.483651856467944,0.0
2022,12.0,9,t2m,1,False,0.05380887815679539,1.0546540366856982,0.9260376636176335,0.0,33.81646790969649,0.0
2022,12.0,9,u10,1,False,0.23424881511902637,1.1571891542550437,0.9566243613604608,0.0,7.651067553346991,0.0
2022,12.0,9,v10,1,False,0.44062000520109457,1.2249236051018986,0.9536522899411839,0.0,12.120421003542637,0.0
2022,12.0,9,mslp,1,False,0.06540673068029731,72.97428563077504,0.9950814912763525,0.0,45.7009867003726,0.0
2022,12.0,10,T1000,1,False,0.03419938389185495,0.579670062535465,0.9793533566660662,0.0,25.29050630116342,0.0
2022,12.0,10,T925,1,False,0.03644444294916161,0.5825259684494523,0.9838874818478885,0.0,17.301908619639907,0.0
2022,12.0,10,T850,1,False,0.03952868490328562,0.6069032268134271,0.9848385112848251,0.0,8.367764238291741,0.0
2022,12.0,10,T700,1,False,0.034667505341777226,0.4962633073457442,0.9880465761898624,0.0,3.6323994172106966,0.0
2022,12.0,10,U1000,1,False,0.17545132282783513,0.9681687861102817,0.9757938978722277,0.0,7.309570138154086,0.0
2022,12.0,10,U925,1,False,0.17374339755613766,1.2441119894887338,0.9757266709565765,0.0,7.656609750216436,0.0
2022,12.0,10,U850,1,False,0.16473154344525734,1.2414501618944698,0.9772931118429041,0.0,5.017302971596704,0.0
2022,12.0,10,U700,1,False,0.15261308436626075,1.3018796662945813,0.9805693533564883,0.0,2.3382818257774884,0.0
2022,12.0,10,V1000,1,False,0.3346762003024047,1.0288936185773498,0.9742559760436638,0.0,11.02526861289862,0.0
2022,12.0,10,V925,1,False,0.42543390561506184,1.3313642306562157,0.972407102091606,0.0,13.150282940638524,0.0
2022,12.0,10,V850,1,False,0.5241246217940966,1.3146918194869641,0.9724828458157988,0.0,10.574450861429096,0.0
2022,12.0,10,V700,1,False,0.6330029746465811,1.4159948974495438,0.9747471703921362,0.0,5.294578840242748,0.0
2022,12.0,10,Q1000,1,False,0.04868073378399514,0.0003519480654143187,0.9738522901103956,0.0,2.3088360037260336,0.0
2022,12.0,10,Q925,1,False,0.07865848972721125,0.0004843790402301337,0.9496871953613623,0.0,0.9837977297225464,0.0
2022,12.0,10,Q850,1,False,0.12238723662023034,0.0005936259898924577,0.9493311549275317,0.0,1.0080435849864178,0.0
2022,12.0,10,Q700,1,False,0.15458601029921087,0.00045187998280960277,0.9621230166605216,0.0,0.7853536843516085,0.0
2022,12.0,10,Z1000,1,False,0.05143328681254177,46.974069787723046,0.9967547338754963,0.0,43.56830733836785,0.0
2022,12.0,10,Z925,1,False,0.04069516524986477,45.22907960737797,0.996866121772034,0.0,42.49531393163183,0.0
2022,12.0,10,Z850,1,False,0.030924733517985283,43.07907480902262,0.9971860913939938,0.0,41.90225396950403,0.0
2022,12.0,10,Z700,1,False,0.01984716233355996,42.10451935638185,0.9978256462379849,0.0,40.127872208162444,0.0
2022,12.0,10,t2m,1,False,0.034546105333097356,0.6771036776212775,0.9692903228711128,0.0,25.691902103981036,0.0
2022,12.0,10,u10,1,False,0.17964149098570384,0.8874289697443586,0.9743328075346062,0.0,7.494936214769243,0.0
2022,12.0,10,v10,1,False,0.3368329180796289,0.9363954912124884,0.9726010559451884,0.0,11.295655484329824,0.0
2022,12.0,10,mslp,1,False,0.05209036730850453,58.117220625312626,0.9969030370272772,0.0,42.580703355430494,0.0
2022,12.0,11,T1000,1,False,0.019739846454960363,0.33458491434737797,0.9930481685716848,0.0,19.888509042785817,0.0
2022,12.0,11,T925,1,False,0.021171100929154116,0.3383977110932473,0.9945373088545186,0.0,12.598869850866324,0.0
2022,12.0,11,T850,1,False,0.02300982142595569,0.35328103746574824,0.9948720651613934,0.0,5.852271526237884,0.0
2022,12.0,11,T700,1,False,0.02047982087192425,0.2931674347136508,0.9958396783901161,0.0,1.871000476279605,0.0
2022,12.0,11,U1000,1,False,0.10277311920451171,0.5671187025220051,0.9917793055938573,0.0,6.2449925068919,0.0
2022,12.0,11,U925,1,False,0.10041069876318617,0.7190037543750241,0.9919349768962666,0.0,6.845003330656663,0.0
2022,12.0,11,U850,1,False,0.0956472136012177,0.720816714425064,0.9923720662234183,0.0,4.462163776162065,0.0
2022,12.0,11,U700,1,False,0.0892540528480682,0.7613897424101312,0.9933879716557785,0.0,2.019982249015051,0.0
2022,12.0,11,V1000,1,False,0.19733374960777736,0.6066623085545212,0.9911669576693388,0.0,8.622341005718592,0.0
2022,12.0,11,V925,1,False,0.2516242577509988,0.7874396769375975,0.9904175069577962,0.0,10.425270520082963,0.0
2022,12.0,11,V850,1,False,0.3083611010748065,0.7734798137251682,0.9905087347000027,0.0,8.397326532530446,0.0
2022,12.0,11,V700,1,False,0.3679240299713555,0.823027013621421,0.9915050260319533,0.0,4.775713523819625,0.0
2022,12.0,11,Q1000,1,False,0.02844320579662926,0.00020563640708185158,0.9910234298224071,0.0,1.341969264077858,0.0
2022,12.0,11,Q925,1,False,0.0459882111839163,0.00028319544034752583,0.9829775374033842,0.0,0.6111912421058685,0.0
2022,12.0,11,Q850,1,False,0.07105375462504324,0.00034463851348206967,0.9832378634544751,0.0,1.0015269248425773,0.0
2022,12.0,11,Q700,1,False,0.0900890539041655,0.0002633449158695033,0.9873541452759089,0.0,0.6649281799133488,0.0
2022,12.0,11,Z1000,1,False,0.034824301101536295,31.80506771181788,0.9985014277282233,0.0,32.78801919366572,0.0
2022,12.0,11,Z925,1,False,0.02805010418618212,31.175211879047943,0.9985010848343652,0.0,31.09304805064269,0.0
2022,12.0,11,Z850,1,False,0.02172223047215543,30.25971440054616,0.9986033069285931,0.0,29.90339951771417,0.0
2022,12.0,11,Z700,1,False,0.01440581487185641,30.561039365100058,0.9988502395541549,0.0,26.078952525937538,0.0
2022,12.0,11,t2m,1,False,0.021231558942803083,0.4161385644075765,0.9880073609834065,0.0,21.331387081138807,0.0
2022,12.0,11,u10,1,False,0.1050417948291569,0.5189064680145167,0.9913118164860727,0.0,6.368320465089461,0.0
2022,12.0,11,v10,1,False,0.1985301205621433,0.5519137297243287,0.9906037266175203,0.0,8.896707291867612,0.0
2022,12.0,11,mslp,1,False,0.03506938325747124,39.12690930080097,0.998586373809196,0.0,31.95744500840997,0.0
2022,12.0,1,T1000,4,False,0.018908503789855462,0.32049388881405955,0.9934387441939646,3.4124120080934572,23.344236218695336,0.0004735694470469065
2022,12.0,1,T925,4,False,0.020382016779871618,0.3257850346490255,0.9948623370578044,1.8000340031688045,13.108066450981426,0.00019061406394882408
2022,12.0,1,T850,4,False,0.02182431861801971,0.3350794351337501,0.9953375564707019,0.9123196867252714,5.771046034290716,8.651304232099033e-05
2022,12.0,1,T700,4,False,0.019511880154563798,0.27931141648751384,0.9962073975623805,0.6729617980672731,2.4840009747685854,5.1998035281664023e-05
2022,12.0,1,U1000,4,False,0.10034189326721785,0.5537028040168019,0.9921249548794557,0.5326105478994592,6.4492003860418095,8.483446003226813e-05
2022,12.0,1,U925,4,False,0.09897299583931507,0.7087088965726991,0.9922218247669282,0.5623583785204334,7.461501557772577,8.840554340117102e-05
2022,12.0,1,U850,4,False,0.09366599949823738,0.7058858788374625,0.9927027510336085,0.31797418896301055,4.469938477204327,4.668298241616853e-05
2022,12.0,1,U700,4,False,0.08727458994262555,0.7445037578204942,0.9935983700673998,0.16361723958293606,1.9470679652747624,2.0834403943958968e-05
2022,12.0,1,V1000,4,False,0.19551809248873983,0.6010804438120165,0.9914115730512175,0.5674904434290196,8.696061720469118,9.972665033430861e-05
2022,12.0,1,V925,4,False,0.2532057614789001,0.7923888727241112,0.9905563505182247,0.6845569745034918,9.940296354371847,0.00013180199410078863
2022,12.0,1,V850,4,False,0.3057622975129009,0.7669610883279856,0.990765281655901,0.48993581239404893,7.952305752699596,9.1623088548487e-05
2022,12.0,1,V700,4,False,0.36091291653871854,0.8073435238620763,0.9917782469057373,0.21242075519448678,5.062552393650243,3.540949580171926e-05
2022,12.0,1,Q1000,4,False,0.025794580841579005,0.00018648759298543348,0.9926630234298249,0.6325150172867056,4.269595359949996,9.410817549548867e-05
2022,12.0,1,Q925,4,False,0.04567897616943494,0.0002812911702804894,0.9833352416550997,0.2618374388014377,1.8848145309680375,8.908783320860092e-05
2022,12.0,1,Q850,4,False,0.0680956160671165,0.00033029038101801375,0.9847879565468657,0.10546273939570083,1.2341669298137625,3.1527952971899253e-05
2022,12.0,1,Q700,4,False,0.08577864056396095,0.0002507448791907294,0.988523066968344,0.09361095284560195,1.2749744761728854,2.0862669870669315e-05
2022,12.0,1,Z1000,4,False,0.03110475934181112,28.408006491384334,0.9987969920549121,2.7001988981118608,34.298010676968296,6.784432591433465e-05
2022,12.0,1,Z925,4,False,0.024725819033560043,27.48056238045972,0.9988269603075222,2.9351428784595623,34.25223097900969,7.21910656361624e-05
2022,12.0,1,Z850,4,False,0.019297811711087742,26.88242676308612,0.9988889953523916,2.9761666857052727,33.8477157225062,6.935376792494008e-05
2022,12.0,1,Z700,4,False,0.012609848347863835,26.751007869189067,0.9991117581464897,4.024181661073745,32.80293496755525,7.629264417097215e-05
2022,12.0,1,t2m,4,False,0.02230849519589481,0.4372465191952356,0.9858513146849125,3.0479755376599083,19.846820698449598,0.0009131016347883048
2022,12.0,1,u10,4,False,0.10199049601801373,0.5038330541845668,0.9917481548764371,0.5576604228763493,6.808120216877711,9.328828742027895e-05
2022,12.0,1,v10,4,False,0.1960472011394078,0.5450112119772362,0.9909105117274669,0.5908890923057797,9.052124432706831,0.00010947413492989888
2022,12.0,1,mslp,4,False,0.03125870766183145,34.87533900963235,0.998870069686279,2.377133383736496,33.667279837483775,5.609980949605742e-05
2022,12.0,2,T1000,4,False,0.03317489692159219,0.5623052898040263,0.9797365023950344,2.2209634908891496,27.40004694256256,0.0009191414652028884
2022,12.0,2,T925,4,False,0.03531665291019426,0.564499434053139,0.9844903722253527,1.4064641727402072,16.75683276585691,0.00044326751242196316
2022,12.0,2,T850,4,False,0.037676625332540466,0.5784676520122666,0.9860332621820797,0.8090204491439046,6.932856569919677,0.00023140637289309485
2022,12.0,2,T700,4,False,0.03323377404743039,0.4757395263938023,0.988946177542943,0.7264136799625898,3.291476585613917,0.00016515392620941594
2022,12.0,2,U1000,4,False,0.16989900411778502,0.9375301846307356,0.977305607382908,0.39908824281367217,7.504163307100519,0.0001831547916286702
2022,12.0,2,U925,4,False,0.17011717294214088,1.2181459431750497,0.9768822473967097,0.40718503371697246,8.053304049262422,0.00019082020663052646
2022,12.0,2,U850,4,False,0.16092721545415106,1.2127799947576963,0.9782794664169544,0.2424635583473611,4.914013053312704,0.00010762446857470742
2022,12.0,2,U700,4,False,0.1481044308429728,1.2634181859243778,0.9813977776167639,0.13729825021538966,2.236495097685154,5.3490360590657815e-05
2022,12.0,2,V1000,4,False,0.3327563138779418,1.0229913191526863,0.9749553795537648,0.5419651426797456,10.328895638363257,0.00027446150246701606
2022,12.0,2,V925,4,False,0.42989005530872404,1.3453094163018247,0.9725841652714092,0.6640091153683914,11.831319839402198,0.00037007556111112727
2022,12.0,2,V850,4,False,0.5219434727621954,1.3092207009330965,0.9728564285238688,0.4691950165638725,9.379556343749417,0.00025889297851777737
2022,12.0,2,V700,4,False,0.6165103094456376,1.3791016592405607,0.9757225400678913,0.19771656895544165,5.638189810269633,9.730802897223167e-05
2022,12.0,2,Q1000,4,False,0.04482196915495427,0.0003240502789849632,0.9777308978720565,0.4435320720860725,5.139120954696685,0.00019842154541693802
2022,12.0,2,Q925,4,False,0.07729689432303544,0.00047599433382386106,0.9515651019188556,0.23218141368746004,2.3789303902677417,0.000227213468087184
2022,12.0,2,Q850,4,False,0.1185088817675739,0.0005748144468120664,0.9532178571423392,0.10018129591369274,1.2678888028994084,9.873911786895118e-05
2022,12.0,2,Q700,4,False,0.14880564969755394,0.0004349830481832881,0.9649335134661696,0.06773025086492801,1.0703297283163327,5.0225831409012045e-05
2022,12.0,2,Z1000,4,False,0.04397093097352027,40.158693041868965,0.9976064864854894,2.105209958434806,47.40421583454288,0.00010467083113485653
2022,12.0,2,Z925,4,False,0.033986719331391926,37.7732350167466,0.9977974323359715,2.1908955373512007,48.44189386900849,0.00010067220110920871
2022,12.0,2,Z850,4,False,0.025853083993639045,36.014116027510674,0.9980165294921145,2.675271667217649,49.197667558843605,0.000111145034631277
2022,12.0,2,Z700,4,False,0.0167312805984832,35.49437000959922,0.998440621327717,5.477563205072588,48.870584707336526,0.0001866120131931437
2022,12.0,2,t2m,4,False,0.044119579685173,0.8647437724752376,0.9472897137944316,2.958488591565911,34.00111733342833,0.0032914690672586344
2022,12.0,2,u10,4,False,0.1733735422277826,0.8564653035422077,0.9760521292102107,0.3929289697678917,7.7763229243358545,0.0001901604048163419
2022,12.0,2,v10,4,False,0.33408246310259215,0.928749236110409,0.9734407198886225,0.5877947625919089,10.699836476195923,0.00031521878420059934
2022,12.0,2,mslp,4,False,0.04485674277668005,50.046665565575736,0.9976837219910695,1.9382840196141116,46.02167099200858,9.359808789644042e-05
2022,12.0,3,T1000,4,False,0.043429625539966134,0.7361200879438572,0.9652579375783337,1.4599387049882728,31.12922574539183,0.0010335092746984742
2022,12.0,3,T925,4,False,0.045829462439091244,0.7325356034885248,0.9737663660998421,0.8399200991742073,20.713293987655646,0.00044872808922036267
2022,12.0,3,T850,4,False,0.048767024693865305,0.7487439716382481,0.976479967629612,0.619709269404034,8.29069253729713,0.0002970913699652522
2022,12.0,3,T700,4,False,0.04258817456863562,0.6096472228923695,0.9817529448012273,0.4103418048335361,3.9151838494701607,0.00015041752153044374
2022,12.0,3,U1000,4,False,0.21631786711902312,1.1936769817233155,0.9630223271226086,0.3699078352436991,8.432137830954433,0.00027960289170048114
2022,12.0,3,U925,4,False,0.21833657183744795,1.5634271787444696,0.9616809310197748,0.391117577084632,8.87811184276922,0.00030654936018703616
2022,12.0,3,U850,4,False,0.20697094793329554,1.5597748380446717,0.963752369488439,0.18614120018125568,5.42503039847646,0.0001373964123653204
2022,12.0,3,U700,4,False,0.1888770257536715,1.6112324957936286,0.9694688145792456,0.11617335860510947,2.544559698167681,7.228444810791768e-05
2022,12.0,3,V1000,4,False,0.42224198512513383,1.2980967534756747,0.9594764709985129,0.7244648047111557,12.0165058625891,0.0006011586112412148
2022,12.0,3,V925,4,False,0.5430645752356708,1.6994808009571662,0.9559983949853792,0.8203530691639815,14.0296864147886,0.000742034505867295
2022,12.0,3,V850,4,False,0.6641766379944353,1.6659923028599246,0.9556714317606746,0.5867140069365173,11.035013976063901,0.0005355251902777747
2022,12.0,3,V700,4,False,0.7879531572019375,1.7626104346751288,0.9598610087331726,0.2276370992616905,6.296847938127259,0.00018658187089271028
2022,12.0,3,Q1000,4,False,0.058620717296764026,0.00042381135978770875,0.9617134538214464,0.30475171296387993,5.978498558569257,0.0002360653132055246
2022,12.0,3,Q925,4,False,0.09840861478077602,0.0006060003281647934,0.9205507527702775,0.15909921934409432,2.903699507732549,0.0002496687621398319
2022,12.0,3,Q850,4,False,0.15308583582459181,0.0007425262149456146,0.9208560382548149,0.06565581380657548,1.4108695497727641,0.00010746221386692678
2022,12.0,3,Q700,4,False,0.1923501742217475,0.0005622707563588875,0.9405933221539062,0.053427122641303004,1.0771549020312743,6.559962538377206e-05
2022,12.0,3,Z1000,4,False,0.05655178753029138,51.64880145080353,0.9960496260603386,1.790160383034889,51.021879232883705,0.0001458173658993589
2022,12.0,3,Z925,4,False,0.0432000310018911,48.013015783761105,0.9964480915915283,2.1035474124992293,52.375169762950705,0.0001549384743022575
2022,12.0,3,Z850,4,False,0.03265790815184226,45.49343894631699,0.9968417861639798,2.4269196892564904,53.27948067902457,0.0001585716842796847
2022,12.0,3,Z700,4,False,0.021064555631061205,44.687142978478036,0.9975317893668401,4.1763132503758404,53.287125974788154,0.0002203974440371237
2022,12.0,3,t2m,4,False,0.0498197103770319,0.9764663521801142,0.9320977470431185,2.4228409836064446,39.87984980232191,0.0033381974981210316
2022,12.0,3,u10,4,False,0.2211433192410765,1.092448010821636,0.9608740582957884,0.3609693251913182,8.724597545254397,0.0002872380418107445
2022,12.0,3,v10,4,False,0.4239900238750781,1.1786922568184401,0.9570325176849482,0.727660784787354,12.457572445131703,0.0006395397653947699
2022,12.0,3,mslp,4,False,0.05789946592408521,64.59843133807135,0.9961483120684255,1.7300091880097068,49.48752113486057,0.0001374596434667863
2022,12.0,4,T1000,4,True,0.05078193568758623,0.860739703745036,0.9523369159064208,2.3304620494173367,33.77369682217618,0.0022665799258621
2022,12.0,4,T925,4,True,0.053269174070360276,0.8514515464722393,0.964394765886801,1.1928850254604995,23.917337730183142,0.0008609079506255446
2022,12.0,4,T850,4,True,0.056418951409973085,0.8662277436516556,0.9683800682932661,0.6081166574463115,9.520968437139965,0.0003916017495574353
2022,12.0,4,T700,4,True,0.048898659960655476,0.6999814528466132,0.9758329570404308,0.5474832051160172,4.171441697965783,0.0002726925430894811
2022,12.0,4,U1000,4,True,0.24650676368555585,1.3602642141734813,0.951771323000442,0.3083408335546989,9.137538642282351,0.0002977772329151307
2022,12.0,4,U925,4,True,0.24998992599117992,1.7900850907849235,0.9494873533726045,0.3246614572246176,9.466002472834656,0.0003281841855597989
2022,12.0,4,U850,4,True,0.23729978596893359,1.7883390896410645,0.9519953724748408,0.20546992795029695,5.814804975724874,0.00019942498534186726
2022,12.0,4,U700,4,True,0.21564384314911517,1.839569246800521,0.9598975165098603,0.1083993914693715,2.7306286359277343,8.839270528737675e-05
2022,12.0,4,V1000,4,True,0.4770792233888374,1.466682626886208,0.9479641986851097,0.5096239425769866,13.539899711612636,0.0005194028021275887
2022,12.0,4,V925,4,True,0.6117761709830857,1.9145086897231658,0.9437790847026715,0.6333976836749189,15.909693351344123,0.0007183247152144911
2022,12.0,4,V850,4,True,0.7543905338317244,1.8922810080156434,0.9423315939832462,0.4931768247827817,12.322841680101638,0.0005745418597130625
2022,12.0,4,V700,4,True,0.8996828935910918,2.012544078719339,0.947082073657112,0.1878019158106925,6.759993673363118,0.0002011355127478076
2022,12.0,4,Q1000,4,True,0.06854616517166384,0.0004955695637727568,0.9474101879597908,0.3484688868390595,6.4450029102077195,0.0003651668399531349
2022,12.0,4,Q925,4,True,0.11210316306165533,0.000690331372108498,0.8959631756762012,0.14472122316625535,3.29997717464775,0.00028615341650595205
2022,12.0,4,Q850,4,True,0.1757611052352318,0.0008525101360234153,0.8945962320208367,0.06649333369910249,1.5431684067979679,0.00014350930032913656
2022,12.0,4,Q700,4,True,0.22139699927047432,0.0006471793408977474,0.9204164610653651,0.04777704296129448,1.1060125026341572,7.881990906843939e-05
2022,12.0,4,Z1000,4,True,0.0654147887570381,59.743388939468915,0.9947088760346319,2.7721765530796416,53.32895654352181,0.00030877588833411185
2022,12.0,4,Z925,4,True,0.049960901542013235,55.5271262929556,0.9952449131028567,3.122682851268077,54.416871974800586,0.00031515593509356954
2022,12.0,4,Z850,4,True,0.03758294618427721,52.354163395914064,0.9958148886532826,3.5142998239963252,55.32504962140219,0.00031450315380932015
2022,12.0,4,Z700,4,True,0.02419705986679378,51.3325555585588,0.9967405506813448,4.503393451523796,55.46231033695372,0.00031653429338207584
2022,12.0,4,t2m,4,True,0.055905248148813015,1.0957428896075152,0.9138152566184428,4.088957573310637,40.688003469984366,0.007083454364531838
2022,12.0,4,u10,4,True,0.2522877539764564,1.2463015170865719,0.9488896291205763,0.3275826737198617,9.461338115096185,0.00033627802297597764
2022,12.0,4,v10,4,True,0.47925534747239595,1.3323298499019511,0.9448006098945897,0.502288270849538,14.011919655799732,0.0005445516408121298
2022,12.0,4,mslp,4,True,0.06704208137767641,74.79884679928732,0.9948317877900527,2.643013031592434,51.78258081023088,0.00028782177545705334
2022,12.0,5,T1000,4,False,0.05586016556700278,0.9468143063104806,0.9422341071609572,1.0495518274039828,35.14802612272185,0.0011856315412580587
2022,12.0,5,T925,4,False,0.058400189094431856,0.933465408803646,0.9570385166202616,0.5761222255285969,25.700208870404495,0.0005013255732407851
2022,12.0,5,T850,4,False,0.06120282171307047,0.9396768410639194,0.9626740057180865,0.3726083511954359,10.521804499934738,0.0002787381154794044
2022,12.0,5,T700,4,False,0.0526444313245691,0.7536019475378848,0.9718889196675984,0.2565187851080841,4.3718380198610625,0.00014597059725440786
2022,12.0,5,U1000,4,False,0.26424422251475055,1.4581423657131671,0.9444216581958046,0.24112518861079124,9.508287070053289,0.00027046051365775536
2022,12.0,5,U925,4,False,0.26851153749542617,1.9227114694688043,0.94147080791288,0.28101151734941654,9.774706953717704,0.00033806067759523106
2022,12.0,5,U850,4,False,0.2550419337234742,1.9220475013458724,0.9442558606671955,0.18677406769649352,6.028376234224043,0.00021190417231009562
2022,12.0,5,U700,4,False,0.2312750161325978,1.9729123493806624,0.9536247741410003,0.0595419399748609,2.834699821881703,5.6208195615581324e-05
2022,12.0,5,V1000,4,False,0.5071613318296642,1.5591639373670627,0.9409329339550391,0.2659256010184019,14.552292923351406,0.0003004036466353055
2022,12.0,5,V925,4,False,0.6483685651200555,2.029021919134913,0.9364749962038463,0.1719139268376746,17.1692525136104,0.00021375283278513013
2022,12.0,5,V850,4,False,0.8035512590210785,2.0155936480210506,0.9341297096899147,0.1800821956777332,13.296760751529257,0.00023497615220935408
2022,12.0,5,V700,4,False,0.9631120318883288,2.1544317547377747,0.9388170707416825,0.07482203737826376,7.11189539807634,9.037913338805215e-05
2022,12.0,5,Q1000,4,False,0.0752296322989445,0.0005438891570221986,0.9363805033413158,0.2626831799472318,6.83718641294857,0.00034158253254057414
2022,12.0,5,Q925,4,False,0.12022225135423481,0.0007403287168460131,0.8795630669868859,0.12877199222999236,3.650686059313324,0.00030484641913708366
2022,12.0,5,Q850,4,False,0.18920999947142306,0.000917742539332784,0.8770031442946746,0.029954129690334952,1.599938549620905,8.16475507023906e-05
2022,12.0,5,Q700,4,False,0.23882237274181578,0.0006981165289862138,0.9066637128481522,0.015527508220258834,1.1235734314666956,3.630888825989498e-05
2022,12.0,5,Z1000,4,False,0.07133303417296107,65.14852833660524,0.9936804388464586,2.662084693895639,54.394584350393195,0.0003545504132762556
2022,12.0,5,Z925,4,False,0.054502016300760486,60.574174163264686,0.9943170683078609,3.060797033505358,55.20342375614196,0.00037105270382065125
2022,12.0,5,Z850,4,False,0.04105913117444935,57.19659269272561,0.9949842137555552,2.931859847378804,55.75691646796476,0.00031309181491612215
2022,12.0,5,Z700,4,False,0.026532965885314345,56.28803496524837,0.9960679404237848,3.9098280473689018,55.624780084616965,0.0003294163196239097
2022,12.0,5,t2m,4,False,0.0638659227388891,1.2517720962941934,0.8880399451696865,2.143896630147679,42.85393638493543,0.004327088461470674
2022,12.0,5,u10,4,False,0.27083642267985397,1.3379319446800806,0.9409632262326844,0.20264251695214508,9.835383089365513,0.00023962102528984897
2022,12.0,5,v10,4,False,0.5098739346970192,1.4174495390976714,0.9372773371130103,0.2194166940193254,15.0406444780944,0.0002609764018073335
2022,12.0,5,mslp,4,False,0.0730001225091348,81.44623394512728,0.9938475953664938,2.33925328568253,52.96299735352869,0.00030376040498159007
2022,12.0,6,T1000,4,True,0.05756716354881776,0.9757474308042807,0.9391045111595498,1.4732662689443954,36.14907105351666,0.0017836084972867594
2022,12.0,6,T925,4,True,0.06028824609160949,0.9636440128235958,0.9542308642702744,1.0765827432744235,26.556890945478116,0.0009992908689657742
2022,12.0,6,T850,4,True,0.06304571871419042,0.9679717371742886,0.9603636771245591,0.625333899356495,11.32563708061114,0.0005036721144724421
2022,12.0,6,T700,4,True,0.05416499729656953,0.7753687622485731,0.9701836105514858,0.49953575540608863,4.419096613428996,0.0003048209023729376
2022,12.0,6,U1000,4,True,0.2710437987555195,1.495663523753742,0.9415537586805448,0.3875848692982631,9.637689212181844,0.00046303412748405215
2022,12.0,6,U925,4,True,0.27544418478092747,1.9723535815409974,0.9383102243366467,0.37029268370367685,9.82814188654878,0.00046875727587347704
2022,12.0,6,U850,4,True,0.26153777502580217,1.9710014704692833,0.9412448030946498,0.20819020603409788,6.069606172779074,0.0002494836793869304
2022,12.0,6,U700,4,True,0.23716499180011713,2.023157318826578,0.951118813311736,0.09809125245380246,2.827815895943908,9.878004236063553e-05
2022,12.0,6,V1000,4,True,0.5179619652388614,1.5923682702629982,0.9383636071417887,0.6144121467578922,14.894351590062382,0.0007660978812036312
2022,12.0,6,V925,4,True,0.6599193553312707,2.065169260427026,0.9339509038395478,0.6012213865122851,17.64255873668431,0.0008203353153981574
2022,12.0,6,V850,4,True,0.8207954044986666,2.058848131883306,0.931003588504388,0.3842813012988944,13.624188548069526,0.000543317916143149
2022,12.0,6,V700,4,True,0.9871954204995909,2.2083050857992554,0.9353763201812092,0.1359497480759031,7.053369690182709,0.00017849977188988397
2022,12.0,6,Q1000,4,True,0.07894432873567521,0.0005707453702966408,0.9299463600401783,0.21850510044374438,7.0215300011053134,0.0003106992830355093
2022,12.0,6,Q925,4,True,0.12359101367042112,0.0007610735577214225,0.8725426755495969,0.15653731445960384,3.8798781851124176,0.0003918877554677236
2022,12.0,6,Q850,4,True,0.1948295841896385,0.0009449997241595624,0.8692524480433897,0.06789188101172794,1.6250475986827828,0.00018689170833219304
2022,12.0,6,Q700,4,True,0.24626956252936594,0.0007198858692542031,0.9003487436346013,0.04138123020278606,1.1368862248962608,8.507339972874117e-05
2022,12.0,6,Z1000,4,True,0.07387157935612822,67.46698388689776,0.993192267932276,2.500604274578533,54.73607946070338,0.00035569761214471196
2022,12.0,6,Z925,4,True,0.05658134696396559,62.88516709300974,0.9938476989129009,2.766696905523125,55.250710858145766,0.00035854772501908716
2022,12.0,6,Z850,4,True,0.04257179767795923,59.30378220125613,0.9945863562920857,2.47850005869239,55.58353903606812,0.00028118806970967025
2022,12.0,6,Z700,4,True,0.02754431466552785,58.43354909668058,0.9957520431446745,4.066758548560323,55.16145441048881,0.0003691517731696514
2022,12.0,6,t2m,4,True,0.06403629267836242,1.2551113558803495,0.8882564635101888,2.4856266654888826,42.79258648012397,0.005119353839270313
2022,12.0,6,u10,4,True,0.27807551543817244,1.3736930618079817,0.9378128818461821,0.37282106408104143,9.959557621519577,0.0004717347655196491
2022,12.0,6,v10,4,True,0.5210659807875831,1.4485634095774669,0.9344861071600036,0.5648597115663234,15.369334922734845,0.0007490462306386503
2022,12.0,6,mslp,4,True,0.07554871804220298,84.2897021343945,0.9933807579519269,2.3113737620761743,53.39391205967996,0.00031985720197702516
2022,12.0,7,T1000,4,False,0.05670800017905392,0.9611848529622791,0.9408187674370825,1.7355757912974723,35.062995862028856,0.0019319471063741211
2022,12.0,7,T925,4,False,0.059168186879386075,0.9457410413748172,0.9558890003069459,1.453702550019087,25.538179954804143,0.0012522604225077005
2022,12.0,7,T850,4,False,0.06210746868112527,0.9535663291726088,0.9616013887516626,0.7977065335822986,11.582393880451614,0.0006112928376805771
2022,12.0,7,T700,4,False,0.05342156544232818,0.7647265759327277,0.9710000076971153,0.7161246089729234,4.466907642895956,0.00042550025901921806
2022,12.0,7,U1000,4,False,0.26745177799057324,1.4758421849799908,0.9433283021265855,0.40229577698160934,9.453950730840067,0.00046474831629661484
2022,12.0,7,U925,4,False,0.27078735199269705,1.9390077505341248,0.9404598553752048,0.3621261999312897,9.662830496069697,0.00044351129368780384
2022,12.0,7,U850,4,False,0.25720674763824947,1.9383619657349542,0.9431976387376322,0.24261287975587686,5.9210869453314885,0.00027995542951642083
2022,12.0,7,U700,4,False,0.2337354430969408,1.9939012536361278,0.9525206862772427,0.11450846108976842,2.744498856900879,0.00011140196116266043
2022,12.0,7,V1000,4,False,0.510092229645208,1.5681743678976454,0.9403396742403648,0.7246800116692653,14.71601027016176,0.0008927507981740801
2022,12.0,7,V925,4,False,0.6473495191905843,2.025832878050236,0.9363350925739109,0.9811735415242162,17.49765890743067,0.0013080656503668964
2022,12.0,7,V850,4,False,0.806586602428645,2.023207370333152,0.9333032825572278,0.6837404573737493,13.520702772033511,0.000948555136071616
2022,12.0,7,V700,4,False,0.9726104227629994,2.175679181054497,0.9371838942195363,0.2033469071757943,6.773617219889083,0.00026099596605733133
2022,12.0,7,Q1000,4,False,0.07911519962759112,0.0005719807259548147,0.929378417222536,0.13824379795673858,6.894609252728534,0.0001674792259407365
2022,12.0,7,Q925,4,False,0.12237693162670994,0.0007535972448118887,0.8750379006609464,0.1730740864091307,3.9430906920975506,0.00038948332205401837
2022,12.0,7,Q850,4,False,0.19316334884606223,0.0009369178242631748,0.8718944585789166,0.07787534743568525,1.6506458110754019,0.00019434927018247006
2022,12.0,7,Q700,4,False,0.2445917261477124,0.0007149812834906744,0.9016943826432651,0.036636651884602855,1.1157235283513978,6.578493985409661e-05
2022,12.0,7,Z1000,4,False,0.07322844296873178,66.87960721601776,0.9933394882862706,3.78139591995702,54.0390162233478,0.0005355524785084498
2022,12.0,7,Z925,4,False,0.056216354658948205,62.47950978411207,0.9939501838068319,4.060490551233952,54.38758116145104,0.0005250441854500743
2022,12.0,7,Z850,4,False,0.04242922240571302,59.10517078721461,0.9946386850044553,4.007039072505581,54.37577311730952,0.00045883933998835946
2022,12.0,7,Z700,4,False,0.02734285456303158,58.00616343405148,0.9958240686905364,5.749348529551879,53.821517149636,0.0005249026778819665
2022,12.0,7,t2m,4,False,0.06377647003976174,1.2500188369126388,0.8889987755215831,3.180603459284803,40.26663812127773,0.006212139837378006
2022,12.0,7,u10,4,False,0.2746651993319651,1.356846104094126,0.9395691823724814,0.4318014555253491,9.733337142233566,0.0005356823968823976
2022,12.0,7,v10,4,False,0.513208682363142,1.4267201289205544,0.9365752038198182,0.6557517191273732,15.184404493360171,0.0008581317516505038
2022,12.0,7,mslp,4,False,0.07478615366862626,83.43890801812132,0.9935367324428479,3.376026317175962,52.795871208839905,0.0004625066551073864
2022,12.0,8,T1000,4,True,0.05256140849626298,0.8909012745227647,0.949573070371928,2.2776620343610277,32.765677036947885,0.002319035299158445
2022,12.0,8,T925,4,True,0.05459015361330295,0.8725660110667852,0.9626255544270567,1.3088790995040789,23.615117941973164,0.0010002751414005528
2022,12.0,8,T850,4,True,0.05831419800134487,0.8953263886968362,0.9662771290757239,0.5625947892743288,11.201236181855666,0.00038512634234921794
2022,12.0,8,T700,4,True,0.050403400910513804,0.72152172978813,0.9742245432243221,0.5884629064078606,4.42249845958419,0.0003101300072120283
2022,12.0,8,U1000,4,True,0.2527055428374593,1.394470057672047,0.9497689018578529,0.33672497984927885,9.07622647963594,0.00034220783052474335
2022,12.0,8,U925,4,True,0.2542527670825369,1.8206097110534556,0.9477380915114129,0.3443720789242488,9.290981662707454,0.0003641881121694279
2022,12.0,8,U850,4,True,0.24215267925128753,1.8249114706936973,0.9498103879351689,0.19386736477955413,5.542735062669912,0.0001940377379382463
2022,12.0,8,U700,4,True,0.22122477742148833,1.8871778754860449,0.9575697310728697,0.11056486186673542,2.4965410840697477,9.337941324027987e-05
2022,12.0,8,V1000,4,True,0.48215272798359693,1.4822800869622326,0.9469701659011402,0.5160422000468956,14.105453378178801,0.000554257414836723
2022,12.0,8,V925,4,True,0.6083971827715023,1.9039343986157466,0.9438315775300977,0.6327448453932294,17.024443608180373,0.0007309194336420077
2022,12.0,8,V850,4,True,0.7589473620610936,1.9037111539022935,0.9410742068661184,0.5191351014458334,13.142545753289713,0.0006255364881829761
2022,12.0,8,V700,4,True,0.9191399468493604,2.0560685026465007,0.9440506459517096,0.23010483044733077,6.2300290965754845,0.0002586420854150395
2022,12.0,8,Q1000,4,True,0.07571093125784577,0.0005473688145656514,0.9354917983348712,0.29218532760363347,6.387488945223064,0.00037555987477499997
2022,12.0,8,Q925,4,True,0.11647559622650396,0.0007172568168515217,0.8874368723371505,0.1036896186087044,3.854685492858423,0.00021406143210711548
2022,12.0,8,Q850,4,True,0.1840599668283427,0.0008927628602771835,0.8845333022280588,0.04266530927741208,1.6385643756427593,9.717100744632834e-05
2022,12.0,8,Q700,4,True,0.2338312895682099,0.00068352678034752,0.9104707015626391,0.03553632235712145,1.0741896528052353,6.53376467139033e-05
2022,12.0,8,Z1000,4,True,0.06967520241669271,63.634428853269135,0.994001045254583,4.025423541364259,51.91358082340998,0.0005120379532922437
2022,12.0,8,Z925,4,True,0.05365795815317066,59.636078152604085,0.9945167105880526,4.269239458172591,52.17657554367736,0.0004974924812078951
2022,12.0,8,Z850,4,True,0.040712980237460956,56.71439341337784,0.9950874273254334,4.249469900593217,51.82166547458237,0.0004445279863444229
2022,12.0,8,Z700,4,True,0.02603022936874827,55.22151091689122,0.9962292675453525,4.989026296569465,51.301891266435376,0.00040500292194833865
2022,12.0,8,t2m,4,True,0.05696030975714843,1.1164220942286565,0.9163164628063899,3.3425956877415675,38.43045006081288,0.005668433359619085
2022,12.0,8,u10,4,True,0.2594019034771115,1.2814454117677876,0.9464728586133638,0.3551564082445613,9.356151219956443,0.0003840715507180681
2022,12.0,8,v10,4,True,0.4850045763723403,1.3483127064015183,0.943630324637041,0.48309333732586834,14.551525911054997,0.0005510672945233663
2022,12.0,8,mslp,4,True,0.07104923181553224,79.26962560334363,0.9941904928854703,3.5505124932498133,50.742628219892524,0.00043531467918767053
2022,12.0,9,T1000,4,False,0.04623546921017317,0.7836783688293636,0.9611360303172637,2.1099621088635057,28.439856670310537,0.001648375346191
2022,12.0,9,T925,4,False,0.0480794533740727,0.768499333619162,0.9711267769157294,1.7365701828010227,20.177548863734252,0.0010147591166597136
2022,12.0,9,T850,4,False,0.05202938897598546,0.7988326438645419,0.9732474431818326,1.0170663957854598,9.680546341055841,0.0005523677777804492
2022,12.0,9,T700,4,False,0.045083795438813155,0.6453718955128288,0.979429354702176,1.0512360291423328,4.142855094675879,0.0004442066230787578
2022,12.0,9,U1000,4,False,0.2272164611938531,1.2538172005934056,0.9596758127777455,0.5577785462282159,7.948168378238951,0.0004627726605127558
2022,12.0,9,U925,4,False,0.22668444825721898,1.6232032157372944,0.9586647274523897,0.5485783022699864,8.174722303409299,0.0004643097922001349
2022,12.0,9,U850,4,False,0.21632248132097143,1.630249881113375,0.9601124101834816,0.25720318698722044,4.815745332584253,0.00021012040087631245
2022,12.0,9,U700,4,False,0.19932337094906744,1.7003459626307553,0.9656817575968044,0.13443194242725998,2.051600418920696,9.274165107975296e-05
2022,12.0,9,V1000,4,False,0.4343591459186025,1.335348474397539,0.9571788992427587,0.8865035494972973,12.53222127266076,0.0007874448557982916
2022,12.0,9,V925,4,False,0.5476475574934548,1.7138228987634547,0.9546014253928757,1.2372000199964872,15.16956203325619,0.0011738175850292132
2022,12.0,9,V850,4,False,0.6816476076455242,1.7098157520773851,0.9526279555584883,0.8158027610013607,11.734586837169381,0.000804691689720971
2022,12.0,9,V700,4,False,0.8258882047609305,1.8474691846051603,0.955072195410531,0.2497912009794767,5.232637822199115,0.0002342453224524199
2022,12.0,9,Q1000,4,False,0.06891403143762802,0.0004982291325466853,0.9467711557512601,0.4746878849348657,5.471176927916622,0.0004948153658298482
2022,12.0,9,Q925,4,False,0.10602812544532277,0.0006529212810365832,0.9075732192887211,0.22557548568922225,3.384293446566622,0.00041899347618845617
2022,12.0,9,Q850,4,False,0.1669580282210306,0.0008098117708126641,0.9058764301757432,0.10885113569627514,1.4947795699537414,0.000196767362753425
2022,12.0,9,Q700,4,False,0.21388055049831403,0.0006252075356035895,0.9255589826493911,0.10992363027720886,0.8946905416019169,0.00016147553603163
2022,12.0,9,Z1000,4,False,0.06259529373673264,57.16834166865329,0.9951632658102562,2.4749787901372944,48.19600108943723,0.0002481742503586126
2022,12.0,9,Z925,4,False,0.04853025130043743,53.9370850347806,0.9955215527114655,2.2980375299779254,48.251716633945975,0.000211598416581249
2022,12.0,9,Z850,4,False,0.036992389486288274,51.53149998814155,0.9959527904243184,2.606326279742255,47.68602563313298,0.00021715842190705992
2022,12.0,9,Z700,4,False,0.023608139494888127,50.083198094410186,0.9969054702962581,4.486868093331042,46.974597167902665,0.00029588882945985606
2022,12.0,9,t2m,4,False,0.05282664835684623,1.0354023137127575,0.9286292084128268,1.8254047168331677,35.02458522623968,0.0025915447951933013
2022,12.0,9,u10,4,False,0.23281706426427254,1.1501162989350522,0.9571636761944592,0.6112094330237405,8.215512939757652,0.0005393148339983833
2022,12.0,9,v10,4,False,0.43670082719440306,1.2140282871575756,0.9544951107662439,0.8894689211632167,12.902082546765204,0.0008428208250600422
2022,12.0,9,mslp,4,False,0.063968995920488,71.37020724317391,0.9952950087036437,2.198144968958682,46.89455772941257,0.00021351742729125434
2022,12.0,10,T1000,4,False,0.03384486560771599,0.5736610743983773,0.9797870992714404,1.0366218445923336,26.064961232829887,0.00043374260537420994
2022,12.0,10,T925,4,False,0.03622767137540931,0.5790611036382982,0.9840843015362819,0.5948000743342008,17.793796928643257,0.00019681968839335706
2022,12.0,10,T850,4,False,0.03934529161601982,0.6040874969196677,0.9849804370304874,0.4639498827611055,8.792891888679566,0.00014192574566229688
2022,12.0,10,T700,4,False,0.034490379803735066,0.49372776504289995,0.9881697685480012,0.5109266914245181,4.124767210473534,0.0001231923581388461
2022,12.0,10,U1000,4,False,0.17515065035169466,0.9665096203004045,0.9758762908359946,0.17137088013607915,7.468414543610258,8.239296376688632e-05
2022,12.0,10,U925,4,False,0.17339694768255312,1.241631205370291,0.9758238294036659,0.19940318795285128,7.840745414238248,9.715844708935162e-05
2022,12.0,10,U850,4,False,0.16449037361851013,1.2396326622911582,0.9773613494082117,0.14640172835347354,5.156359281683032,6.823756530760505e-05
2022,12.0,10,U700,4,False,0.15247089261998317,1.3006666770705846,0.9806063085356389,0.09317139933843199,2.4292746152183686,3.6955179150588435e-05
2022,12.0,10,V1000,4,False,0.33412581533864905,1.0272015780232833,0.9743367823981001,0.16445297372753576,11.171590204530801,8.080635443630246e-05
2022,12.0,10,V925,4,False,0.424659434145659,1.3289405917739419,0.9725064894730935,0.18204272371831198,13.308386531115035,9.938738148751458e-05
2022,12.0,10,V850,4,False,0.5234827815582315,1.3130818479429738,0.9725546899506026,0.12245947035803839,10.683960915268953,7.184413480376683e-05
2022,12.0,10,V700,4,False,0.6323771941824375,1.414595059312059,0.9748009505646706,0.09885900844193163,5.388203680542036,5.3780172534434456e-05
2022,12.0,10,Q1000,4,False,0.04853151673628276,0.00035086926464942164,0.9740161237271997,0.3065217717844737,2.608280690484288,0.0001638336168040544
2022,12.0,10,Q925,4,False,0.07855705476470802,0.00048375440384370607,0.9498158512207684,0.1289561531819472,1.11148521519715,0.0001286558594061349
2022,12.0,10,Q850,4,False,0.12233084516780308,0.0005933524603930441,0.9493790200199617,0.046076252707816234,1.0536553689846073,4.7865092429932865e-05
2022,12.0,10,Q700,4,False,0.15453702334911637,0.0004517367829148067,0.9621472407458705,0.03168912245014033,0.8167939351110487,2.422408534896725e-05
2022,12.0,10,Z1000,4,False,0.05006023757647722,45.720062605536036,0.9969269644972444,2.6695731911298703,45.07479267696358,0.0001722306217480929
2022,12.0,10,Z925,4,False,0.03950760717257599,43.90921355865253,0.997047058438892,2.918179764100437,44.17340404388843,0.00018093666685792265
2022,12.0,10,Z850,4,False,0.0299035827734676,41.65658153298029,0.9973693808168931,3.3020518800066623,43.82067168454552,0.00018328942289924655
2022,12.0,10,Z700,4,False,0.019082270776935202,40.4818495906613,0.9979903984361833,3.853908905311798,42.43528947293173,0.00016475219819844789
2022,12.0,10,t2m,4,False,0.034003010039532135,0.6664590100827725,0.970270440769854,1.5720883391300844,26.86009104603372,0.0009801178987411951
2022,12.0,10,u10,4,False,0.1792646756491104,0.8855675066291891,0.9744391212851763,0.2097596354415865,7.688974499330148,0.0001063137505701306
2022,12.0,10,v10,4,False,0.3361952817462974,0.9346228644232394,0.9727011709744324,0.1893034496054602,11.463575868447895,0.00010011502924400784
2022,12.0,10,mslp,4,False,0.050779915612139195,56.65514931413531,0.9970581899967413,2.5157275021775227,44.025216392674814,0.00015515296946411183
2022,12.0,11,T1000,4,False,0.019216402682832638,0.3257126857131034,0.9934148981126775,2.6517114675742137,22.012834635342937,0.00036672954099270516
2022,12.0,11,T925,4,False,0.02079402365977052,0.33237052534699346,0.9947308629496573,1.7810942881309133,14.155566387714414,0.0001935540951386594
2022,12.0,11,T850,4,False,0.022776587040803025,0.3497000783953306,0.9949755282497381,1.0136297054855525,6.806580869087819,0.00010346308834474627
2022,12.0,11,T700,4,False,0.020222979332279643,0.2894907600202236,0.99594328747454,1.2541200494419869,3.101655933623426,0.0001036090844238613
2022,12.0,11,U1000,4,False,0.10245337112972641,0.5653542774142017,0.9918321724528409,0.31112033697159314,6.536683402132204,5.2866858983646736e-05
2022,12.0,11,U925,4,False,0.10008092659033573,0.7166423704717368,0.9919886943416533,0.3284233422458316,7.150946084187115,5.371744538662515e-05
2022,12.0,11,U850,4,False,0.09533602194749248,0.718471503810896,0.9924214648003795,0.3253536010182856,4.77299956665127,4.939857696117933e-05
2022,12.0,11,U700,4,False,0.08910482161862557,0.7601167068703408,0.9934086869959817,0.16719826683574412,2.1838031405400637,2.0715340203203425e-05
2022,12.0,11,V1000,4,False,0.19712263061215818,0.6060132654549105,0.9911888209880627,0.10698575182339631,8.720102081192238,2.1863318723891467e-05
2022,12.0,11,V925,4,False,0.25108147489744637,0.7857410738282289,0.9904603872383724,0.21571165610333454,10.618493652494177,4.2880280576196306e-05
2022,12.0,11,V850,4,False,0.30777686632114204,0.772014343339354,0.9905445773489261,0.18946447902413732,8.570881060587777,3.584264892342315e-05
2022,12.0,11,V700,4,False,0.36731266892219516,0.8216594332662107,0.9915340254158731,0.16616502303693492,4.933942981379524,2.899938391975887e-05
2022,12.0,11,Q1000,4,False,0.02826770982103436,0.00020436762002521986,0.9911360040567423,0.6170049074274764,1.9506941552898005,0.00011257423433519431
2022,12.0,11,Q925,4,False,0.045868548244911315,0.0002824585563253705,0.9830671398864013,0.26020350851749807,0.8698044095676427,8.960248301703722e-05
2022,12.0,11,Q850,4,False,0.07098922561812283,0.0003443255238245602,0.9832677939279263,0.09081716689135488,1.09143453335514,2.9930473451234008e-05
2022,12.0,11,Q700,4,False,0.09003372155424016,0.00026318317101307637,0.9873705914919348,0.06141961484487091,0.7259393984311302,1.6446216025922666e-05
2022,12.0,11,Z1000,4,False,0.033840753047816065,30.90679223510977,0.9985850600914858,2.8243152701113106,34.686297430923304,8.363236326258683e-05
2022,12.0,11,Z925,4,False,0.02717740246462662,30.205281182803017,0.9985932161190321,3.11122452794812,33.23689804115252,9.213128466689646e-05
2022,12.0,11,Z850,4,False,0.021050232052082594,29.32360022353986,0.998688227340766,3.093597689860794,32.07190633090512,8.492041217289525e-05
2022,12.0,11,Z700,4,False,0.013851675660054763,29.3854673309232,0.9989370853261714,3.8466356588007233,28.922425897433833,8.684577201656385e-05
2022,12.0,11,t2m,4,False,0.02069004370486671,0.40552486104624286,0.9886137588820583,2.55052038051089,23.33784608669959,0.0006063978986518004
2022,12.0,11,u10,4,False,0.1046876427396826,0.5171569604154775,0.9913722550338508,0.3371535016612248,6.684002951305623,6.043854777815216e-05
2022,12.0,11,v10,4,False,0.19823643268099728,0.5510972792605524,0.9906344833781734,0.14793114531661544,9.031477436191903,3.075676065311672e-05
2022,12.0,11,mslp,4,False,0.03409733355741388,38.04239334353879,0.9986637693184949,2.771790119377915,33.84344182463914,7.739550929886096e-05
2022,12.0,1,T1000,16,False,0.018705455107804102,0.3170522697417863,0.9935783473579897,4.4496163613431445,24.16740297902806,0.000613172611071966
2022,12.0,1,T925,16,False,0.020249153316878838,0.32366135378713334,0.9949290760101477,2.440166316326209,13.67448553120033,0.00025735301629215
2022,12.0,1,T850,16,False,0.021765797655026432,0.33418093510544794,0.9953631174035651,1.1780190001469126,6.023716883925845,0.00011207397518420148
2022,12.0,1,T700,16,False,0.019458580988347737,0.2785484469287144,0.9962287613844756,0.9442861541486436,2.7503782484910033,7.336185737671919e-05
2022,12.0,1,U1000,16,False,0.10017597460825721,0.552787242985052,0.9921510015607657,0.6970831857064597,6.6038897457024515,0.00011088114134227833
2022,12.0,1,U925,16,False,0.09881111575728393,0.707549737970403,0.9922473327482246,0.7249984344888438,7.612857385610572,0.0001139135246975842
2022,12.0,1,U850,16,False,0.09357403789922264,0.7051928436563464,0.9927170947076746,0.4158423432102154,4.563730218697226,6.10266564822215e-05
2022,12.0,1,U700,16,False,0.08721965244008907,0.7440350996706925,0.9936063754078591,0.2264621241563125,2.0087902054583995,2.8839744403263978e-05
2022,12.0,1,V1000,16,False,0.19522642265394807,0.6001837673539598,0.9914367654273075,0.7158217986818038,8.832267041699737,0.0001249190264243083
2022,12.0,1,V925,16,False,0.2527504865155469,0.7909641268728449,0.9905895677431431,0.8631304572700338,10.102227615482906,0.00016501921901923566
2022,12.0,1,V850,16,False,0.30535012847115023,0.7659272222654245,0.9907902361348089,0.6240758556052994,8.076386485484077,0.00011657756745631076
2022,12.0,1,V700,16,False,0.36057200555194036,0.8065809207770088,0.9917938296249286,0.30667806921583773,5.152228372155188,5.099221499293982e-05
2022,12.0,1,Q1000,16,False,0.025728979195600833,0.000186013309540868,0.9927004386927335,0.885229748788352,4.513060146337244,0.00013152343840405756
2022,12.0,1,Q925,16,False,0.045633439834836045,0.0002810107558494276,0.9833692547326179,0.36126414936998863,1.9826233325089926,0.0001231009107268699
2022,12.0,1,Q850,16,False,0.06807533671466422,0.0003301920250205926,0.9847976834720331,0.13521203378742408,1.2635800881747983,4.12548781393296e-05
2022,12.0,1,Q700,16,False,0.08576145510720598,0.0002506946445622889,0.9885274649992931,0.11362685560678543,1.2947536967995887,2.5260700819762505e-05
2022,12.0,1,Z1000,16,False,0.03080741885227603,28.136445221689517,0.9988200253951461,3.6303192752984104,34.92607731635486,9.087766614834791e-05
2022,12.0,1,Z925,16,False,0.02446579934909041,27.191573849924033,0.9988515839360635,3.9558885810620392,34.943642419505004,9.68146941775494e-05
2022,12.0,1,Z850,16,False,0.019087848088293738,26.589940755700887,0.9989130544379665,4.031803244140875,34.56746433809773,9.34128534998413e-05
2022,12.0,1,Z700,16,False,0.012399962200162764,26.3057475724732,0.9991410901564763,5.621662790735982,33.92140465310602,0.00010562465415764333
2022,12.0,1,t2m,16,False,0.02209963729406049,0.4331528929041639,0.9861134352019784,3.9556654660921953,20.59723549367758,0.0011752221518541717
2022,12.0,1,u10,16,False,0.10179649880166936,0.5028747050158795,0.9917794848424795,0.7468107635250187,6.985381490914766,0.00012461825346266053
2022,12.0,1,v10,16,False,0.19573558947284556,0.5441449310997709,0.9909389211674576,0.7488971563912705,9.19668359453678,0.00013788357492061643
2022,12.0,1,mslp,16,False,0.030960340872471424,34.5424499116146,0.9988916305051632,3.3089512181629144,34.30043079684264,7.766062838021615e-05
2022,12.0,2,T1000,16,False,0.03296566043088289,0.5587587901927392,0.9799915386400259,2.8376629945064846,27.857940133287464,0.0011741777101943462
2022,12.0,2,T925,16,False,0.035094077845137045,0.5609418084750392,0.9846848842807505,2.027827208098487,17.281453641165267,0.0006377795678197407
2022,12.0,2,T850,16,False,0.03754862057908973,0.5765023275272482,0.9861293242190974,1.1460176395737487,7.2490482841187305,0.00032746840991082493
2022,12.0,2,T700,16,False,0.03313698203827086,0.4743539524487379,0.9890136074771857,1.015543944333841,3.5731362090671626,0.00023258386045210688
2022,12.0,2,U1000,16,False,0.16965232299780172,0.9361689628966019,0.9773724603654109,0.543701594676449,7.63846060158836,0.0002500077741316442
2022,12.0,2,U925,16,False,0.1698165199038403,1.2159930840517004,0.9769647169944461,0.5831983185292211,8.215804125070115,0.0002732898043669163
2022,12.0,2,U850,16,False,0.160757611162612,1.2115018042486538,0.9783255869471069,0.3475999471559299,5.014226006142797,0.00015374499872722325
2022,12.0,2,U700,16,False,0.14804502570323363,1.2629114169151483,0.9814133191883194,0.1773534850143199,2.2757083382145438,6.903193214613523e-05
2022,12.0,2,V1000,16,False,0.33206379931919544,1.0208623261210916,0.9750624564554948,0.748951860137681,10.515514322004748,0.0003815384041970793
2022,12.0,2,V925,16,False,0.42866963134682734,1.3414901973367042,0.9727432683248215,0.946016158930485,12.081623768576655,0.0005291786145233957
2022,12.0,2,V850,16,False,0.5208670159217117,1.3065205753147673,0.9729701035034709,0.6744674674219464,9.566452054783403,0.00037256795811990706
2022,12.0,2,V700,16,False,0.6158709729351193,1.3776715021196626,0.9757735276878426,0.3012140168536459,5.736045352226659,0.00014829564892360203
2022,12.0,2,Q1000,16,False,0.04473127004747797,0.0003233945478537426,0.9778216269470082,0.6449887004938426,5.3310758648899785,0.00028915062036871664
2022,12.0,2,Q925,16,False,0.07721688413418067,0.0004755016343213564,0.9516674140961217,0.3354513066971321,2.479978178592035,0.000329525645353268
2022,12.0,2,Q850,16,False,0.11845423755603718,0.0005745494042020046,0.9532633184979112,0.1462449051919723,1.3134139845503823,0.00014420047344099185
2022,12.0,2,Q700,16,False,0.1487612809848811,0.0004348533500848463,0.9649566113229563,0.09752660720124817,1.099827144066512,7.332368819568114e-05
2022,12.0,2,Z1000,16,False,0.043626009576286935,39.84367631095106,0.9976442267373902,2.8731265573199827,47.81679321148897,0.00014241108303558736
2022,12.0,2,Z925,16,False,0.03365021861394496,37.39924401727881,0.9978411911589855,3.159298327382376,48.9523679613773,0.00014443102412320385
2022,12.0,2,Z850,16,False,0.025495487675514482,35.51597362995569,0.9980713508280423,4.021453984299795,49.90035846556744,0.0001659663705591008
2022,12.0,2,Z700,16,False,0.01638848242542458,34.767145075909376,0.998504149108067,7.414182369136313,49.91814768667414,0.00025013979354304716
2022,12.0,2,t2m,16,False,0.04391900863141493,0.8608125904837438,0.9477714790512034,3.3996468786655187,34.30115340670348,0.003773234324030428
2022,12.0,2,u10,16,False,0.17313236918481653,0.855273912616536,0.9761197712666035,0.531488406880487,7.90461161560938,0.00025780246120921113
2022,12.0,2,v10,16,False,0.333373144142335,0.9267773299578889,0.9735569398621532,0.7988652911105398,10.889437266830804,0.00043143875773132834
2022,12.0,2,mslp,16,False,0.04450828752942309,49.6578946570434,0.9977198015111524,2.700045069864776,46.44098436201046,0.00012967760797932826
2022,12.0,3,T1000,16,False,0.0432992695015466,0.7339105900418278,0.9654595491243062,1.755711276276395,31.335944573452068,0.0012351208206710096
2022,12.0,3,T925,16,False,0.045688389344371826,0.7302806934316916,0.9739266771304943,1.1451564820540105,20.95735578528497,0.0006090391198725342
2022,12.0,3,T850,16,False,0.04868774878725155,0.7475268101595501,0.9765570107676173,0.7812623413140707,8.439775622428202,0.00037413450797052494
2022,12.0,3,T700,16,False,0.04251959536802149,0.6086655168817768,0.9818140269391208,0.5707097759343416,4.069908017610768,0.00021149965942390825
2022,12.0,3,U1000,16,False,0.21596737870251484,1.1917429380528395,0.9631445710824459,0.5313332121876457,8.580500402396662,0.0004018468515377682
2022,12.0,3,U925,16,False,0.21793019600092264,1.5605172714271005,0.9618256182282748,0.5765131916594557,9.047711160071081,0.0004512365686870634
2022,12.0,3,U850,16,False,0.20678484659109128,1.5583723416095518,0.9638190415568557,0.27589047793601384,5.5100690425833765,0.000204068480782027
2022,12.0,3,U700,16,False,0.18884558152616096,1.6109642511903766,0.9694792329001283,0.13280200762688654,2.5607840696854067,8.270276899058349e-05
2022,12.0,3,V1000,16,False,0.42106343064651935,1.2944735273016992,0.9597065984956104,1.001560950388336,12.262083859834139,0.0008312861083387135
2022,12.0,3,V925,16,False,0.5410670601440851,1.6932297231281563,0.9563287684606275,1.1851583806437582,14.345904792207687,0.0010724079811156306
2022,12.0,3,V850,16,False,0.6626161503863808,1.6620780353154092,0.955883817302772,0.8202862104644826,11.244037826496678,0.0007479107323752343
2022,12.0,3,V700,16,False,0.7871982991208631,1.7609218548765428,0.9599395437664876,0.32321889078714694,6.386615433706844,0.0002651169042077184
2022,12.0,3,Q1000,16,False,0.058552591699959994,0.00042331882888107044,0.9618013929330897,0.4206117467757786,6.087764892955483,0.00032400442484892267
2022,12.0,3,Q925,16,False,0.09835699250184793,0.000605682432439697,0.9206349567830252,0.2114728335852134,2.954633384995875,0.00033387277488750033
2022,12.0,3,Q850,16,False,0.15302554486845807,0.0007422337737621377,0.9209193465235781,0.10501371474581633,1.4496976549806861,0.00017077048263014483
2022,12.0,3,Q700,16,False,0.19229911471727418,0.0005621214991223137,0.9406257458776476,0.07995801873001973,1.1034140487787614,9.802334912512034e-05
2022,12.0,3,Z1000,16,False,0.05593929526336945,51.08941160364835,0.9961354666021469,2.8538361734564366,51.552343812843425,0.0002316579077076275
2022,12.0,3,Z925,16,False,0.04274973649849611,47.5125542363131,0.9965226798099849,3.1239687751619116,52.87158605672428,0.0002295266927588857
2022,12.0,3,Z850,16,False,0.0322361100019282,44.90586116288829,0.9969238112766076,3.687139558977881,53.88290660946035,0.00024059679690746627
2022,12.0,3,Z700,16,False,0.020709185453727668,43.93324762045604,0.9976151652892618,5.792909448719275,54.07519682787656,0.0003037733664588149
2022,12.0,3,t2m,16,False,0.04982127109497255,0.9764969263313664,0.9320322201566186,2.4197841528556863,39.87796639922105,0.0032726706116210647
2022,12.0,3,u10,16,False,0.22073498410844322,1.0904308256680517,0.9610216391889153,0.5449500890944536,8.893135096808846,0.0004348189349375753
2022,12.0,3,v10,16,False,0.42278182069083087,1.1753334436762548,0.957282013005199,1.010547526440575,12.707033596981088,0.0008890350856455287
2022,12.0,3,mslp,16,False,0.05733147545573247,63.964724475079635,0.996224202330641,2.694032209906061,49.98304568021451,0.00021334990568233625
2022,12.0,4,T1000,16,True,0.05058505004272506,0.8574025572654995,0.9527024058182344,2.709134695552684,34.03046152071296,0.0026320698376757212
2022,12.0,4,T925,16,True,0.053157311135968686,0.8496635405129834,0.9645433056347369,1.4003756429275538,24.077107991433756,0.001009447698561483
2022,12.0,4,T850,16,True,0.05634116968267064,0.8650335289749516,0.9684693122423643,0.7451428192771115,9.645706936947818,0.0004808456986556964
2022,12.0,4,T700,16,True,0.04881557561619681,0.6987921014275041,0.97591601345425,0.7164642604111204,4.334265238597579,0.000355748956908708
2022,12.0,4,U1000,16,True,0.2461698771670289,1.3584052130728774,0.9519060320837103,0.44458365091447627,9.26171510630278,0.0004324863161834225
2022,12.0,4,U925,16,True,0.24959862406183056,1.7872831319196174,0.9496494312091859,0.48068035328890923,9.607712694811122,0.0004902620221411969
2022,12.0,4,U850,16,True,0.23707127489538996,1.7866169708001431,0.9520898131973319,0.3015684351926673,5.905501897085486,0.0002938657078329632
2022,12.0,4,U700,16,True,0.21556238491804935,1.8388743401278733,0.959928393910382,0.14613287351585846,2.7673715858422487,0.00011927010580903286
2022,12.0,4,V1000,16,True,0.47580878854552006,1.462776941925183,0.9482484483905189,0.7745611566108868,13.7701380422254,0.0008036525075367784
2022,12.0,4,V925,16,True,0.6095965916857169,1.9076878591568236,0.944188973908405,0.9874117815279249,16.209282482424992,0.0011282139209479736
2022,12.0,4,V850,16,True,0.7521242776763126,1.886596419039128,0.9426862971681407,0.7921041580578936,12.586231649647306,0.0009292450446075629
2022,12.0,4,V700,16,True,0.8984597486698943,2.009807953235869,0.9472290981395338,0.3234994866213703,6.886756159349305,0.00034815999516968343
2022,12.0,4,Q1000,16,True,0.06847785098372076,0.0004950756717954155,0.9475185961033711,0.4477831724483461,6.538241293977265,0.000473574983533398
2022,12.0,4,Q925,16,True,0.11202932406232685,0.0006898766697073008,0.8961073953917358,0.21049290757887418,3.363670586371892,0.00043037313204052907
2022,12.0,4,Q850,16,True,0.17572441341184727,0.0008523321747978789,0.8946439912527209,0.08735541562496785,1.5637222185811983,0.00019126853221329565
2022,12.0,4,Q700,16,True,0.2213513979551653,0.0006470460330227357,0.9204504709409655,0.06836428149623597,1.1263817755732375,0.0001128297846688664
2022,12.0,4,Z1000,16,True,0.06484165700836607,59.219947200271925,0.9948017157964504,3.624038242623251,53.73786494568618,0.00040161565015262024
2022,12.0,4,Z925,16,True,0.04947405308203422,54.98603773046594,0.9953378575887728,4.066712506559567,54.86106083038865,0.0004081004210096939
2022,12.0,4,Z850,16,True,0.037205170945398235,51.82791182119854,0.9958993835536983,4.484152167494715,55.774112075644844,0.00039899805422505263
2022,12.0,4,Z700,16,True,0.023908701235749584,50.72082136730589,0.9968183200642698,5.641435465110534,55.993070160329275,0.00039430367630710617
2022,12.0,4,t2m,16,True,0.05556491411131173,1.0890723293231213,0.914755095624364,4.672834640149581,41.049076748786206,0.008023293370453044
2022,12.0,4,u10,16,True,0.2519131856443071,1.2444511317542228,0.9490439089762814,0.47556500948824354,9.59575968349472,0.0004905578786811304
2022,12.0,4,v10,16,True,0.4779598079923428,1.3287282536716738,0.9451083191424191,0.7712538951245795,14.24436558152059,0.0008522608886415428
2022,12.0,4,mslp,16,True,0.06646101088286915,74.15054788487814,0.9949214874572635,3.4868303986575477,52.20049324748193,0.0003775214426678941
2022,12.0,5,T1000,16,False,0.05534382837534616,0.9380625149822621,0.9432414355041062,1.9641892260582883,35.74747808863158,0.002192959884407042
2022,12.0,5,T925,16,False,0.05810780676611132,0.9287919778961663,0.9574549228062301,1.0738909027387278,26.07219304136451,0.0009177317592092837
2022,12.0,5,T850,16,False,0.06109827719579106,0.9380717196562889,0.9627994234724764,0.542788373557157,10.674648020768496,0.00040415586986930485
2022,12.0,5,T700,16,False,0.05257652701600413,0.7526299019585635,0.9719635436987913,0.3851745983697419,4.495185619126884,0.0002205946284473681
2022,12.0,5,U1000,16,False,0.26401726873892134,1.4568899996405518,0.9445169217738053,0.3268059769945486,9.58600848903175,0.0003657240916584703
2022,12.0,5,U925,16,False,0.26834886538768926,1.9215466650472037,0.9415425052818613,0.34142418411663433,9.829368063359102,0.00040975804657661374
2022,12.0,5,U850,16,False,0.254929816819093,1.9212025393760659,0.9443054466100543,0.2306521458793842,6.069686333322178,0.0002614901151689608
2022,12.0,5,U700,16,False,0.2312316756919537,1.9725426568792401,0.953642462534679,0.07827056688375356,2.852908390171771,7.389658929424225e-05
2022,12.0,5,V1000,16,False,0.5065728183240046,1.557354659993413,0.9410768158249053,0.3816577084850836,14.651447031691712,0.00044428551650155246
2022,12.0,5,V925,16,False,0.6473541910159862,2.025847483713287,0.9366805622981738,0.3280951959784173,17.29884140762985,0.00041931892711255525
2022,12.0,5,V850,16,False,0.8027165922189204,2.0135000200564472,0.9342720334218597,0.28376739391500205,13.386821360143609,0.00037729988415435844
2022,12.0,5,V700,16,False,0.962796291091892,2.1537254603993974,0.9388590614611686,0.10758090055240643,7.1423472698788455,0.00013236985287412573
2022,12.0,5,Q1000,16,False,0.07516189931779224,0.0005433994720374202,0.936493377291237,0.35248164890032685,6.921065529514081,0.0004544564824617847
2022,12.0,5,Q925,16,False,0.12017478844324354,0.0007400364482321707,0.8796565984591496,0.16820046035570524,3.6887241001928084,0.0003983778914007363
2022,12.0,5,Q850,16,False,0.1891820411572145,0.0009176069289400505,0.8770343658299019,0.04472604429154314,1.61447847797489,0.00011286908592966771
2022,12.0,5,Q700,16,False,0.23879634866498597,0.0006980404578909229,0.9066818914427958,0.026422649927637654,1.1343478312523358,5.448748290348693e-05
2022,12.0,5,Z1000,16,False,0.07060973000588647,64.48793374290544,0.9938087903065299,3.649073689548743,54.85701508200271,0.000482901873347541
2022,12.0,5,Z925,16,False,0.05390854256508634,59.914580724888054,0.9944411908857791,4.11637029157208,55.691214727069436,0.0004951752817388133
2022,12.0,5,Z850,16,False,0.040534042674645276,56.46512821688404,0.9951141369157811,4.173224743166692,56.322723237227315,0.0004430149751419865
2022,12.0,5,Z700,16,False,0.026107289877856533,55.38498994314799,0.9961944280007552,5.451430329206907,56.336704508192156,0.00045590389659433406
2022,12.0,5,t2m,16,False,0.06290829007929255,1.2330025152983615,0.8911566590617109,3.6111924353136593,43.71080863445896,0.007443802353495066
2022,12.0,5,u10,16,False,0.27059832167941356,1.336755712069846,0.9410678352296523,0.2903775801423425,9.914649700843848,0.00034423002225780763
2022,12.0,5,v10,16,False,0.5093152073883862,1.4158962523907757,0.9374207031857366,0.3287577153396559,15.133744181420393,0.0004043424745335811
2022,12.0,5,mslp,16,False,0.07232232949346673,80.6900189649448,0.9939620340082552,3.246015764329202,53.399727468163086,0.00041819904674300634
2022,12.0,6,T1000,16,True,0.05730188967269533,0.9712511047150799,0.939632872874643,1.9272849654944801,36.44330099940044,0.0023119702123799435
2022,12.0,6,T925,16,True,0.06008356032233092,0.9603723224679279,0.9545352191692538,1.4124395159211156,26.806239039834544,0.0013036457679451718
2022,12.0,6,T850,16,True,0.06291274536672871,0.9659301295524281,0.9605377094611136,0.8349307169325915,11.512665273990608,0.0006777044510269947
2022,12.0,6,T700,16,True,0.05406922954433201,0.7739978447866354,0.9702905470377646,0.6754599921437121,4.5880907744375365,0.0004117573886517345
2022,12.0,6,U1000,16,True,0.27080906035548213,1.494368205471858,0.9416568851496072,0.47385453884613016,9.715947797530045,0.0005661605965464611
2022,12.0,6,U925,16,True,0.2751946408548094,1.9705667098801123,0.9384226744782802,0.4605541221198828,9.909834805631057,0.0005812074175070014
2022,12.0,6,U850,16,True,0.2613919074198115,1.9699021845684535,0.9413106909966403,0.263847146568541,6.121994022587717,0.0003153715813775104
2022,12.0,6,U700,16,True,0.23705590515621047,2.0222267409460906,0.9511647514176421,0.14404223308724928,2.8725113097338273,0.00014471814826677587
2022,12.0,6,V1000,16,True,0.5169167981017365,1.589155119863321,0.938618034280822,0.8149568919307182,15.066081625994176,0.0010205250202369731
2022,12.0,6,V925,16,True,0.6585454550518183,2.060869744242447,0.9342344495031268,0.8081618385706202,17.8140204625036,0.0011038809789771786
2022,12.0,6,V850,16,True,0.8195292813435326,2.055672253662607,0.9312234118456456,0.537944159751147,13.757428103655943,0.0007631412574007346
2022,12.0,6,V700,16,True,0.9863473078306989,2.2064078831937333,0.9354904564430656,0.2217442771293876,7.133221372088494,0.0002926360337462963
2022,12.0,6,Q1000,16,True,0.07884195784358794,0.0005700052632899792,0.9301233640595222,0.34789654388573954,7.142099636329724,0.0004877033023794608
2022,12.0,6,Q925,16,True,0.12350944826705446,0.0007605712781283918,0.8727065486159546,0.2224302306645609,3.9433138369017184,0.0005557608218255128
2022,12.0,6,Q850,16,True,0.19476865053249676,0.0009447041653856081,0.8693386397990124,0.09914600927413142,1.6558147208623475,0.0002730834639548263
2022,12.0,6,Q700,16,True,0.24624802831558945,0.0007198229294964888,0.9003693386133699,0.050121775495037824,1.1455309774380473,0.00010566837849734778
2022,12.0,6,Z1000,16,True,0.07331934050798689,66.9626237989768,0.9932939199330941,3.229476656341357,55.074457163723324,0.00045734961296284293
2022,12.0,6,Z925,16,True,0.05612049797841496,62.37297422780006,0.9939479263862313,3.5586517015332775,55.61518900530387,0.00045877519834947034
2022,12.0,6,Z850,16,True,0.04224847111292514,58.85337904501555,0.9946683892471144,3.2191615602695345,55.92087554844834,0.0003632210247384027
2022,12.0,6,Z700,16,True,0.027200780214436285,57.70476210064293,0.9958575582654647,5.263244060857353,55.72068361382472,0.00047466689395991857
2022,12.0,6,t2m,16,True,0.06334992198869163,1.2416584939762374,0.890370845536856,3.530830953229269,43.4057620752375,0.007233735865937452
2022,12.0,6,u10,16,True,0.2778502666699344,1.3725803445444937,0.9379146116737734,0.45352180216287064,10.032492840952333,0.0005734645931110283
2022,12.0,6,v10,16,True,0.5199792703078052,1.445542350740934,0.934767602317273,0.7722369209675284,15.545836621254928,0.001030541387908035
2022,12.0,6,mslp,16,True,0.07501050051162078,83.68921243113566,0.9934749739918617,3.0073184788398932,53.72593905115484,0.0004140732419117832
2022,12.0,7,T1000,16,False,0.056250695724704806,0.95343367862467,0.9417464514608427,2.527999413234483,35.58666062098027,0.0028596311301343214
2022,12.0,7,T925,16,False,0.058881933267980434,0.9411655800339382,0.956312023599259,1.9304660782511696,25.89842362668181,0.001675283714820841
2022,12.0,7,T850,16,False,0.06199179109203948,0.9517902822244521,0.961744730590439,0.982474684396728,11.747075129355178,0.0007546346764569778
2022,12.0,7,T700,16,False,0.053334516278120817,0.7634804730507524,0.9710958699579968,0.8779053112136115,4.622576533819944,0.0005213625199007588
2022,12.0,7,U1000,16,False,0.26716339715893445,1.4742508349206307,0.9434523980673203,0.5096873560877291,9.551582330771947,0.000588844257031429
2022,12.0,7,U925,16,False,0.27055924534296844,1.9373743403611434,0.9405611226755087,0.4460594464856915,9.73892898785621,0.0005447785939917127
2022,12.0,7,U850,16,False,0.25707537084329046,1.9373719098706632,0.9432546644038063,0.2935672420099178,5.969140840432763,0.00033698109569058055
2022,12.0,7,U700,16,False,0.2336724349264117,1.993363762457682,0.9525460366882966,0.1414346388267762,2.7707160669214193,0.00013675237221655312
2022,12.0,7,V1000,16,False,0.5089942816621426,1.5647989542493508,0.9406057805650981,0.9383651670482718,14.89957978773072,0.0011588571229074196
2022,12.0,7,V925,16,False,0.6454008680388991,2.0197347247035613,0.9367308271958547,1.2792399561839196,17.746007407307175,0.0017038002723106516
2022,12.0,7,V850,16,False,0.8048392896479873,2.0188244923999252,0.9336029567039618,0.8988897905060078,13.708043326480778,0.0012482292828055463
2022,12.0,7,V700,16,False,0.971836327941498,2.1739475734964135,0.9372883809191814,0.28277446681767016,6.847815540664204,0.0003654826657024657
2022,12.0,7,Q1000,16,False,0.0790562700552414,0.0005715546765526607,0.9294748902199012,0.21262660448163606,6.96395952784653,0.0002639522233058855
2022,12.0,7,Q925,16,False,0.12230962445860467,0.0007531827587995672,0.8751644941748152,0.22797877795993626,3.9959218789602957,0.0005160768359228074
2022,12.0,7,Q850,16,False,0.1931298641614428,0.0009367554106400495,0.8719374570439499,0.09519675364698665,1.6676945790079167,0.000237347735215776
2022,12.0,7,Q700,16,False,0.24455691053523423,0.0007148795094538482,0.901718892434856,0.050865611200423544,1.1297988885610177,9.029473144506195e-05
2022,12.0,7,Z1000,16,False,0.07261480123645225,66.31916747278915,0.9934510000231364,4.587691240347858,54.424161346725874,0.0006470642153741935
2022,12.0,7,Z925,16,False,0.055700842884094284,61.90656414077444,0.9940610181166862,4.9402691689440115,54.805853373043064,0.0006358784953044427
2022,12.0,7,Z850,16,False,0.042030354293981984,58.54953544469323,0.9947394792494042,4.909448518017012,54.80467678780047,0.0005596335849372691
2022,12.0,7,Z700,16,False,0.026996849203301008,57.27213420294796,0.9959293717515897,6.942026875980433,54.405874665550044,0.0006302057389352411
2022,12.0,7,t2m,16,False,0.0628397808101066,1.2316597387071035,0.8920010263612117,4.602596333848997,41.14394595421375,0.009214390677006579
2022,12.0,7,u10,16,False,0.2743360342294185,1.355220031638922,0.9397161518893827,0.5511262784879456,9.841514790542794,0.0006826519137836939
2022,12.0,7,v10,16,False,0.5121218416848325,1.4236987019809948,0.9368538508565485,0.8661366442041629,15.364021562438568,0.00113677878838081
2022,12.0,7,mslp,16,False,0.07422866769403356,82.81691996361079,0.9936329493958048,4.096300157922849,53.14774971111645,0.0005587236080643043
2022,12.0,8,T1000,16,True,0.052038350383695635,0.8820355838154457,0.950573202636985,3.2501333420051015,33.434750775169675,0.003319167564215464
2022,12.0,8,T925,16,True,0.0543248078996011,0.8683247290612538,0.9629877792544578,1.7885858630512064,23.986401034328853,0.001362499968801667
2022,12.0,8,T850,16,True,0.05820605714297304,0.8936660606863654,0.9664056014921096,0.7469966454656363,11.365909192387857,0.0005135987587349122
2022,12.0,8,T700,16,True,0.05034128510109883,0.7206325487834367,0.9742888487452512,0.7109750381332214,4.540285627965623,0.00037443552814120373
2022,12.0,8,U1000,16,True,0.25266372368355594,1.3942393105080424,0.9497837402079182,0.3532178267800612,9.091273064034633,0.00035704618059007043
2022,12.0,8,U925,16,True,0.2542189405779954,1.8203674957524807,0.9477494612422638,0.35763054446287246,9.303049846098155,0.00037555784302034656
2022,12.0,8,U850,16,True,0.2420630232870427,1.8242358044215814,0.9498432453194727,0.23082014633301062,5.577707449488301,0.00022689512224205455
2022,12.0,8,U700,16,True,0.22117756631147617,1.886775145599397,0.9575875966669705,0.13188205411944764,2.517349090203147,0.00011124500734105425
2022,12.0,8,V1000,16,True,0.48168079570163996,1.480829234425699,0.947066535273847,0.6134173438503754,14.189527172730209,0.0006506267875434624
2022,12.0,8,V925,16,True,0.6079326165887403,1.902480572865734,0.9439153245797962,0.7086207168238379,17.087802937557772,0.0008146664833404982
2022,12.0,8,V850,16,True,0.7583953579828583,1.9023265237308968,0.9411567121320662,0.5914903738605704,13.205719658841097,0.0007080417541307504
2022,12.0,8,V700,16,True,0.9187162075185958,2.055120602591518,0.9441011872154171,0.2761004688204838,6.273258666623693,0.00030918334912255485
2022,12.0,8,Q1000,16,True,0.07562466783432549,0.0005467451547528272,0.9356339709109787,0.40579028929765837,6.494149047717556,0.000517732450882491
2022,12.0,8,Q925,16,True,0.11639807255222033,0.0007167794220730538,0.8875762983616443,0.17017847360527583,3.9186777649499405,0.0003534874566009094
2022,12.0,8,Q850,16,True,0.18403383255571992,0.000892636104165904,0.8845686177178053,0.05685803287976965,1.6525305010228197,0.00013248649719277417
2022,12.0,8,Q700,16,True,0.23383575881763702,0.000683539854840056,0.9104695858750588,0.03362568788707332,1.0722988702583924,6.422195913358131e-05
2022,12.0,8,Z1000,16,True,0.06934106491890897,63.32926061819758,0.9940585364622113,4.485683486315062,52.1441861926625,0.0005695291609205677
2022,12.0,8,Z925,16,True,0.053288343551652545,59.22528457755727,0.9945919154971329,4.928666095498024,52.505999856156734,0.0005726973902882015
2022,12.0,8,Z850,16,True,0.04044811426871987,56.34542799609233,0.9951511278752178,4.872393026444765,52.135098713121494,0.000508228536128752
2022,12.0,8,Z700,16,True,0.02578432161238081,54.699832872766564,0.9963004855995964,5.886595620401414,51.76194263549425,0.00047622097619226533
2022,12.0,8,t2m,16,True,0.05608037309135093,1.0991753319500437,0.9188744787680726,4.835782688265122,39.381591385695536,0.008226449321301788
2022,12.0,8,u10,16,True,0.2593668051774233,1.281272009916364,0.9464847913529784,0.3686388250498829,9.368415759756388,0.00039600429033259665
2022,12.0,8,v10,16,True,0.48457106536782146,1.3471075479734391,0.9437213225294928,0.5720444035129724,14.627902208602473,0.0006420651869751826
2022,12.0,8,mslp,16,True,0.07072425068606862,78.90704400900012,0.9942435773900541,3.991675086921642,50.967932785564265,0.0004883991837714152
2022,12.0,9,T1000,16,False,0.0460416250407148,0.7803927621962694,0.9614614574150776,2.5203702525983362,28.739875612197107,0.001973802444004913
2022,12.0,9,T925,16,False,0.04797108743958777,0.7667672263781253,0.9712561759982389,1.9580454211941656,20.357460112786086,0.0011441581991692429
2022,12.0,9,T850,16,False,0.051962723928654454,0.7978091047702599,0.9733164385954348,1.143892831451132,9.796272294629183,0.0006213631913826179
2022,12.0,9,T700,16,False,0.04501827679933171,0.6444339958182341,0.9794898047434349,1.1950346674477474,4.282160795485746,0.0005046566643377437
2022,12.0,9,U1000,16,False,0.22707829308721797,1.2530547595216548,0.9597255744592175,0.6182483880067036,8.00414419627894,0.0005125343419847272
2022,12.0,9,U925,16,False,0.22650021743122536,1.621883993301497,0.9587328568947696,0.6294043920457737,8.249350478774641,0.0005324392345800177
2022,12.0,9,U850,16,False,0.21623906265926982,1.6296212238039687,0.9601438181609224,0.29566618248222376,4.85245045491336,0.00024152837831714624
2022,12.0,9,U700,16,False,0.19927777439756222,1.6999570141644926,0.9656975268176817,0.1572768576815653,2.074006769089698,0.00010851087195706821
2022,12.0,9,V1000,16,False,0.4340699816026524,1.3344595022491907,0.9572366000830965,0.9524860127925416,12.590450875147596,0.0008451456961361403
2022,12.0,9,V925,16,False,0.5470344132299527,1.711904109005409,0.9547052245019937,1.3477745006575614,15.264537890809072,0.0012776166941471656
2022,12.0,9,V850,16,False,0.6812672671920782,1.7088617131854191,0.9526820673260334,0.8711447912959636,11.78383648888005,0.0008588034572660774
2022,12.0,9,V700,16,False,0.8258314483444156,1.8473422070565382,0.9550782931312433,0.2566462018929294,5.239150393572311,0.00024034304316467026
2022,12.0,9,Q1000,16,False,0.06887683154415014,0.0004979601901540096,0.9468215655973982,0.5284117918344933,5.522203722830699,0.0005452252119678702
2022,12.0,9,Q925,16,False,0.10603077389025652,0.0006529375878321944,0.9075651715942805,0.22308325008651986,3.3818801116381136,0.00041094578174782903
2022,12.0,9,Q850,16,False,0.16694155049875864,0.0008097318305087789,0.9058930876053553,0.11870977277980144,1.504501424493343,0.00021342479236552414
2022,12.0,9,Q700,16,False,0.21385991433955098,0.0006251472186432738,0.9255718951705144,0.1195614747189655,0.9042526681977137,0.00017438805715497274
2022,12.0,9,Z1000,16,False,0.06223431324233687,56.838657491472674,0.9952186598011816,3.0373953596698255,48.49474931829072,0.0003035682412840801
2022,12.0,9,Z925,16,False,0.04822899349866346,53.60226359166248,0.9955766473360421,2.9045350784968282,48.57295078531938,0.00026669304115789494
2022,12.0,9,Z850,16,False,0.03674750880600932,51.190374111272305,0.9960056354551944,3.2510488674605598,48.0323315033121,0.00027000345278305193
2022,12.0,9,Z700,16,False,0.023417159884761906,49.67804699431892,0.9969554063928788,5.2595279082825686,47.403549680736326,0.0003458249260805957
2022,12.0,9,t2m,16,False,0.05256884587775158,1.0303493935787962,0.9293036277721088,2.3045124178772802,35.341675625307325,0.0032659641544753315
2022,12.0,9,u10,16,False,0.23264760971651174,1.1492792016369553,0.9572272261961309,0.6835489868757816,8.282317745476686,0.0006028648356700694
2022,12.0,9,v10,16,False,0.436398525628929,1.2131878943634349,0.9545584891360342,0.9580771463699067,12.962375166233775,0.0009061991948503545
2022,12.0,9,mslp,16,False,0.0636349463853297,70.99750639785556,0.99534387981265,2.7088715129761742,47.17187720347336,0.0002623885362975642
2022,12.0,10,T1000,16,False,0.033728762008117974,0.5716931536006994,0.9799278523646088,1.3761121698132706,26.31859273595899,0.0005744956985426208
2022,12.0,10,T925,16,False,0.0360895893895368,0.5768540094504716,0.9842086579856865,0.9736835877003802,18.107126362751934,0.0003211761377979183
2022,12.0,10,T850,16,False,0.039288426105964065,0.6032144135368017,0.9850255005140413,0.6078087290518175,8.924712965876747,0.00018698922921611683
2022,12.0,10,T700,16,False,0.03442186337020201,0.49274695449115274,0.9882195608174176,0.7085654683066989,4.315226957576068,0.00017298462755521715
2022,12.0,10,U1000,16,False,0.1750932079251179,0.9661926397859778,0.9758914550657242,0.20411068833526835,7.498761212566018,9.755719349646697e-05
2022,12.0,10,U925,16,False,0.1733649140571938,1.2414018117554448,0.9758328971546661,0.21784050747688521,7.857771060157925,0.00010622619808964284
2022,12.0,10,U850,16,False,0.16447643811257232,1.2395276336283767,0.9773654322469882,0.1548612532546345,5.164394366589942,7.232040408411411e-05
2022,12.0,10,U700,16,False,0.15244120260893412,1.3004134100058684,0.980613829338223,0.11262583286379968,2.448274149260299,4.4475981734737324e-05
2022,12.0,10,V1000,16,False,0.3341620272070977,1.0273129116501647,0.9743299735472113,0.15363300253868895,11.16196316422936,7.399750354752932e-05
2022,12.0,10,V925,16,False,0.4246081807559291,1.3287801865533766,0.9725128824761851,0.19409004506563132,13.31884959561841,0.00010578038457909056
2022,12.0,10,V850,16,False,0.5235139805162085,1.3131600992561467,0.9725529218534056,0.11650688643435325,10.678637784407263,7.007603760678105e-05
2022,12.0,10,V700,16,False,0.6324834576461433,1.4148327729957682,0.9747947982407891,0.08207181028300203,5.3723052938247084,4.7627848652864735e-05
2022,12.0,10,Q1000,16,False,0.048467472564980595,0.00035040624405395564,0.9740869456842697,0.438081356704334,2.736802780341163,0.0002346555738740319
2022,12.0,10,Q925,16,False,0.07852000214722064,0.00048352623208894563,0.9498645384106468,0.1760618344833209,1.1581274718753143,0.00017734304928451738
2022,12.0,10,Q850,16,False,0.1223007667679977,0.0005932065738350125,0.9494042434033582,0.07065267148808063,1.0779840467519453,7.308847582643274e-05
2022,12.0,10,Q700,16,False,0.15451603150660637,0.000451675422026095,0.9621586037991887,0.045268515869623105,0.8302666822639915,3.558713866713692e-05
2022,12.0,10,Z1000,16,False,0.0496396173333286,45.33591015354918,0.9969787707922371,3.4873709038866996,45.53628976882037,0.00022403691674077741
2022,12.0,10,Z925,16,False,0.03915852144949074,43.521235781729736,0.9970994761403105,3.7759861421846397,44.6666829086802,0.0002333543682764283
2022,12.0,10,Z850,16,False,0.029610431851304308,41.248213388303874,0.9974212460488114,4.250001591498275,44.37140910042473,0.00023515465481760423
2022,12.0,10,Z700,16,False,0.018851504304673587,39.99229321941202,0.9980389052479975,5.016626619729891,43.131433308766454,0.00021325901001267855
2022,12.0,10,t2m,16,False,0.033761237172813714,0.6617202646927985,0.9707020934170376,2.2719439795480745,27.380140460446324,0.0014117705459247842
2022,12.0,10,u10,16,False,0.1792046472920804,0.8852709666686168,0.974455872208975,0.24317527717369058,7.71988566002867,0.0001230646743688446
2022,12.0,10,v10,16,False,0.3362394554199551,0.9347456671559184,0.9726923305133207,0.17618903254981166,11.45194281076164,9.127456813229351e-05
2022,12.0,10,mslp,16,False,0.050407449266054324,56.239587975878834,0.9971015497734749,3.230766319007017,44.43578665203397,0.00019851274619764325
2022,12.0,11,T1000,16,False,0.0190310064925642,0.3225702743501918,0.9935425227308445,3.59090919989421,22.765239941740834,0.0004943541591597711
2022,12.0,11,T925,16,False,0.020637157675705783,0.32986318509351953,0.9948113414757891,2.5220382030915367,14.803159743161231,0.00027403262127045913
2022,12.0,11,T850,16,False,0.02265988461818359,0.3479082867356512,0.9950276012605167,1.5208149654623693,7.284084270509739,0.00015553609912333233
2022,12.0,11,T700,16,False,0.020122650712590204,0.2880545644864968,0.9959842720915212,1.7440101725874513,3.582380210231584,0.00014459370140507133
2022,12.0,11,U1000,16,False,0.10220090182145239,0.5639611116095902,0.9918720758122721,0.5567772852360764,6.766999092384907,9.277021841480604e-05
2022,12.0,11,U925,16,False,0.09986015051395757,0.715061475518348,0.992023892885554,0.5482964026841897,7.3557688263152565,8.891598928739697e-05
2022,12.0,11,U850,16,False,0.09520207802463929,0.7174620789943389,0.9924429503116686,0.46539314614465477,4.906790317922716,7.088408825028925e-05
2022,12.0,11,U700,16,False,0.08904001450304438,0.759563864630472,0.9934183251559858,0.23980798428073768,2.254946154581605,3.0353500207302986e-05
2022,12.0,11,V1000,16,False,0.19639819110270842,0.6037861270293938,0.9912521046796959,0.4740995936723724,9.055562115717809,8.51470103571117e-05
2022,12.0,11,V925,16,False,0.24998706825159123,0.7823162194160778,0.9905428437693108,0.6506485161806963,11.008087168316916,0.00012533681151460918
2022,12.0,11,V850,16,False,0.3067655969278353,0.7694777241759987,0.9906074340769233,0.5174142073724686,8.87129177938415,9.869937692064124e-05
2022,12.0,11,V700,16,False,0.3667047390562503,0.8202995223577976,0.9915628634953204,0.3313974668086028,5.091284396988261,5.783746336707196e-05
2022,12.0,11,Q1000,16,False,0.028205307764071416,0.00020391647067551235,0.9911754409986119,0.836396692619068,2.1671417701562223,0.00015201117620478044
2022,12.0,11,Q925,16,False,0.045793776486542044,0.00028199811073777577,0.9831236343530388,0.422792477395284,1.0313996489070276,0.00014609694965461717
2022,12.0,11,Q850,16,False,0.07094763401055747,0.00034412378884000303,0.9832884593212506,0.1493525782638505,1.1493836968221705,5.0595866775582365e-05
2022,12.0,11,Q700,16,False,0.08998893898393631,0.0002630522650809562,0.9873836668054041,0.11112883962094422,0.7753180925636483,2.952152949520226e-05
2022,12.0,11,Z1000,16,False,0.03349228910962779,30.588539602023136,0.9986139041874504,3.824949675299427,35.358843635279925,0.0001124764592271843
2022,12.0,11,Z925,16,False,0.026949051925943598,29.95148958249738,0.9986165809320636,3.9253054210790284,33.797856371011136,0.00011549609769845315
2022,12.0,11,Z850,16,False,0.02083318636332176,29.021249089454408,0.998714939047566,4.092784624365753,32.772302404456255,0.00011163211897291525
2022,12.0,11,Z700,16,False,0.013685086866546499,29.032059673602244,0.9989626681878717,5.003035314010207,29.777248635551135,0.00011242863371685452
2022,12.0,11,t2m,16,False,0.020353373474809908,0.3989261287125841,0.9889834368150261,4.136226974001156,24.585299468761303,0.0009760758316196272
2022,12.0,11,u10,16,False,0.10440705131074401,0.5157708424764583,0.9914181949091125,0.6042771065034258,6.934115268953578,0.00010637842303984346
2022,12.0,11,v10,16,False,0.1974892405205908,0.549020079194551,0.9907036082015783,0.524293260189046,9.374355715346649,9.988158405804803e-05
2022,12.0,11,mslp,16,False,0.03379385690778458,37.703803926740086,0.9986873380040406,3.6371507885440746,34.43225533383212,0.0001009641948446216
2022,12.0,1,T1000,21,False,0.018705336729318903,0.31705026517624063,0.993578323480922,4.450221057118265,24.167882889723213,0.0006131487340043096
2022,12.0,1,T925,21,False,0.020242060743728515,0.3235479852708433,0.9949326316845613,2.4743381281598364,13.704722352292443,0.000260908690705719
2022,12.0,1,T850,21,False,0.0217576695961687,0.3340561442942229,0.9953665697351044,1.2149223514844154,6.058810693603977,0.00011552630672351238
2022,12.0,1,T700,21,False,0.01945126351986907,0.27844369562718396,0.9962315939564629,0.9815364070901555,2.7869493140869395,7.619442936401821e-05
2022,12.0,1,U1000,21,False,0.10017185412361743,0.5527644963588518,0.9921517915779516,0.701167759328214,6.607731357817769,0.00011167115852817044
2022,12.0,1,U925,21,False,0.09879880832229694,0.7074616028716914,0.9922493316837565,0.7373636488499757,7.624364681552398,0.00011591246022946144
2022,12.0,1,U850,21,False,0.09356700070236829,0.705139803368133,0.9927181565356821,0.4233315286374828,4.5709074639307845,6.20884844897418e-05
2022,12.0,1,U700,21,False,0.0872182009012165,0.7440227246604435,0.9936066080062456,0.228122589024371,2.010421008221397,2.9072342789704386e-05
2022,12.0,1,V1000,21,False,0.19524337528805522,0.6002358845657803,0.9914356835320294,0.7072003819555528,8.824350422636563,0.00012383713114616501
2022,12.0,1,V925,21,False,0.2527582295938281,0.7909883651431809,0.9905896190624192,0.8600933729422944,10.099473573350382,0.00016507053829528662
2022,12.0,1,V850,21,False,0.3053458108897497,0.7659163950418731,0.9907906638763156,0.6254810085813078,8.077686264481931,0.0001170053089630807
2022,12.0,1,V700,21,False,0.360575539591878,0.8065888278146861,0.9917937580695535,0.30570095458742896,5.151298749755872,5.092065961787018e-05
2022,12.0,1,Q1000,21,False,0.025721830603158944,0.00018596162776366484,0.9927045413926775,0.9127680001939309,4.539590433891516,0.00013562613834805504
2022,12.0,1,Q925,21,False,0.04563082331775336,0.000280994646312604,0.9833711397422608,0.36697720662348665,1.9882434247347591,0.00012498592036969125
2022,12.0,1,Q850,21,False,0.06807313421863603,0.00033018133591892975,0.9847986921230553,0.13844303945651504,1.2667745868462421,4.226352916147924e-05
2022,12.0,1,Q700,21,False,0.08576013352409823,0.0002506907802951769,0.9885279567553739,0.11516610355072343,1.2962747435915078,2.5752456900507426e-05
2022,12.0,1,Z1000,21,False,0.030800432461102683,28.130064783764176,0.9988205974634732,3.6521736309009345,34.94083453705006,9.144973447539062e-05
2022,12.0,1,Z925,21,False,0.024458565867739382,27.18353453030983,0.9988523119361971,3.984284681222594,34.962876777745656,9.754269431105911e-05
2022,12.0,1,Z850,21,False,0.01907928958664394,26.57801859791557,0.9989140516319208,4.0748329228382225,34.5968026093278,9.441004745414094e-05
2022,12.0,1,Z700,21,False,0.012390619859295626,26.285928268232965,0.9991423244832134,5.69276902335587,33.971189382429166,0.00010685898089468626
2022,12.0,1,t2m,21,False,0.022097343221603487,0.4331079301617224,0.9861159630300005,3.9656354334529076,20.605477968096498,0.001177749979876297
2022,12.0,1,u10,21,False,0.10179879652308153,0.5028860579395829,0.9917792778097745,0.7445704489678295,6.983281991589063,0.00012441122075768085
2022,12.0,1,v10,21,False,0.19574792327627777,0.5441792223153916,0.9909382619338287,0.7426430888698765,9.19096184378847,0.00013722434129170846
2022,12.0,1,mslp,21,False,0.03095804559193307,34.53988882780637,0.9988918414155059,3.316119520457006,34.30530151009452,7.787153872296226e-05
2022,12.0,2,T1000,21,False,0.032943415386335016,0.5583817473162518,0.9800190397331552,2.9032275998203905,27.906621194565616,0.0012016788033236692
2022,12.0,2,T925,21,False,0.035083529040254816,0.5607731940460623,0.9846944310321422,2.057276317410617,17.30631771679454,0.0006473263192113832
2022,12.0,2,T850,21,False,0.03754368459720409,0.5764265494358249,0.986132834696129,1.1590125634545534,7.26124092956042,0.0003309788869424457
2022,12.0,2,T700,21,False,0.033134062295668086,0.4743121590783161,0.9890150457189079,1.024265593548146,3.581632505499266,0.00023402210217426944
2022,12.0,2,U1000,21,False,0.16966055112961176,0.9362143681778035,0.9773702097790514,0.5388779676364086,7.633981070115292,0.0002477571877721463
2022,12.0,2,U925,21,False,0.16982779922279204,1.216073854659353,0.9769616322352532,0.5765949926810565,8.20970776165042,0.0002702050451740545
2022,12.0,2,U850,21,False,0.16076492423590014,1.2115569201945968,0.978323560410448,0.34306662957516165,5.009904979464663,0.00015171846206829542
2022,12.0,2,U700,21,False,0.1480426860290505,1.262891472421793,0.9814137359844504,0.17893106229417421,2.27725275351105,6.944872827707727e-05
2022,12.0,2,V1000,21,False,0.3321318037042601,1.0210713985577857,0.9750516870805904,0.7286259272608953,10.497188514030986,0.0003707690292926724
2022,12.0,2,V925,21,False,0.4287979389622705,1.341891719903174,0.9727262518697513,0.9163677314763197,12.055308404988985,0.0005121621594531556
2022,12.0,2,V850,21,False,0.5209289878189048,1.306676019285184,0.9729633732217552,0.6626498796258207,9.555692420625817,0.0003658376764041904
2022,12.0,2,V700,21,False,0.6158948219473684,1.3777248402427733,0.975771653076827,0.29735327706783554,5.7323950710673754,0.00014642103790796224
2022,12.0,2,Q1000,21,False,0.04472768196446461,0.000323368606613488,0.9778253288711455,0.6529583831779595,5.338669656844052,0.00029285254450595044
2022,12.0,2,Q925,21,False,0.07721001413781194,0.0004754593300134304,0.9516757942119822,0.3443184747432326,2.488654547799407,0.0003379057612138414
2022,12.0,2,Q850,21,False,0.11845257303022992,0.0005745413280075077,0.9532644328747584,0.14764805594229546,1.3148007341732049,0.00014531485028812519
2022,12.0,2,Q700,21,False,0.1487582697760063,0.00043484455065999193,0.9649574977847503,0.09954882166794965,1.101829070080118,7.421014998965081e-05
2022,12.0,2,Z1000,21,False,0.043652157722885006,39.86755754459934,0.9976413196237469,2.8149115669952263,47.785516132647345,0.00013950396939232945
2022,12.0,2,Z925,21,False,0.03366422238605174,37.414808525952544,0.9978393843051745,3.1189973970246143,48.93112413488508,0.00014262417031218888
2022,12.0,2,Z850,21,False,0.025506618361030603,35.53147896609292,0.998069628104076,3.979552176984247,49.878486228350894,0.00016424364659273216
2022,12.0,2,Z700,21,False,0.016393595747698407,34.77799239073792,0.9985031330147272,7.3852949400722405,49.902521795008234,0.0002491237002032465
2022,12.0,2,t2m,21,False,0.0437974315034438,0.8584296814285075,0.9480660451385836,3.6670571381286265,34.48302174409841,0.004067800411410638
2022,12.0,2,u10,21,False,0.17314574182405965,0.8553399681458425,0.9761160249966967,0.5238055193427793,7.8974982236387214,0.00025405619130236534
2022,12.0,2,v10,21,False,0.3334448562328712,0.9269766935976452,0.9735450116505271,0.7775260774440018,10.870268641958836,0.0004195105461052284
2022,12.0,2,mslp,21,False,0.04453707542945136,49.69001238407137,0.9977168453322054,2.637111590938357,46.406342463312846,0.0001267214290323615
2022,12.0,3,T1000,21,False,0.04329898932393503,0.7339058372492879,0.9654574217685753,1.7563469879288585,31.336388879586362,0.001232993464940102
2022,12.0,3,T925,21,False,0.04568244767200556,0.7301857241904703,0.9739331478917351,1.1580123323133518,20.96763510354561,0.000615509881113363
2022,12.0,3,T850,21,False,0.048679259186822914,0.747396465239219,0.9765652816136479,0.7985629448280407,8.455740823931334,0.0003824053540011363
2022,12.0,3,T700,21,False,0.04251266900283489,0.6085663599960297,0.9818200698345706,0.5869066274889145,4.085534856100248,0.00021754255487371754
2022,12.0,3,U1000,21,False,0.2159456350204913,1.1916229540831569,0.9631521250670255,0.5413477573237402,8.589704554162292,0.00040940083611740175
2022,12.0,3,U925,21,False,0.2178998895056766,1.5603002592865098,0.9618364061815158,0.5903395336973927,9.060359453698696,0.00046202452192800614
2022,12.0,3,U850,21,False,0.2067655516837906,1.5582269366002066,0.9638259835544913,0.28519564454078106,5.518885812712937,0.0002110104784176503
2022,12.0,3,U700,21,False,0.1888420701501857,1.6109342937641076,0.9694804227747406,0.1346589283814703,2.5625958447828223,8.389264360286752e-05
2022,12.0,3,V1000,21,False,0.42100736059799687,1.2943011455580948,0.9597178123723488,1.0147438745682913,12.273767299565975,0.0008424999850771275
2022,12.0,3,V925,21,False,0.540911533656963,1.6927430066201006,0.9563547274811497,1.2135621152723153,14.370525549072365,0.00109836700163779
2022,12.0,3,V850,21,False,0.6624752026166639,1.6617245032422072,0.9559028962355368,0.8413831297768737,11.262917467311551,0.0007669896651399943
2022,12.0,3,V700,21,False,0.7871115111013602,1.7607277058368866,0.9599486373584151,0.33420818082061654,6.396936238838846,0.00027421049613518544
2022,12.0,3,Q1000,21,False,0.05855161771352406,0.00042331179029193573,0.9618027304477168,0.42226818879894656,6.089327065363348,0.000325341939475976
2022,12.0,3,Q925,21,False,0.09835440092651174,0.0006056664762287067,0.9206393223912052,0.21410212794712447,2.9571904007424266,0.00033823838306745735
2022,12.0,3,Q850,21,False,0.15302146854900678,0.0007422139980086985,0.9209238393900447,0.10767473370203451,1.4523228540265332,0.0001752633490967881
2022,12.0,3,Q700,21,False,0.19229587728387554,0.0005621120403543744,0.9406278005228855,0.08164021306347191,1.1050790128158572,0.00010007799436306808
2022,12.0,3,Z1000,21,False,0.05592854929010809,51.079597315783,0.9961368446753308,2.8724980116867638,51.56165063759893,0.00023303598089152722
2022,12.0,3,Z925,21,False,0.04274971102538828,47.512525600181235,0.9965226419644436,3.1240265002800416,52.87161413893645,0.0002294888472176293
2022,12.0,3,Z850,21,False,0.03223069111776545,44.89831285938959,0.9969248043960032,3.703329733105032,53.89065888437785,0.00024158991630307547
2022,12.0,3,Z700,21,False,0.020702081450770123,43.918176546628466,0.9976168217554968,5.825225903241038,54.09095070377325,0.000305429832693882
2022,12.0,3,t2m,21,False,0.049855109176315054,0.9771601640972483,0.9319354998549931,2.3535087004498134,39.83713214873431,0.0031759503099956232
2022,12.0,3,u10,21,False,0.22071108743910445,1.0903127799275663,0.9610302811926151,0.5557170477231033,8.902998284712105,0.0004434609386374522
2022,12.0,3,v10,21,False,0.4227041739419288,1.175117588415742,0.957298308607829,1.028727610786706,12.723065542328548,0.0009053306882755852
2022,12.0,3,mslp,21,False,0.057324002783450824,63.956385175460895,0.9962250630332896,2.706715218716904,49.989564966613244,0.00021421060833093364
2022,12.0,4,T1000,21,True,0.050543884558027295,0.8567048030944607,0.9527771302618057,2.7883087919218563,34.0841467107937,0.0027067942812469825
2022,12.0,4,T925,21,True,0.05312628827376663,0.8491676738964361,0.9645846054610848,1.4579188574776691,24.121416956022635,0.0010507475249094123
2022,12.0,4,T850,21,True,0.05632353792256217,0.8647628264169811,0.9684896164816218,0.7762042587407758,9.673982977878993,0.0005011499379131701
2022,12.0,4,T700,21,True,0.04881136596686011,0.6987318416131459,0.9759201385273178,0.7250260537546516,4.3425150480446595,0.00035987402997650353
2022,12.0,4,U1000,21,True,0.24615637468713444,1.3583307119087753,0.9519108833857599,0.4500442906284263,9.266692124131016,0.00043733761823305795
2022,12.0,4,U925,21,True,0.2495775031855898,1.787131882266981,0.9496578306195006,0.48910161459081447,9.615361632462394,0.0004986614324559158
2022,12.0,4,U850,21,True,0.2370584026531725,1.7865199619669638,0.952094825687283,0.30698175386810744,5.9106109393827655,0.0002988781977840693
2022,12.0,4,U700,21,True,0.2155602086695816,1.8388557643066248,0.959929178593362,0.14714096602428395,2.7683532151681844,0.00012005478878907017
2022,12.0,4,V1000,21,True,0.4757126339791967,1.4624813366307723,0.9482684185250588,0.7946132852598597,13.787563939309011,0.0008236226420766934
2022,12.0,4,V925,21,True,0.6094342991513363,1.9071799743139666,0.9442182743319217,1.0137718434060972,16.231590034811216,0.0011575143444647606
2022,12.0,4,V850,21,True,0.7519378094950618,1.886128673593036,0.9427143747079224,0.8166999814509635,12.607903448955426,0.0009573225843892974
2022,12.0,4,V700,21,True,0.8984165223754774,2.0097112694629087,0.9472339612961922,0.328295077925278,6.891235982177568,0.000353023151828058
2022,12.0,4,Q1000,21,True,0.06846420992854707,0.0004949770524598346,0.9475392938229015,0.4676143625762519,6.556859241077307,0.0004942727030637917
2022,12.0,4,Q925,21,True,0.11202240154776698,0.0006898340419374225,0.8961209534874678,0.2166590995250628,3.3696419372032715,0.0004439312277725316
2022,12.0,4,Q850,21,True,0.17572253822945125,0.0008523230789841079,0.894646171448057,0.08842159890950496,1.5647726473272283,0.00019344872754945008
2022,12.0,4,Q700,21,True,0.22134837892155698,0.0006470372117500586,0.9204529032311655,0.0697272589590181,1.1277303226307822,0.0001152620748687827
2022,12.0,4,Z1000,21,True,0.06483354352160355,59.212537336616215,0.9948031129432585,3.6360975440973498,53.74365361978377,0.00040301279696075554
2022,12.0,4,Z925,21,True,0.049473521018419155,54.98544673845384,0.9953380653177953,4.067744211232405,54.861546272467045,0.00040830815003223275
2022,12.0,4,Z850,21,True,0.03721230169772278,51.83784481584248,0.9958978995019154,4.465845576323235,55.76563573095652,0.0003975140024421453
2022,12.0,4,Z700,21,True,0.023912061430979216,50.727949366236786,0.9968172908426476,5.62817405056113,55.98688530426955,0.00039327445468484434
2022,12.0,4,t2m,21,True,0.055504215628140625,1.0878826599925298,0.9149240147251797,4.776968956469274,41.113474070011556,0.008192212471268778
2022,12.0,4,u10,21,True,0.2518981977220924,1.2443771117585403,0.9490497306433812,0.4814863529315705,9.601138408384724,0.0004963795457808562
2022,12.0,4,v10,21,True,0.47785645711019775,1.3284409278149987,0.945130787557586,0.7927104658918216,14.262908815319442,0.0008747293038083859
2022,12.0,4,mslp,21,True,0.06644785576341505,74.13586991084782,0.9949235992173558,3.505933964163599,52.209954557396166,0.00037963320276024337
2022,12.0,5,T1000,21,False,0.05537818483301541,0.9386448565375598,0.94317147536461,1.9033303501582943,35.70759127353417,0.002122999744910814
2022,12.0,5,T925,21,False,0.058119264961321776,0.9289751275430804,0.957437429824903,1.054383804940151,26.057615322969074,0.0009002387778821452
2022,12.0,5,T850,21,False,0.061095202552625655,0.9380245158716102,0.9628035241132502,0.5477933499658638,10.679143132505942,0.0004082565106431346
2022,12.0,5,T700,21,False,0.052570354874205444,0.7525415463228782,0.9719700624696426,0.3968687300008211,4.506397262235929,0.0002271133992985952
2022,12.0,5,U1000,21,False,0.2639813733344183,1.4566919368041227,0.9445334934137208,0.34035739972783086,9.598301044035907,0.00038229573157400054
2022,12.0,5,U925,21,False,0.2683185737307043,1.9213297401261875,0.9415574892475653,0.3526738064687396,9.839546671153087,0.00042474201228059894
2022,12.0,5,U850,21,False,0.25491610732214115,1.9210992348411544,0.9443123898675821,0.23601749539934325,6.074737673981212,0.0002684333726967747
2022,12.0,5,U700,21,False,0.2312195143561879,1.9724389085547753,0.9536475831452682,0.08352582310372503,2.858017717845851,7.901719988345768e-05
2022,12.0,5,V1000,21,False,0.5065538672529976,1.5572964209438291,0.9410834436716072,0.38538446643593405,14.654639951700721,0.00045091336320346453
2022,12.0,5,V925,21,False,0.6473567024319056,2.0258553675892075,0.9366809205180407,0.32770851800225653,17.2985205678035,0.00041967714697954683
2022,12.0,5,V850,21,False,0.8027155016175509,2.0134972756556593,0.9342734064736496,0.2839028721907777,13.386939036110645,0.00037867293594429086
2022,12.0,5,V700,21,False,0.9628057003936732,2.153746519921713,0.9388584544743956,0.10660466297687243,7.141439782297809,0.0001317628661011705
2022,12.0,5,Q1000,21,False,0.07516580253934482,0.0005434276866064952,0.9364902471186276,0.3473068682625313,6.916231861040901,0.0004513263098523401
2022,12.0,5,Q925,21,False,0.12017286592889202,0.0007400246007408168,0.8796647244554987,0.169797534665872,3.6902648543936656,0.0004065038877498761
2022,12.0,5,Q850,21,False,0.18918018337208792,0.0009175979142497146,0.8770385490413581,0.04570761431870185,1.6154446328880967,0.00011705229738590006
2022,12.0,5,Q700,21,False,0.2387947577559631,0.0006980358119621298,0.9066836961913659,0.027088693889976145,1.1350064939955828,5.629223147363138e-05
2022,12.0,5,Z1000,21,False,0.07051901652215085,64.40508480335244,0.9938245368707435,3.772857312373046,54.91501101865046,0.0004986484375610889
2022,12.0,5,Z925,21,False,0.053801225280244405,59.79530674645791,0.9944631936287202,4.307248588618872,55.77942149920383,0.0005171780246798763
2022,12.0,5,Z850,21,False,0.0404495600883296,56.34744209411932,0.9951342051302796,4.372950536050702,56.413757071028755,0.00046308318964050077
2022,12.0,5,Z700,21,False,0.02604888482877005,55.261087585268996,0.9962115445361885,5.662946494941257,56.43438438719942,0.00047302043202768207
2022,12.0,5,t2m,21,False,0.0629117530299033,1.2330703772250502,0.8911117638792646,3.605886462450536,43.70771004936989,0.007398907171048741
2022,12.0,5,u10,21,False,0.27055399864222685,1.3365367582695056,0.9410884872533444,0.30670965964291197,9.929405358996156,0.00036488204594986584
2022,12.0,5,v10,21,False,0.5093000031450429,1.4158540041537022,0.9374270784322029,0.33173313370542523,15.13627763651144,0.0004107177209998758
2022,12.0,5,mslp,21,False,0.07221764632955531,80.57322411177472,0.9939793647148598,3.3860625971920744,53.46717916671779,0.0004355297533475966
2022,12.0,6,T1000,21,True,0.0573467508040793,0.9720114986457167,0.9395411502267748,1.85050472352557,36.393543034340595,0.002220247564511668
2022,12.0,6,T925,21,True,0.06010525074830409,0.9607190217173871,0.9545027107957014,1.3768489788243854,26.77981577454721,0.001271137394392774
2022,12.0,6,T850,21,True,0.06292112765797844,0.9660588353395144,0.9605265338344653,0.8217182829864056,11.500875506952745,0.000666528824378676
2022,12.0,6,T700,21,True,0.054065187211711364,0.7739400009950833,0.9702950993882054,0.6828857097189056,4.595223975267492,0.0004163097390924575
2022,12.0,6,U1000,21,True,0.27079338032550265,1.4942816931590417,0.9416632698559564,0.4796171707998953,9.721175305957363,0.0005725453028956329
2022,12.0,6,U925,21,True,0.2751734584120331,1.9704150268758671,0.9384311451356154,0.46821593053933963,9.916769278493643,0.0005896780748422259
2022,12.0,6,U850,21,True,0.26139186332847775,1.9699018656021856,0.9413100104015811,0.26386396996619377,6.122009857838828,0.00031469098631831116
2022,12.0,6,U700,21,True,0.23705449949435237,2.022214742227564,0.9511650763136945,0.1446343453615495,2.873087243103367,0.0001450430443191708
2022,12.0,6,V1000,21,True,0.516848130926942,1.588944020413361,0.9386323742906848,0.8281326229518715,15.0773642390576,0.001034865030099752
2022,12.0,6,V925,21,True,0.6583382678123637,2.060221363408573,0.9342766358039446,0.8393689222539691,17.839877274803527,0.0011460672797949378
2022,12.0,6,V850,21,True,0.8193420391742176,2.0552025912037553,0.9312548621376884,0.5606687792663156,13.77713239808055,0.0007945915494435019
2022,12.0,6,V700,21,True,0.9862759315101801,2.2062482294430352,0.9354994326024395,0.2289646595491912,7.139941610390221,0.00030161219312019316
2022,12.0,6,Q1000,21,True,0.0788497358843916,0.0005700614858472308,0.9301062739798395,0.3380655078732864,7.132938872724592,0.000470613222696703
2022,12.0,6,Q925,21,True,0.12351673727723034,0.0007606161634661267,0.8726895660717366,0.21654177652945528,3.937644973727872,0.0005387782776075101
2022,12.0,6,Q850,21,True,0.1947696678335858,0.0009447090962282633,0.8693346960076018,0.09862421458446402,1.6553010568486015,0.00026913967254427185
2022,12.0,6,Q700,21,True,0.2462445733878648,0.0007198128173299564,0.9003711357109232,0.051524099841415705,1.1469179328913337,0.00010746547605067214
2022,12.0,6,Z1000,21,True,0.0732641843374572,66.91224982038334,0.9933042019691702,3.302274521826909,55.10825344291308,0.0004676316490389576
2022,12.0,6,Z925,21,True,0.0560671988355165,62.313736322063775,0.9939596884903847,3.6502446379725995,55.65734245135199,0.0004705373025029047
2022,12.0,6,Z850,21,True,0.04221221713614962,58.80287559207573,0.9946777629216506,3.3022104890634507,55.958700433279795,0.00037259469927453104
2022,12.0,6,Z700,21,True,0.027164711339675532,57.6282440839096,0.995868662928271,5.388867228952932,55.7793990295089,0.0004857715567662124
2022,12.0,6,t2m,21,True,0.06338806731162953,1.2424061450827235,0.8902629735795352,3.472743310950921,43.37168459867091,0.007125863908616692
2022,12.0,6,u10,21,True,0.27782290038070134,1.3724451351780582,0.9379265051815481,0.46332642731995444,10.041354005103798,0.000585358100885669
2022,12.0,6,v10,21,True,0.5199044424106103,1.4453343303853192,0.9347840060177813,0.7865163457033697,15.557990043162018,0.0010469450884164067
2022,12.0,6,mslp,21,True,0.0749702437114565,83.64429710817531,0.9934822035649747,3.059372724189058,53.75077351581914,0.0004213028150248377
2022,12.0,7,T1000,21,False,0.056208169482095664,0.9527128649633795,0.941834501573769,2.6016894874841934,35.63535792618523,0.0029476812430606625
2022,12.0,7,T925,21,False,0.058822048083755525,0.9402083839318157,0.9564007434390815,2.0302065551649706,25.9737877716102,0.0017640035546433452
2022,12.0,7,T850,21,False,0.061965917998867005,0.951393039064722,0.9617774366442989,1.0238009570058604,11.783908653725062,0.0007873407303169433
2022,12.0,7,T700,21,False,0.05332686486575055,0.7633709387761779,0.9711042792417216,0.892125446210501,4.636259455287684,0.0005297718036255672
2022,12.0,7,U1000,21,False,0.26710907025964636,1.4739510546685397,0.9434765640902834,0.5299184216177477,9.569974753273447,0.000613010279994497
2022,12.0,7,U925,21,False,0.2704956055376105,1.9369186495683386,0.9405902147603394,0.46947610479064483,9.760159816554491,0.000573870678822419
2022,12.0,7,U850,21,False,0.25705314303727755,1.9372043601972742,0.9432654828369778,0.3021882749712379,5.977271139690021,0.0003477995288619917
2022,12.0,7,U700,21,False,0.23366485271617626,1.9932990756574318,0.9525491178040062,0.1446748525756436,2.77387096566698,0.00013983348792612205
2022,12.0,7,V1000,21,False,0.5087536722030388,1.5640592535660391,0.9406652021518482,0.9851931319858287,14.939808070865679,0.0012182787096575165
2022,12.0,7,V925,21,False,0.6450478660410727,2.018630015446113,0.9368025817776485,1.3332352748271936,17.79099622767032,0.0017755548541045219
2022,12.0,7,V850,21,False,0.804520866739206,2.018025784653216,0.9336578230795679,0.9380976972052091,13.742183478684877,0.0013030956584116904
2022,12.0,7,V700,21,False,0.9716702324999887,2.173576036467495,0.9373108715778701,0.2998170244220888,6.863736074565308,0.000387973324391111
2022,12.0,7,Q1000,21,False,0.07904598549858301,0.0005714803251634734,0.9294947542894065,0.22560810354251837,6.9760627352055575,0.0002838162928112675
2022,12.0,7,Q925,21,False,0.12229761038151304,0.0007531087739802349,0.8751911843387632,0.237779059498322,4.005352047687916,0.0005427669998707696
2022,12.0,7,Q850,21,False,0.19312510764582985,0.0009367323426602409,0.8719436213847047,0.09765726776017614,1.6701163647220074,0.00024351207597061997
2022,12.0,7,Q700,21,False,0.2445484312636325,0.0007148547319173633,0.901725454689221,0.05433104529912747,1.133226913909835,9.685698581007873e-05
2022,12.0,7,Z1000,21,False,0.07251203297432042,66.2253088278006,0.9934695715401868,4.722723726704004,54.48866265574064,0.0006656357324246187
2022,12.0,7,Z925,21,False,0.05560785657148192,61.80321759815605,0.9940808404337538,5.098960732486368,54.88129993415254,0.0006557008123719843
2022,12.0,7,Z850,21,False,0.04196635358854106,58.4603808536798,0.9947554730692227,5.054245355394249,54.8734968731126,0.0005756274047558074
2022,12.0,7,Z700,21,False,0.02694655276593262,57.16543387964257,0.9959445311306708,7.115398386174632,54.49081872891024,0.0006453651180163833
2022,12.0,7,t2m,21,False,0.0628039644842483,1.2309577293247744,0.8921176595139017,4.65696928760051,41.1774917047441,0.009331023829696528
2022,12.0,7,u10,21,False,0.274274591500342,1.3549164957976711,0.9397444402783147,0.5733997294481763,9.86170748377112,0.0007109403027156791
2022,12.0,7,v10,21,False,0.511886105822549,1.4230433535298872,0.9369158227682584,0.9117691575193376,15.4029805244144,0.0011987507000906783
2022,12.0,7,mslp,21,False,0.07413775066720361,82.71548322878543,0.993648446231894,4.21376527648828,53.20513545477705,0.0005742204441534504
2022,12.0,8,T1000,21,True,0.05205637880366353,0.8823411662295452,0.9505380542437999,3.2166148462209887,33.411689585500035,0.0032840191710303834
2022,12.0,8,T925,21,True,0.05431221219103391,0.8681234036262268,0.9630063286001086,1.8113570867014817,24.004025489466997,0.0013810493144524871
2022,12.0,8,T850,21,True,0.05820466671305624,0.893644710515536,0.9664069093367371,0.7493676073890287,11.368026489067217,0.0005149066033623972
2022,12.0,8,T700,21,True,0.05033052850912414,0.7204785738050297,0.974299999162142,0.7321904585765981,4.56068282671529,0.0003855859450320187
2022,12.0,8,U1000,21,True,0.2526375321059472,1.3940947568129227,0.9497944182256457,0.36354739206431175,9.100696826742405,0.00036772419831754277
2022,12.0,8,U925,21,True,0.25418368566373173,1.8201150650659896,0.9477644952064137,0.37144888224759365,9.31562763906032,0.00039059180717027076
2022,12.0,8,U850,21,True,0.24204298275385547,1.824084789577153,0.9498518213009153,0.23908009257663787,5.585524723939306,0.00023547110368460356
2022,12.0,8,U700,21,True,0.22117083357688522,1.8867177232696077,0.9575903674444723,0.13492208002913175,2.520316501531261,0.00011401578484293573
2022,12.0,8,V1000,21,True,0.4816042271561836,1.4805938278680557,0.9470844957940311,0.6292159518492157,14.20316770635317,0.0006685873077275639
2022,12.0,8,V925,21,True,0.6078406967047634,1.9021929172613996,0.9439331095240655,0.7236336505184182,17.100339326174353,0.0008324514276097927
2022,12.0,8,V850,21,True,0.7583244247991817,1.902148600339793,0.9411684398229953,0.6007881128275883,13.21383758119481,0.0007197694450598036
2022,12.0,8,V700,21,True,0.9186920927898213,2.0550666394009727,0.9441045166307197,0.27871805058278243,6.275718833242805,0.0003125127644251213
2022,12.0,8,Q1000,21,True,0.07563645230348476,0.0005468303555168031,0.9356154395618063,0.39027068535905096,6.479578182835577,0.0004992011017100895
2022,12.0,8,Q925,21,True,0.11640817261061273,0.0007168416209093925,0.8875570543575851,0.16151607048630057,3.910340625479203,0.00033424345254173815
2022,12.0,8,Q850,21,True,0.18403948611378054,0.0008926635274410243,0.8845609683397276,0.053787758528445195,1.6495092460654837,0.00012483711911515094
2022,12.0,8,Q700,21,True,0.23383273286083792,0.0006835310029690357,0.9104708831674367,0.03491930496070106,1.0735790463587747,6.55192515115477e-05
2022,12.0,8,Z1000,21,True,0.06914881828985003,63.15368210223107,0.9940914250726038,4.750494899264924,52.27686541955485,0.0006024177713130907
2022,12.0,8,Z925,21,True,0.053140508280222654,59.06097881638942,0.9946218071445946,5.1924178940381704,52.63776016121765,0.000602589037749901
2022,12.0,8,Z850,21,True,0.04032737953917952,56.17724112892825,0.9951799046673524,5.156342132785574,52.277972021700336,0.0005370053282633958
2022,12.0,8,Z700,21,True,0.025711352391938478,54.54503341242505,0.9963213183947351,6.152935059305098,51.89845557131842,0.0004970537713310241
2022,12.0,8,t2m,21,True,0.0560982351035553,1.0995254360343594,0.9188106373517871,4.805472183585124,39.36228397572674,0.008162607905016328
2022,12.0,8,u10,21,True,0.25932704439604803,1.2810756082014438,0.9465016375579715,0.3839122551524077,9.382309529254773,0.0004128504953256895
2022,12.0,8,v10,21,True,0.4844970273823366,1.3469017192479709,0.9437400154377702,0.5872360772619101,14.640946277035027,0.0006607580952525671
2022,12.0,8,mslp,21,True,0.07056401464731109,78.72826790445937,0.9942697085157686,4.209195859818959,51.07902203919819,0.0005145303094858944
2022,12.0,9,T1000,21,False,0.04606534120968273,0.7807947445664466,0.9614205899041501,2.470158224504704,28.703169324155308,0.001932934933077446
2022,12.0,9,T925,21,False,0.0479721643115536,0.7667844323398769,0.9712550606066587,1.9558445406639091,20.35567226883529,0.0011430428075890342
2022,12.0,9,T850,21,False,0.05195693026242275,0.7977201547346181,0.9733223042738712,1.1549149497428246,9.806329702164208,0.0006272288698190298
2022,12.0,9,T700,21,False,0.04500798437643836,0.6442866588579872,0.9794992795811682,1.2176242146154093,4.304044540257268,0.0005141315020710246
2022,12.0,9,U1000,21,False,0.22705164502434175,1.2529077238088917,0.9597352816263627,0.6299110226412163,8.014940082210964,0.0005222415091299393
2022,12.0,9,U925,21,False,0.22646763938849537,1.6216507257424266,0.9587449536871099,0.6436970913929696,8.262547183901493,0.0005445360269202837
2022,12.0,9,U850,21,False,0.21622167441878146,1.6294901812810556,0.9601504604338691,0.303683618891859,4.8601014706596395,0.00024817065126381266
2022,12.0,9,U700,21,False,0.19927209758486283,1.6999085878590725,0.9656994190158483,0.1601210706922207,2.0767963803429046,0.00011040307012366579
2022,12.0,9,V1000,21,False,0.43409988965894397,1.3345514379612864,0.9572298441788704,0.9456614942830344,12.584428229430443,0.000838389791909977
2022,12.0,9,V925,21,False,0.5470719036913094,1.712021424836091,0.954698643970819,1.3410134681550612,15.258730629892902,0.0012710361629725275
2022,12.0,9,V850,21,False,0.6812726309973463,1.7088751592706026,0.9526808536420093,0.8703643224529767,11.783141938671404,0.0008575897732419069
2022,12.0,9,V700,21,False,0.8258740051215521,1.8474374107892433,0.9550728908820153,0.25150622364804587,5.234267173920104,0.00023494079393671097
2022,12.0,9,Q1000,21,False,0.06888266402158043,0.0004980023570291756,0.9468122653605848,0.5199885560355666,5.51420336041425,0.0005359249751545336
2022,12.0,9,Q925,21,False,0.10603299774237934,0.0006529512848086445,0.9075595913511938,0.22099056416163831,3.3798536772065346,0.0004053655386611066
2022,12.0,9,Q850,21,False,0.16694288567052493,0.0008097383240106566,0.9058912655848639,0.11791093822786092,1.5037136732809486,0.0002116027718741531
2022,12.0,9,Q700,21,False,0.21385605955857823,0.0006251359534085698,0.9255744955452991,0.1213617990816096,0.9060388486629711,0.00017698843193969527
2022,12.0,9,Z1000,21,False,0.062097744418486256,56.71392921719147,0.9952393560149903,3.2501729767644094,48.60777396886158,0.0003242644550927043
2022,12.0,9,Z925,21,False,0.048132300773948346,53.49479873424928,0.9955940326177379,3.0991985864757154,48.67605518688155,0.00028407832285370915
2022,12.0,9,Z850,21,False,0.03666462294743166,51.074911861931795,0.9960232659673537,3.4692710039172514,48.149547199330186,0.0002876339649423576
2022,12.0,9,Z700,21,False,0.02335558371148117,49.5474165821982,0.9969709816655138,5.508651019493616,47.54185373446225,0.00036140019871555573
2022,12.0,9,t2m,21,False,0.05266466922127691,1.032227533918036,0.9290374329720543,2.1264315011071733,35.22381538461008,0.0029997693544208115
2022,12.0,9,u10,21,False,0.23261585425387976,1.1491223345606352,0.9572391327484338,0.6971052828236846,8.29483684006388,0.0006147713879729455
2022,12.0,9,v10,21,False,0.436432329693378,1.213281864248801,0.9545506171184868,0.9504052149891362,12.955633105235453,0.0008983271773028711
2022,12.0,9,mslp,21,False,0.06351251206973833,70.86090561329242,0.9953616277877333,2.8960606819163126,47.273519075211624,0.00028013651138081297
2022,12.0,10,T1000,21,False,0.03373933933239297,0.5718724328905865,0.9799152376812215,1.3451837638851383,26.29548628048096,0.0005618810151553078
2022,12.0,10,T925,21,False,0.03608471568593148,0.5767761057910739,0.9842134092998951,0.9870565554587651,18.11818555184903,0.00032592745200654694
2022,12.0,10,T850,21,False,0.039288178995446524,0.6032106205964031,0.9850261087107209,0.6084338713203907,8.925285797714134,0.00018759742589580242
2022,12.0,10,T700,21,False,0.03441648043426522,0.49266990983260217,0.9882237649418827,0.724092792478781,4.330190267315414,0.0001771887520203297
2022,12.0,10,U1000,21,False,0.17508131155446693,0.9661270055795711,0.9758950711538352,0.2108911277524328,7.505046031008322,0.00010117328160752503
2022,12.0,10,U925,21,False,0.17334944055971777,1.2412910035423872,0.9758373710261743,0.22674645595819332,7.865995114919455,0.0001107000695977911
2022,12.0,10,U850,21,False,0.16446905943778287,1.2394720392860858,0.9773673079545824,0.15934046508930821,5.168648842796131,7.419611167824858e-05
2022,12.0,10,U700,21,False,0.1524396625260633,1.3004002724394028,0.9806140665422346,0.11363497495486818,2.44925969476526,4.471318574628125e-05
2022,12.0,10,V1000,21,False,0.334161385258517,1.0273109353436836,0.9743307668009922,0.15382481437954398,11.162133828299526,7.479075732841345e-05
2022,12.0,10,V925,21,False,0.4245760594744522,1.3286796729881307,0.9725174457482201,0.2016402851976351,13.32540695781036,0.00011034365661410916
2022,12.0,10,V850,21,False,0.5234729300554806,1.3130571454403945,0.9725568135319932,0.12433908111113556,10.685641767506581,7.396771619438969e-05
2022,12.0,10,V700,21,False,0.6324707759850362,1.4148043834335893,0.9747958076475691,0.08407522284424873,5.3742026341284,4.863725543291508e-05
2022,12.0,10,Q1000,21,False,0.04846954323186023,0.00035042121479106044,0.9740848187707166,0.43382779124079285,2.7326474227284847,0.0002325286603209742
2022,12.0,10,Q925,21,False,0.0785148251001098,0.00048349435141795214,0.9498712346828321,0.18264351070008678,1.164644397710879,0.00018403932146981994
2022,12.0,10,Q850,21,False,0.12229863946241067,0.000593196254200596,0.9494059211021342,0.07239084749873781,1.07970470119082,7.47661746024475e-05
2022,12.0,10,Q700,21,False,0.15451345617325843,0.00045166789356815187,0.9621600469358919,0.04693447085671876,0.8319195536122259,3.703027537027559e-05
2022,12.0,10,Z1000,21,False,0.0495886317169929,45.289344529203866,0.9969849782331267,3.586500513319446,45.59223028535213,0.00023024435763041584
2022,12.0,10,Z925,21,False,0.0391096789465373,43.46695143678522,0.9971066985818109,3.896006549163089,44.73570026693112,0.00024057680977684903
2022,12.0,10,Z850,21,False,0.029577413200077535,41.20221758679773,0.9974270080503169,4.3567726044402955,44.43344065235798,0.0002409166563230869
2022,12.0,10,Z700,21,False,0.018821203158841303,39.92801075545049,0.998045246142262,5.169299053819099,43.22284154360726,0.0002195999042771124
2022,12.0,10,t2m,21,False,0.03374487718191631,0.6613996076359215,0.9707321370556449,2.319300955796655,27.415330528717718,0.001441814184532042
2022,12.0,10,u10,21,False,0.1791871228756865,0.8851844057552786,0.9744613474202413,0.2529304936872867,7.7289097292869595,0.00012853988563510388
2022,12.0,10,v10,21,False,0.33623573691681724,0.9347353350743544,0.9726938070210728,0.1772929932787881,11.452922071889981,9.275107588435638e-05
2022,12.0,10,mslp,21,False,0.05035234684577711,56.17811016622897,0.9971078668627653,3.336548679785689,44.4965261395671,0.0002048298354880851
2022,12.0,11,T1000,21,False,0.019005867992314095,0.3221441887833268,0.993559894690623,3.7182582160451894,22.867261137298733,0.0005117261189382383
2022,12.0,11,T925,21,False,0.020629017542411445,0.3297330789976969,0.9948155960280367,2.5604874709004077,14.836764837760253,0.00027828717351807697
2022,12.0,11,T850,21,False,0.02265325524727108,0.34780650160244897,0.995030643094009,1.549626014404415,7.311209218638137,0.00015857793261564446
2022,12.0,11,T700,21,False,0.020113394594377852,0.2879220604178549,0.9959880791135625,1.7892064576049638,3.6267308725411618,0.00014840072344635136
2022,12.0,11,U1000,21,False,0.10218082939564582,0.5638503466219571,0.9918751167936647,0.5763080983143709,6.78531020764993,9.581119980739405e-05
2022,12.0,11,U925,21,False,0.09984402875750664,0.7149460411885502,0.9920263966177126,0.564352218099784,7.37072562063088,9.141972144599553e-05
2022,12.0,11,U850,21,False,0.09518676465029657,0.7173466717729702,0.9924454956630634,0.4814034132148093,4.922086180655194,7.342943964505633e-05
2022,12.0,11,U700,21,False,0.08903740724715134,0.7595416198893123,0.9934188704704676,0.2427291467488213,2.257808310086362,3.089881468909539e-05
2022,12.0,11,V1000,21,False,0.19630462472504007,0.6034984709638143,0.9912603144378216,0.5215148877385611,9.098889101440744,9.33567684827663e-05
2022,12.0,11,V925,21,False,0.24987766149071963,0.7819738317123602,0.9905509296154259,0.6941287282434927,11.047034450649463,0.0001334226576297226
2022,12.0,11,V850,21,False,0.30665301871917605,0.7691953352706057,0.9906145361718854,0.553922770958093,8.904734599673159,0.00010580147188277156
2022,12.0,11,V700,21,False,0.36662799822539144,0.8201278577114828,0.9915667396160407,0.352255259343881,5.111146081104656,6.171358408735284e-05
2022,12.0,11,Q1000,21,False,0.02820156520867432,0.00020388941516503097,0.9911779796466148,0.8495546869177972,2.180123188215688,0.0001545498242077059
2022,12.0,11,Q925,21,False,0.04578576783505182,0.0002819487943452841,0.9831296302711564,0.44020705231362367,1.0487077874686168,0.00015209286777218
2022,12.0,11,Q850,21,False,0.07094648963637748,0.00034411823602054103,0.9832891269436477,0.15096315350512368,1.1509781417187614,5.126348917261492e-05
2022,12.0,11,Q700,21,False,0.08998750133602208,0.0002630480626541287,0.9873842429683335,0.11272464716017838,0.7769032891288497,3.0097692424568834e-05
2022,12.0,11,Z1000,21,False,0.03346544997821521,30.564027796174468,0.9986161619091443,3.902019797494616,35.41064399101717,0.00011473418092100562
2022,12.0,11,Z925,21,False,0.026935546891010114,29.936479756830458,0.9986179973828828,3.973451534347794,33.83103239014672,0.00011691254851764477
2022,12.0,11,Z850,21,False,0.020816802628992326,28.99842600003897,0.9987169814871061,4.168208436623145,32.82517193280283,0.00011367455851296615
2022,12.0,11,Z700,21,False,0.013670674982546913,29.001485896135677,0.9989648457348825,5.10307744371813,29.851200825746595,0.00011460618072767215
2022,12.0,11,t2m,21,False,0.020334153395360287,0.39854941479302924,0.9890044440650039,4.226752966470193,24.65651501136772,0.0009970830815974052
2022,12.0,11,u10,21,False,0.10439038526038662,0.5156885012263939,0.9914207814548386,0.6201432199723578,6.948970977471447,0.00010896496876589001
2022,12.0,11,v10,21,False,0.19740034116751617,0.5487729386473466,0.9907118861078759,0.5690720337186761,9.415150652466464,0.00010815949035558603
2022,12.0,11,mslp,21,False,0.033769089559169636,37.676170759229414,0.9986892694337699,3.707774638507755,34.48030960578083,0.00010289562457388435
